{
  "stats": {
    "min": 6813,
    "max": 8020,
    "mean": 7042.1,
    "median": 6942.5,
    "variance": 108731.15666666668,
    "stdDev": 329.74407753084313,
    "confidence": 246.22927404052098,
    "low": 6918.98536297974,
    "high": 7165.214637020261,
    "count": 30,
    "base": 7239.5
  },
  "heap memory": {
    "min": 248083792,
    "max": 334019160,
    "mean": 308128138.6666667,
    "median": 312670028,
    "variance": 403043873199254.7,
    "stdDev": 20075952.610007193,
    "confidence": 14991284.373777986,
    "low": 300632496.4797777,
    "high": 315623780.8535557,
    "count": 30,
    "base": 7239.5
  },
  "rss memory": {
    "min": 497422336,
    "max": 654663680,
    "mean": 519546197.3333333,
    "median": 505475072,
    "variance": 1540064499472065.5,
    "stdDev": 39243655.53146222,
    "confidence": 29304352.89259863,
    "low": 504894020.887034,
    "high": 534198373.7796326,
    "count": 30,
    "base": 7239.5
  },
  "external memory": {
    "min": 103539311,
    "max": 103580271,
    "mean": 103562521.66666667,
    "median": 103563887,
    "variance": 85377388.0888889,
    "stdDev": 9239.988532941417,
    "confidence": 6899.762038618326,
    "low": 103559071.78564736,
    "high": 103565971.54768598,
    "count": 30,
    "base": 7239.5
  },
  "array buffers memory": {
    "min": 102079358,
    "max": 102120318,
    "mean": 102102568.66666667,
    "median": 102103934,
    "variance": 85377388.0888889,
    "stdDev": 9239.988532941417,
    "confidence": 6899.762038618326,
    "low": 102099118.78564736,
    "high": 102106018.54768598,
    "count": 30,
    "base": 7239.5
  },
  "Compiler.make hook": {
    "min": 5215.80081,
    "max": 6232.694866,
    "mean": 5375.735406333334,
    "median": 5288.446825499999,
    "variance": 75533.13475750602,
    "stdDev": 274.83292153143884,
    "confidence": 205.22555327712325,
    "low": 5273.1226296947725,
    "high": 5478.348182971896,
    "count": 30,
    "base": 7239.5
  },
  "Compiler.finish make hook": {
    "min": 0.089801,
    "max": 0.118602,
    "mean": 0.09623846666666669,
    "median": 0.095952,
    "variance": 0.00003156193038222222,
    "stdDev": 0.005618000568015476,
    "confidence": 0.004195120688080589,
    "low": 0.0941409063226264,
    "high": 0.09833602701070698,
    "count": 30,
    "base": 7239.5
  },
  "Compiler.finish compilation": {
    "min": 265.125071,
    "max": 309.311014,
    "mean": 285.5568326,
    "median": 287.10185950000005,
    "variance": 107.85368340897683,
    "stdDev": 10.385262799225488,
    "confidence": 7.754970882029397,
    "low": 281.6793471589853,
    "high": 289.4343180410147,
    "count": 30,
    "base": 7239.5
  },
  "Compiler.seal compilation": {
    "min": 1108.449318,
    "max": 1368.938984,
    "mean": 1158.4429268333333,
    "median": 1141.0744775,
    "variance": 3659.4564660826504,
    "stdDev": 60.4934415129661,
    "confidence": 45.172172005294215,
    "low": 1135.8568408306862,
    "high": 1181.0290128359804,
    "count": 30,
    "base": 7239.5
  },
  "Compiler.afterCompile hook": {
    "min": 0.063901,
    "max": 0.122503,
    "mean": 0.07935493333333334,
    "median": 0.07270099999999999,
    "variance": 0.0003377656719288889,
    "stdDev": 0.018378402322533068,
    "confidence": 0.013723675329630952,
    "low": 0.07249309566851786,
    "high": 0.08621677099814881,
    "count": 30,
    "base": 7239.5
  },
  "Compiler.emitAssets": {
    "min": 170.75014,
    "max": 300.954371,
    "mean": 201.90582426666663,
    "median": 194.2782065,
    "variance": 834.5770166295825,
    "stdDev": 28.889046654910274,
    "confidence": 21.572272165816116,
    "low": 191.11968818375857,
    "high": 212.69196034957469,
    "count": 30,
    "base": 7239.5
  },
  "Compiler.emitRecords": {
    "min": 0.074601,
    "max": 0.086602,
    "mean": 0.07991146666666667,
    "median": 0.0799015,
    "variance": 0.000010235564248888892,
    "stdDev": 0.0031993068388150724,
    "confidence": 0.002389013341052737,
    "low": 0.0787169599961403,
    "high": 0.08110597333719304,
    "count": 30,
    "base": 7239.5
  },
  "Compilation.compute affected modules": {
    "min": 28.521312,
    "max": 44.319115,
    "mean": 35.85017913333333,
    "median": 36.5915705,
    "variance": 11.703080989363583,
    "stdDev": 3.420976613390332,
    "confidence": 2.5545404615975684,
    "low": 34.57290890253454,
    "high": 37.12744936413211,
    "count": 30,
    "base": 7239.5
  },
  "Compilation.finish modules": {
    "min": 182.947769,
    "max": 215.58047,
    "mean": 199.63785023333332,
    "median": 201.216891,
    "variance": 53.288418717931975,
    "stdDev": 7.299891692205575,
    "confidence": 5.451036589969021,
    "low": 196.9123319383488,
    "high": 202.36336852831784,
    "count": 30,
    "base": 7239.5
  },
  "Compilation.report dependency errors and warnings": {
    "min": 42.739234,
    "max": 59.14607,
    "mean": 49.49917846666667,
    "median": 48.7702525,
    "variance": 17.639460270265126,
    "stdDev": 4.199935745968636,
    "confidence": 3.136211383963257,
    "low": 47.93107277468504,
    "high": 51.0672841586483,
    "count": 30,
    "base": 7239.5
  },
  "Compilation.optimize dependencies": {
    "min": 1.121722,
    "max": 1.335026,
    "mean": 1.2079069999999998,
    "median": 1.1904735,
    "variance": 0.0035544883062666663,
    "stdDev": 0.05961952957099432,
    "confidence": 0.044519597121589705,
    "low": 1.185647201439205,
    "high": 1.2301667985607947,
    "count": 30,
    "base": 7239.5
  },
  "Compilation.create chunks": {
    "min": 99.862065,
    "max": 130.891853,
    "mean": 115.21682886666667,
    "median": 115.88015250000001,
    "variance": 45.78590434926544,
    "stdDev": 6.766528234572397,
    "confidence": 5.052758937930008,
    "low": 112.69044939770167,
    "high": 117.74320833563168,
    "count": 30,
    "base": 7239.5
  },
  "Compilation.compute affected modules with chunk graph": {
    "min": 18.549866,
    "max": 38.861359,
    "mean": 27.090870733333325,
    "median": 27.711641999999998,
    "variance": 25.616088977521326,
    "stdDev": 5.061233938232981,
    "confidence": 3.779367222277976,
    "low": 25.201187122194337,
    "high": 28.980554344472313,
    "count": 30,
    "base": 7239.5
  },
  "Compilation.optimize": {
    "min": 84.177243,
    "max": 102.809908,
    "mean": 92.6313942,
    "median": 91.361384,
    "variance": 19.776112594817228,
    "stdDev": 4.447034134658427,
    "confidence": 3.3207267733502874,
    "low": 90.97103081332486,
    "high": 94.29175758667515,
    "count": 30,
    "base": 7239.5
  },
  "Compilation.module hashing": {
    "min": 114.44694,
    "max": 284.654236,
    "mean": 126.59032713333333,
    "median": 121.1911795,
    "variance": 880.0897634315509,
    "stdDev": 29.66630687213275,
    "confidence": 22.1526744598023,
    "low": 115.51398990343218,
    "high": 137.66666436323447,
    "count": 30,
    "base": 7239.5
  },
  "Compilation.code generation": {
    "min": 436.471961,
    "max": 487.501016,
    "mean": 452.237091,
    "median": 449.8080275,
    "variance": 144.26445406768454,
    "stdDev": 12.011013865102502,
    "confidence": 8.968965406871348,
    "low": 447.75260829656435,
    "high": 456.7215737034357,
    "count": 30,
    "base": 7239.5
  },
  "Compilation.runtime requirements.modules": {
    "min": 19.797185,
    "max": 32.78324,
    "mean": 24.404792666666662,
    "median": 22.302439,
    "variance": 18.206546576722356,
    "stdDev": 4.26691300318185,
    "confidence": 3.186225205422396,
    "low": 22.811680063955464,
    "high": 25.99790526937786,
    "count": 30,
    "base": 7239.5
  },
  "Compilation.runtime requirements.chunks": {
    "min": 4.270484,
    "max": 12.852351,
    "mean": 5.750286066666666,
    "median": 4.5973895,
    "variance": 6.72529617818173,
    "stdDev": 2.5933176007156797,
    "confidence": 1.9365039547101528,
    "low": 4.78203408931159,
    "high": 6.718538044021742,
    "count": 30,
    "base": 7239.5
  },