{
  "stats": {
    "min": 33405,
    "max": 38754,
    "mean": 35978,
    "median": 35741,
    "variance": 3524041,
    "stdDev": 1877.2429251431472,
    "confidence": 3139.327493447039,
    "low": 34408.33625327648,
    "high": 37547.66374672352,
    "count": 8,
    "base": 36849
  },
  "heap memory": {
    "min": 474806992,
    "max": 924418056,
    "mean": 732830682,
    "median": 819067004,
    "variance": 30860180702529000,
    "stdDev": 175670659.76573607,
    "confidence": 293775368.44492483,
    "low": 585942997.7775376,
    "high": 879718366.2224624,
    "count": 8,
    "base": 36849
  },
  "rss memory": {
    "min": 971300864,
    "max": 1127866368,
    "mean": 1059611136,
    "median": 1079017472,
    "variance": 2001976860344320,
    "stdDev": 44743456.06168929,
    "confidence": 74824818.82603979,
    "low": 1022198726.5869801,
    "high": 1097023545.41302,
    "count": 8,
    "base": 36849
  },
  "external memory": {
    "min": 95594730,
    "max": 95642816,
    "mean": 95614652.5,
    "median": 95615486,
    "variance": 184477814.75,
    "stdDev": 13582.261032317116,
    "confidence": 22713.717500716448,
    "low": 95603295.64124964,
    "high": 95626009.35875036,
    "count": 8,
    "base": 36849
  },
  "array buffers memory": {
    "min": 94245320,
    "max": 94293406,
    "mean": 94265242.5,
    "median": 94266076,
    "variance": 184477814.75,
    "stdDev": 13582.261032317116,
    "confidence": 22713.717500716448,
    "low": 94253885.64124964,
    "high": 94276599.35875036,
    "count": 8,
    "base": 36849
  },
  "Compiler.make hook": {
    "min": 30229.122705,
    "max": 34497.470193,
    "mean": 32469.482457625003,
    "median": 32374.491481,
    "variance": 2432676.246959568,
    "stdDev": 1559.7038972059947,
    "confidence": 2608.3045835753583,
    "low": 31165.330165837324,
    "high": 33773.63474941268,
    "count": 8,
    "base": 36849
  },
  "Compiler.finish make hook": {
    "min": 0.115701,
    "max": 0.165901,
    "mean": 0.137013125,
    "median": 0.13085,
    "variance": 0.000272213753359375,
    "stdDev": 0.016498901580389375,
    "confidence": 0.027591237473457875,
    "low": 0.12321750626327108,
    "high": 0.15080874373672895,
    "count": 8,
    "base": 36849
  },
  "Compiler.finish compilation": {
    "min": 484.7704,
    "max": 586.123692,
    "mean": 516.974273625,
    "median": 513.0652125,
    "variance": 838.1035853986434,
    "stdDev": 28.950018746084492,
    "confidence": 48.413334560022406,
    "low": 492.7676063449888,
    "high": 541.1809409050112,
    "count": 8,
    "base": 36849
  },
  "Compiler.seal compilation": {
    "min": 2356.769568,
    "max": 3292.988823,
    "mean": 2628.037081375,
    "median": 2475.1624735,
    "variance": 113781.38259935711,
    "stdDev": 337.314960532967,
    "confidence": 564.0943510128818,
    "low": 2345.989905868559,
    "high": 2910.084256881441,
    "count": 8,
    "base": 36849
  },
  "Compiler.afterCompile hook": {
    "min": 0.0863,
    "max": 0.394402,
    "mean": 0.129913125,
    "median": 0.09095049999999999,
    "variance": 0.01002053660360937,
    "stdDev": 0.10010263035309996,
    "confidence": 0.16740238326368445,
    "low": 0.04621193336815775,
    "high": 0.21361431663184222,
    "count": 8,
    "base": 36849
  },
  "Compiler.emitAssets": {
    "min": 315.944564,
    "max": 371.344209,
    "mean": 343.658792125,
    "median": 342.7966805,
    "variance": 327.05165968575534,
    "stdDev": 18.08456965718995,
    "confidence": 30.242962150274366,
    "low": 328.5373110498628,
    "high": 358.7802732001372,
    "count": 8,
    "base": 36849
  },
  "Compiler.emitRecords": {
    "min": 0.110301,
    "max": 0.207601,
    "mean": 0.13708825,
    "median": 0.1281005,
    "variance": 0.0009037046876875002,
    "stdDev": 0.030061681384904275,
    "confidence": 0.050272376370084804,
    "low": 0.11195206181495759,
    "high": 0.1622244381850424,
    "count": 8,
    "base": 36849
  },
  "FlagDependencyExportsPlugin.restore cached provided exports": {
    "min": 31.465854,
    "max": 47.256071,
    "mean": 38.699015125,
    "median": 38.3150385,
    "variance": 19.305880887991357,
    "stdDev": 4.393845797020118,
    "confidence": 7.34786144499661,
    "low": 35.0250844025017,
    "high": 42.37294584749831,
    "count": 8,
    "base": 36849
  },
  "FlagDependencyExportsPlugin.figure out provided exports": {
    "min": 317.254571,
    "max": 412.746166,
    "mean": 344.17343300000005,
    "median": 340.054806,
    "variance": 763.424961032771,
    "stdDev": 27.630145874257902,
    "confidence": 46.206101207916845,
    "low": 321.0703823960416,
    "high": 367.27648360395847,
    "count": 8,
    "base": 36849
  },
  "FlagDependencyExportsPlugin.store provided exports into cache": {
    "min": 30.126848,
    "max": 43.525013,
    "mean": 39.97405825,
    "median": 40.449276499999996,
    "variance": 15.666074539277192,
    "stdDev": 3.958039229123076,
    "confidence": 6.619058836607692,
    "low": 36.66452883169615,
    "high": 43.283587668303845,
    "count": 8,
    "base": 36849
  },
  "Compilation.finish modules": {
    "min": 402.07779,
    "max": 491.534742,
    "mean": 426.09482249999996,
    "median": 420.42524149999997,
    "variance": 735.2548502962406,
    "stdDev": 27.115583163491813,
    "confidence": 45.34559410818315,
    "low": 403.4220254459084,
    "high": 448.76761955409154,
    "count": 8,
    "base": 36849
  },
  "Compilation.report dependency errors and warnings": {
    "min": 82.213507,
    "max": 96.936376,
    "mean": 90.321911125,
    "median": 90.946202,
    "variance": 17.830082920828836,
    "stdDev": 4.222568284921966,
    "confidence": 7.061432770509555,
    "low": 86.79119473974522,
    "high": 93.85262751025478,
    "count": 8,
    "base": 36849
  },
  "Compilation.optimize dependencies": {
    "min": 105.794724,
    "max": 167.119659,
    "mean": 127.0474015,
    "median": 116.527027,
    "variance": 483.4904657686313,
    "stdDev": 21.988416627138736,
    "confidence": 36.77139486339043,
    "low": 108.66170406830479,
    "high": 145.4330989316952,
    "count": 8,
    "base": 36849
  },
  "Compilation.create chunks": {
    "min": 229.938538,
    "max": 270.092886,
    "mean": 251.57947474999997,
    "median": 251.16486,
    "variance": 157.63925172722332,
    "stdDev": 12.555447093880144,
    "confidence": 20.996568811855894,
    "low": 241.08119034407204,
    "high": 262.07775915592794,
    "count": 8,
    "base": 36849
  },
  "Compilation.optimize": {
    "min": 149.652741,
    "max": 184.985482,
    "mean": 161.30827737500002,
    "median": 157.28669000000002,
    "variance": 124.5284294645137,
    "stdDev": 11.159230684259274,
    "confidence": 18.661665586057097,
    "low": 151.97744458197147,
    "high": 170.63911016802857,
    "count": 8,
    "base": 36849
  },
  "Compilation.module hashing": {
    "min": 346.234714,
    "max": 424.00302,
    "mean": 373.64283800000004,
    "median": 362.725073,
    "variance": 598.4602296831793,
    "stdDev": 24.463446807087085,
    "confidence": 40.91040648887338,
    "low": 353.18763475556335,
    "high": 394.09804124443673,
    "count": 8,
    "base": 36849
  },
  "Compilation.code generation": {
    "min": 862.743435,
    "max": 1574.980858,
    "mean": 1046.926648125,
    "median": 879.1377540000001,
    "variance": 76254.66949391177,
    "stdDev": 276.142480422538,
    "confidence": 461.7951514362644,
    "low": 816.0290724068677,
    "high": 1277.8242238431321,
    "count": 8,
    "base": 36849
  },
  "Compilation.runtime requirements": {
    "min": 47.054423,
    "max": 57.278381,
    "mean": 51.256927125000004,
    "median": 50.734853,
    "variance": 11.648664814313108,
    "stdDev": 3.413014036641676,
    "confidence": 5.707609099090291,
    "low": 48.40312257545486,
    "high": 54.11073167454515,
    "count": 8,
    "base": 36849
  },
  "Compilation.hashing: initialize hash": {
    "min": 0.0071,
    "max": 0.0089,
    "mean": 0.007812499999999999,
    "median": 0.0078,