{
  "stats": {
    "min": 725.7272727272727,
    "max": 766.1818181818181,
    "mean": 746.7272727272727,
    "median": 744.2272727272727,
    "variance": 140.40909090909062,
    "stdDev": 11.849434202065963,
    "confidence": 19.81589813129858,
    "low": 736.8193236616235,
    "high": 756.635221792922,
    "count": 8,
    "base": 803.8181818181818
  },
  "heap memory": {
    "min": 396713029.09090906,
    "max": 407925592,
    "mean": 404372858.4545455,
    "median": 404446786.1818182,
    "variance": 10463355222023.182,
    "stdDev": 3234710.995131278,
    "confidence": 5409431.578812122,
    "low": 401668142.66513944,
    "high": 407077574.24395156,
    "count": 8,
    "base": 803.8181818181818
  },
  "rss memory": {
    "min": 777457291.6363636,
    "max": 833285399.2727273,
    "mean": 798158522.1818181,
    "median": 789840244.3636364,
    "variance": 353404376844406.6,
    "stdDev": 18799052.551775225,
    "confidence": 31437797.280308485,
    "low": 782439623.5416639,
    "high": 813877420.8219724,
    "count": 8,
    "base": 803.8181818181818
  },
  "external memory": {
    "min": 256916139.45454547,
    "max": 256957099.45454547,
    "mean": 256933547.45454547,
    "median": 256932523.45454547,
    "variance": 124780544,
    "stdDev": 11170.52120538697,
    "confidence": 18680.546809613705,
    "low": 256924207.18114066,
    "high": 256942887.72795027,
    "count": 8,
    "base": 803.8181818181818
  },
  "array buffers memory": {
    "min": 255605288.0909091,
    "max": 255646248.0909091,
    "mean": 255622696.09090906,
    "median": 255621672.0909091,
    "variance": 124780544,
    "stdDev": 11170.52120538697,
    "confidence": 18680.546809613705,
    "low": 255613355.81750426,
    "high": 255632036.36431387,
    "count": 8,
    "base": 803.8181818181818
  },
  "Compiler.make hook": {
    "min": 360.0001822727273,
    "max": 380.8185320909091,
    "mean": 375.5907862954545,
    "median": 377.1041788181818,
    "variance": 39.557272161839236,
    "stdDev": 6.289457223150439,
    "confidence": 10.517906721097233,
    "low": 370.3318329349059,
    "high": 380.8497396560031,
    "count": 8,
    "base": 803.8181818181818
  },
  "Compiler.finish make hook": {
    "min": 0.004345545454545455,
    "max": 0.005327454545454546,
    "mean": 0.004772784090909091,
    "median": 0.004681818181818181,
    "variance": 9.260971474690074e-8,
    "stdDev": 0.00030431844299499944,
    "confidence": 0.0005089140260226832,
    "low": 0.00451832707789775,
    "high": 0.005027241103920433,
    "count": 8,
    "base": 803.8181818181818
  },
  "Compiler.finish compilation": {
    "min": 66.70925363636363,
    "max": 71.16338554545455,
    "mean": 69.72432579545455,
    "median": 70.20729368181819,
    "variance": 1.8220224404494487,
    "stdDev": 1.349823114504063,
    "confidence": 2.2573193686852164,
    "low": 68.59566611111194,
    "high": 70.85298547979716,
    "count": 8,
    "base": 803.8181818181818
  },
  "Compiler.seal compilation": {
    "min": 176.58098945454546,
    "max": 190.3775099090909,
    "mean": 182.94574730681816,
    "median": 182.71658722727273,
    "variance": 16.524082766868386,
    "stdDev": 4.064982505112216,
    "confidence": 6.797900883129955,
    "low": 179.54679686525319,
    "high": 186.34469774838314,
    "count": 8,
    "base": 803.8181818181818
  },
  "Compiler.afterCompile hook": {
    "min": 0.003945454545454545,
    "max": 0.00578190909090909,
    "mean": 0.004612545454545454,
    "median": 0.004609136363636364,
    "variance": 3.125229876033057e-7,
    "stdDev": 0.0005590375547343002,
    "confidence": 0.000934882716531197,
    "low": 0.004145104096279856,
    "high": 0.005079986812811053,
    "count": 8,
    "base": 803.8181818181818
  },
  "Compiler.emitAssets": {
    "min": 97.57115281818183,
    "max": 128.85521681818184,
    "mean": 113.11408102272728,
    "median": 115.74136022727274,
    "variance": 85.7495871711964,
    "stdDev": 9.260107298039067,
    "confidence": 15.48574723262675,
    "low": 105.3712074064139,
    "high": 120.85695463904065,
    "count": 8,
    "base": 803.8181818181818
  },
  "Compiler.emitRecords": {
    "min": 0.005327272727272728,
    "max": 0.01651827272727273,
    "mean": 0.007200079545454546,
    "median": 0.005900045454545455,
    "variance": 0.000012504594015366739,
    "stdDev": 0.003536183538133554,
    "confidence": 0.005913586384826031,
    "low": 0.004243286353041531,
    "high": 0.010156872737867561,
    "count": 8,
    "base": 803.8181818181818
  },
  "FlagDependencyExportsPlugin.restore cached provided exports": {
    "min": 10.347927545454546,
    "max": 10.570202636363636,
    "mean": 10.460197772727271,
    "median": 10.4682935,
    "variance": 0.004550196794398731,
    "stdDev": 0.06745514653752323,
    "confidence": 0.11280574999828374,
    "low": 10.40379489772813,
    "high": 10.516600647726413,
    "count": 8,
    "base": 803.8181818181818
  },
  "FlagDependencyExportsPlugin.figure out provided exports": {
    "min": 34.505083000000006,
    "max": 38.95437963636363,
    "mean": 36.21389835227273,
    "median": 35.93491627272728,
    "variance": 1.667046249103493,
    "stdDev": 1.291141452011937,
    "confidence": 2.1591855821862396,
    "low": 35.13430556117961,
    "high": 37.29349114336585,
    "count": 8,
    "base": 803.8181818181818
  },
  "FlagDependencyExportsPlugin.store provided exports into cache": {
    "min": 0.012836545454545456,
    "max": 0.016845454545454545,
    "mean": 0.014835454545454544,
    "median": 0.014718545454545456,
    "variance": 0.000001129931692148759,
    "stdDev": 0.0010629824514773324,
    "confidence": 0.0017776335658423459,
    "low": 0.013946637762533371,
    "high": 0.015724271328375717,
    "count": 8,
    "base": 803.8181818181818
  },
  "Compilation.finish modules": {
    "min": 46.947301909090925,
    "max": 51.405733272727275,
    "mean": 48.66786381818182,
    "median": 48.33016072727273,
    "variance": 1.7050248807981263,
    "stdDev": 1.3057660130353088,
    "confidence": 2.183642345818342,
    "low": 47.57604264527265,
    "high": 49.75968499109099,
    "count": 8,
    "base": 803.8181818181818
  },
  "Compilation.report dependency errors and warnings": {
    "min": 19.715406272727275,
    "max": 22.829839909090907,
    "mean": 21.012925079545457,
    "median": 20.96826463636364,
    "variance": 1.032158367110419,
    "stdDev": 1.015951951181954,
    "confidence": 1.6989841057056978,
    "low": 20.16343302669261,
    "high": 21.862417132398306,
    "count": 8,
    "base": 803.8181818181818
  },
  "Compilation.optimize dependencies": {
    "min": 0.5586614545454546,
    "max": 0.6820717272727274,
    "mean": 0.6177041363636363,
    "median": 0.6081715000000001,
    "variance": 0.0016338235909256211,
    "stdDev": 0.040420583752905165,
    "confidence": 0.06759564688038333,
    "low": 0.5839063129234446,
    "high": 0.651501959803828,
    "count": 8,
    "base": 803.8181818181818
  },
  "Compilation.create chunks": {
    "min": 46.810539545454546,
    "max": 48.61383363636364,
    "mean": 47.901871954545456,
    "median": 47.85101481818181,
    "variance": 0.29012169869683635,
    "stdDev": 0.5386294632647163,
    "confidence": 0.9007541113404898,
    "low": 47.45149489887521,
    "high": 48.3522490102157,
    "count": 8,
    "base": 803.8181818181818
  },
  "Compilation.optimize": {
    "min": 10.858790454545456,
    "max": 12.133039545454546,
    "mean": 11.62501981818182,
    "median": 11.7454045,
    "variance": 0.15218799372170208,
    "stdDev": 0.3901127961522181,
    "confidence": 0.6523885694829694,
    "low": 11.298825533440334,
    "high": 11.951214102923304,
    "count": 8,
    "base": 803.8181818181818
  },
  "Compilation.module hashing": {
    "min": 66.82789845454546,
    "max": 70.68926290909091,
    "mean": 68.36891013636364,
    "median": 68.40154990909092,
    "variance": 1.678229316247247,
    "stdDev": 1.2954649035181336,
    "confidence": 2.1664157227280896,
    "low": 67.2857022749996,