{
  "stats": {
    "min": 9784,
    "max": 10285,
    "mean": 10025.518518518518,
    "median": 10174,
    "variance": 18282.545953360765,
    "stdDev": 135.21296518219236,
    "confidence": 107.00142482340016,
    "low": 9972.017806106818,
    "high": 10079.019230930218,
    "count": 27,
    "base": 8994
  },
  "heap memory": {
    "min": 333022664,
    "max": 825557472,
    "mean": 665013066.962963,
    "median": 772882504,
    "variance": 36852331581297440,
    "stdDev": 191969611.0880507,
    "confidence": 151916067.23170066,
    "low": 589055033.3471127,
    "high": 740971100.5788133,
    "count": 27,
    "base": 8994
  },
  "rss memory": {
    "min": 821301248,
    "max": 956059648,
    "mean": 900425045.3333334,
    "median": 903929856,
    "variance": 730731043871250.9,
    "stdDev": 27032037.360717945,
    "confidence": 21391931.680358887,
    "low": 889729079.4931539,
    "high": 911121011.1735128,
    "count": 27,
    "base": 8994
  },
  "external memory": {
    "min": 33441556,
    "max": 33482516,
    "mean": 33466738.814814813,
    "median": 33474324,
    "variance": 104023342.00274359,
    "stdDev": 10199.183398818926,
    "confidence": 8071.172422245145,
    "low": 33462703.22860369,
    "high": 33470774.401025936,
    "count": 27,
    "base": 8994
  },
  "array buffers memory": {
    "min": 31931017,
    "max": 31971977,
    "mean": 31956199.814814813,
    "median": 31963785,
    "variance": 104023342.00274359,
    "stdDev": 10199.183398818926,
    "confidence": 8071.172422245145,
    "low": 31952164.22860369,
    "high": 31960235.401025936,
    "count": 27,
    "base": 8994
  },
  "Compiler.make hook": {
    "min": 6155.534192,
    "max": 6531.223385,
    "mean": 6313.152985518518,
    "median": 6300.677854,
    "variance": 9105.949409388033,
    "stdDev": 95.4250984248276,
    "confidence": 75.51510671784672,
    "low": 6275.395432159595,
    "high": 6350.9105388774415,
    "count": 27,
    "base": 8994
  },
  "Compiler.finish make hook": {
    "min": 0.088707,
    "max": 0.149001,
    "mean": 0.10772337037037037,
    "median": 0.105949,
    "variance": 0.0002355053531961591,
    "stdDev": 0.015346183668787464,
    "confidence": 0.012144275631772922,
    "low": 0.10165123255448391,
    "high": 0.11379550818625683,
    "count": 27,
    "base": 8994
  },
  "Compiler.finish compilation": {
    "min": 319.779941,
    "max": 357.335576,
    "mean": 337.9768991481482,
    "median": 338.666865,
    "variance": 56.239494166356835,
    "stdDev": 7.499299578384426,
    "confidence": 5.9346064852835525,
    "low": 335.00959590550644,
    "high": 340.94420239079,
    "count": 27,
    "base": 8994
  },
  "Compiler.seal compilation": {
    "min": 3186.380078,
    "max": 3463.288243,
    "mean": 3304.661611814815,
    "median": 3290.360333,
    "variance": 6011.427912632224,
    "stdDev": 77.53339869135252,
    "confidence": 61.356424808795964,
    "low": 3273.983399410417,
    "high": 3335.339824219213,
    "count": 27,
    "base": 8994
  },
  "Compiler.afterCompile hook": {
    "min": 0.056507,
    "max": 0.145854,
    "mean": 0.07026518518518518,
    "median": 0.06405,
    "variance": 0.000371908116447188,
    "stdDev": 0.019284919404736645,
    "confidence": 0.015261212940125918,
    "low": 0.06263457871512222,
    "high": 0.07789579165524814,
    "count": 27,
    "base": 8994
  },
  "Compiler.emitAssets": {
    "min": 43.688686,
    "max": 94.803427,
    "mean": 50.84137633333334,
    "median": 48.708934,
    "variance": 139.66684354710253,
    "stdDev": 11.818072750965046,
    "confidence": 9.352288231501703,
    "low": 46.16523221758249,
    "high": 55.517520449084195,
    "count": 27,
    "base": 8994
  },
  "Compiler.emitRecords": {
    "min": 0.062909,
    "max": 0.112351,
    "mean": 0.07138955555555555,
    "median": 0.06904,
    "variance": 0.0001055073359506173,
    "stdDev": 0.010271676394368025,
    "confidence": 0.008128540099991977,
    "low": 0.06732528550555957,
    "high": 0.07545382560555154,
    "count": 27,
    "base": 8994
  },
  "Compilation.compute affected modules": {
    "min": 0.214624,
    "max": 0.349546,
    "mean": 0.2696380740740741,
    "median": 0.237417,
    "variance": 0.002384592283105625,
    "stdDev": 0.04883228730159611,
    "confidence": 0.038643663435794506,
    "low": 0.25031624235617683,
    "high": 0.28895990579197134,
    "count": 27,
    "base": 8994
  },
  "Compilation.finish modules": {
    "min": 243.07354,
    "max": 277.007306,
    "mean": 260.40539388888885,
    "median": 260.936235,
    "variance": 38.74992519854894,
    "stdDev": 6.224943790794335,
    "confidence": 4.926138955410579,
    "low": 257.94232441118356,
    "high": 262.86846336659414,
    "count": 27,
    "base": 8994
  },
  "Compilation.report dependency errors and warnings": {
    "min": 68.746602,
    "max": 82.85928,
    "mean": 76.80030025925927,
    "median": 77.460036,
    "variance": 8.607817529452785,
    "stdDev": 2.9339082346680145,
    "confidence": 2.3217622732226744,
    "low": 75.63941912264794,
    "high": 77.96118139587061,
    "count": 27,
    "base": 8994
  },
  "Compilation.optimize dependencies": {
    "min": 286.842688,
    "max": 318.293072,
    "mean": 303.1450680740741,
    "median": 305.031542,
    "variance": 69.96894451812224,
    "stdDev": 8.364744139429623,
    "confidence": 6.61948016594522,
    "low": 299.8353279911015,
    "high": 306.4548081570467,
    "count": 27,
    "base": 8994
  },
  "Compilation.create chunks": {
    "min": 151.911233,
    "max": 192.426047,
    "mean": 164.5071818888889,
    "median": 161.65618,
    "variance": 79.457100369985,
    "stdDev": 8.913871233643944,
    "confidence": 7.05403451072192,
    "low": 160.98016463352795,
    "high": 168.03419914424987,
    "count": 27,
    "base": 8994
  },
  "Compilation.compute affected modules with chunk graph": {
    "min": 0.126458,
    "max": 0.155182,
    "mean": 0.13572533333333336,
    "median": 0.133139,
    "variance": 0.0000606900776296296,
    "stdDev": 0.00779038366382745,
    "confidence": 0.006164957264469972,
    "low": 0.13264285470109838,
    "high": 0.13880781196556835,
    "count": 27,
    "base": 8994
  },
  "Compilation.optimize": {
    "min": 157.831683,
    "max": 178.532397,
    "mean": 169.9435728888889,
    "median": 170.60854,
    "variance": 21.522155557207654,
    "stdDev": 4.639197727755054,
    "confidence": 3.6712512460502467,
    "low": 168.10794726586377,
    "high": 171.77919851191402,
    "count": 27,
    "base": 8994
  },
  "Compilation.module hashing": {
    "min": 162.81989,
    "max": 177.54394,
    "mean": 169.27867474074068,
    "median": 167.914518,
    "variance": 14.701159502055678,
    "stdDev": 3.8342091103714826,
    "confidence": 3.0342196647177957,
    "low": 167.76156490838179,
    "high": 170.79578457309958,
    "count": 27,
    "base": 8994
  },
  "Compilation.code generation": {
    "min": 589.76642,
    "max": 638.330448,
    "mean": 611.5311426666667,
    "median": 607.892587,
    "variance": 162.95245465547728,
    "stdDev": 12.765283179603863,
    "confidence": 10.101867721422423,
    "low": 606.4802088059555,
    "high": 616.5820765273779,
    "count": 27,
    "base": 8994
  },
  "Compilation.runtime requirements.modules": {
    "min": 19.5145,
    "max": 26.203282,
    "mean": 21.883592111111117,
    "median": 21.252009,
    "variance": 3.9070054062292843,
    "stdDev": 1.9766146327064575,
    "confidence": 1.5642034160066487,
    "low": 21.101490403107793,
    "high": 22.66569381911444,
    "count": 27,
    "base": 8994
  },
  "Compilation.runtime requirements.chunks": {
    "min": 5.041867,
    "max": 11.973119,
    "mean": 7.216519333333332,
    "median": 5.911202,
    "variance": 4.302194458382964,
    "stdDev": 2.074173198742806,
    "confidence": 1.6414068524933176,
    "low": 6.395815907086674,
    "high": 8.037222759579992,
    "count": 27,
    "base": 8994
  },
  "Compilation.runtime requirements.entries": {
    "min": 1.885053,
    "max": 6.749133,