{
  "stats": {
    "min": 7368,
    "max": 8958,
    "mean": 8010.133333333333,
    "median": 7564,
    "variance": 363913.58222222223,
    "stdDev": 603.2525028727375,
    "confidence": 450.46578837064317,
    "low": 7784.900439148011,
    "high": 8235.366227518654,
    "count": 30,
    "base": 7216
  },
  "heap memory": {
    "min": 208890240,
    "max": 276015512,
    "mean": 256436444.8,
    "median": 267112856,
    "variance": 358198056288284.25,
    "stdDev": 18926121.004798744,
    "confidence": 14132672.435879529,
    "low": 249370108.58206025,
    "high": 263502781.01793978,
    "count": 30,
    "base": 7216
  },
  "rss memory": {
    "min": 384851968,
    "max": 557457408,
    "mean": 456520635.73333335,
    "median": 400824320,
    "variance": 4941856810357811,
    "stdDev": 70298341.44812956,
    "confidence": 52493769.44277811,
    "low": 430273751.0119443,
    "high": 482767520.4547224,
    "count": 30,
    "base": 7216
  },
  "external memory": {
    "min": 43166879,
    "max": 43216031,
    "mean": 43199373.93333333,
    "median": 43199647,
    "variance": 122958351.9288888,
    "stdDev": 11088.658707386065,
    "confidence": 8280.216597214341,
    "low": 43195233.82503472,
    "high": 43203514.04163194,
    "count": 30,
    "base": 7216
  },
  "array buffers memory": {
    "min": 41708904,
    "max": 41758056,
    "mean": 41741398.93333333,
    "median": 41741672,
    "variance": 122958351.9288888,
    "stdDev": 11088.658707386065,
    "confidence": 8280.216597214341,
    "low": 41737258.82503472,
    "high": 41745539.04163194,
    "count": 30,
    "base": 7216
  },
  "Compiler.make hook": {
    "min": 5726.474015,
    "max": 7287.453394,
    "mean": 6343.294233466667,
    "median": 5916.933854999999,
    "variance": 336589.4256226856,
    "stdDev": 580.1632749689397,
    "confidence": 433.2244056975105,
    "low": 6126.682030617912,
    "high": 6559.906436315422,
    "count": 30,
    "base": 7216
  },
  "Compiler.finish make hook": {
    "min": 0.105909,
    "max": 0.254319,
    "mean": 0.15469546666666664,
    "median": 0.1372105,
    "variance": 0.0011740435669822223,
    "stdDev": 0.03426431915246854,
    "confidence": 0.025586140905338672,
    "low": 0.1419023962139973,
    "high": 0.16748853711933598,
    "count": 30,
    "base": 7216
  },
  "Compiler.finish compilation": {
    "min": 241.731466,
    "max": 403.178542,
    "mean": 263.50926516666664,
    "median": 260.2875125,
    "variance": 760.306024652917,
    "stdDev": 27.573647286003297,
    "confidence": 20.590026073317176,
    "low": 253.21425213000805,
    "high": 273.8042782033252,
    "count": 30,
    "base": 7216
  },
  "Compiler.seal compilation": {
    "min": 1252.145802,
    "max": 1447.329996,
    "mean": 1290.8667563999998,
    "median": 1279.083623,
    "variance": 1676.6428116483578,
    "stdDev": 40.94682907928718,
    "confidence": 30.576160985063325,
    "low": 1275.578675907468,
    "high": 1306.1548368925314,
    "count": 30,
    "base": 7216
  },
  "Compiler.afterCompile hook": {
    "min": 0.070805,
    "max": 0.090206,
    "mean": 0.07878286666666666,
    "median": 0.077706,
    "variance": 0.000025799898648888886,
    "stdDev": 0.005079360062930062,
    "confidence": 0.003792902514734936,
    "low": 0.07688641540929919,
    "high": 0.08067931792403413,
    "count": 30,
    "base": 7216
  },
  "Compiler.emitAssets": {
    "min": 80.602695,
    "max": 94.373257,
    "mean": 87.48041103333334,
    "median": 86.365133,
    "variance": 16.621975922625904,
    "stdDev": 4.07700575454903,
    "confidence": 3.0444160656918484,
    "low": 85.95820300048742,
    "high": 89.00261906617926,
    "count": 30,
    "base": 7216
  },
  "Compiler.emitRecords": {
    "min": 0.085507,
    "max": 0.107508,
    "mean": 0.09275396666666665,
    "median": 0.092007,
    "variance": 0.000019973847898888894,
    "stdDev": 0.004469211104757628,
    "confidence": 0.00333728694719429,
    "low": 0.0910853231930695,
    "high": 0.09442261014026379,
    "count": 30,
    "base": 7216
  },
  "Compilation.compute affected modules": {
    "min": 0.280223,
    "max": 0.367929,
    "mean": 0.30847103333333337,
    "median": 0.303774,
    "variance": 0.0003707990038322223,
    "stdDev": 0.01925614197684007,
    "confidence": 0.01437910847492041,
    "low": 0.30128147909587316,
    "high": 0.31566058757079357,
    "count": 30,
    "base": 7216
  },
  "Compilation.finish modules": {
    "min": 192.615909,
    "max": 353.847394,
    "mean": 213.63920706666667,
    "median": 209.5669105,
    "variance": 751.6645714901813,
    "stdDev": 27.41650180986227,
    "confidence": 20.472681080198015,
    "low": 203.40286652656766,
    "high": 223.87554760676568,
    "count": 30,
    "base": 7216
  },
  "Compilation.report dependency errors and warnings": {
    "min": 44.139658,
    "max": 54.295027,
    "mean": 48.97613783333333,
    "median": 48.360198499999996,
    "variance": 7.560089159401335,
    "stdDev": 2.749561630406079,
    "confidence": 2.0531758121455113,
    "low": 47.94954992726058,
    "high": 50.00272573940609,
    "count": 30,
    "base": 7216
  },
  "Compilation.optimize dependencies": {
    "min": 196.344496,
    "max": 234.078998,
    "mean": 215.44663050000003,
    "median": 215.23089800000002,
    "variance": 43.67558924913862,
    "stdDev": 6.608750959836406,
    "confidence": 4.934942162844152,
    "low": 212.97915941857795,
    "high": 217.9141015814221,
    "count": 30,
    "base": 7216
  },
  "Compilation.create chunks": {
    "min": 79.093884,
    "max": 105.559818,
    "mean": 88.46398083333335,
    "median": 87.42417900000001,
    "variance": 36.89842163404602,
    "stdDev": 6.074407101441754,
    "confidence": 4.535932417693516,
    "low": 86.1960146244866,
    "high": 90.73194704218011,
    "count": 30,
    "base": 7216
  },
  "Compilation.compute affected modules with chunk graph": {
    "min": 0.165713,
    "max": 0.199116,
    "mean": 0.18209773333333334,
    "median": 0.1809645,
    "variance": 0.00006650362312888887,
    "stdDev": 0.008154975360409673,
    "confidence": 0.006089551866550802,
    "low": 0.17905295740005794,
    "high": 0.18514250926660875,
    "count": 30,
    "base": 7216
  },
  "Compilation.optimize": {
    "min": 145.268393,
    "max": 280.161662,
    "mean": 155.49638756666664,
    "median": 150.4670265,
    "variance": 553.4925366133058,
    "stdDev": 23.52642209545059,
    "confidence": 17.567848001127004,
    "low": 146.71246356610314,
    "high": 164.28031156723014,
    "count": 30,
    "base": 7216
  },
  "Compilation.module hashing": {
    "min": 125.865077,
    "max": 143.637396,
    "mean": 132.7941178,
    "median": 131.1636975,
    "variance": 19.07947178385721,
    "stdDev": 4.36800546976045,
    "confidence": 3.2617138232711227,
    "low": 131.16326088836445,
    "high": 134.42497471163557,
    "count": 30,
    "base": 7216
  },
  "Compilation.code generation": {
    "min": 447.529829,
    "max": 625.296984,
    "mean": 465.53778516666677,
    "median": 458.223158,
    "variance": 975.8981762832153,
    "stdDev": 31.239369012245035,
    "confidence": 23.32732466635298,
    "low": 453.8741228334903,
    "high": 477.20144749984325,
    "count": 30,
    "base": 7216
  },
  "Compilation.runtime requirements.modules": {
    "min": 13.671412,
    "max": 28.29459,
    "mean": 18.351655666666662,
    "median": 14.9134645,
    "variance": 21.871595860297155,
    "stdDev": 4.67670780146645,
    "confidence": 3.4922306276964648,
    "low": 16.60554035281843,
    "high": 20.097770980514895,
    "count": 30,
    "base": 7216
  },
  "Compilation.runtime requirements.chunks": {
    "min": 4.507451,
    "max": 13.252577,
    "mean": 5.370893333333331,
    "median": 4.8134985,
    "variance": 4.390627053792955,
    "stdDev": 2.095382316856033,
    "confidence": 1.564681526898834,
    "low": 4.588552569883914,
    "high": 6.153234096782748,
    "count": 30,
    "base": 7216
  },
  "Compilation.runtime requirements.entries": {
    "min": 2.454791,