{
  "stats": {
    "min": 55122,
    "max": 56606,
    "mean": 55709.166666666664,
    "median": 55612,
    "variance": 305920.13888888893,
    "stdDev": 553.100478113054,
    "confidence": 1161.0755533214979,
    "low": 55128.628890005915,
    "high": 56289.70444332741,
    "count": 6,
    "base": 54312.5
  },
  "heap memory": {
    "min": 320050776,
    "max": 401767616,
    "mean": 345353697.3333333,
    "median": 323975472,
    "variance": 1105426641300872.9,
    "stdDev": 33247956.949275438,
    "confidence": 69794533.79499507,
    "low": 310456430.4358358,
    "high": 380250964.23083085,
    "count": 6,
    "base": 54312.5
  },
  "rss memory": {
    "min": 590274560,
    "max": 835518464,
    "mean": 674013866.6666666,
    "median": 604540928,
    "variance": 11816386560582542,
    "stdDev": 108703204.00329763,
    "confidence": 228191147.41417933,
    "low": 559918292.959577,
    "high": 788109440.3737563,
    "count": 6,
    "base": 54312.5
  },
  "external memory": {
    "min": 115462565,
    "max": 115558288,
    "mean": 115500505,
    "median": 115491237,
    "variance": 1338920085.6666667,
    "stdDev": 36591.25695663742,
    "confidence": 76812.83166232705,
    "low": 115462098.58416884,
    "high": 115538911.41583116,
    "count": 6,
    "base": 54312.5
  },
  "array buffers memory": {
    "min": 87928578,
    "max": 88024301,
    "mean": 87966518,
    "median": 87957250,
    "variance": 1338920085.6666667,
    "stdDev": 36591.25695663742,
    "confidence": 76812.83166232705,
    "low": 87928111.58416884,
    "high": 88004924.41583116,
    "count": 6,
    "base": 54312.5
  },
  "Compiler.make hook": {
    "min": 52629.937084,
    "max": 54025.160681,
    "mean": 53269.061962,
    "median": 53118.840217000004,
    "variance": 258269.26849737574,
    "stdDev": 508.20199576288144,
    "confidence": 1066.8240885318373,
    "low": 52735.64991773408,
    "high": 53802.47400626592,
    "count": 6,
    "base": 54312.5
  },
  "Compiler.finish make hook": {
    "min": 0.131099,
    "max": 0.288098,
    "mean": 0.1626155,
    "median": 0.138699,
    "variance": 0.0031598028945833347,
    "stdDev": 0.056212124088877255,
    "confidence": 0.11800120531902636,
    "low": 0.10361489734048682,
    "high": 0.22161610265951318,
    "count": 6,
    "base": 54312.5
  },
  "Compiler.finish compilation": {
    "min": 271.744858,
    "max": 309.30773,
    "mean": 290.3700988333333,
    "median": 290.6013375,
    "variance": 127.45403646599486,
    "stdDev": 11.28955430767729,
    "confidence": 23.699175888002515,
    "low": 278.52051088933206,
    "high": 302.2196867773346,
    "count": 6,
    "base": 54312.5
  },
  "Compiler.seal compilation": {
    "min": 1584.221123,
    "max": 1674.745611,
    "mean": 1640.902638166667,
    "median": 1647.1542785,
    "variance": 967.8363474367499,
    "stdDev": 31.110068264739468,
    "confidence": 65.30665069678162,
    "low": 1608.2493128182762,
    "high": 1673.5559635150578,
    "count": 6,
    "base": 54312.5
  },
  "Compiler.afterCompile hook": {
    "min": 0.077999,
    "max": 0.1017,
    "mean": 0.08778283333333332,
    "median": 0.08219950000000001,
    "variance": 0.00009758883913888888,
    "stdDev": 0.009878706349461395,
    "confidence": 0.020737505922851646,
    "low": 0.0774140803719075,
    "high": 0.09815158629475915,
    "count": 6,
    "base": 54312.5
  },
  "Compiler.emitAssets": {
    "min": 283.504366,
    "max": 601.550679,
    "mean": 489.5356895,
    "median": 540.799908,
    "variance": 13002.207455490265,
    "stdDev": 114.02722243170822,
    "confidence": 239.36739456505808,
    "low": 369.8519922174709,
    "high": 609.219386782529,
    "count": 6,
    "base": 54312.5
  },
  "Compiler.emitRecords": {
    "min": 0.1005,
    "max": 0.132799,
    "mean": 0.11274966666666668,
    "median": 0.1099995,
    "variance": 0.0001242004335555555,
    "stdDev": 0.011144524824125769,
    "confidence": 0.0233947281528695,
    "low": 0.10105230259023193,
    "high": 0.12444703074310143,
    "count": 6,
    "base": 54312.5
  },
  "FlagDependencyExportsPlugin.restore cached provided exports": {
    "min": 19.643081,
    "max": 21.37276,
    "mean": 20.101318000000003,
    "median": 19.884225,
    "variance": 0.372152730914,
    "stdDev": 0.6100432205294966,
    "confidence": 1.2806104819195951,
    "low": 19.461012759040205,
    "high": 20.7416232409598,
    "count": 6,
    "base": 54312.5
  },
  "FlagDependencyExportsPlugin.figure out provided exports": {
    "min": 176.463433,
    "max": 204.831528,
    "mean": 194.90755550000003,
    "median": 197.2990995,
    "variance": 97.83842411157686,
    "stdDev": 9.891330755342118,
    "confidence": 20.764007236127156,
    "low": 184.52555188193645,
    "high": 205.2895591180636,
    "count": 6,
    "base": 54312.5
  },
  "FlagDependencyExportsPlugin.store provided exports into cache": {
    "min": 18.246763,
    "max": 26.969936,
    "mean": 21.37921083333333,
    "median": 19.7770795,
    "variance": 12.112895759258471,
    "stdDev": 3.480358567627547,
    "confidence": 7.306012939007829,
    "low": 17.726204363829417,
    "high": 25.032217302837246,
    "count": 6,
    "base": 54312.5
  },
  "Compilation.finish modules": {
    "min": 226.129733,
    "max": 248.420279,
    "mean": 239.58926383333332,
    "median": 242.02148449999999,
    "variance": 78.10817689313386,
    "stdDev": 8.837883054959137,
    "confidence": 18.552596434621023,
    "low": 230.3129656160228,
    "high": 248.86556205064383,
    "count": 6,
    "base": 54312.5
  },
  "Compilation.report dependency errors and warnings": {
    "min": 44.600502,
    "max": 60.386255,
    "mean": 50.18895583333333,
    "median": 47.0592695,
    "variance": 37.76977931006513,
    "stdDev": 6.145712270360949,
    "confidence": 12.901157307272413,
    "low": 43.738377179697125,
    "high": 56.63953448696954,
    "count": 6,
    "base": 54312.5
  },
  "Compilation.optimize dependencies": {
    "min": 1.387491,
    "max": 1.736289,
    "mean": 1.5391401666666666,
    "median": 1.5528395000000002,
    "variance": 0.012357448084805553,
    "stdDev": 0.11116405932137217,
    "confidence": 0.23335700617428268,
    "low": 1.4224616635795253,
    "high": 1.655818669753808,
    "count": 6,
    "base": 54312.5
  },
  "Compilation.create chunks": {
    "min": 127.900027,
    "max": 149.331846,
    "mean": 139.25978833333335,
    "median": 140.8063105,
    "variance": 44.36679701224762,
    "stdDev": 6.660840563491039,
    "confidence": 13.982521167267691,
    "low": 132.2685277496995,
    "high": 146.2510489169672,
    "count": 6,
    "base": 54312.5
  },
  "Compilation.optimize": {
    "min": 77.944529,
    "max": 91.045479,
    "mean": 84.1177165,
    "median": 83.938083,
    "variance": 21.66077661693392,
    "stdDev": 4.654113945417959,
    "confidence": 9.769975145985939,
    "low": 79.23272892700703,
    "high": 89.00270407299297,
    "count": 6,
    "base": 54312.5
  },
  "Compilation.module hashing": {
    "min": 210.196066,
    "max": 238.932032,
    "mean": 226.50140016666668,
    "median": 226.9400045,
    "variance": 87.74923137292511,
    "stdDev": 9.367455971229601,
    "confidence": 19.66428263109748,
    "low": 216.66925885111795,
    "high": 236.33354148221542,
    "count": 6,
    "base": 54312.5
  },
  "Compilation.code generation": {
    "min": 676.729376,
    "max": 748.258194,
    "mean": 699.39486,
    "median": 690.3722230000001,
    "variance": 638.6268692206789,
    "stdDev": 25.271067829054612,
    "confidence": 53.04934677103529,
    "low": 672.8701866144823,
    "high": 725.9195333855176,
    "count": 6,
    "base": 54312.5
  },
  "Compilation.runtime requirements": {
    "min": 24.659058,
    "max": 42.222012,
    "mean": 33.8966085,
    "median": 35.112476,
    "variance": 34.10315990971958,
    "stdDev": 5.839791084424132,
    "confidence": 12.258963665628585,
    "low": 27.767126667185707,
    "high": 40.02609033281429,
    "count": 6,
    "base": 54312.5
  },