{
  "stats": {
    "min": 227.45454545454547,
    "max": 253.45454545454547,
    "mean": 239.18181818181816,
    "median": 238.45454545454544,
    "variance": 33.053719008264466,
    "stdDev": 5.749236384796199,
    "confidence": 7.305830306847554,
    "low": 235.52890302839438,
    "high": 242.83473333524194,
    "count": 12,
    "base": 410.22727272727275
  },
  "heap memory": {
    "min": 275715830.54545456,
    "max": 281077595.6363636,
    "mean": 278605011.0909091,
    "median": 278601574.5454545,
    "variance": 2147360957571.802,
    "stdDev": 1465387.6475430664,
    "confidence": 1862138.3380602598,
    "low": 277673941.921879,
    "high": 279536080.25993925,
    "count": 12,
    "base": 410.22727272727275
  },
  "rss memory": {
    "min": 575031109.8181819,
    "max": 633496296.7272727,
    "mean": 594373476.8484849,
    "median": 588050245.8181818,
    "variance": 278335285107524.84,
    "stdDev": 16683383.502980588,
    "confidence": 21200375.26012349,
    "low": 583773289.2184231,
    "high": 604973664.4785466,
    "count": 12,
    "base": 410.22727272727275
  },
  "external memory": {
    "min": 152734373.63636363,
    "max": 152767141.63636363,
    "mean": 152746661.6363636,
    "median": 152742565.63636363,
    "variance": 72701269.33333333,
    "stdDev": 8526.50393381328,
    "confidence": 10835.037330508232,
    "low": 152741244.11769834,
    "high": 152752079.15502885,
    "count": 12,
    "base": 410.22727272727275
  },
  "array buffers memory": {
    "min": 151276256.27272728,
    "max": 151309024.27272728,
    "mean": 151288544.27272728,
    "median": 151284448.27272728,
    "variance": 72701269.33333333,
    "stdDev": 8526.50393381328,
    "confidence": 10835.037330508232,
    "low": 151283126.75406203,
    "high": 151293961.79139253,
    "count": 12,
    "base": 410.22727272727275
  },
  "Compiler.make hook": {
    "min": 86.19578954545455,
    "max": 93.61074518181817,
    "mean": 89.42372206060605,
    "median": 88.99590568181819,
    "variance": 4.242071108588543,
    "stdDev": 2.0596288764213186,
    "confidence": 2.6172691569979065,
    "low": 88.1150874821071,
    "high": 90.732356639105,
    "count": 12,
    "base": 410.22727272727275
  },
  "Compiler.finish make hook": {
    "min": 0.004891272727272727,
    "max": 0.005636727272727272,
    "mean": 0.0052548181818181825,
    "median": 0.005286545454545454,
    "variance": 6.963471900826442e-8,
    "stdDev": 0.00026388391199211905,
    "confidence": 0.00033532993821923894,
    "low": 0.005087153212708563,
    "high": 0.005422483150927802,
    "count": 12,
    "base": 410.22727272727275
  },
  "Compiler.finish compilation": {
    "min": 2.5182102727272726,
    "max": 3.1975078181818186,
    "mean": 2.900289318181818,
    "median": 2.921461590909091,
    "variance": 0.028726744422500703,
    "stdDev": 0.16948965874796226,
    "confidence": 0.2153786351266893,
    "low": 2.7926000006184735,
    "high": 3.0079786357451628,
    "count": 12,
    "base": 410.22727272727275
  },
  "Compiler.seal compilation": {
    "min": 97.65783463636363,
    "max": 108.74973436363638,
    "mean": 102.60576846969695,
    "median": 103.38326699999999,
    "variance": 7.771929203652321,
    "stdDev": 2.7878180004534587,
    "confidence": 3.542613988102687,
    "low": 100.83446147564561,
    "high": 104.3770754637483,
    "count": 12,
    "base": 410.22727272727275
  },
  "Compiler.afterCompile hook": {
    "min": 0.004618545454545454,
    "max": 0.005782000000000001,
    "mean": 0.0050971742424242425,
    "median": 0.004959227272727272,
    "variance": 1.5027664388200198e-7,
    "stdDev": 0.00038765531581806277,
    "confidence": 0.0004926121949697052,
    "low": 0.00485086814493939,
    "high": 0.005343480339909095,
    "count": 12,
    "base": 410.22727272727275
  },
  "Compiler.emitAssets": {
    "min": 33.86882281818182,
    "max": 42.713480090909094,
    "mean": 38.610453462121214,
    "median": 39.04221440909091,
    "variance": 8.465687117808615,
    "stdDev": 2.9095853858941165,
    "confidence": 3.6973496426133465,
    "low": 36.76177864081454,
    "high": 40.45912828342789,
    "count": 12,
    "base": 410.22727272727275
  },
  "Compiler.emitRecords": {
    "min": 0.008046000000000001,
    "max": 0.009527636363636361,
    "mean": 0.008891409090909092,
    "median": 0.008937045454545454,
    "variance": 1.8797990426997202e-7,
    "stdDev": 0.0004335664934816481,
    "confidence": 0.0005509537295228344,
    "low": 0.008615932226147675,
    "high": 0.00916688595567051,
    "count": 12,
    "base": 410.22727272727275
  },
  "Compilation.compute affected modules": {
    "min": 1.2105098181818184,
    "max": 1.3766103636363638,
    "mean": 1.3065840984848485,
    "median": 1.3031307727272727,
    "variance": 0.0018135708824785935,
    "stdDev": 0.042586040934543254,
    "confidence": 0.05411612389621112,
    "low": 1.279526036536743,
    "high": 1.333642160432954,
    "count": 12,
    "base": 410.22727272727275
  },
  "Compilation.finish modules": {
    "min": 0.5607671818181819,
    "max": 0.9728991818181818,
    "mean": 0.7282250000000001,
    "median": 0.7208934090909092,
    "variance": 0.0076039290658553695,
    "stdDev": 0.0872005106972165,
    "confidence": 0.11080986955224814,
    "low": 0.672820065223876,
    "high": 0.7836299347761242,
    "count": 12,
    "base": 410.22727272727275
  },
  "Compilation.report dependency errors and warnings": {
    "min": 0.6033874545454545,
    "max": 1.0072266363636364,
    "mean": 0.7969650833333333,
    "median": 0.7718280909090909,
    "variance": 0.009547526400390445,
    "stdDev": 0.09771144457222217,
    "confidence": 0.12416661714752197,
    "low": 0.7348817747595723,
    "high": 0.8590483919070943,
    "count": 12,
    "base": 410.22727272727275
  },
  "Compilation.optimize dependencies": {
    "min": 0.03511127272727273,
    "max": 0.04484790909090909,
    "mean": 0.03814309848484848,
    "median": 0.03716590909090908,
    "variance": 0.000009099697763716715,
    "stdDev": 0.0030165705302075594,
    "confidence": 0.0038333007946262654,
    "low": 0.03622644808753535,
    "high": 0.040059748882161614,
    "count": 12,
    "base": 410.22727272727275
  },
  "Compilation.create chunks": {
    "min": 17.199859272727274,
    "max": 21.69327190909091,
    "mean": 19.75486134848485,
    "median": 19.811846636363633,
    "variance": 1.054333099950396,
    "stdDev": 1.0268072360235858,
    "confidence": 1.3048131825070826,
    "low": 19.10245475723131,
    "high": 20.407267939738393,
    "count": 12,
    "base": 410.22727272727275
  },
  "Compilation.compute affected modules with chunk graph": {
    "min": 2.939733,
    "max": 4.30849,
    "mean": 3.318605909090909,
    "median": 3.2089560454545456,
    "variance": 0.13389658502170657,
    "stdDev": 0.365918822994536,
    "confidence": 0.46499059143733934,
    "low": 3.0861106133722394,
    "high": 3.5511012048095787,
    "count": 12,
    "base": 410.22727272727275
  },
  "Compilation.optimize": {
    "min": 16.370110454545454,
    "max": 22.016819,
    "mean": 19.397830848484848,
    "median": 19.760385318181818,
    "variance": 3.2388518157477293,
    "stdDev": 1.7996810316685925,
    "confidence": 2.286940968124604,
    "low": 18.254360364422546,
    "high": 20.54130133254715,
    "count": 12,
    "base": 410.22727272727275
  },
  "Compilation.module hashing": {
    "min": 3.771944909090909,
    "max": 7.567513636363636,
    "mean": 4.797754628787879,
    "median": 4.619607363636364,
    "variance": 1.1182701872577834,
    "stdDev": 1.0574829489205881,
    "confidence": 1.3437942815552528,
    "low": 4.1258574880102525,
    "high": 5.469651769565505,
    "count": 12,
    "base": 410.22727272727275
  },
  "Compilation.code generation": {
    "min": 9.527112181818183,
    "max": 12.428131727272728,
    "mean": 10.845502507575759,
    "median": 11.651074727272727,
    "variance": 0.8344336299952756,
    "stdDev": 0.9134733876776464,
    "confidence": 1.160794427907419,