{
  "cache.PackFileCacheStrategy.restore cache container": {
    "min": 25.493835,
    "max": 29.741612,
    "mean": 27.34059117391305,
    "median": 27.181826,
    "variance": 1.014910463793708,
    "stdDev": 1.0074276469274148,
    "confidence": 0.8713420934704601,
    "low": 26.90492012717782,
    "high": 27.77626222064828,
    "count": 23,
    "base": 7520.5
  },
  "stats": {
    "min": 7447,
    "max": 8988,
    "mean": 7872.913043478261,
    "median": 7789,
    "variance": 137949.7315689981,
    "stdDev": 371.4158472238336,
    "confidence": 321.24417356935555,
    "low": 7712.290956693583,
    "high": 8033.535130262939,
    "count": 23,
    "base": 7520.5
  },
  "heap memory": {
    "min": 237092312,
    "max": 323060192,
    "mean": 295841088,
    "median": 300856384,
    "variance": 360668491200517.56,
    "stdDev": 18991274.080495957,
    "confidence": 16425890.797657251,
    "low": 287628142.6011714,
    "high": 304054033.3988286,
    "count": 23,
    "base": 7520.5
  },
  "rss memory": {
    "min": 483692544,
    "max": 636788736,
    "mean": 503502224.6956522,
    "median": 490143744,
    "variance": 1639683131121029.2,
    "stdDev": 40493001.014015116,
    "confidence": 35023116.92761731,
    "low": 485990666.23184353,
    "high": 521013783.15946084,
    "count": 23,
    "base": 7520.5
  },
  "external memory": {
    "min": 103816252,
    "max": 103849020,
    "mean": 103837622.43478261,
    "median": 103840828,
    "variance": 56833215.63705106,
    "stdDev": 7538.780779214306,
    "confidence": 6520.425607144833,
    "low": 103834362.22197904,
    "high": 103840882.64758618,
    "count": 23,
    "base": 7520.5
  },
  "array buffers memory": {
    "min": 102328914,
    "max": 102361682,
    "mean": 102350284.43478261,
    "median": 102353490,
    "variance": 56833215.63705106,
    "stdDev": 7538.780779214306,
    "confidence": 6520.425607144833,
    "low": 102347024.22197904,
    "high": 102353544.64758618,
    "count": 23,
    "base": 7520.5
  },
  "Compiler.make hook": {
    "min": 5802.599741,
    "max": 7086.291848,
    "mean": 6122.886531695652,
    "median": 6049.005013,
    "variance": 97386.83932508653,
    "stdDev": 312.06864521301486,
    "confidence": 269.9137227926294,
    "low": 5987.929670299337,
    "high": 6257.843393091966,
    "count": 23,
    "base": 7520.5
  },
  "Compiler.finish make hook": {
    "min": 0.097703,
    "max": 0.122904,
    "mean": 0.11119500000000002,
    "median": 0.112604,
    "variance": 0.0000390941366956522,
    "stdDev": 0.006252530423408766,
    "confidence": 0.005407924792650898,
    "low": 0.10849103760367457,
    "high": 0.11389896239632546,
    "count": 23,
    "base": 7520.5
  },
  "Compiler.finish compilation": {
    "min": 262.436277,
    "max": 310.67477,
    "mean": 281.627515,
    "median": 280.910495,
    "variance": 138.0350957250896,
    "stdDev": 11.74883380276909,
    "confidence": 10.16177536199666,
    "low": 276.5466273190017,
    "high": 286.70840268099835,
    "count": 23,
    "base": 7520.5
  },
  "Compiler.seal compilation": {
    "min": 1159.353671,
    "max": 1457.387853,
    "mean": 1229.7338698695653,
    "median": 1208.326043,
    "variance": 4743.90462328701,
    "stdDev": 68.87600905458308,
    "confidence": 59.57208550167434,
    "low": 1199.9478271187281,
    "high": 1259.5199126204025,
    "count": 23,
    "base": 7520.5
  },
  "Compiler.afterCompile hook": {
    "min": 0.073103,
    "max": 0.147005,
    "mean": 0.0827115652173913,
    "median": 0.078203,
    "variance": 0.00022460592702835535,
    "stdDev": 0.014986858477624834,
    "confidence": 0.012962400506147692,
    "low": 0.07623036496431745,
    "high": 0.08919276547046515,
    "count": 23,
    "base": 7520.5
  },
  "Compiler.emitAssets": {
    "min": 177.154412,
    "max": 242.596328,
    "mean": 215.29781513043477,
    "median": 216.914873,
    "variance": 297.6932374044706,
    "stdDev": 17.253789073837392,
    "confidence": 14.92310910639361,
    "low": 207.83626057723797,
    "high": 222.75936968363158,
    "count": 23,
    "base": 7520.5
  },
  "Compiler.emitRecords": {
    "min": 0.084103,
    "max": 0.148905,
    "mean": 0.09747717391304346,
    "median": 0.092303,
    "variance": 0.0002450752465784499,
    "stdDev": 0.01565487932174662,
    "confidence": 0.013540183617991253,
    "low": 0.09070708210404783,
    "high": 0.10424726572203909,
    "count": 23,
    "base": 7520.5
  },
  "Compilation.compute affected modules": {
    "min": 0.276009,
    "max": 0.492817,
    "mean": 0.30786252173913037,
    "median": 0.301311,
    "variance": 0.0016572787569451796,
    "stdDev": 0.04070968873554771,
    "confidence": 0.03521053399273899,
    "low": 0.2902572547427609,
    "high": 0.32546778873549986,
    "count": 23,
    "base": 7520.5
  },
  "Compilation.finish modules": {
    "min": 209.99895,
    "max": 254.218649,
    "mean": 227.95469056521748,
    "median": 227.861253,
    "variance": 119.48422017392573,
    "stdDev": 10.930883778264489,
    "confidence": 9.454315834873512,
    "low": 223.22753264778072,
    "high": 232.68184848265423,
    "count": 23,
    "base": 7520.5
  },
  "Compilation.report dependency errors and warnings": {
    "min": 47.09721,
    "max": 59.95244,
    "mean": 52.8106125652174,
    "median": 52.291278,
    "variance": 11.41876838985999,
    "stdDev": 3.3791668188859796,
    "confidence": 2.9227014953721664,
    "low": 51.349261817531314,
    "high": 54.27196331290348,
    "count": 23,
    "base": 7520.5
  },
  "Compilation.optimize dependencies": {
    "min": 1.250542,
    "max": 1.819762,
    "mean": 1.4034648695652177,
    "median": 1.352646,
    "variance": 0.014929377160200385,
    "stdDev": 0.1221858304395415,
    "confidence": 0.10568069837305849,
    "low": 1.3506245203786884,
    "high": 1.456305218751747,
    "count": 23,
    "base": 7520.5
  },
  "Compilation.create chunks": {
    "min": 97.182724,
    "max": 109.594698,
    "mean": 104.08148678260868,
    "median": 106.483245,
    "variance": 11.916480527244177,
    "stdDev": 3.45202556874137,
    "confidence": 2.9857183242434644,
    "low": 102.58862762048695,
    "high": 105.57434594473041,
    "count": 23,
    "base": 7520.5
  },
  "Compilation.compute affected modules with chunk graph": {
    "min": 0.210807,
    "max": 0.262309,
    "mean": 0.2330904782608696,
    "median": 0.232608,
    "variance": 0.00012004466711909265,
    "stdDev": 0.01095648972614371,
    "confidence": 0.009476462874711489,
    "low": 0.22835224682351385,
    "high": 0.23782870969822534,
    "count": 23,
    "base": 7520.5
  },
  "Compilation.optimize": {
    "min": 66.433246,
    "max": 81.795151,
    "mean": 72.05311552173913,
    "median": 70.01626,
    "variance": 17.05319325418599,
    "stdDev": 4.1295512170435655,
    "confidence": 3.5717223103084734,
    "low": 70.2672543665849,
    "high": 73.83897667689337,
    "count": 23,
    "base": 7520.5
  },
  "Compilation.module hashing": {
    "min": 118.903741,
    "max": 132.016266,
    "mean": 124.95789582608697,
    "median": 124.130042,
    "variance": 12.84614427185902,
    "stdDev": 3.5841518204254434,
    "confidence": 3.0999966697861225,
    "low": 123.4078974911939,
    "high": 126.50789416098003,
    "count": 23,
    "base": 7520.5
  },
  "Compilation.code generation": {
    "min": 493.965017,
    "max": 581.016747,
    "mean": 527.5427235652173,
    "median": 526.218985,
    "variance": 367.1242665173288,
    "stdDev": 19.160487115867614,
    "confidence": 16.572246162166948,
    "low": 519.2566004841339,
    "high": 535.8288466463008,
    "count": 23,
    "base": 7520.5
  },
  "Compilation.runtime requirements.modules": {
    "min": 15.955924,
    "max": 25.822573,
    "mean": 18.97525430434782,
    "median": 16.747165,
    "variance": 14.210893125594732,
    "stdDev": 3.7697338268894702,
    "confidence": 3.260509848589585,
    "low": 17.34499938005303,
    "high": 20.605509228642614,
    "count": 23,
    "base": 7520.5
  },