{
  "stats": {
    "min": 38349,
    "max": 40430,
    "mean": 39393.375,
    "median": 39352,
    "variance": 458281.984375,
    "stdDev": 676.9652756050343,
    "confidence": 1132.0941330242495,
    "low": 38827.327933487875,
    "high": 39959.422066512125,
    "count": 8,
    "base": 36746
  },
  "heap memory": {
    "min": 407459568,
    "max": 705156736,
    "mean": 450733103,
    "median": 415489864,
    "variance": 9274742820228296,
    "stdDev": 96305466.20118868,
    "confidence": 161052357.03129494,
    "low": 370206924.4843525,
    "high": 531259281.5156475,
    "count": 8,
    "base": 36746
  },
  "rss memory": {
    "min": 665530368,
    "max": 926896128,
    "mean": 704549888,
    "median": 672702464,
    "variance": 7094218135699456,
    "stdDev": 84227181.6915386,
    "confidence": 140853750.80566287,
    "low": 634123012.5971686,
    "high": 774976763.4028314,
    "count": 8,
    "base": 36746
  },
  "external memory": {
    "min": 42222813,
    "max": 42288349,
    "mean": 42252509,
    "median": 42251485,
    "variance": 552599552,
    "stdDev": 23507.436100093946,
    "confidence": 39311.66257762909,
    "low": 42232853.168711185,
    "high": 42272164.831288815,
    "count": 8,
    "base": 36746
  },
  "array buffers memory": {
    "min": 40632448,
    "max": 40697984,
    "mean": 40662144,
    "median": 40661120,
    "variance": 552599552,
    "stdDev": 23507.436100093946,
    "confidence": 39311.66257762909,
    "low": 40642488.168711185,
    "high": 40681799.831288815,
    "count": 8,
    "base": 36746
  },
  "Compiler.make hook": {
    "min": 3738.163312,
    "max": 4268.323128,
    "mean": 3862.4579208749997,
    "median": 3793.0647735000002,
    "variance": 27692.372863638928,
    "stdDev": 166.41025468293392,
    "confidence": 278.28912322459473,
    "low": 3723.3133592627023,
    "high": 4001.602482487297,
    "count": 8,
    "base": 36746
  },
  "Compiler.finish make hook": {
    "min": 0.088465,
    "max": 0.12289,
    "mean": 0.09877849999999999,
    "median": 0.094717,
    "variance": 0.00012133175674999998,
    "stdDev": 0.011015069529966661,
    "confidence": 0.018420583801117968,
    "low": 0.08956820809944101,
    "high": 0.10798879190055898,
    "count": 8,
    "base": 36746
  },
  "Compiler.finish compilation": {
    "min": 33.620281,
    "max": 37.939694,
    "mean": 35.799164375000004,
    "median": 35.757271,
    "variance": 1.886433598738987,
    "stdDev": 1.3734750084144185,
    "confidence": 2.2968726091477976,
    "low": 34.650728070426105,
    "high": 36.9476006795739,
    "count": 8,
    "base": 36746
  },
  "Compiler.seal compilation": {
    "min": 34534.474004,
    "max": 36565.416153,
    "mean": 35452.476300124996,
    "median": 35409.7547985,
    "variance": 380092.26540178235,
    "stdDev": 616.5162328777583,
    "confidence": 1031.0047432363936,
    "low": 34936.9739285068,
    "high": 35967.97867174319,
    "count": 8,
    "base": 36746
  },
  "Compiler.afterCompile hook": {
    "min": 0.051396,
    "max": 0.093735,
    "mean": 0.063123,
    "median": 0.0544765,
    "variance": 0.00020744001000000002,
    "stdDev": 0.014402777857066324,
    "confidence": 0.02408587397139919,
    "low": 0.0510800630143004,
    "high": 0.0751659369856996,
    "count": 8,
    "base": 36746
  },
  "Compiler.emitAssets": {
    "min": 21.630699,
    "max": 24.314443,
    "mean": 23.067561375,
    "median": 23.1078905,
    "variance": 0.5986984868232346,
    "stdDev": 0.7737560900072028,
    "confidence": 1.293958141510359,
    "low": 22.42058230424482,
    "high": 23.71454044575518,
    "count": 8,
    "base": 36746
  },
  "Compiler.emitRecords": {
    "min": 0.061675,
    "max": 0.122749,
    "mean": 0.077488875,
    "median": 0.06464600000000001,
    "variance": 0.00043382380610937495,
    "stdDev": 0.020828437438016684,
    "confidence": 0.03483155292207132,
    "low": 0.060073098538964344,
    "high": 0.09490465146103566,
    "count": 8,
    "base": 36746
  },
  "Compilation.compute affected modules": {
    "min": 0.212577,
    "max": 0.242193,
    "mean": 0.21981575000000003,
    "median": 0.216504,
    "variance": 0.00007934729068749996,
    "stdDev": 0.008907709620744267,
    "confidence": 0.014896429940687017,
    "low": 0.21236753502965652,
    "high": 0.22726396497034354,
    "count": 8,
    "base": 36746
  },
  "Compilation.finish modules": {
    "min": 1.666495,
    "max": 1.821957,
    "mean": 1.739349625,
    "median": 1.7413275000000001,
    "variance": 0.002851780617484375,
    "stdDev": 0.05340206566682955,
    "confidence": 0.08930467693303923,
    "low": 1.6946972865334804,
    "high": 1.7840019634665196,
    "count": 8,
    "base": 36746
  },
  "Compilation.report dependency errors and warnings": {
    "min": 31.19712,
    "max": 35.628484,
    "mean": 33.413467125000004,
    "median": 33.317409,
    "variance": 1.9227879866063593,
    "stdDev": 1.3866463091236927,
    "confidence": 2.318899074602683,
    "low": 32.25401758769866,
    "high": 34.572916662301346,
    "count": 8,
    "base": 36746
  },
  "Compilation.optimize dependencies": {
    "min": 0.076093,
    "max": 0.093585,
    "mean": 0.08340337500000002,
    "median": 0.0827645,
    "variance": 0.00003988650173437503,
    "stdDev": 0.006315576120543163,
    "confidence": 0.010561585550078412,
    "low": 0.07812258222496081,
    "high": 0.08868416777503922,
    "count": 8,
    "base": 36746
  },
  "Compilation.create chunks": {
    "min": 92.089538,
    "max": 96.297748,
    "mean": 94.686218875,
    "median": 94.9138595,
    "variance": 1.610283513274355,
    "stdDev": 1.2689694690079643,
    "confidence": 2.1221072078872396,
    "low": 93.62516527105637,
    "high": 95.74727247894361,
    "count": 8,
    "base": 36746
  },
  "Compilation.compute affected modules with chunk graph": {
    "min": 0.118511,
    "max": 0.150361,
    "mean": 0.12495099999999999,
    "median": 0.1216175,
    "variance": 0.00009543342399999995,
    "stdDev": 0.009769003224485083,
    "confidence": 0.01633677772622863,
    "low": 0.11678261113688568,
    "high": 0.1331193888631143,
    "count": 8,
    "base": 36746
  },
  "Compilation.optimize": {
    "min": 70.907476,
    "max": 76.918209,
    "mean": 73.44447437500001,
    "median": 73.4946525,
    "variance": 3.878814875115486,
    "stdDev": 1.969470709382469,
    "confidence": 3.2935607121979444,
    "low": 71.79769401890104,
    "high": 75.09125473109899,
    "count": 8,
    "base": 36746
  },
  "Compilation.module hashing": {
    "min": 87.389902,
    "max": 98.632156,
    "mean": 91.56468062500001,
    "median": 91.87635449999999,
    "variance": 10.499870338879974,
    "stdDev": 3.2403503419969844,
    "confidence": 5.418862301082299,
    "low": 88.85524947445886,
    "high": 94.27411177554116,
    "count": 8,
    "base": 36746
  },
  "Compilation.code generation": {
    "min": 347.435591,
    "max": 359.328157,
    "mean": 353.084901625,
    "median": 352.3335895,
    "variance": 15.61951105386154,
    "stdDev": 3.952152711353844,
    "confidence": 6.609214768572542,
    "low": 349.7802942407137,
    "high": 356.38950900928626,
    "count": 8,
    "base": 36746
  },
  "Compilation.runtime requirements.modules": {
    "min": 10.815225,
    "max": 15.243155,
    "mean": 11.972818625,
    "median": 11.271336999999999,
    "variance": 2.5782362688644844,
    "stdDev": 1.6056887210367035,
    "confidence": 2.685205351078345,
    "low": 10.630215949460828,
    "high": 13.315421300539173,
    "count": 8,
    "base": 36746
  },
  "Compilation.runtime requirements.chunks": {
    "min": 3.339641,
    "max": 3.804389,
    "mean": 3.5584619999999996,
    "median": 3.5196205,
    "variance": 0.02548431458800003,
    "stdDev": 0.15963807374182398,
    "confidence": 0.2669639539914206,
    "low": 3.4249800230042893,
    "high": 3.69194397699571,
    "count": 8,
    "base": 36746
  },
  "Compilation.runtime requirements.entries": {
    "min": 1.654062,
    "max": 1.860597,
    "mean": 1.7968473749999998,