{
  "stats": {
    "min": 5067,
    "max": 5929,
    "mean": 5560.8,
    "median": 5675.5,
    "variance": 77443.36,
    "stdDev": 278.286471104867,
    "confidence": 207.80441689370673,
    "low": 5456.897791553147,
    "high": 5664.702208446854,
    "count": 30,
    "base": 5088
  },
  "heap memory": {
    "min": 202236888,
    "max": 443980696,
    "mean": 257118363.46666667,
    "median": 233355872,
    "variance": 2945342869303072.5,
    "stdDev": 54271013.15898822,
    "confidence": 40525707.91155854,
    "low": 236855509.5108874,
    "high": 277381217.42244595,
    "count": 30,
    "base": 5088
  },
  "rss memory": {
    "min": 410591232,
    "max": 600072192,
    "mean": 528317644.8,
    "median": 567480320,
    "variance": 4588104331866494,
    "stdDev": 67735547.03304975,
    "confidence": 50580058.01825321,
    "low": 503027615.7908734,
    "high": 553607673.8091266,
    "count": 30,
    "base": 5088
  },
  "external memory": {
    "min": 43235767,
    "max": 43325879,
    "mean": 43275088.6,
    "median": 43276727,
    "variance": 480499466.23999983,
    "stdDev": 21920.29804176941,
    "confidence": 16368.509524092078,
    "low": 43266904.345237955,
    "high": 43283272.85476205,
    "count": 30,
    "base": 5088
  },
  "array buffers memory": {
    "min": 41775814,
    "max": 41865926,
    "mean": 41815135.6,
    "median": 41816774,
    "variance": 480499466.23999983,
    "stdDev": 21920.29804176941,
    "confidence": 16368.509524092078,
    "low": 41806951.345237955,
    "high": 41823319.85476205,
    "count": 30,
    "base": 5088
  },
  "Compiler.make hook": {
    "min": 3898.090547,
    "max": 4635.836158,
    "mean": 4309.459471833333,
    "median": 4402.926619,
    "variance": 59210.00691930178,
    "stdDev": 243.331064435476,
    "confidence": 181.70222129872855,
    "low": 4218.608361183969,
    "high": 4400.310582482697,
    "count": 30,
    "base": 5088
  },
  "Compiler.finish make hook": {
    "min": 0.089498,
    "max": 0.132519,
    "mean": 0.09721310000000001,
    "median": 0.0962755,
    "variance": 0.00007694773035666666,
    "stdDev": 0.008771985542433747,
    "confidence": 0.006550290904937889,
    "low": 0.09393795454753107,
    "high": 0.10048824545246896,
    "count": 30,
    "base": 5088
  },
  "Compiler.finish compilation": {
    "min": 157.21906,
    "max": 208.199851,
    "mean": 169.14800306666666,
    "median": 166.627971,
    "variance": 94.27716406566563,
    "stdDev": 9.709642839243143,
    "confidence": 7.250466256747131,
    "low": 165.5227699382931,
    "high": 172.77323619504023,
    "count": 30,
    "base": 5088
  },
  "Compiler.seal compilation": {
    "min": 922.603977,
    "max": 1075.831585,
    "mean": 995.5110339666667,
    "median": 925.856181,
    "variance": 1726.9119773913417,
    "stdDev": 41.55613044294839,
    "confidence": 31.031143629693588,
    "low": 979.9954621518199,
    "high": 1011.0266057815135,
    "count": 30,
    "base": 5088
  },
  "Compiler.afterCompile hook": {
    "min": 0.054903,
    "max": 0.080542,
    "mean": 0.05991283333333331,
    "median": 0.057668,
    "variance": 0.00003342038620555556,
    "stdDev": 0.005781036776007878,
    "confidence": 0.004316864458088196,
    "low": 0.05775440110428921,
    "high": 0.06207126556237741,
    "count": 30,
    "base": 5088
  },
  "Compiler.emitAssets": {
    "min": 61.169878,
    "max": 107.637264,
    "mean": 68.73466316666666,
    "median": 64.2922375,
    "variance": 120.1088299891935,
    "stdDev": 10.959417411030273,
    "confidence": 8.183708448175622,
    "low": 64.64280894257885,
    "high": 72.82651739075447,
    "count": 30,
    "base": 5088
  },
  "Compiler.emitRecords": {
    "min": 0.062167,
    "max": 0.110568,
    "mean": 0.06971279999999999,
    "median": 0.0666855,
    "variance": 0.00009383398762666667,
    "stdDev": 0.009686794496977144,
    "confidence": 0.007233404750225714,
    "low": 0.06609609762488713,
    "high": 0.07332950237511285,
    "count": 30,
    "base": 5088
  },
  "Compilation.compute affected modules": {
    "min": 0.211627,
    "max": 0.292418,
    "mean": 0.22130513333333326,
    "median": 0.215975,
    "variance": 0.0002737012967822222,
    "stdDev": 0.016543920236214336,
    "confidence": 0.012353815419675951,
    "low": 0.2151282256234953,
    "high": 0.22748204104317124,
    "count": 30,
    "base": 5088
  },
  "Compilation.finish modules": {
    "min": 127.709543,
    "max": 175.438932,
    "mean": 135.1449746333333,
    "median": 133.1917345,
    "variance": 73.35251840801402,
    "stdDev": 8.564608479552,
    "confidence": 6.395436558414417,
    "low": 131.9472563541261,
    "high": 138.3426929125405,
    "count": 30,
    "base": 5088
  },
  "Compilation.report dependency errors and warnings": {
    "min": 28.825793,
    "max": 44.674811,
    "mean": 33.37515590000001,
    "median": 32.4914285,
    "variance": 10.449842146622958,
    "stdDev": 3.2326215594503105,
    "confidence": 2.413890389757597,
    "low": 32.16821070512121,
    "high": 34.58210109487881,
    "count": 30,
    "base": 5088
  },
  "Compilation.optimize dependencies": {
    "min": 141.977782,
    "max": 165.896996,
    "mean": 152.86622240000003,
    "median": 152.293148,
    "variance": 28.453533801351643,
    "stdDev": 5.3341853924804346,
    "confidence": 3.9831878304627253,
    "low": 150.87462848476866,
    "high": 154.8578163152314,
    "count": 30,
    "base": 5088
  },
  "Compilation.create chunks": {
    "min": 58.761679,
    "max": 76.639545,
    "mean": 68.4945849,
    "median": 68.54023649999999,
    "variance": 20.575228187361354,
    "stdDev": 4.535992525055718,
    "confidence": 3.3871545316632137,
    "low": 66.8010076341684,
    "high": 70.18816216583161,
    "count": 30,
    "base": 5088
  },
  "Compilation.compute affected modules with chunk graph": {
    "min": 0.122229,
    "max": 0.191699,
    "mean": 0.1363372,
    "median": 0.1264075,
    "variance": 0.00043741728902666664,
    "stdDev": 0.020914523399462554,
    "confidence": 0.015617469014501006,
    "low": 0.1285284654927495,
    "high": 0.1441459345072505,
    "count": 30,
    "base": 5088
  },
  "Compilation.optimize": {
    "min": 88.269494,
    "max": 108.026116,
    "mean": 95.85728489999998,
    "median": 94.3806755,
    "variance": 18.6332905603967,
    "stdDev": 4.316629537080603,
    "confidence": 3.223349954231736,
    "low": 94.24560992288411,
    "high": 97.46895987711585,
    "count": 30,
    "base": 5088
  },
  "Compilation.module hashing": {
    "min": 88.648122,
    "max": 151.651734,
    "mean": 97.61347943333334,
    "median": 93.35575800000001,
    "variance": 135.08794639035557,
    "stdDev": 11.622734032505242,
    "confidence": 8.679025820932736,
    "low": 93.27396652286697,
    "high": 101.9529923437997,
    "count": 30,
    "base": 5088
  },
  "Compilation.code generation": {
    "min": 376.609688,
    "max": 471.340596,
    "mean": 417.61734816666666,
    "median": 405.083846,
    "variance": 950.2113663555571,
    "stdDev": 30.82549863920383,
    "confidence": 23.01827589658012,
    "low": 406.1082102183766,
    "high": 429.1264861149567,
    "count": 30,
    "base": 5088
  },
  "Compilation.runtime requirements.modules": {
    "min": 10.148133,
    "max": 23.984317,
    "mean": 12.45423843333333,
    "median": 11.4968605,
    "variance": 6.984205265543846,
    "stdDev": 2.6427647011309663,
    "confidence": 1.973427509880075,
    "low": 11.467524678393293,
    "high": 13.440952188273368,
    "count": 30,
    "base": 5088
  },
  "Compilation.runtime requirements.chunks": {
    "min": 2.91903,
    "max": 8.381939,
    "mean": 3.7996115999999995,
    "median": 3.5606915,
    "variance": 1.4059307669248395,
    "stdDev": 1.185719514440426,
    "confidence": 0.8854104596587842,
    "low": 3.3569063701706074,
    "high": 4.242316829829392,
    "count": 30,
    "base": 5088
  },
  "Compilation.runtime requirements.entries": {
    "min": 1.467514,
    "max": 2.374256,
    "mean": 1.7259760000000004,