{
  "stats": {
    "min": 117.9090909090909,
    "max": 129.1818181818182,
    "mean": 126.40404040404039,
    "median": 127.63636363636364,
    "variance": 11.373941434547504,
    "stdDev": 3.3725274549731252,
    "confidence": 5.18469887411203,
    "low": 123.81169096698437,
    "high": 128.9963898410964,
    "count": 9,
    "base": 183.9090909090909
  },
  "heap memory": {
    "min": 203768017.45454547,
    "max": 222763477.8181818,
    "mean": 214253211.15151516,
    "median": 215465256.72727272,
    "variance": 46051534769067.266,
    "stdDev": 6786128.1132223895,
    "confidence": 10432540.952727199,
    "low": 209036940.67515156,
    "high": 219469481.62787876,
    "count": 9,
    "base": 183.9090909090909
  },
  "rss memory": {
    "min": 559966394.1818181,
    "max": 711564939.6363636,
    "mean": 635277560.2424242,
    "median": 641849530.1818181,
    "variance": 2126957115384251,
    "stdDev": 46118945.297830164,
    "confidence": 70900191.904531,
    "low": 599827464.2901587,
    "high": 670727656.1946898,
    "count": 9,
    "base": 183.9090909090909
  },
  "external memory": {
    "min": 66281002.90909091,
    "max": 71832991.9090909,
    "mean": 68677576.95959595,
    "median": 70277105.27272727,
    "variance": 4778690699550.869,
    "stdDev": 2186021.6603572043,
    "confidence": 3360643.965855807,
    "low": 66997254.976668045,
    "high": 70357898.94252385,
    "count": 9,
    "base": 183.9090909090909
  },
  "array buffers memory": {
    "min": 64787782.54545455,
    "max": 70339771.54545455,
    "mean": 67184356.59595959,
    "median": 68783884.9090909,
    "variance": 4778690699550.869,
    "stdDev": 2186021.6603572043,
    "confidence": 3360643.965855807,
    "low": 65504034.613031685,
    "high": 68864678.57888749,
    "count": 9,
    "base": 183.9090909090909
  },
  "Compiler.make hook": {
    "min": 39.49377190909091,
    "max": 44.082170363636365,
    "mean": 41.87173677777778,
    "median": 41.77846590909092,
    "variance": 2.0468469246172267,
    "stdDev": 1.4306805809184755,
    "confidence": 2.199432946398673,
    "low": 40.77202030457844,
    "high": 42.97145325097711,
    "count": 9,
    "base": 183.9090909090909
  },
  "Compiler.finish make hook": {
    "min": 0.0035,
    "max": 0.006081909090909093,
    "mean": 0.004526272727272728,
    "median": 0.0041818181818181815,
    "variance": 7.304895426997251e-7,
    "stdDev": 0.0008546868097143685,
    "confidence": 0.0013139385221342223,
    "low": 0.0038693034662056164,
    "high": 0.005183241988339839,
    "count": 9,
    "base": 183.9090909090909
  },
  "Compiler.finish compilation": {
    "min": 8.921962,
    "max": 10.37534618181818,
    "mean": 9.858276212121211,
    "median": 9.771906545454545,
    "variance": 0.14762094501211753,
    "stdDev": 0.3842147121234656,
    "confidence": 0.5906660841044733,
    "low": 9.562943170068975,
    "high": 10.153609254173448,
    "count": 9,
    "base": 183.9090909090909
  },
  "Compiler.seal compilation": {
    "min": 52.479201727272724,
    "max": 60.286295454545446,
    "mean": 57.71234993939394,
    "median": 57.84336118181818,
    "variance": 4.462802801829297,
    "stdDev": 2.1125346865387318,
    "confidence": 3.247669991438883,
    "low": 56.0885149436745,
    "high": 59.33618493511338,
    "count": 9,
    "base": 183.9090909090909
  },
  "Compiler.afterCompile hook": {
    "min": 0.0029454545454545454,
    "max": 0.006736363636363635,
    "mean": 0.004090909090909091,
    "median": 0.0035363636363636365,
    "variance": 0.0000012481175390266292,
    "stdDev": 0.0011171918094161938,
    "confidence": 0.001717496208342495,
    "low": 0.0032321609867378438,
    "high": 0.004949657195080339,
    "count": 9,
    "base": 183.9090909090909
  },
  "Compiler.emitAssets": {
    "min": 12.740643454545454,
    "max": 14.879831090909091,
    "mean": 13.740161767676767,
    "median": 13.614688909090908,
    "variance": 0.406617237641538,
    "stdDev": 0.6376654590312525,
    "confidence": 0.9803043656840451,
    "low": 13.250009584834745,
    "high": 14.23031395051879,
    "count": 9,
    "base": 183.9090909090909
  },
  "Compiler.emitRecords": {
    "min": 0.006572727272727273,
    "max": 0.008454545454545454,
    "mean": 0.007240373737373736,
    "median": 0.007181818181818182,
    "variance": 3.414972368125704e-7,
    "stdDev": 0.0005843776491384407,
    "confidence": 0.0008983832392754961,
    "low": 0.006791182117735988,
    "high": 0.007689565357011484,
    "count": 9,
    "base": 183.9090909090909
  },
  "Compilation.compute affected modules": {
    "min": 0.0024454545454545454,
    "max": 0.006690818181818183,
    "mean": 0.0031807878787878793,
    "median": 0.002754545454545455,
    "variance": 0.0000015816841561065207,
    "stdDev": 0.001257650251900949,
    "confidence": 0.001933427653922392,
    "low": 0.002214074051826683,
    "high": 0.004147501705749075,
    "count": 9,
    "base": 183.9090909090909
  },
  "Compilation.finish modules": {
    "min": 0.24324499999999996,
    "max": 0.4575164545454545,
    "mean": 0.31679658585858583,
    "median": 0.2758089090909091,
    "variance": 0.007074806863717374,
    "stdDev": 0.08411187112243654,
    "confidence": 0.12930798320555914,
    "low": 0.25214259425580626,
    "high": 0.3814505774613654,
    "count": 9,
    "base": 183.9090909090909
  },
  "Compilation.report dependency errors and warnings": {
    "min": 8.638462636363636,
    "max": 9.923128454545456,
    "mean": 9.49529787878788,
    "median": 9.477545454545453,
    "variance": 0.1308888587940459,
    "stdDev": 0.3617856531069825,
    "confidence": 0.556185144043134,
    "low": 9.217205306766314,
    "high": 9.773390450809448,
    "count": 9,
    "base": 183.9090909090909
  },
  "Compilation.optimize dependencies": {
    "min": 0.029381727272727275,
    "max": 0.06269972727272727,
    "mean": 0.035774686868686865,
    "median": 0.033018181818181815,
    "variance": 0.00009329511279359245,
    "stdDev": 0.009658939527380448,
    "confidence": 0.01484900970009288,
    "low": 0.028350182018640428,
    "high": 0.04319919171873331,
    "count": 9,
    "base": 183.9090909090909
  },
  "Compilation.create chunks": {
    "min": 10.31788290909091,
    "max": 13.554680636363635,
    "mean": 11.748879636363634,
    "median": 11.826015272727272,
    "variance": 1.0826294450577474,
    "stdDev": 1.040494807799514,
    "confidence": 1.5995873511904541,
    "low": 10.949085960768407,
    "high": 12.548673311958861,
    "count": 9,
    "base": 183.9090909090909
  },
  "Compilation.compute affected modules with chunk graph": {
    "min": 0.004245454545454546,
    "max": 0.006309090909090909,
    "mean": 0.005069686868686869,
    "median": 0.004636363636363637,
    "variance": 5.512083877155389e-7,
    "stdDev": 0.0007424340965469857,
    "confidence": 0.001141368684424899,
    "low": 0.00449900252647442,
    "high": 0.005640371210899319,
    "count": 9,
    "base": 183.9090909090909
  },
  "Compilation.optimize": {
    "min": 3.7815037272727277,
    "max": 5.9907069090909095,
    "mean": 4.769200303030303,
    "median": 4.676010181818182,
    "variance": 0.7213452035074212,
    "stdDev": 0.8493204362944654,
    "confidence": 1.305688617396692,
    "low": 4.116355994331957,
    "high": 5.422044611728649,
    "count": 9,
    "base": 183.9090909090909
  },
  "Compilation.module hashing": {
    "min": 16.97932636363636,
    "max": 20.633422636363637,
    "mean": 19.405109424242422,
    "median": 19.62283609090909,
    "variance": 1.103393226305557,
    "stdDev": 1.0504252597427182,
    "confidence": 1.6148537659778057,
    "low": 18.59768254125352,
    "high": 20.212536307231325,
    "count": 9,
    "base": 183.9090909090909
  },
  "Compilation.code generation": {
    "min": 3.950509181818182,
    "max": 5.538317909090909,
    "mean": 4.834146404040404,
    "median": 4.758753727272728,
    "variance": 0.28479291246465954,
    "stdDev": 0.5336599221083212,
    "confidence": 0.8204131869211917,
    "low": 4.4239398105798085,