{
  "cache.PackFileCacheStrategy.restore cache container": {
    "min": 32.883503,
    "max": 34.891444,
    "mean": 33.394523533333334,
    "median": 33.3957765,
    "variance": 0.1490952690796488,
    "stdDev": 0.38612856548000796,
    "confidence": 0.2883331736429966,
    "low": 33.250356946511836,
    "high": 33.53869012015483,
    "count": 30,
    "base": 964.5
  },
  "cache.PackFileCacheStrategy.check build dependencies": {
    "min": 17.701132,
    "max": 19.979097,
    "mean": 18.178244666666668,
    "median": 18.157798,
    "variance": 0.14920369302888878,
    "stdDev": 0.3862689387316676,
    "confidence": 0.2884379943394251,
    "low": 18.034025669496955,
    "high": 18.32246366383638,
    "count": 30,
    "base": 964.5
  },
  "cache.PackFileCacheStrategy.restore cache content metadata": {
    "min": 34.5842,
    "max": 42.56992,
    "mean": 37.141178999999994,
    "median": 37.063831,
    "variance": 2.8672267875138004,
    "stdDev": 1.6932887490070323,
    "confidence": 1.2644268322604972,
    "low": 36.508965583869745,
    "high": 37.77339241613024,
    "count": 30,
    "base": 964.5
  },
  "cache.PackFileCacheStrategy.restore cache content": {
    "min": 216.34861,
    "max": 242.061644,
    "mean": 223.44887453333334,
    "median": 223.0283885,
    "variance": 22.575246938648906,
    "stdDev": 4.75134159355533,
    "confidence": 3.547961801346503,
    "low": 221.6748936326601,
    "high": 225.2228554340066,
    "count": 30,
    "base": 964.5
  },
  "stats": {
    "min": 905,
    "max": 948,
    "mean": 924,
    "median": 923.5,
    "variance": 114.73333333333333,
    "stdDev": 10.711364681184808,
    "confidence": 7.998480425125308,
    "low": 920.0007597874373,
    "high": 927.9992402125627,
    "count": 30,
    "base": 964.5
  },
  "heap memory": {
    "min": 89945328,
    "max": 109583208,
    "mean": 92147883.2,
    "median": 91791428,
    "variance": 11137818445984.428,
    "stdDev": 3337337.029127329,
    "confidence": 2492084.4069859385,
    "low": 90901840.99650703,
    "high": 93393925.40349297,
    "count": 30,
    "base": 964.5
  },
  "rss memory": {
    "min": 205062144,
    "max": 263196672,
    "mean": 209582899.2,
    "median": 206526464,
    "variance": 142241911548149.75,
    "stdDev": 11926521.351515274,
    "confidence": 8905872.445692956,
    "low": 205129962.9771535,
    "high": 214035835.42284647,
    "count": 30,
    "base": 964.5
  },
  "external memory": {
    "min": 45059506,
    "max": 83384301,
    "mean": 47614492.333333336,
    "median": 45059506,
    "variance": 91391372289281.55,
    "stdDev": 9559883.487223133,
    "confidence": 7138636.69242321,
    "low": 44045173.98712173,
    "high": 51183810.67954494,
    "count": 30,
    "base": 964.5
  },
  "array buffers memory": {
    "min": 43570190,
    "max": 81894985,
    "mean": 46125176.333333336,
    "median": 43570190,
    "variance": 91391372289281.55,
    "stdDev": 9559883.487223133,
    "confidence": 7138636.69242321,
    "low": 42555857.98712173,
    "high": 49694494.67954494,
    "count": 30,
    "base": 964.5
  },
  "Compiler.make hook": {
    "min": 685.367792,
    "max": 719.106789,
    "mean": 701.2127711333335,
    "median": 700.9530354999999,
    "variance": 66.38004398818094,
    "stdDev": 8.147394920352207,
    "confidence": 6.083891336523266,
    "low": 698.1708254650719,
    "high": 704.2547168015951,
    "count": 30,
    "base": 964.5
  },
  "Compiler.finish make hook": {
    "min": 0.07943,
    "max": 0.130015,
    "mean": 0.09258073333333332,
    "median": 0.0851205,
    "variance": 0.00020040229652888887,
    "stdDev": 0.014156351808601284,
    "confidence": 0.010570950219926462,
    "low": 0.08729525822337009,
    "high": 0.09786620844329655,
    "count": 30,
    "base": 964.5
  },
  "Compiler.finish compilation": {
    "min": 57.509405,
    "max": 69.737174,
    "mean": 61.72982653333334,
    "median": 61.3577115,
    "variance": 10.06647699131491,
    "stdDev": 3.17277118483431,
    "confidence": 2.369198414080273,
    "low": 60.5452273262932,
    "high": 62.914425740373474,
    "count": 30,
    "base": 964.5
  },
  "Compiler.seal compilation": {
    "min": 134.368231,
    "max": 151.482785,
    "mean": 139.92133573333328,
    "median": 139.01548,
    "variance": 18.34890756317606,
    "stdDev": 4.283562485032296,
    "confidence": 3.1986578466994615,
    "low": 138.32200680998355,
    "high": 141.520664656683,
    "count": 30,
    "base": 964.5
  },
  "Compiler.afterCompile hook": {
    "min": 0.049984,
    "max": 0.062407,
    "mean": 0.05274529999999999,
    "median": 0.0515825,
    "variance": 0.00000751335001,
    "stdDev": 0.0027410490710674993,
    "confidence": 0.0020468192421598946,
    "low": 0.05172189037892004,
    "high": 0.053768709621079935,
    "count": 30,
    "base": 964.5
  },
  "Compiler.emitAssets": {
    "min": 5.205612,
    "max": 5.486683,
    "mean": 5.315148433333334,
    "median": 5.325473499999999,
    "variance": 0.00462161638571222,
    "stdDev": 0.06798247116508946,
    "confidence": 0.05076444328524765,
    "low": 5.2897662116907105,
    "high": 5.340530654975958,
    "count": 30,
    "base": 964.5
  },
  "Compiler.emitRecords": {
    "min": 0.058259,
    "max": 0.083717,
    "mean": 0.061142066666666675,
    "median": 0.0598075,
    "variance": 0.000022179320995555557,
    "stdDev": 0.004709492647361874,
    "confidence": 0.003516712003874045,
    "low": 0.05938371066472965,
    "high": 0.0629004226686037,
    "count": 30,
    "base": 964.5
  },
  "Compilation.compute affected modules": {
    "min": 0.207321,
    "max": 0.316656,
    "mean": 0.23904646666666662,
    "median": 0.214594,
    "variance": 0.0015893398428488887,
    "stdDev": 0.039866525342057195,
    "confidence": 0.029769467482170686,
    "low": 0.22416173292558128,
    "high": 0.25393120040775197,
    "count": 30,
    "base": 964.5
  },
  "Compilation.finish modules": {
    "min": 30.225788,
    "max": 40.084174,
    "mean": 33.730549933333336,
    "median": 33.7936945,
    "variance": 7.320179465004461,
    "stdDev": 2.7055830175776276,
    "confidence": 2.020335732071459,
    "low": 32.72038206729761,
    "high": 34.740717799369065,
    "count": 30,
    "base": 964.5
  },
  "Compilation.report dependency errors and warnings": {
    "min": 22.752563,
    "max": 30.343219,
    "mean": 27.366313733333335,
    "median": 27.189402,
    "variance": 2.892717136973462,
    "stdDev": 1.7007989701823851,
    "confidence": 1.2700349278531107,
    "low": 26.73129626940678,
    "high": 28.00133119725989,
    "count": 30,
    "base": 964.5
  },
  "Compilation.optimize dependencies": {
    "min": 0.660635,
    "max": 0.772124,
    "mean": 0.6891009666666666,
    "median": 0.6853955,
    "variance": 0.0004183516387655557,
    "stdDev": 0.020453646099548015,
    "confidence": 0.015273318836491745,
    "low": 0.6814643072484208,
    "high": 0.6967376260849125,
    "count": 30,
    "base": 964.5
  },
  "Compilation.create chunks": {
    "min": 26.155112,
    "max": 37.15309,
    "mean": 28.69930326666667,
    "median": 26.979931999999998,
    "variance": 8.705815506675993,
    "stdDev": 2.9505618967708496,
    "confidence": 2.2032684234808,
    "low": 27.59766905492627,
    "high": 29.80093747840707,
    "count": 30,
    "base": 964.5
  },
  "Compilation.compute affected modules with chunk graph": {
    "min": 0.115227,
    "max": 0.149371,
    "mean": 0.12164939999999998,
    "median": 0.11915400000000001,
    "variance": 0.00006529689697333332,
    "stdDev": 0.008080649539073781,
    "confidence": 0.006034050663414586,
    "low": 0.11863237466829268,
    "high": 0.12466642533170727,
    "count": 30,
    "base": 964.5
  },
  "Compilation.optimize": {
    "min": 20.557374,
    "max": 26.968105,
    "mean": 23.979857266666667,
    "median": 23.9489105,
    "variance": 1.6471413158130623,
    "stdDev": 1.2834100341718786,
    "confidence": 0.9583587471132162,
    "low": 23.50067789311006,
    "high": 24.459036640223275,
    "count": 30,