{
  "stats": {
    "min": 26647,
    "max": 28548,
    "mean": 27266.545454545456,
    "median": 27055,
    "variance": 292970.2479338843,
    "stdDev": 541.2672610955556,
    "confidence": 727.2112668443733,
    "low": 26902.93982112327,
    "high": 27630.151087967643,
    "count": 11,
    "base": 28849.5
  },
  "heap memory": {
    "min": 499411296,
    "max": 729715040,
    "mean": 656276916.3636364,
    "median": 681945704,
    "variance": 4937000691575242,
    "stdDev": 70263793.60364228,
    "confidence": 94401834.42163801,
    "low": 609075999.1528174,
    "high": 703477833.5744554,
    "count": 11,
    "base": 28849.5
  },
  "rss memory": {
    "min": 777072640,
    "max": 918355968,
    "mean": 860781102.5454545,
    "median": 869744640,
    "variance": 1463475448266074.8,
    "stdDev": 38255397.63570724,
    "confidence": 51397448.50259185,
    "low": 835082378.2941586,
    "high": 886479826.7967504,
    "count": 11,
    "base": 28849.5
  },
  "external memory": {
    "min": 95233432,
    "max": 95631567,
    "mean": 95412116.81818181,
    "median": 95383155,
    "variance": 16977212480.330578,
    "stdDev": 130296.63265154084,
    "confidence": 175058.0279034376,
    "low": 95324587.8042301,
    "high": 95499645.83213353,
    "count": 11,
    "base": 28849.5
  },
  "array buffers memory": {
    "min": 82391368,
    "max": 82789503,
    "mean": 82570052.81818181,
    "median": 82541091,
    "variance": 16977212480.330578,
    "stdDev": 130296.63265154084,
    "confidence": 175058.0279034376,
    "low": 82482523.8042301,
    "high": 82657581.83213353,
    "count": 11,
    "base": 28849.5
  },
  "Compiler.make hook": {
    "min": 21858.928884,
    "max": 23277.665888,
    "mean": 22202.958594272724,
    "median": 22032.199921,
    "variance": 160718.1495423715,
    "stdDev": 400.89668187997205,
    "confidence": 538.6185436628002,
    "low": 21933.649322441324,
    "high": 22472.267866104125,
    "count": 11,
    "base": 28849.5
  },
  "Compiler.finish make hook": {
    "min": 0.093305,
    "max": 0.112006,
    "mean": 0.10141481818181819,
    "median": 0.100706,
    "variance": 0.00001880477723966941,
    "stdDev": 0.0043364475368288975,
    "confidence": 0.005826167096230073,
    "low": 0.09850173463370315,
    "high": 0.10432790172993323,
    "count": 11,
    "base": 28849.5
  },
  "Compiler.finish compilation": {
    "min": 418.506271,
    "max": 878.532532,
    "mean": 473.9719681818182,
    "median": 437.137392,
    "variance": 16448.432643207543,
    "stdDev": 128.25144304532228,
    "confidence": 172.31024500323934,
    "low": 387.8168456801986,
    "high": 560.1270906834379,
    "count": 11,
    "base": 28849.5
  },
  "Compiler.seal compilation": {
    "min": 4060.158443,
    "max": 4546.208229,
    "mean": 4230.065240272727,
    "median": 4217.572144,
    "variance": 15606.261367240624,
    "stdDev": 124.92502298275004,
    "confidence": 167.841084716576,
    "low": 4146.144697914439,
    "high": 4313.985782631015,
    "count": 11,
    "base": 28849.5
  },
  "Compiler.afterCompile hook": {
    "min": 0.070504,
    "max": 0.133608,
    "mean": 0.07867718181818183,
    "median": 0.074004,
    "variance": 0.00030474471887603305,
    "stdDev": 0.017456938989296865,
    "confidence": 0.02345400069447448,
    "low": 0.06695018147094459,
    "high": 0.09040418216541907,
    "count": 11,
    "base": 28849.5
  },
  "Compiler.emitAssets": {
    "min": 268.374974,
    "max": 625.65254,
    "mean": 342.8224558181819,
    "median": 282.17544,
    "variance": 13793.385153425652,
    "stdDev": 117.44524321327643,
    "confidence": 157.79174215913667,
    "low": 263.92658473861354,
    "high": 421.7183268977502,
    "count": 11,
    "base": 28849.5
  },
  "Compiler.emitRecords": {
    "min": 0.087203,
    "max": 1.130365,
    "mean": 0.1903017272727273,
    "median": 0.098005,
    "variance": 0.088382848208562,
    "stdDev": 0.2972925296884569,
    "confidence": 0.3900131200332284,
    "low": 0,
    "high": 0.3900131200332284,
    "count": 11,
    "base": 28849.5
  },
  "FlagDependencyExportsPlugin.restore cached provided exports": {
    "min": 31.621768,
    "max": 115.678588,
    "mean": 40.38627527272727,
    "median": 32.834723,
    "variance": 567.7233208495375,
    "stdDev": 23.826945268949974,
    "confidence": 32.012324224068735,
    "low": 24.380113160692897,
    "high": 56.392437384761635,
    "count": 11,
    "base": 28849.5
  },
  "FlagDependencyExportsPlugin.figure out provided exports": {
    "min": 249.088068,
    "max": 630.90013,
    "mean": 296.5854271818182,
    "median": 264.931247,
    "variance": 11231.059169747423,
    "stdDev": 105.97669163428071,
    "confidence": 142.38334685780114,
    "low": 225.39375375291763,
    "high": 367.7771006107188,
    "count": 11,
    "base": 28849.5
  },
  "FlagDependencyExportsPlugin.store provided exports into cache": {
    "min": 34.903937,
    "max": 47.067707,
    "mean": 37.86215372727273,
    "median": 36.726203,
    "variance": 10.631911652695832,
    "stdDev": 3.260661229366803,
    "confidence": 4.3808110221902865,
    "low": 35.67174821617758,
    "high": 40.05255923836787,
    "count": 11,
    "base": 28849.5
  },
  "Compilation.finish modules": {
    "min": 321.625522,
    "max": 787.625955,
    "mean": 377.68945845454544,
    "median": 339.775786,
    "variance": 16871.00331019554,
    "stdDev": 129.88842639048153,
    "confidence": 174.50958868759017,
    "low": 290.43466411075036,
    "high": 464.94425279834053,
    "count": 11,
    "base": 28849.5
  },
  "Compilation.report dependency errors and warnings": {
    "min": 89.352898,
    "max": 106.927695,
    "mean": 96.0652880909091,
    "median": 92.553392,
    "variance": 25.838513263898804,
    "stdDev": 5.083159771628155,
    "confidence": 6.829400783664738,
    "low": 92.65058769907674,
    "high": 99.47998848274148,
    "count": 11,
    "base": 28849.5
  },
  "Compilation.optimize dependencies": {
    "min": 119.909108,
    "max": 158.959474,
    "mean": 132.07300545454544,
    "median": 128.680911,
    "variance": 128.9380046580998,
    "stdDev": 11.355087170871908,
    "confidence": 15.255951948662627,
    "low": 124.44502948021413,
    "high": 139.70098142887676,
    "count": 11,
    "base": 28849.5
  },
  "Compilation.create chunks": {
    "min": 200.304268,
    "max": 222.905823,
    "mean": 212.87502609090913,
    "median": 213.246245,
    "variance": 31.567193420420413,
    "stdDev": 5.618468956968652,
    "confidence": 7.548607169872071,
    "low": 209.1007225059731,
    "high": 216.64932967584517,
    "count": 11,
    "base": 28849.5
  },
  "Compilation.optimize": {
    "min": 169.678399,
    "max": 200.775434,
    "mean": 177.71261272727273,
    "median": 175.080671,
    "variance": 77.27532785240363,
    "stdDev": 8.790638648721925,
    "confidence": 11.81052675376867,
    "low": 171.8073493503884,
    "high": 183.61787610415706,
    "count": 11,
    "base": 28849.5
  },
  "Compilation.module hashing": {
    "min": 343.745974,
    "max": 362.124381,
    "mean": 351.8858753636364,
    "median": 351.02937,
    "variance": 31.478234296825725,
    "stdDev": 5.610546702133913,
    "confidence": 7.537963346776337,
    "low": 348.1168936902482,
    "high": 355.65485703702456,
    "count": 11,
    "base": 28849.5
  },
  "Compilation.code generation": {
    "min": 2637.048388,
    "max": 3110.789885,
    "mean": 2781.4035598181817,
    "median": 2752.1832249999998,
    "variance": 13765.421560683732,
    "stdDev": 117.32613332367062,
    "confidence": 157.63171390703337,
    "low": 2702.587702864665,
    "high": 2860.2194167716984,
    "count": 11,
    "base": 28849.5
  },
  "Compilation.runtime requirements": {
    "min": 41.155347,
    "max": 51.3294,
    "mean": 47.23350809090909,
    "median": 47.36575,
    "variance": 5.85162503026372,
    "stdDev": 2.419013234826077,
    "confidence": 3.2500278613758837,
    "low": 45.60849416022115,
    "high": 48.85852202159703,
    "count": 11,
    "base": 28849.5
  },