{
  "cache.PackFileCacheStrategy.restore cache container": {
    "min": 17.424024,
    "max": 23.481138,
    "mean": 19.350542142857144,
    "median": 19.178028,
    "variance": 1.873720458069361,
    "stdDev": 1.3688390913724524,
    "confidence": 1.2461980050851977,
    "low": 18.727443140314545,
    "high": 19.973641145399743,
    "count": 21,
    "base": 8451.5
  },
  "stats": {
    "min": 8865,
    "max": 9471,
    "mean": 9134.857142857143,
    "median": 9127,
    "variance": 29143.265306122445,
    "stdDev": 170.7139868497085,
    "confidence": 155.41887369606047,
    "low": 9057.147706009113,
    "high": 9212.566579705173,
    "count": 21,
    "base": 8451.5
  },
  "heap memory": {
    "min": 306435496,
    "max": 346936536,
    "mean": 327793995.04761904,
    "median": 326198152,
    "variance": 165185433010416.62,
    "stdDev": 12852448.521990532,
    "confidence": 11700933.885885596,
    "low": 321943528.10467625,
    "high": 333644461.99056184,
    "count": 21,
    "base": 8451.5
  },
  "rss memory": {
    "min": 531701760,
    "max": 568778752,
    "mean": 549021988.5714285,
    "median": 548765696,
    "variance": 110730377493190.55,
    "stdDev": 10522850.25519182,
    "confidence": 9580055.887125492,
    "low": 544231960.6278658,
    "high": 553812016.5149913,
    "count": 21,
    "base": 8451.5
  },
  "external memory": {
    "min": 103240504,
    "max": 103297848,
    "mean": 103267420.57142857,
    "median": 103265080,
    "variance": 314087744.43537414,
    "stdDev": 17722.52082620794,
    "confidence": 16134.672247380018,
    "low": 103259353.23530488,
    "high": 103275487.90755226,
    "count": 21,
    "base": 8451.5
  },
  "array buffers memory": {
    "min": 80448105,
    "max": 80505449,
    "mean": 80475021.57142857,
    "median": 80472681,
    "variance": 314087744.43537414,
    "stdDev": 17722.52082620794,
    "confidence": 16134.672247380018,
    "low": 80466954.23530488,
    "high": 80483088.90755226,
    "count": 21,
    "base": 8451.5
  },
  "Compiler.make hook": {
    "min": 6925.532832,
    "max": 7469.752413,
    "mean": 7138.037579952382,
    "median": 7101.415249,
    "variance": 20243.715047414735,
    "stdDev": 142.28040992144608,
    "confidence": 129.53280201037524,
    "low": 7073.271178947194,
    "high": 7202.803980957569,
    "count": 21,
    "base": 8451.5
  },
  "Compiler.finish make hook": {
    "min": 0.1794,
    "max": 0.323101,
    "mean": 0.21405342857142862,
    "median": 0.1998,
    "variance": 0.0012123806452925172,
    "stdDev": 0.03481925681706198,
    "confidence": 0.031699626827916993,
    "low": 0.19820361515747012,
    "high": 0.2299032419853871,
    "count": 21,
    "base": 8451.5
  },
  "Compiler.finish compilation": {
    "min": 215.887561,
    "max": 274.422058,
    "mean": 238.04538780952385,
    "median": 237.558848,
    "variance": 180.5657667098996,
    "stdDev": 13.437476203137983,
    "confidence": 12.23354603420944,
    "low": 231.92861479241913,
    "high": 244.16216082662856,
    "count": 21,
    "base": 8451.5
  },
  "Compiler.seal compilation": {
    "min": 1480.118458,
    "max": 1645.9478450000001,
    "mean": 1538.9411445714288,
    "median": 1530.157388,
    "variance": 1724.1682354073807,
    "stdDev": 41.52310483823892,
    "confidence": 37.80284384081551,
    "low": 1520.039722651021,
    "high": 1557.8425664918366,
    "count": 21,
    "base": 8451.5
  },
  "Compiler.afterCompile hook": {
    "min": 0.0787,
    "max": 0.1288,
    "mean": 0.0909860476190476,
    "median": 0.0841,
    "variance": 0.0001947823774739229,
    "stdDev": 0.013956445732131189,
    "confidence": 0.012706018508006872,
    "low": 0.08463303836504417,
    "high": 0.09733905687305104,
    "count": 21,
    "base": 8451.5
  },
  "Compiler.emitAssets": {
    "min": 182.274851,
    "max": 233.086135,
    "mean": 203.74365728571425,
    "median": 200.981986,
    "variance": 205.7208112760281,
    "stdDev": 14.342970796736221,
    "confidence": 13.057912874161502,
    "low": 197.2147008486335,
    "high": 210.272613722795,
    "count": 21,
    "base": 8451.5
  },
  "Compiler.emitRecords": {
    "min": 0.0916,
    "max": 0.2026,
    "mean": 0.11477195238095239,
    "median": 0.1059,
    "variance": 0.000590613491569161,
    "stdDev": 0.02430254084595191,
    "confidence": 0.022125155623924364,
    "low": 0.10370937456899021,
    "high": 0.12583453019291457,
    "count": 21,
    "base": 8451.5
  },
  "FlagDependencyExportsPlugin.restore cached provided exports": {
    "min": 16.817431,
    "max": 32.712345,
    "mean": 23.302689285714283,
    "median": 20.875831,
    "variance": 29.624397174092298,
    "stdDev": 5.442829886565654,
    "confidence": 4.955179750057731,
    "low": 20.825099410685418,
    "high": 25.78027916074315,
    "count": 21,
    "base": 8451.5
  },
  "FlagDependencyExportsPlugin.figure out provided exports": {
    "min": 113.333937,
    "max": 164.398974,
    "mean": 138.14289142857146,
    "median": 137.207484,
    "variance": 82.49098867827604,
    "stdDev": 9.082454991811192,
    "confidence": 8.268712782539524,
    "low": 134.0085350373017,
    "high": 142.27724781984122,
    "count": 21,
    "base": 8451.5
  },
  "FlagDependencyExportsPlugin.store provided exports into cache": {
    "min": 14.344825,
    "max": 31.133937,
    "mean": 19.812447428571424,
    "median": 18.692787,
    "variance": 19.70608184387072,
    "stdDev": 4.439153280060368,
    "confidence": 4.0414275109077735,
    "low": 17.791733673117538,
    "high": 21.83316118402531,
    "count": 21,
    "base": 8451.5
  },
  "Compilation.finish modules": {
    "min": 168.206116,
    "max": 215.003959,
    "mean": 184.237470952381,
    "median": 179.594009,
    "variance": 143.32383339722546,
    "stdDev": 11.971793240664718,
    "confidence": 10.899180880968402,
    "low": 178.7878805118968,
    "high": 189.6870613928652,
    "count": 21,
    "base": 8451.5
  },
  "Compilation.report dependency errors and warnings": {
    "min": 43.036552,
    "max": 64.808593,
    "mean": 53.55725842857144,
    "median": 53.57478,
    "variance": 32.0061887197232,
    "stdDev": 5.657401233757705,
    "confidence": 5.150526585565672,
    "low": 50.9819951357886,
    "high": 56.13252172135427,
    "count": 21,
    "base": 8451.5
  },
  "Compilation.optimize dependencies": {
    "min": 1.084101,
    "max": 1.630602,
    "mean": 1.3066632380952383,
    "median": 1.275302,
    "variance": 0.02129032362770521,
    "stdDev": 0.14591204072215977,
    "confidence": 0.13283905698773557,
    "low": 1.2402437096013705,
    "high": 1.373082766589106,
    "count": 21,
    "base": 8451.5
  },
  "Compilation.create chunks": {
    "min": 107.388661,
    "max": 119.720972,
    "mean": 113.68566542857141,
    "median": 112.945158,
    "variance": 15.255625954207867,
    "stdDev": 3.905845101153893,
    "confidence": 3.5559010579902974,
    "low": 111.90771489957626,
    "high": 115.46361595756656,
    "count": 21,
    "base": 8451.5
  },
  "Compilation.optimize": {
    "min": 84.142602,
    "max": 103.998443,
    "mean": 95.88825685714285,
    "median": 89.132126,
    "variance": 35.84537763975153,
    "stdDev": 5.987100937828886,
    "confidence": 5.4506868572004805,
    "low": 93.16291342854261,
    "high": 98.61360028574309,
    "count": 21,
    "base": 8451.5
  },
  "Compilation.module hashing": {
    "min": 211.14807,
    "max": 252.204021,
    "mean": 227.8485734285714,
    "median": 228.377811,
    "variance": 75.98601679317123,
    "stdDev": 8.716995858274297,
    "confidence": 7.935996946160799,
    "low": 223.880574955491,
    "high": 231.8165719016518,
    "count": 21,
    "base": 8451.5
  },
  "Compilation.code generation": {
    "min": 658.989399,
    "max": 756.96882,
    "mean": 702.2611375238096,
    "median": 695.299407,
    "variance": 538.8685147780005,
    "stdDev": 23.21354162505154,
    "confidence": 21.133725246768336,
    "low": 691.6942749004254,
    "high": 712.8280001471937,
    "count": 21,
    "base": 8451.5
  },