{
  "stats": {
    "min": 51857,
    "max": 54215,
    "mean": 52761.333333333336,
    "median": 52645,
    "variance": 627368.5555555555,
    "stdDev": 792.0660045447952,
    "confidence": 1662.7150235549489,
    "low": 51929.97582155586,
    "high": 53592.69084511081,
    "count": 6,
    "base": 51556.5
  },
  "heap memory": {
    "min": 445203152,
    "max": 1248332072,
    "mean": 581633041.3333334,
    "median": 446891156,
    "variance": 88904601816189420,
    "stdDev": 298168747.21571577,
    "confidence": 625919623.750359,
    "low": 268673229.45815384,
    "high": 894592853.2085129,
    "count": 6,
    "base": 51556.5
  },
  "rss memory": {
    "min": 731418624,
    "max": 1468157952,
    "mean": 961133909.3333334,
    "median": 821610496,
    "variance": 60108198144172950,
    "stdDev": 245169733.33626023,
    "confidence": 514663420.22018456,
    "low": 703802199.2232411,
    "high": 1218465619.4434257,
    "count": 6,
    "base": 51556.5
  },
  "external memory": {
    "min": 24837038,
    "max": 24852864,
    "mean": 24846130.333333332,
    "median": 24844672,
    "variance": 29955877.888888884,
    "stdDev": 5473.196313753864,
    "confidence": 11489.403263777494,
    "low": 24840385.631701443,
    "high": 24851875.03496522,
    "count": 6,
    "base": 51556.5
  },
  "array buffers memory": {
    "min": 12184571,
    "max": 12200955,
    "mean": 12194128.333333334,
    "median": 12192763,
    "variance": 31690296.888888884,
    "stdDev": 5629.413547509979,
    "confidence": 11817.336466331035,
    "low": 12188219.665100168,
    "high": 12200037.0015665,
    "count": 6,
    "base": 51556.5
  },
  "Compiler.make hook": {
    "min": 30338.414894,
    "max": 31384.63391,
    "mean": 30756.218311166667,
    "median": 30671.601642499998,
    "variance": 123125.14446525178,
    "stdDev": 350.8919270448549,
    "confidence": 736.596792936376,
    "low": 30387.91991469848,
    "high": 31124.516707634855,
    "count": 6,
    "base": 51556.5
  },
  "Compiler.finish make hook": {
    "min": 0.182299,
    "max": 0.254999,
    "mean": 0.22753216666666667,
    "median": 0.237699,
    "variance": 0.0006939066668055555,
    "stdDev": 0.026342108245270644,
    "confidence": 0.05529768842521393,
    "low": 0.1998833224540597,
    "high": 0.25518101087927364,
    "count": 6,
    "base": 51556.5
  },
  "Compiler.finish compilation": {
    "min": 141.703648,
    "max": 161.174031,
    "mean": 151.955769,
    "median": 155.16138999999998,
    "variance": 53.820016354887436,
    "stdDev": 7.336212671050877,
    "confidence": 15.400270879143136,
    "low": 144.25563356042844,
    "high": 159.65590443957157,
    "count": 6,
    "base": 51556.5
  },
  "Compiler.seal compilation": {
    "min": 21172.716605,
    "max": 22624.652468,
    "mean": 21805.008649166666,
    "median": 21897.013287499998,
    "variance": 239809.9732341642,
    "stdDev": 489.70396489528673,
    "confidence": 1027.99278703265,
    "low": 21291.01225565034,
    "high": 22319.00504268299,
    "count": 6,
    "base": 51556.5
  },
  "Compiler.afterCompile hook": {
    "min": 0.079799,
    "max": 0.114699,
    "mean": 0.09374933333333334,
    "median": 0.0939995,
    "variance": 0.00012407063355555553,
    "stdDev": 0.011138699814410815,
    "confidence": 0.023382500218442542,
    "low": 0.08205808322411207,
    "high": 0.10544058344255461,
    "count": 6,
    "base": 51556.5
  },
  "Compiler.emitAssets": {
    "min": 26.042341,
    "max": 33.984596,
    "mean": 29.955835500000006,
    "median": 30.255665999999998,
    "variance": 8.848151303734923,
    "stdDev": 2.974584223674785,
    "confidence": 6.244285008010195,
    "low": 26.83369299599491,
    "high": 33.077978004005104,
    "count": 6,
    "base": 51556.5
  },
  "Compiler.emitRecords": {
    "min": 0.084799,
    "max": 0.112499,
    "mean": 0.09498250000000001,
    "median": 0.0884495,
    "variance": 0.00013280852791666667,
    "stdDev": 0.01152425823715638,
    "confidence": 0.02419186935974993,
    "low": 0.08288656532012505,
    "high": 0.10707843467987498,
    "count": 6,
    "base": 51556.5
  },
  "FlagDependencyExportsPlugin.restore cached provided exports": {
    "min": 3.49208,
    "max": 5.110469,
    "mean": 4.339640666666667,
    "median": 4.316523999999999,
    "variance": 0.43003641793955555,
    "stdDev": 0.6557716202608616,
    "confidence": 1.3766041198237544,
    "low": 3.65133860675479,
    "high": 5.027942726578544,
    "count": 6,
    "base": 51556.5
  },
  "FlagDependencyExportsPlugin.figure out provided exports": {
    "min": 85.701784,
    "max": 101.300191,
    "mean": 93.96717799999999,
    "median": 89.630439,
    "variance": 35.77857905431032,
    "stdDev": 5.981519794693512,
    "confidence": 12.556482375536348,
    "low": 87.68893681223182,
    "high": 100.24541918776816,
    "count": 6,
    "base": 51556.5
  },
  "FlagDependencyExportsPlugin.store provided exports into cache": {
    "min": 6.514461,
    "max": 8.17685,
    "mean": 7.294507,
    "median": 7.286759,
    "variance": 0.2810052829133334,
    "stdDev": 0.5300993141981353,
    "confidence": 1.112791217696513,
    "low": 6.738111391151744,
    "high": 7.850902608848257,
    "count": 6,
    "base": 51556.5
  },
  "InnerGraphPlugin.infer dependency usage": {
    "min": 18.253069,
    "max": 34.036897,
    "mean": 24.284150166666667,
    "median": 23.845060500000002,
    "variance": 28.48225966400915,
    "stdDev": 5.3368773326739625,
    "confidence": 11.20324072613952,
    "low": 18.682529803596907,
    "high": 29.885770529736426,
    "count": 6,
    "base": 51556.5
  },
  "Compilation.finish modules": {
    "min": 98.06651,
    "max": 115.151008,
    "mean": 107.56086450000002,
    "median": 114.4259625,
    "variance": 43.92596661260163,
    "stdDev": 6.627666754793999,
    "confidence": 13.912882286426196,
    "low": 100.60442335678692,
    "high": 114.51730564321312,
    "count": 6,
    "base": 51556.5
  },
  "Compilation.report dependency errors and warnings": {
    "min": 40.926154,
    "max": 48.293823,
    "mean": 44.20300583333333,
    "median": 43.3102895,
    "variance": 7.067307522316479,
    "stdDev": 2.658440806622649,
    "confidence": 5.580632728888986,
    "low": 41.412689468888836,
    "high": 46.99332219777782,
    "count": 6,
    "base": 51556.5
  },
  "Compilation.optimize dependencies": {
    "min": 194.513784,
    "max": 219.441681,
    "mean": 207.21855883333333,
    "median": 208.4139485,
    "variance": 64.45883141166252,
    "stdDev": 8.028625748636097,
    "confidence": 16.85379321187918,
    "low": 198.79166222739374,
    "high": 215.64545543927292,
    "count": 6,
    "base": 51556.5
  },
  "Compilation.create chunks": {
    "min": 69.996398,
    "max": 85.616085,
    "mean": 77.5068085,
    "median": 77.7360465,
    "variance": 23.322643804614916,
    "stdDev": 4.829352317300418,
    "confidence": 10.137837763445106,
    "low": 72.43788961827745,
    "high": 82.57572738172256,
    "count": 6,
    "base": 51556.5
  },
  "Compilation.optimize": {
    "min": 295.32693,
    "max": 311.080931,
    "mean": 303.5554243333333,
    "median": 305.33646799999997,
    "variance": 31.72138890161692,
    "stdDev": 5.632174438138162,
    "confidence": 11.823132163027822,
    "low": 297.6438582518194,
    "high": 309.4669904148472,
    "count": 6,
    "base": 51556.5
  },
  "Compilation.module hashing": {
    "min": 233.424696,
    "max": 263.881614,
    "mean": 247.36265616666665,
    "median": 246.0510165,
    "variance": 81.17649379385182,
    "stdDev": 9.009799875349719,
    "confidence": 18.913486408972915,
    "low": 237.9059129621802,
    "high": 256.8193993711531,
    "count": 6,
    "base": 51556.5
  },
  "Compilation.code generation": {
    "min": 1216.636517,
    "max": 1326.464726,
    "mean": 1259.233952,
    "median": 1249.5080125,
    "variance": 1629.404270756823,
    "stdDev": 40.36588003198769,
    "confidence": 84.73656839593195,
    "low": 1216.865667802034,
    "high": 1301.602236197966,
    "count": 6,