{
  "stats": {
    "min": 50116,
    "max": 51664,
    "mean": 51155.666666666664,
    "median": 51378.5,
    "variance": 292165.55555555556,
    "stdDev": 540.5234088876776,
    "confidence": 1134.6736097545072,
    "low": 50588.32986178941,
    "high": 51723.00347154392,
    "count": 6,
    "base": 49972
  },
  "heap memory": {
    "min": 314787200,
    "max": 447903232,
    "mean": 337000762.6666667,
    "median": 314835824,
    "variance": 2459871999503438.5,
    "stdDev": 49597096.68421569,
    "confidence": 104114855.71703875,
    "low": 284943334.8081473,
    "high": 389058190.52518606,
    "count": 6,
    "base": 49972
  },
  "rss memory": {
    "min": 473518080,
    "max": 682938368,
    "mean": 511259306.6666667,
    "median": 477804544,
    "variance": 5897857470620558,
    "stdDev": 76797509.53397225,
    "confidence": 161214308.0766679,
    "low": 430652152.62833273,
    "high": 591866460.7050006,
    "count": 6,
    "base": 49972
  },
  "external memory": {
    "min": 40720712,
    "max": 40737096,
    "mean": 40727631.666666664,
    "median": 40728904,
    "variance": 31987493.888888896,
    "stdDev": 5655.748746973198,
    "confidence": 11872.61965174973,
    "low": 40721695.35684079,
    "high": 40733567.97649254,
    "count": 6,
    "base": 49972
  },
  "array buffers memory": {
    "min": 24601014,
    "max": 24617398,
    "mean": 24607840.666666668,
    "median": 24609206,
    "variance": 31690296.88888889,
    "stdDev": 5629.413547509979,
    "confidence": 11817.33646633476,
    "low": 24601931.9984335,
    "high": 24613749.334899835,
    "count": 6,
    "base": 49972
  },
  "Compiler.make hook": {
    "min": 4885.425544,
    "max": 5883.022334,
    "mean": 5099.089741,
    "median": 4953.766136,
    "variance": 125089.34932914964,
    "stdDev": 353.67972705422295,
    "confidence": 742.4489781477696,
    "low": 4727.865251926115,
    "high": 5470.314230073885,
    "count": 6,
    "base": 49972
  },
  "Compiler.finish make hook": {
    "min": 0.089,
    "max": 0.127201,
    "mean": 0.10693400000000002,
    "median": 0.1061005,
    "variance": 0.00025161927800000005,
    "stdDev": 0.015862511717883773,
    "confidence": 0.03329878620380827,
    "low": 0.09028460689809588,
    "high": 0.12358339310190415,
    "count": 6,
    "base": 49972
  },
  "Compiler.finish compilation": {
    "min": 195.373274,
    "max": 212.238281,
    "mean": 201.337721,
    "median": 199.396356,
    "variance": 28.611133032360996,
    "stdDev": 5.348937561082668,
    "confidence": 11.228557710895359,
    "low": 195.7234421445523,
    "high": 206.95199985544767,
    "count": 6,
    "base": 49972
  },
  "Compiler.seal compilation": {
    "min": 44684.985999,
    "max": 46411.687497,
    "mean": 45808.103319333335,
    "median": 46183.310238000005,
    "variance": 488516.17407311656,
    "stdDev": 698.9393207375849,
    "confidence": 1467.222305307194,
    "low": 45074.49216667974,
    "high": 46541.71447198693,
    "count": 6,
    "base": 49972
  },
  "Compiler.afterCompile hook": {
    "min": 0.0723,
    "max": 0.1007,
    "mean": 0.08325033333333334,
    "median": 0.081351,
    "variance": 0.00009489790022222218,
    "stdDev": 0.00974155532870507,
    "confidence": 0.020449596756950128,
    "low": 0.07302553495485828,
    "high": 0.0934751317118084,
    "count": 6,
    "base": 49972
  },
  "Compiler.emitAssets": {
    "min": 29.238804,
    "max": 32.774728,
    "mean": 30.93251566666667,
    "median": 30.6084155,
    "variance": 1.8870076677202252,
    "stdDev": 1.373683976655557,
    "confidence": 2.8836548627213894,
    "low": 29.490688235305978,
    "high": 32.37434309802737,
    "count": 6,
    "base": 49972
  },
  "Compiler.emitRecords": {
    "min": 0.0789,
    "max": 0.110601,
    "mean": 0.0932005,
    "median": 0.093551,
    "variance": 0.00009146270025000003,
    "stdDev": 0.009563613346952084,
    "confidence": 0.02007605868728904,
    "low": 0.08316247065635549,
    "high": 0.10323852934364453,
    "count": 6,
    "base": 49972
  },
  "FlagDependencyExportsPlugin.restore cached provided exports": {
    "min": 9.544667,
    "max": 10.811276,
    "mean": 9.963985666666668,
    "median": 10.1779715,
    "variance": 0.18365809844455527,
    "stdDev": 0.42855349542916493,
    "confidence": 0.8996249443334889,
    "low": 9.514173194499923,
    "high": 10.413798138833412,
    "count": 6,
    "base": 49972
  },
  "FlagDependencyExportsPlugin.figure out provided exports": {
    "min": 125.659884,
    "max": 149.352742,
    "mean": 137.596981,
    "median": 138.419512,
    "variance": 54.79884158783568,
    "stdDev": 7.402623966394327,
    "confidence": 15.539682314386823,
    "low": 129.8271398428066,
    "high": 145.3668221571934,
    "count": 6,
    "base": 49972
  },
  "FlagDependencyExportsPlugin.store provided exports into cache": {
    "min": 8.488059,
    "max": 17.109222,
    "mean": 12.081966833333333,
    "median": 12.7986405,
    "variance": 13.047825446849805,
    "stdDev": 3.612177383082094,
    "confidence": 7.582728671769836,
    "low": 8.290602497448415,
    "high": 15.87333116921825,
    "count": 6,
    "base": 49972
  },
  "InnerGraphPlugin.infer dependency usage": {
    "min": 26.425585,
    "max": 30.784742,
    "mean": 27.650445666666666,
    "median": 27.168384000000003,
    "variance": 2.093655571308556,
    "stdDev": 1.4469469828948662,
    "confidence": 3.0374494965599013,
    "low": 26.131720918386716,
    "high": 29.169170414946617,
    "count": 6,
    "base": 49972
  },
  "Compilation.finish modules": {
    "min": 155.668194,
    "max": 171.080694,
    "mean": 162.81553833333334,
    "median": 161.546239,
    "variance": 26.896885431772507,
    "stdDev": 5.186220727251445,
    "confidence": 10.886980465256613,
    "low": 157.37204810070503,
    "high": 168.25902856596164,
    "count": 6,
    "base": 49972
  },
  "Compilation.report dependency errors and warnings": {
    "min": 34.83422,
    "max": 40.792185,
    "mean": 38.16619683333332,
    "median": 38.7610195,
    "variance": 3.8744229160931387,
    "stdDev": 1.968355383586292,
    "confidence": 4.131996638165404,
    "low": 36.10019851425062,
    "high": 40.232195152416026,
    "count": 6,
    "base": 49972
  },
  "Compilation.optimize dependencies": {
    "min": 146.580726,
    "max": 172.414996,
    "mean": 155.60189033333333,
    "median": 153.11863499999998,
    "variance": 72.50510538503656,
    "stdDev": 8.514992976217687,
    "confidence": 17.87478147753444,
    "low": 146.6644995945661,
    "high": 164.53928107210055,
    "count": 6,
    "base": 49972
  },
  "Compilation.create chunks": {
    "min": 96.960177,
    "max": 113.896993,
    "mean": 105.03515783333334,
    "median": 107.311999,
    "variance": 32.427285843172456,
    "stdDev": 5.694496100900628,
    "confidence": 11.953958589579969,
    "low": 99.05817853854336,
    "high": 111.01213712812333,
    "count": 6,
    "base": 49972
  },
  "Compilation.optimize": {
    "min": 130.151808,
    "max": 141.30008,
    "mean": 133.8701895,
    "median": 132.5595305,
    "variance": 13.023683731948955,
    "stdDev": 3.6088341236400647,
    "confidence": 7.5757104590577455,
    "low": 130.08233427047114,
    "high": 137.65804472952888,
    "count": 6,
    "base": 49972
  },
  "Compilation.module hashing": {
    "min": 135.014941,
    "max": 153.479171,
    "mean": 141.53894266666668,
    "median": 140.36038100000002,
    "variance": 36.54572299160061,
    "stdDev": 6.045305864189223,
    "confidence": 12.690382903314969,
    "low": 135.1937512150092,
    "high": 147.88413411832417,
    "count": 6,
    "base": 49972
  },
  "Compilation.code generation": {
    "min": 385.172509,
    "max": 413.612768,
    "mean": 403.08834699999994,
    "median": 402.888813,
    "variance": 90.8886152623852,
    "stdDev": 9.53355208001641,
    "confidence": 20.012953693672102,
    "low": 393.0818701531639,
    "high": 413.094823846836,
    "count": 6,
    "base": 49972
  },