{
  "stats": {
    "min": 737.3636363636364,
    "max": 766.4545454545455,
    "mean": 750.2467532467532,
    "median": 753.9090909090909,
    "variance": 106.25906560971508,
    "stdDev": 10.3082038013281,
    "confidence": 19.067683796554775,
    "low": 740.7129113484758,
    "high": 759.7805951450306,
    "count": 7,
    "base": 1046.7727272727273
  },
  "heap memory": {
    "min": 585205217.4545455,
    "max": 617615337.4545455,
    "mean": 599536361.3506494,
    "median": 599013890.1818181,
    "variance": 142374819314047.06,
    "stdDev": 11932091.992356038,
    "confidence": 22071484.181592703,
    "low": 588500619.259853,
    "high": 610572103.4414457,
    "count": 7,
    "base": 1046.7727272727273
  },
  "rss memory": {
    "min": 867176820.3636364,
    "max": 900057646.5454545,
    "mean": 884146335.5844154,
    "median": 890809995.6363636,
    "variance": 196318211797208.1,
    "stdDev": 14011360.0980493,
    "confidence": 25917627.266434908,
    "low": 871187521.951198,
    "high": 897105149.2176329,
    "count": 7,
    "base": 1046.7727272727273
  },
  "external memory": {
    "min": 78810361.27272727,
    "max": 86203828,
    "mean": 82771757.85714285,
    "median": 84355317.18181819,
    "variance": 6272442569080.906,
    "stdDev": 2504484.49168305,
    "confidence": 4632690.552221596,
    "low": 80455412.58103205,
    "high": 85088103.13325365,
    "count": 7,
    "base": 1046.7727272727273
  },
  "array buffers memory": {
    "min": 11080748.636363637,
    "max": 11085497.545454545,
    "mean": 11081556.506493507,
    "median": 11080913.545454545,
    "variance": 2604945.414065587,
    "stdDev": 1613.984328940522,
    "confidence": 2985.480635613203,
    "low": 11080063.7661757,
    "high": 11083049.246811314,
    "count": 7,
    "base": 1046.7727272727273
  },
  "buildChunkGraph.visitModules.prepare": {
    "min": 26.578492454545458,
    "max": 29.63384718181818,
    "mean": 27.79895305194805,
    "median": 27.349332272727278,
    "variance": 1.4431388399430702,
    "stdDev": 1.2013071380554892,
    "confidence": 2.222127646334947,
    "low": 26.687889228780577,
    "high": 28.910016875115524,
    "count": 7,
    "base": 1046.7727272727273
  },
  "buildChunkGraph.visitModules.visiting": {
    "min": 10.107813,
    "max": 12.321156454545456,
    "mean": 11.483644051948051,
    "median": 11.710636818181818,
    "variance": 0.7323017886512584,
    "stdDev": 0.8557463342902839,
    "confidence": 1.5829237398474483,
    "low": 10.692182182024327,
    "high": 12.275105921871775,
    "count": 7,
    "base": 1046.7727272727273
  },
  "exec": {
    "min": 1426.8181818181818,
    "max": 1487.1818181818182,
    "mean": 1459.246753246753,
    "median": 1459.3636363636363,
    "variance": 553.9001517962557,
    "stdDev": 23.535083424459234,
    "confidence": 43.534211925971704,
    "low": 1437.4796472837672,
    "high": 1481.013859209739,
    "count": 7,
    "base": 1046.7727272727273
  },
  "main.js size": {
    "min": 20332713,
    "max": 20332713,
    "mean": 20332713,
    "median": 20332713,
    "variance": 0,
    "stdDev": 0,
    "confidence": 0,
    "low": 20332713,
    "high": 20332713,
    "count": 7,
    "base": 1046.7727272727273
  },
  "main.js gzip size": {
    "min": 2029141,
    "max": 2029141,
    "mean": 2029141,
    "median": 2029141,
    "variance": 0,
    "stdDev": 0,
    "confidence": 0,
    "low": 2029141,
    "high": 2029141,
    "count": 7,
    "base": 1046.7727272727273
  }
}