{
  "stats": {
    "min": 71055,
    "max": 73120,
    "mean": 71893.5,
    "median": 71699.5,
    "variance": 612569.25,
    "stdDev": 782.6680330766039,
    "confidence": 2490.4496812497673,
    "low": 70648.27515937512,
    "high": 73138.72484062488,
    "count": 4,
    "base": 92640
  },
  "heap memory": {
    "min": 766854000,
    "max": 846327952,
    "mean": 790803396,
    "median": 775015816,
    "variance": 1039899322462640,
    "stdDev": 32247470.01646238,
    "confidence": 102611449.59238338,
    "low": 739497671.2038083,
    "high": 842109120.7961917,
    "count": 4,
    "base": 92640
  },
  "rss memory": {
    "min": 1373843456,
    "max": 1459195904,
    "mean": 1426448384,
    "median": 1436377088,
    "variance": 1026387074875392,
    "stdDev": 32037276.333599146,
    "confidence": 101942613.29351234,
    "low": 1375477077.3532438,
    "high": 1477419690.6467562,
    "count": 4,
    "base": 92640
  },
  "external memory": {
    "min": 41481814,
    "max": 41481814,
    "mean": 41481814,
    "median": 41481814,
    "variance": 0,
    "stdDev": 0,
    "confidence": 0,
    "low": 41481814,
    "high": 41481814,
    "count": 4,
    "base": 92640
  },
  "array buffers memory": {
    "min": 14433413,
    "max": 14433413,
    "mean": 14433413,
    "median": 14433413,
    "variance": 0,
    "stdDev": 0,
    "confidence": 0,
    "low": 14433413,
    "high": 14433413,
    "count": 4,
    "base": 92640
  },
  "buildChunkGraph.visitModules.prepare": {
    "min": 28.077529,
    "max": 30.935301,
    "mean": 29.4812035,
    "median": 29.455992000000002,
    "variance": 1.0620256747107506,
    "stdDev": 1.0305462991592131,
    "confidence": 3.279198323924618,
    "low": 27.84160433803769,
    "high": 31.12080266196231,
    "count": 4,
    "base": 92640
  },
  "buildChunkGraph.visitModules.visiting": {
    "min": 15.156746,
    "max": 17.029331,
    "mean": 16.05137825,
    "median": 16.009718,
    "variance": 0.44018242469268704,
    "stdDev": 0.6634624516072383,
    "confidence": 2.1111375210142302,
    "low": 14.995809489492883,
    "high": 17.106947010507113,
    "count": 4,
    "base": 92640
  },
  "exec": {
    "min": 72054,
    "max": 74125,
    "mean": 72891.75,
    "median": 72694,
    "variance": 616995.6875,
    "stdDev": 785.4907303717848,
    "confidence": 2499.431504043023,
    "low": 71642.03424797849,
    "high": 74141.46575202151,
    "count": 4,
    "base": 92640
  },
  "main.js size": {
    "min": 6256862,
    "max": 6256862,
    "mean": 6256862,
    "median": 6256862,
    "variance": 0,
    "stdDev": 0,
    "confidence": 0,
    "low": 6256862,
    "high": 6256862,
    "count": 4,
    "base": 92640
  },
  "main.js gzip size": {
    "min": 1498684,
    "max": 1498684,
    "mean": 1498684,
    "median": 1498684,
    "variance": 0,
    "stdDev": 0,
    "confidence": 0,
    "low": 1498684,
    "high": 1498684,
    "count": 4,
    "base": 92640
  },
  "main.js.map size": {
    "min": 19557378,
    "max": 19557378,
    "mean": 19557378,
    "median": 19557378,
    "variance": 0,
    "stdDev": 0,
    "confidence": 0,
    "low": 19557378,
    "high": 19557378,
    "count": 4,
    "base": 92640
  },
  "main.js.map gzip size": {
    "min": 4299524,
    "max": 4299524,
    "mean": 4299524,
    "median": 4299524,
    "variance": 0,
    "stdDev": 0,
    "confidence": 0,
    "low": 4299524,
    "high": 4299524,
    "count": 4,
    "base": 92640
  }
}