{
  "stats": {
    "min": 68152,
    "max": 69897,
    "mean": 69282.6,
    "median": 69737,
    "variance": 463647.44000000006,
    "stdDev": 680.9166175090751,
    "confidence": 1690.6682169105625,
    "low": 68437.26589154472,
    "high": 70127.93410845529,
    "count": 5,
    "base": 89775.5
  },
  "heap memory": {
    "min": 351203272,
    "max": 748648192,
    "mean": 663288921.6,
    "median": 739000664,
    "variance": 24363772615884070,
    "stdDev": 156088989.41271955,
    "confidence": 387558016.0977018,
    "low": 469509913.55114913,
    "high": 857067929.6488509,
    "count": 5,
    "base": 89775.5
  },
  "rss memory": {
    "min": 953307136,
    "max": 1093599232,
    "mean": 987009024,
    "median": 957661184,
    "variance": 2861565548167168,
    "stdDev": 53493602.87143845,
    "confidence": 132820865.0768776,
    "low": 920598591.4615612,
    "high": 1053419456.5384388,
    "count": 5,
    "base": 89775.5
  },
  "external memory": {
    "min": 59648587,
    "max": 59664971,
    "mean": 59661694.2,
    "median": 59664971,
    "variance": 42949672.95999999,
    "stdDev": 6553.599999999999,
    "confidence": 16272.12927608192,
    "low": 59653558.13536196,
    "high": 59669830.264638044,
    "count": 5,
    "base": 89775.5
  },
  "array buffers memory": {
    "min": 58272224,
    "max": 58288608,
    "mean": 58285331.2,
    "median": 58288608,
    "variance": 42949672.95999999,
    "stdDev": 6553.599999999999,
    "confidence": 16272.12927608192,
    "low": 58277195.13536196,
    "high": 58293467.264638044,
    "count": 5,
    "base": 89775.5
  },
  "Compiler.make hook": {
    "min": 5855.8706760000005,
    "max": 7331.496614,
    "mean": 6273.039478199999,
    "median": 5970.198652,
    "variance": 311940.28372906364,
    "stdDev": 558.5161445554315,
    "confidence": 1386.7564250166215,
    "low": 5579.661265691689,
    "high": 6966.41769070831,
    "count": 5,
    "base": 89775.5
  },
  "Compiler.finish make hook": {
    "min": 0.129108,
    "max": 0.188912,
    "mean": 0.1447492,
    "median": 0.136208,
    "variance": 0.00049653706616,
    "stdDev": 0.022283111680373547,
    "confidence": 0.05532740385995066,
    "low": 0.11708549807002466,
    "high": 0.17241290192997533,
    "count": 5,
    "base": 89775.5
  },
  "Compiler.finish compilation": {
    "min": 223.082416,
    "max": 239.553314,
    "mean": 234.0404486,
    "median": 237.153998,
    "variance": 39.30623798332384,
    "stdDev": 6.26946871619309,
    "confidence": 15.566651221052723,
    "low": 226.25712298947363,
    "high": 241.82377421052635,
    "count": 5,
    "base": 89775.5
  },
  "Compiler.seal compilation": {
    "min": 61781.504922,
    "max": 63616.83625,
    "mean": 62557.463508,
    "median": 62105.696674,
    "variance": 593174.7866329752,
    "stdDev": 770.1784122091291,
    "confidence": 1912.298994311539,
    "low": 61601.31401084423,
    "high": 63513.61300515577,
    "count": 5,
    "base": 89775.5
  },
  "Compiler.afterCompile hook": {
    "min": 0.074905,
    "max": 0.086906,
    "mean": 0.0811054,
    "median": 0.080605,
    "variance": 0.000019039840239999992,
    "stdDev": 0.004363466539346898,
    "confidence": 0.010834181460593034,
    "low": 0.07568830926970348,
    "high": 0.08652249073029651,
    "count": 5,
    "base": 89775.5
  },
  "Compiler.emitAssets": {
    "min": 120.65513,
    "max": 418.21963,
    "mean": 198.0560112,
    "median": 154.112189,
    "variance": 12401.975439845972,
    "stdDev": 111.3641568901142,
    "confidence": 276.5093929502294,
    "low": 59.801314724885316,
    "high": 336.3107076751147,
    "count": 5,
    "base": 89775.5
  },
  "Compiler.emitRecords": {
    "min": 0.098606,
    "max": 0.16081,
    "mean": 0.1224878,
    "median": 0.117107,
    "variance": 0.0005521199541600001,
    "stdDev": 0.023497232904323016,
    "confidence": 0.058341981727527165,
    "low": 0.09331680913623641,
    "high": 0.15165879086376358,
    "count": 5,
    "base": 89775.5
  },
  "FlagDependencyExportsPlugin.restore cached provided exports": {
    "min": 11.580136,
    "max": 14.60533,
    "mean": 12.542252000000001,
    "median": 12.30934,
    "variance": 1.1549158322512008,
    "stdDev": 1.0746701039161743,
    "confidence": 2.6683305145373915,
    "low": 11.208086742731306,
    "high": 13.876417257268697,
    "count": 5,
    "base": 89775.5
  },
  "FlagDependencyExportsPlugin.figure out provided exports": {
    "min": 157.787626,
    "max": 170.06846,
    "mean": 164.552888,
    "median": 166.140454,
    "variance": 18.371055284807998,
    "stdDev": 4.2861469042495495,
    "confidence": 10.642202228127815,
    "low": 159.2317868859361,
    "high": 169.8739891140639,
    "count": 5,
    "base": 89775.5
  },
  "FlagDependencyExportsPlugin.store provided exports into cache": {
    "min": 10.324162,
    "max": 12.500892,
    "mean": 11.356023600000002,
    "median": 10.910394,
    "variance": 0.67846303516024,
    "stdDev": 0.8236886761150963,
    "confidence": 2.045161227568915,
    "low": 10.333442986215545,
    "high": 12.37860421378446,
    "count": 5,
    "base": 89775.5
  },
  "InnerGraphPlugin.infer dependency usage": {
    "min": 31.408376,
    "max": 53.360879,
    "mean": 36.638136800000005,
    "median": 31.921022,
    "variance": 71.21044798048294,
    "stdDev": 8.438628323399659,
    "confidence": 20.95252242908134,
    "low": 26.161875585459335,
    "high": 47.114398014540676,
    "count": 5,
    "base": 89775.5
  },
  "Compilation.finish modules": {
    "min": 184.150218,
    "max": 198.58012,
    "mean": 192.2281436,
    "median": 193.945721,
    "variance": 28.25223174264904,
    "stdDev": 5.315282846909376,
    "confidence": 13.197474613020177,
    "low": 185.62940629348992,
    "high": 198.8268809065101,
    "count": 5,
    "base": 89775.5
  },
  "Compilation.report dependency errors and warnings": {
    "min": 38.462068,
    "max": 44.87435,
    "mean": 41.319354,
    "median": 40.494164,
    "variance": 4.724093923672396,
    "stdDev": 2.1734980845798773,
    "confidence": 5.396643343142102,
    "low": 38.621032328428946,
    "high": 44.01767567157105,
    "count": 5,
    "base": 89775.5
  },
  "Compilation.optimize dependencies": {
    "min": 175.211331,
    "max": 179.497519,
    "mean": 177.17437660000002,
    "median": 177.399094,
    "variance": 2.9543487427890502,
    "stdDev": 1.718821905489062,
    "confidence": 4.267714271345824,
    "low": 175.0405194643271,
    "high": 179.30823373567293,
    "count": 5,
    "base": 89775.5
  },
  "Compilation.create chunks": {
    "min": 116.096575,
    "max": 132.853957,
    "mean": 122.4520074,
    "median": 118.992536,
    "variance": 41.71896923128428,
    "stdDev": 6.4590223123383215,
    "confidence": 16.03729950920321,
    "low": 114.4333576453984,
    "high": 130.4706571546016,
    "count": 5,
    "base": 89775.5
  },
  "Compilation.optimize": {
    "min": 294.642316,
    "max": 346.007305,
    "mean": 318.4548682000001,
    "median": 317.417308,
    "variance": 276.84369642867233,
    "stdDev": 16.63862062878628,
    "confidence": 41.31252835806515,
    "low": 297.7986040209675,
    "high": 339.11113237903265,
    "count": 5,
    "base": 89775.5
  },
  "Compilation.module hashing": {
    "min": 188.760317,
    "max": 286.40738,
    "mean": 216.9785828,
    "median": 201.905726,
    "variance": 1255.314023490054,
    "stdDev": 35.43041099804029,
    "confidence": 87.97122620622036,
    "low": 172.99296969688982,
    "high": 260.9641959031102,
    "count": 5,
    "base": 89775.5
  },
  "Compilation.code generation": {
    "min": 4790.281967,
    "max": 5058.085597,
    "mean": 4916.990366200001,
    "median": 4917.053377,
    "variance": 8485.5469396812,
    "stdDev": 92.11702850006182,
    "confidence": 228.72012272372558,
    "low": 4802.630304838138,
    "high": 5031.350427561863,
    "count": 5,
    "base": 89775.5
  },
  "Compilation.runtime requirements": {
    "min": 4.759002,
    "max": 9.667423,
    "mean": 6.0026086,
    "median": 4.819709,