{
  "cache.PackFileCacheStrategy.restore cache container": {
    "min": 18.086989,
    "max": 20.401876,
    "mean": 18.85178136666667,
    "median": 18.5377625,
    "variance": 0.48785629408909964,
    "stdDev": 0.6984671030829581,
    "confidence": 0.5215652363527781,
    "low": 18.590998748490282,
    "high": 19.11256398484306,
    "count": 30,
    "base": 4916.5
  },
  "stats": {
    "min": 5193,
    "max": 5826,
    "mean": 5434.766666666666,
    "median": 5305,
    "variance": 49542.91222222223,
    "stdDev": 222.58237176879535,
    "confidence": 166.20858280531684,
    "low": 5351.662375264008,
    "high": 5517.870958069325,
    "count": 30,
    "base": 4916.5
  },
  "heap memory": {
    "min": 212826696,
    "max": 324201824,
    "mean": 224001461.86666667,
    "median": 214127168,
    "variance": 461852789905074.9,
    "stdDev": 21490760.57065163,
    "confidence": 16047761.686926007,
    "low": 215977581.02320367,
    "high": 232025342.71012968,
    "count": 30,
    "base": 4916.5
  },
  "rss memory": {
    "min": 509140992,
    "max": 675913728,
    "mean": 572666675.2,
    "median": 525432832,
    "variance": 5070551978494745,
    "stdDev": 71207808.40957503,
    "confidence": 53172894.26999998,
    "low": 546080228.065,
    "high": 599253122.335,
    "count": 30,
    "base": 4916.5
  },
  "external memory": {
    "min": 103845458,
    "max": 103943762,
    "mean": 103888875.6,
    "median": 103890514,
    "variance": 542015924.9066666,
    "stdDev": 23281.235467789647,
    "confidence": 17384.760178029537,
    "low": 103880183.21991098,
    "high": 103897567.98008901,
    "count": 30,
    "base": 4916.5
  },
  "array buffers memory": {
    "min": 102356142,
    "max": 102454446,
    "mean": 102399559.6,
    "median": 102401198,
    "variance": 542015924.9066666,
    "stdDev": 23281.235467789647,
    "confidence": 17384.760178029537,
    "low": 102390867.21991098,
    "high": 102408251.98008901,
    "count": 30,
    "base": 4916.5
  },
  "Compiler.make hook": {
    "min": 3935.208752,
    "max": 4488.4056,
    "mean": 4144.980808866667,
    "median": 4025.514232,
    "variance": 43137.55115536504,
    "stdDev": 207.6958140053984,
    "confidence": 155.09236704644354,
    "low": 4067.434625343445,
    "high": 4222.526992389889,
    "count": 30,
    "base": 4916.5
  },
  "Compiler.finish make hook": {
    "min": 0.081442,
    "max": 0.097572,
    "mean": 0.0853248,
    "median": 0.0838865,
    "variance": 0.000015896339026666673,
    "stdDev": 0.003987021322574871,
    "confidence": 0.0029772221329733006,
    "low": 0.08383618893351336,
    "high": 0.08681341106648666,
    "count": 30,
    "base": 4916.5
  },
  "Compiler.finish compilation": {
    "min": 171.093602,
    "max": 198.001983,
    "mean": 181.10757156666665,
    "median": 180.00814250000002,
    "variance": 29.060300195109775,
    "stdDev": 5.39076063233286,
    "confidence": 4.025434169932566,
    "low": 179.09485448170037,
    "high": 183.12028865163293,
    "count": 30,
    "base": 4916.5
  },
  "Compiler.seal compilation": {
    "min": 866.041491,
    "max": 1001.121408,
    "mean": 907.9927971999999,
    "median": 893.945414,
    "variance": 1289.257107761856,
    "stdDev": 35.90622658762483,
    "confidence": 26.81219985028656,
    "low": 894.5866972748566,
    "high": 921.3988971251432,
    "count": 30,
    "base": 4916.5
  },
  "Compiler.afterCompile hook": {
    "min": 0.057317,
    "max": 0.066664,
    "mean": 0.06095669999999999,
    "median": 0.060047500000000004,
    "variance": 0.000006506016409999998,
    "stdDev": 0.002550689398966483,
    "confidence": 0.0019046722649677522,
    "low": 0.06000436386751611,
    "high": 0.061909036132483865,
    "count": 30,
    "base": 4916.5
  },
  "Compiler.emitAssets": {
    "min": 137.913754,
    "max": 200.803608,
    "mean": 184.2701408666667,
    "median": 189.0463455,
    "variance": 254.55342724994213,
    "stdDev": 15.954730560242693,
    "confidence": 11.913850743818784,
    "low": 178.31321549475732,
    "high": 190.2270662385761,
    "count": 30,
    "base": 4916.5
  },
  "Compiler.emitRecords": {
    "min": 0.063078,
    "max": 0.099726,
    "mean": 0.08215663333333331,
    "median": 0.08534900000000001,
    "variance": 0.00009812908589888884,
    "stdDev": 0.009906012613503419,
    "confidence": 0.007397101148029106,
    "low": 0.07845808275931876,
    "high": 0.08585518390734787,
    "count": 30,
    "base": 4916.5
  },
  "Compilation.compute affected modules": {
    "min": 0.213168,
    "max": 0.250929,
    "mean": 0.21972663333333334,
    "median": 0.21797650000000002,
    "variance": 0.00006089306976555557,
    "stdDev": 0.007803401166514225,
    "confidence": 0.00582702142420749,
    "low": 0.2168131226212296,
    "high": 0.22264014404543708,
    "count": 30,
    "base": 4916.5
  },
  "Compilation.finish modules": {
    "min": 137.434439,
    "max": 156.365048,
    "mean": 145.1678309333333,
    "median": 144.382717,
    "variance": 18.263747020983395,
    "stdDev": 4.273610536886041,
    "confidence": 3.1912264441836555,
    "low": 143.57221771124148,
    "high": 146.76344415542513,
    "count": 30,
    "base": 4916.5
  },
  "Compilation.report dependency errors and warnings": {
    "min": 31.046025,
    "max": 40.994186,
    "mean": 35.32286716666666,
    "median": 35.361227,
    "variance": 6.867687128842002,
    "stdDev": 2.62062723958254,
    "confidence": 1.9568968381937566,
    "low": 34.34441874756978,
    "high": 36.30131558576354,
    "count": 30,
    "base": 4916.5
  },
  "Compilation.optimize dependencies": {
    "min": 1.163791,
    "max": 1.428716,
    "mean": 1.2186279333333334,
    "median": 1.208931,
    "variance": 0.002320631661462223,
    "stdDev": 0.048172934947563896,
    "confidence": 0.035972099603306606,
    "low": 1.20064188353168,
    "high": 1.2366139831349867,
    "count": 30,
    "base": 4916.5
  },
  "Compilation.create chunks": {
    "min": 78.683612,
    "max": 94.581482,
    "mean": 86.84429929999997,
    "median": 87.42513650000001,
    "variance": 12.655160553652346,
    "stdDev": 3.5574092474232346,
    "confidence": 2.6564185868543007,
    "low": 85.51609000657282,
    "high": 88.17250859342712,
    "count": 30,
    "base": 4916.5
  },
  "Compilation.compute affected modules with chunk graph": {
    "min": 0.151933,
    "max": 0.213058,
    "mean": 0.17105483333333332,
    "median": 0.159678,
    "variance": 0.0003552157512055553,
    "stdDev": 0.018847168254291023,
    "confidence": 0.014073716173233053,
    "low": 0.1640179752467168,
    "high": 0.17809169141994985,
    "count": 30,
    "base": 4916.5
  },
  "Compilation.optimize": {
    "min": 45.074247,
    "max": 54.331861,
    "mean": 48.977844033333334,
    "median": 49.0658145,
    "variance": 4.800356481907768,
    "stdDev": 2.190971584002807,
    "confidence": 1.6360607493305537,
    "low": 48.15981365866806,
    "high": 49.79587440799861,
    "count": 30,
    "base": 4916.5
  },
  "Compilation.module hashing": {
    "min": 78.860811,
    "max": 94.726709,
    "mean": 85.37947730000002,
    "median": 84.960811,
    "variance": 14.814059138398807,
    "stdDev": 3.8489036280996705,
    "confidence": 2.8740857251947602,
    "low": 83.94243443740264,
    "high": 86.8165201625974,
    "count": 30,
    "base": 4916.5
  },
  "Compilation.code generation": {
    "min": 403.777883,
    "max": 498.59813,
    "mean": 420.5232204,
    "median": 416.60149950000005,
    "variance": 328.6218992519578,
    "stdDev": 18.12793146644034,
    "confidence": 13.53664162298844,
    "low": 413.7548995885058,
    "high": 427.29154121149423,
    "count": 30,
    "base": 4916.5
  },
  "Compilation.runtime requirements.modules": {
    "min": 11.83778,
    "max": 16.921045,
    "mean": 13.181962900000004,
    "median": 12.824283000000001,
    "variance": 1.3727144501882895,
    "stdDev": 1.1716289729211589,
    "confidence": 0.8748886518522383,
    "low": 12.744518574073885,
    "high": 13.619407225926123,
    "count": 30,