{
  "cache.PackFileCacheStrategy.restore cache container": {
    "min": 35.577872,
    "max": 42.380007,
    "mean": 39.01107349999999,
    "median": 38.8216285,
    "variance": 2.065472205707785,
    "stdDev": 1.4371750783073665,
    "confidence": 1.0731794755817958,
    "low": 38.47448376220909,
    "high": 39.547663237790886,
    "count": 30,
    "base": 1412
  },
  "cache.PackFileCacheStrategy.check build dependencies": {
    "min": 16.49975,
    "max": 22.914564,
    "mean": 19.57957296666666,
    "median": 19.9702235,
    "variance": 2.2338041105234994,
    "stdDev": 1.4945916199830305,
    "confidence": 1.116054039032882,
    "low": 19.02154594715022,
    "high": 20.1375999861831,
    "count": 30,
    "base": 1412
  },
  "cache.PackFileCacheStrategy.restore cache content metadata": {
    "min": 44.666352,
    "max": 61.549031,
    "mean": 54.29659560000001,
    "median": 55.289570499999996,
    "variance": 21.562443275607233,
    "stdDev": 4.643537797370366,
    "confidence": 3.4674616429442295,
    "low": 52.562864778527896,
    "high": 56.030326421472125,
    "count": 30,
    "base": 1412
  },
  "cache.PackFileCacheStrategy.restore cache content": {
    "min": 350.797159,
    "max": 425.238732,
    "mean": 377.7414248333332,
    "median": 373.0247005,
    "variance": 257.61520883781515,
    "stdDev": 16.05039590906764,
    "confidence": 11.985286778601903,
    "low": 371.74878144403226,
    "high": 383.73406822263416,
    "count": 30,
    "base": 1412
  },
  "stats": {
    "min": 1390,
    "max": 1472,
    "mean": 1426.5,
    "median": 1422.5,
    "variance": 474.05,
    "stdDev": 21.772689314827417,
    "confidence": 16.258285892635286,
    "low": 1418.3708570536824,
    "high": 1434.6291429463176,
    "count": 30,
    "base": 1412
  },
  "heap memory": {
    "min": 90202928,
    "max": 113641432,
    "mean": 97929211.73333333,
    "median": 93176860,
    "variance": 53012516553189.266,
    "stdDev": 7280969.47893543,
    "confidence": 5436906.835549682,
    "low": 95210758.3155585,
    "high": 100647665.15110818,
    "count": 30,
    "base": 1412
  },
  "rss memory": {
    "min": 211439616,
    "max": 273375232,
    "mean": 225890986.66666666,
    "median": 213760000,
    "variance": 515686332634817.44,
    "stdDev": 22708728.11574478,
    "confidence": 16957252.667564273,
    "low": 217412360.33288452,
    "high": 234369613.0004488,
    "count": 30,
    "base": 1412
  },
  "external memory": {
    "min": 45213299,
    "max": 83917204,
    "mean": 52954080,
    "median": 45213299,
    "variance": 239678761959844,
    "stdDev": 15481562,
    "confidence": 11560522.332404166,
    "low": 47173818.83379792,
    "high": 58734341.16620208,
    "count": 30,
    "base": 1412
  },
  "array buffers memory": {
    "min": 43933233,
    "max": 82637138,
    "mean": 51674014,
    "median": 43933233,
    "variance": 239678761959844,
    "stdDev": 15481562,
    "confidence": 11560522.332404166,
    "low": 45893752.83379792,
    "high": 57454275.16620208,
    "count": 30,
    "base": 1412
  },
  "Compiler.make hook": {
    "min": 1029.357769,
    "max": 1103.403353,
    "mean": 1059.1923402666666,
    "median": 1054.6810635000002,
    "variance": 300.946214727119,
    "stdDev": 17.3478014378514,
    "confidence": 12.954096359294454,
    "low": 1052.7152920870194,
    "high": 1065.6693884463139,
    "count": 30,
    "base": 1412
  },
  "Compiler.finish make hook": {
    "min": 0.098806,
    "max": 0.181512,
    "mean": 0.1148107,
    "median": 0.1129075,
    "variance": 0.00021130383440999998,
    "stdDev": 0.014536293695780916,
    "confidence": 0.01085466362505677,
    "low": 0.10938336818747162,
    "high": 0.12023803181252839,
    "count": 30,
    "base": 1412
  },
  "Compiler.finish compilation": {
    "min": 83.133604,
    "max": 107.396852,
    "mean": 91.31945823333332,
    "median": 89.35007250000001,
    "variance": 28.759255079665365,
    "stdDev": 5.362765618565235,
    "confidence": 4.004529497532133,
    "low": 89.31719348456726,
    "high": 93.32172298209939,
    "count": 30,
    "base": 1412
  },
  "Compiler.seal compilation": {
    "min": 242.525086,
    "max": 266.09366,
    "mean": 254.2689393,
    "median": 254.17471749999999,
    "variance": 33.2238204658703,
    "stdDev": 5.764010796821108,
    "confidence": 4.304150675549977,
    "low": 252.116863962225,
    "high": 256.421014637775,
    "count": 30,
    "base": 1412
  },
  "Compiler.afterCompile hook": {
    "min": 0.057003,
    "max": 0.105307,
    "mean": 0.07028446666666666,
    "median": 0.069954,
    "variance": 0.0000648694858488889,
    "stdDev": 0.008054159537089448,
    "confidence": 0.006014269826085272,
    "low": 0.06727733175362402,
    "high": 0.07329160157970929,
    "count": 30,
    "base": 1412
  },
  "Compiler.emitAssets": {
    "min": 5.583956,
    "max": 6.331414,
    "mean": 5.958834966666668,
    "median": 5.970235000000001,
    "variance": 0.05095418336389889,
    "stdDev": 0.22573033328265585,
    "confidence": 0.16855925513298864,
    "low": 5.874555339100174,
    "high": 6.043114594233162,
    "count": 30,
    "base": 1412
  },
  "Compiler.emitRecords": {
    "min": 0.081105,
    "max": 0.127808,
    "mean": 0.09253596666666666,
    "median": 0.089656,
    "variance": 0.0001124315226988889,
    "stdDev": 0.010603373175498866,
    "confidence": 0.00791784009870386,
    "low": 0.08857704661731473,
    "high": 0.0964948867160186,
    "count": 30,
    "base": 1412
  },
  "FlagDependencyExportsPlugin.restore cached provided exports": {
    "min": 25.398322,
    "max": 38.617964,
    "mean": 31.262437466666665,
    "median": 28.1413665,
    "variance": 21.25238217995545,
    "stdDev": 4.6100306050996505,
    "confidence": 3.4424408701990963,
    "low": 29.54121703156712,
    "high": 32.983657901766215,
    "count": 30,
    "base": 1412
  },
  "FlagDependencyExportsPlugin.figure out provided exports": {
    "min": 19.788263,
    "max": 35.642675,
    "mean": 26.15485046666667,
    "median": 27.1569315,
    "variance": 23.679687619470506,
    "stdDev": 4.866177927231032,
    "confidence": 3.633713355358239,
    "low": 24.33799378898755,
    "high": 27.97170714434579,
    "count": 30,
    "base": 1412
  },
  "FlagDependencyExportsPlugin.store provided exports into cache": {
    "min": 0.034803,
    "max": 0.171711,
    "mean": 0.04396956666666666,
    "median": 0.039353,
    "variance": 0.000575303264778889,
    "stdDev": 0.023985480290769436,
    "confidence": 0.017910639802035486,
    "low": 0.03501424676564892,
    "high": 0.052924886567684404,
    "count": 30,
    "base": 1412
  },
  "Compilation.finish modules": {
    "min": 54.951105,
    "max": 72.71384,
    "mean": 58.59763356666666,
    "median": 57.4266335,
    "variance": 16.46360381982199,
    "stdDev": 4.057536668943608,
    "confidence": 3.0298779461575975,
    "low": 57.08269459358786,
    "high": 60.11257253974546,
    "count": 30,
    "base": 1412
  },
  "Compilation.report dependency errors and warnings": {
    "min": 27.427352,
    "max": 39.268805,
    "mean": 32.265602,
    "median": 30.582126000000002,
    "variance": 12.106745619566802,
    "stdDev": 3.479474905724541,
    "confidence": 2.598222799008809,
    "low": 30.966490600495597,
    "high": 33.564713399504406,
    "count": 30,
    "base": 1412
  },
  "Compilation.optimize dependencies": {
    "min": 0.661542,
    "max": 0.851654,
    "mean": 0.7745729666666669,
    "median": 0.768849,
    "variance": 0.0016313439800322224,
    "stdDev": 0.04038989948034313,
    "confidence": 0.030160285825556077,
    "low": 0.7594928237538888,
    "high": 0.7896531095794449,
    "count": 30,
    "base": 1412
  },
  "Compilation.create chunks": {
    "min": 48.044465,
    "max": 59.654999,
    "mean": 54.509274933333344,
    "median": 54.508177,
    "variance": 7.983709580695528,
    "stdDev": 2.8255458907431548,
    "confidence": 2.109915418816854,
    "low": 53.45431722392492,
    "high": 55.56423264274177,
    "count": 30,
    "base": 1412
  },