{
  "stats": {
    "min": 75137,
    "max": 79668,
    "mean": 77615.5,
    "median": 77828.5,
    "variance": 3716455.25,
    "stdDev": 1927.8109995536388,
    "confidence": 6134.294600579684,
    "low": 74548.35269971016,
    "high": 80682.64730028984,
    "count": 4,
    "base": 73948
  },
  "heap memory": {
    "min": 351069520,
    "max": 1158835960,
    "mean": 781635934,
    "median": 754952740,
    "variance": 143507900249569540,
    "stdDev": 378824365.9660365,
    "confidence": 1205419132.5039282,
    "low": 178926367.7480359,
    "high": 1384345500.251964,
    "count": 4,
    "base": 73948
  },
  "rss memory": {
    "min": 666730496,
    "max": 1478656000,
    "mean": 1229206528,
    "median": 1475430400,
    "variance": 110639111742685180,
    "stdDev": 332624580.78543323,
    "confidence": 1058411416.0592484,
    "low": 700000819.9703758,
    "high": 1758412236.0296242,
    "count": 4,
    "base": 73948
  },
  "external memory": {
    "min": 42556473,
    "max": 42770023,
    "mean": 42644955.5,
    "median": 42626663,
    "variance": 7452740620.75,
    "stdDev": 86329.25703809805,
    "confidence": 274699.6958952248,
    "low": 42507605.65205239,
    "high": 42782305.34794761,
    "count": 4,
    "base": 73948
  },
  "array buffers memory": {
    "min": 25268287,
    "max": 25481279,
    "mean": 25356351,
    "median": 25337919,
    "variance": 7428112384,
    "stdDev": 86186.49768960333,
    "confidence": 274245.43564831465,
    "low": 25219228.282175843,
    "high": 25493473.717824157,
    "count": 4,
    "base": 73948
  },
  "Compiler.make hook": {
    "min": 10139.444864,
    "max": 10224.087003,
    "mean": 10168.2064565,
    "median": 10154.646979500001,
    "variance": 1095.8037716857425,
    "stdDev": 33.10292693532919,
    "confidence": 105.33351350821613,
    "low": 10115.539699745892,
    "high": 10220.873213254108,
    "count": 4,
    "base": 73948
  },
  "Compiler.finish make hook": {
    "min": 0.151998,
    "max": 0.180898,
    "mean": 0.16044825000000001,
    "median": 0.1544485,
    "variance": 0.00014040942518750004,
    "stdDev": 0.011849448307305284,
    "confidence": 0.03770494451384543,
    "low": 0.1415957777430773,
    "high": 0.17930072225692273,
    "count": 4,
    "base": 73948
  },
  "Compiler.finish compilation": {
    "min": 223.918083,
    "max": 237.860971,
    "mean": 231.56022375000003,
    "median": 232.2309205,
    "variance": 25.773877641909735,
    "stdDev": 5.076797971350617,
    "confidence": 16.154371144837683,
    "low": 223.4830381775812,
    "high": 239.63740932241888,
    "count": 4,
    "base": 73948
  },
  "Compiler.seal compilation": {
    "min": 64627.069915,
    "max": 69239.120898,
    "mean": 67165.297757,
    "median": 67397.5001075,
    "variance": 3811751.66831203,
    "stdDev": 1952.3707814634058,
    "confidence": 6212.44382661656,
    "low": 64059.07584369172,
    "high": 70271.51967030828,
    "count": 4,
    "base": 73948
  },
  "Compiler.afterCompile hook": {
    "min": 0.088499,
    "max": 0.236097,
    "mean": 0.13004824999999998,
    "median": 0.0977985,
    "variance": 0.0038055079756875005,
    "stdDev": 0.06168879943464211,
    "confidence": 0.1962937598010312,
    "low": 0.03190137009948438,
    "high": 0.22819512990051558,
    "count": 4,
    "base": 73948
  },
  "Compiler.emitAssets": {
    "min": 28.637946,
    "max": 29.903132,
    "mean": 29.44770925,
    "median": 29.6248795,
    "variance": 0.2346966416946877,
    "stdDev": 0.4844549944986507,
    "confidence": 1.541535792494706,
    "low": 28.676941353752646,
    "high": 30.218477146247352,
    "count": 4,
    "base": 73948
  },
  "Compiler.emitRecords": {
    "min": 0.100199,
    "max": 0.113999,
    "mean": 0.106874,
    "median": 0.106649,
    "variance": 0.000037116874999999995,
    "stdDev": 0.006092362021416652,
    "confidence": 0.01938589595214779,
    "low": 0.0971810520239261,
    "high": 0.11656694797607389,
    "count": 4,
    "base": 73948
  },
  "FlagDependencyExportsPlugin.restore cached provided exports": {
    "min": 11.148463,
    "max": 15.519826,
    "mean": 13.370464,
    "median": 13.4067835,
    "variance": 2.4148634153765007,
    "stdDev": 1.553983080788366,
    "confidence": 4.94477416306858,
    "low": 10.89807691846571,
    "high": 15.84285108153429,
    "count": 4,
    "base": 73948
  },
  "FlagDependencyExportsPlugin.figure out provided exports": {
    "min": 138.70424,
    "max": 151.549334,
    "mean": 145.50093725,
    "median": 145.8750875,
    "variance": 26.934349788210643,
    "stdDev": 5.18983138340839,
    "confidence": 16.514043462005475,
    "low": 137.24391551899726,
    "high": 153.75795898100273,
    "count": 4,
    "base": 73948
  },
  "FlagDependencyExportsPlugin.store provided exports into cache": {
    "min": 11.663157,
    "max": 21.688333,
    "mean": 16.18533,
    "median": 15.694915,
    "variance": 20.730346223881497,
    "stdDev": 4.553058996310227,
    "confidence": 14.487833726259142,
    "low": 8.941413136870429,
    "high": 23.42924686312957,
    "count": 4,
    "base": 73948
  },
  "InnerGraphPlugin.infer dependency usage": {
    "min": 33.928708,
    "max": 37.282428,
    "mean": 35.28366775,
    "median": 34.9617675,
    "variance": 1.50955877372119,
    "stdDev": 1.2286410272008623,
    "confidence": 3.9095357485531395,
    "low": 33.32889987572343,
    "high": 37.23843562427657,
    "count": 4,
    "base": 73948
  },
  "Compilation.finish modules": {
    "min": 171.234646,
    "max": 188.028484,
    "mean": 178.83153575,
    "median": 178.0315065,
    "variance": 35.92676134099615,
    "stdDev": 5.993893671145339,
    "confidence": 19.072569661584453,
    "low": 169.29525091920777,
    "high": 188.36782058079223,
    "count": 4,
    "base": 73948
  },
  "Compilation.report dependency errors and warnings": {
    "min": 49.608089,
    "max": 55.665174,
    "mean": 52.48341575,
    "median": 52.330200000000005,
    "variance": 4.610214604083188,
    "stdDev": 2.147141030319897,
    "confidence": 6.832202758477905,
    "low": 49.067314370761046,
    "high": 55.89951712923895,
    "count": 4,
    "base": 73948
  },
  "Compilation.optimize dependencies": {
    "min": 176.45188,
    "max": 187.940087,
    "mean": 184.42836925,
    "median": 186.660755,
    "variance": 21.797984954943725,
    "stdDev": 4.668831219367833,
    "confidence": 14.856220940028436,
    "low": 177.00025877998578,
    "high": 191.85647972001422,
    "count": 4,
    "base": 73948
  },
  "Compilation.create chunks": {
    "min": 115.937342,
    "max": 151.449735,
    "mean": 128.03322450000002,
    "median": 122.37291049999999,
    "variance": 190.49816780865834,
    "stdDev": 13.802107368393361,
    "confidence": 43.91830564622768,
    "low": 106.07407167688618,
    "high": 149.99237732311386,
    "count": 4,
    "base": 73948
  },
  "Compilation.optimize": {
    "min": 658.2349,
    "max": 688.362649,
    "mean": 676.2533605,
    "median": 679.2079464999999,
    "variance": 135.09510261822203,
    "stdDev": 11.62304188318282,
    "confidence": 36.9845192722878,
    "low": 657.7611008638561,
    "high": 694.7456201361439,
    "count": 4,
    "base": 73948
  },
  "Compilation.module hashing": {
    "min": 303.500382,
    "max": 320.993547,
    "mean": 311.3614055,
    "median": 310.4758465,
    "variance": 48.42122901230009,
    "stdDev": 6.958536413090046,
    "confidence": 22.142062866452534,
    "low": 300.2903740667737,
    "high": 322.43243693322626,
    "count": 4,
    "base": 73948
  },
  "Compilation.code generation": {
    "min": 5252.893924,
    "max": 6364.975938,
    "mean": 5800.771889000001,
    "median": 5792.608847,
    "variance": 277369.3035354581,
    "stdDev": 526.658621438459,
    "confidence": 1675.8277334171762,
    "low": 4962.858022291412,
    "high": 6638.685755708589,
    "count": 4,
    "base": 73948
  },
  "Compilation.runtime requirements": {
    "min": 5.383934,
    "max": 5.891928,
    "mean": 5.55793175,
    "median": 5.4779325,