{
  "cache.PackFileCacheStrategy.restore cache container": {
    "min": 15.356103,
    "max": 20.795436,
    "mean": 18.994252499999998,
    "median": 19.4970765,
    "variance": 2.156084077443393,
    "stdDev": 1.4683610174079782,
    "confidence": 1.6953234728612259,
    "low": 18.146590763569385,
    "high": 19.84191423643061,
    "count": 14,
    "base": 18267
  },
  "stats": {
    "min": 17955,
    "max": 19333,
    "mean": 18702.5,
    "median": 18596.5,
    "variance": 145117.39285714287,
    "stdDev": 380.94276847991597,
    "confidence": 439.82454557447636,
    "low": 18482.587727212762,
    "high": 18922.412272787238,
    "count": 14,
    "base": 18267
  },
  "heap memory": {
    "min": 326130320,
    "max": 355943120,
    "mean": 341059890.28571427,
    "median": 341737760,
    "variance": 82586136881302.2,
    "stdDev": 9087691.504518747,
    "confidence": 10492362.940095425,
    "low": 335813708.81566656,
    "high": 346306071.755762,
    "count": 14,
    "base": 18267
  },
  "rss memory": {
    "min": 485625856,
    "max": 582889472,
    "mean": 526045476.5714286,
    "median": 527884288,
    "variance": 728391584269291,
    "stdDev": 26988730.69022126,
    "confidence": 31160340.065844655,
    "low": 510465306.53850627,
    "high": 541625646.6043509,
    "count": 14,
    "base": 18267
  },
  "external memory": {
    "min": 32745971,
    "max": 32770547,
    "mean": 32756503.57142857,
    "median": 32754163,
    "variance": 52043608.81632652,
    "stdDev": 7214.1256446174075,
    "confidence": 8329.202693678439,
    "low": 32752338.97008173,
    "high": 32760668.17277541,
    "count": 14,
    "base": 18267
  },
  "array buffers memory": {
    "min": 25856315,
    "max": 25880891,
    "mean": 25866847.57142857,
    "median": 25864507,
    "variance": 52043608.81632652,
    "stdDev": 7214.1256446174075,
    "confidence": 8329.202693678439,
    "low": 25862682.97008173,
    "high": 25871012.17277541,
    "count": 14,
    "base": 18267
  },
  "Compiler.make hook": {
    "min": 16967.435815,
    "max": 18302.709895,
    "mean": 17711.608266000003,
    "median": 17633.2910425,
    "variance": 152190.31275363077,
    "stdDev": 390.1157683991135,
    "confidence": 450.4154029284982,
    "low": 17486.400564535754,
    "high": 17936.815967464252,
    "count": 14,
    "base": 18267
  },
  "Compiler.finish make hook": {
    "min": 0.106701,
    "max": 0.164101,
    "mean": 0.122165,
    "median": 0.1163505,
    "variance": 0.00023968383285714285,
    "stdDev": 0.01548172577128089,
    "confidence": 0.0178747139084261,
    "low": 0.11322764304578695,
    "high": 0.13110235695421305,
    "count": 14,
    "base": 18267
  },
  "Compiler.finish compilation": {
    "min": 145.175558,
    "max": 240.291163,
    "mean": 174.7798760714286,
    "median": 171.749057,
    "variance": 609.8267215967296,
    "stdDev": 24.69466990256662,
    "confidence": 28.511689594078064,
    "low": 160.52403127438956,
    "high": 189.03572086846762,
    "count": 14,
    "base": 18267
  },
  "Compiler.seal compilation": {
    "min": 679.251718,
    "max": 783.757597,
    "mean": 728.8129928571428,
    "median": 721.4045985,
    "variance": 1343.6475560118647,
    "stdDev": 36.655798395504426,
    "confidence": 42.32163255468754,
    "low": 707.6521765797991,
    "high": 749.9738091344866,
    "count": 14,
    "base": 18267
  },
  "Compiler.afterCompile hook": {
    "min": 0.0711,
    "max": 0.105401,
    "mean": 0.08269335714285715,
    "median": 0.0797505,
    "variance": 0.00009331741351530609,
    "stdDev": 0.009660093866795814,
    "confidence": 0.011153240714147528,
    "low": 0.07711673678578339,
    "high": 0.08826997749993092,
    "count": 14,
    "base": 18267
  },
  "Compiler.emitAssets": {
    "min": 62.313201,
    "max": 87.583567,
    "mean": 72.36078685714286,
    "median": 73.64447949999999,
    "variance": 48.056604348158416,
    "stdDev": 6.9322870936047085,
    "confidence": 8.003800762258749,
    "low": 68.35888647601348,
    "high": 76.36268723827223,
    "count": 14,
    "base": 18267
  },
  "Compiler.emitRecords": {
    "min": 0.0836,
    "max": 0.959706,
    "mean": 0.16231521428571427,
    "median": 0.0952005,
    "variance": 0.049243433214454076,
    "stdDev": 0.221908614556655,
    "confidence": 0.25620871068350115,
    "low": 0.034210858943963696,
    "high": 0.29041956962746485,
    "count": 14,
    "base": 18267
  },
  "FlagDependencyExportsPlugin.restore cached provided exports": {
    "min": 7.739651,
    "max": 11.414774,
    "mean": 9.342446642857142,
    "median": 8.2518535,
    "variance": 1.1158344043976578,
    "stdDev": 1.056330632140173,
    "confidence": 1.2196061421807691,
    "low": 8.732643571766758,
    "high": 9.952249713947527,
    "count": 14,
    "base": 18267
  },
  "FlagDependencyExportsPlugin.figure out provided exports": {
    "min": 85.685555,
    "max": 137.872197,
    "mean": 101.98888692857143,
    "median": 86.391467,
    "variance": 322.3384908841823,
    "stdDev": 17.953787647295552,
    "confidence": 20.72887884136003,
    "low": 91.62444750789142,
    "high": 112.35332634925145,
    "count": 14,
    "base": 18267
  },
  "FlagDependencyExportsPlugin.store provided exports into cache": {
    "min": 10.182667,
    "max": 19.97333,
    "mean": 14.455680142857144,
    "median": 12.260480000000001,
    "variance": 16.13602341190141,
    "stdDev": 4.016966941848216,
    "confidence": 4.637863757949873,
    "low": 12.136748263882208,
    "high": 16.77461202183208,
    "count": 14,
    "base": 18267
  },
  "Compilation.finish modules": {
    "min": 105.841485,
    "max": 162.768559,
    "mean": 127.01462892857141,
    "median": 122.03843599999999,
    "variance": 363.1038158816171,
    "stdDev": 19.055283148817733,
    "confidence": 22.000630921974363,
    "low": 116.01431346758423,
    "high": 138.0149443895586,
    "count": 14,
    "base": 18267
  },
  "Compilation.report dependency errors and warnings": {
    "min": 38.139248,
    "max": 77.353803,
    "mean": 47.57479599999999,
    "median": 46.1737,
    "variance": 93.14085804815315,
    "stdDev": 9.65095114733015,
    "confidence": 11.142684817653276,
    "low": 42.003453591173354,
    "high": 53.14613840882663,
    "count": 14,
    "base": 18267
  },
  "Compilation.optimize dependencies": {
    "min": 0.557204,
    "max": 0.813605,
    "mean": 0.6745687857142857,
    "median": 0.6487045,
    "variance": 0.007356231503311224,
    "stdDev": 0.08576847616293078,
    "confidence": 0.09902558645096127,
    "low": 0.6250559924888051,
    "high": 0.7240815789397663,
    "count": 14,
    "base": 18267
  },
  "Compilation.create chunks": {
    "min": 72.522971,
    "max": 96.918944,
    "mean": 80.51471135714287,
    "median": 79.4552705,
    "variance": 34.0062758176998,
    "stdDev": 5.83149001694248,
    "confidence": 6.732855061032751,
    "low": 77.1482838266265,
    "high": 83.88113888765925,
    "count": 14,
    "base": 18267
  },
  "Compilation.optimize": {
    "min": 31.711009,
    "max": 43.175781,
    "mean": 39.0635265,
    "median": 39.756956,
    "variance": 15.116370142212105,
    "stdDev": 3.887977641681097,
    "confidence": 4.488936766747614,
    "low": 36.819058116626195,
    "high": 41.30799488337381,
    "count": 14,
    "base": 18267
  },
  "Compilation.module hashing": {
    "min": 132.432061,
    "max": 182.117779,
    "mean": 147.96770142857144,
    "median": 144.58099149999998,
    "variance": 172.09070590421672,
    "stdDev": 13.11833472298282,
    "confidence": 15.146016897112986,
    "low": 140.39469298001495,
    "high": 155.54070987712794,
    "count": 14,
    "base": 18267
  },
  "Compilation.code generation": {
    "min": 261.149497,
    "max": 318.130969,
    "mean": 285.8473942142857,
    "median": 285.1901175,
    "variance": 233.06218529749802,
    "stdDev": 15.266374333727638,
    "confidence": 17.626075908186294,
    "low": 277.03435626019257,
    "high": 294.66043216837886,
    "count": 14,
    "base": 18267
  },