{
  "cache.PackFileCacheStrategy.restore cache container": {
    "min": 22.872031,
    "max": 35.410067,
    "mean": 27.139653529411763,
    "median": 26.577372,
    "variance": 10.471199245202012,
    "stdDev": 3.2359232446400843,
    "confidence": 3.3276650668435366,
    "low": 25.475820995989995,
    "high": 28.80348606283353,
    "count": 17,
    "base": 12722.5
  },
  "stats": {
    "min": 10894,
    "max": 11383,
    "mean": 11140.235294117647,
    "median": 11104,
    "variance": 18512.885813148787,
    "stdDev": 136.06206603292773,
    "confidence": 139.91956849109192,
    "low": 11070.2755098721,
    "high": 11210.195078363193,
    "count": 17,
    "base": 12722.5
  },
  "heap memory": {
    "min": 515192376,
    "max": 609689192,
    "mean": 584990297.4117647,
    "median": 593779904,
    "variance": 865721846744939,
    "stdDev": 29423151.54338398,
    "confidence": 30257328.78848076,
    "low": 569861633.0175244,
    "high": 600118961.8060051,
    "count": 17,
    "base": 12722.5
  },
  "rss memory": {
    "min": 719859712,
    "max": 807919616,
    "mean": 785168504.4705882,
    "median": 794755072,
    "variance": 814431576940005.2,
    "stdDev": 28538247.61508676,
    "confidence": 29347336.904530764,
    "low": 770494836.0183228,
    "high": 799842172.9228536,
    "count": 17,
    "base": 12722.5
  },
  "external memory": {
    "min": 100347676,
    "max": 100372252,
    "mean": 100361168.70588236,
    "median": 100364060,
    "variance": 62696862.56055364,
    "stdDev": 7918.135043086449,
    "confidence": 8142.622486829758,
    "low": 100357097.39463894,
    "high": 100365240.01712577,
    "count": 17,
    "base": 12722.5
  },
  "array buffers memory": {
    "min": 98858360,
    "max": 98882936,
    "mean": 98871852.70588236,
    "median": 98874744,
    "variance": 62696862.56055364,
    "stdDev": 7918.135043086449,
    "confidence": 8142.622486829758,
    "low": 98867781.39463894,
    "high": 98875924.01712577,
    "count": 17,
    "base": 12722.5
  },
  "Compiler.make hook": {
    "min": 8119.519169,
    "max": 8654.05041,
    "mean": 8369.46073752941,
    "median": 8354.016656,
    "variance": 18673.363247799767,
    "stdDev": 136.65051499280844,
    "confidence": 140.5247005969468,
    "low": 8299.198387230937,
    "high": 8439.723087827884,
    "count": 17,
    "base": 12722.5
  },
  "Compiler.finish make hook": {
    "min": 0.075201,
    "max": 0.112401,
    "mean": 0.09282029411764707,
    "median": 0.092001,
    "variance": 0.00009032438267820069,
    "stdDev": 0.009503914071486583,
    "confidence": 0.00977336001598711,
    "low": 0.08793361410965352,
    "high": 0.09770697412564062,
    "count": 17,
    "base": 12722.5
  },
  "Compiler.finish compilation": {
    "min": 468.848283,
    "max": 535.119864,
    "mean": 496.45670070588227,
    "median": 494.5787,
    "variance": 345.0409928179056,
    "stdDev": 18.5752790777933,
    "confidence": 19.101907746553366,
    "low": 486.9057468326056,
    "high": 506.00765457915895,
    "count": 17,
    "base": 12722.5
  },
  "Compiler.seal compilation": {
    "min": 1870.367177,
    "max": 2118.400866,
    "mean": 1968.973222294118,
    "median": 1959.039879,
    "variance": 2779.5375615420703,
    "stdDev": 52.721319800836454,
    "confidence": 54.21602458269763,
    "low": 1941.8652100027691,
    "high": 1996.0812345854667,
    "count": 17,
    "base": 12722.5
  },
  "Compiler.afterCompile hook": {
    "min": 0.051201,
    "max": 0.164402,
    "mean": 0.07489517647058824,
    "median": 0.071001,
    "variance": 0.000546640754733564,
    "stdDev": 0.02338034975644214,
    "confidence": 0.024043207225006302,
    "low": 0.06287357285808509,
    "high": 0.0869167800830914,
    "count": 17,
    "base": 12722.5
  },
  "Compiler.emitAssets": {
    "min": 253.2851,
    "max": 319.153856,
    "mean": 282.08534705882346,
    "median": 279.096464,
    "variance": 374.00807089344096,
    "stdDev": 19.33928827267025,
    "confidence": 19.887577404432363,
    "low": 272.1415583566073,
    "high": 292.02913576103964,
    "count": 17,
    "base": 12722.5
  },
  "Compiler.emitRecords": {
    "min": 0.066201,
    "max": 0.102301,
    "mean": 0.08745423529411764,
    "median": 0.088501,
    "variance": 0.0000867780488858132,
    "stdDev": 0.009315473626489058,
    "confidence": 0.009579577086482383,
    "low": 0.08266444675087645,
    "high": 0.09224402383735883,
    "count": 17,
    "base": 12722.5
  },
  "Compilation.compute affected modules": {
    "min": 0.212502,
    "max": 0.310003,
    "mean": 0.26114300000000007,
    "median": 0.252603,
    "variance": 0.0009056535392941177,
    "stdDev": 0.030094078143284565,
    "confidence": 0.030947276862064776,
    "low": 0.24566936156896768,
    "high": 0.27661663843103246,
    "count": 17,
    "base": 12722.5
  },
  "Compilation.finish modules": {
    "min": 367.571704,
    "max": 422.862718,
    "mean": 393.19061717647065,
    "median": 391.485113,
    "variance": 279.00117592811085,
    "stdDev": 16.703328288940227,
    "confidence": 17.176885186999584,
    "low": 384.60217458297086,
    "high": 401.77905976997044,
    "count": 17,
    "base": 12722.5
  },
  "Compilation.report dependency errors and warnings": {
    "min": 91.607923,
    "max": 111.474439,
    "mean": 102.52089717647058,
    "median": 107.280589,
    "variance": 27.152690798207683,
    "stdDev": 5.210824387580883,
    "confidence": 5.358556731137156,
    "low": 99.841618810902,
    "high": 105.20017554203916,
    "count": 17,
    "base": 12722.5
  },
  "Compilation.optimize dependencies": {
    "min": 98.256547,
    "max": 145.613578,
    "mean": 135.04400111764707,
    "median": 139.035831,
    "variance": 120.92567438572908,
    "stdDev": 10.996621044017525,
    "confidence": 11.308386798761546,
    "low": 129.3898077182663,
    "high": 140.69819451702784,
    "count": 17,
    "base": 12722.5
  },
  "Compilation.create chunks": {
    "min": 153.173467,
    "max": 186.195607,
    "mean": 169.92492911764708,
    "median": 171.277513,
    "variance": 98.02881470362281,
    "stdDev": 9.900950191957477,
    "confidence": 10.181652527422443,
    "low": 164.83410285393586,
    "high": 175.0157553813583,
    "count": 17,
    "base": 12722.5
  },
  "Compilation.compute affected modules with chunk graph": {
    "min": 0.142502,
    "max": 0.239703,
    "mean": 0.19149952941176474,
    "median": 0.184404,
    "variance": 0.0008178121964844292,
    "stdDev": 0.02859741590571479,
    "confidence": 0.029408182678334005,
    "low": 0.17679543807259773,
    "high": 0.20620362075093174,
    "count": 17,
    "base": 12722.5
  },
  "Compilation.optimize": {
    "min": 112.508731,
    "max": 148.052681,
    "mean": 129.3784323529412,
    "median": 127.035815,
    "variance": 74.70605125825453,
    "stdDev": 8.643266237844033,
    "confidence": 8.888311912447975,
    "low": 124.93427639671721,
    "high": 133.82258830916518,
    "count": 17,
    "base": 12722.5
  },
  "Compilation.module hashing": {
    "min": 221.735407,
    "max": 256.591326,
    "mean": 241.38445364705876,
    "median": 240.244051,
    "variance": 107.00946585401368,
    "stdDev": 10.344537971993418,
    "confidence": 10.6378164868579,
    "low": 236.0655454036298,
    "high": 246.7033618904877,
    "count": 17,
    "base": 12722.5
  },
  "Compilation.code generation": {
    "min": 742.44576,
    "max": 819.053825,
    "mean": 762.5950133529414,
    "median": 759.021541,
    "variance": 344.11316472890076,
    "stdDev": 18.550287456772757,
    "confidence": 19.076207586831742,
    "low": 753.0569095595255,
    "high": 772.1331171463572,
    "count": 17,
    "base": 12722.5
  },
  "Compilation.runtime requirements.modules": {
    "min": 25.555561,
    "max": 40.697423,
    "mean": 35.082165764705884,
    "median": 35.524263,
    "variance": 23.186965875360645,
    "stdDev": 4.815284610006001,
    "confidence": 4.951802985490318,
    "low": 32.606264271960725,
    "high": 37.55806725745104,
    "count": 17,
    "base": 12722.5
  },