{
  "stats": {
    "min": 121181,
    "max": 125232,
    "mean": 122551,
    "median": 121240,
    "variance": 3594460.6666666665,
    "stdDev": 1895.9062916364476,
    "confidence": 9420.144879424653,
    "low": 117840.92756028767,
    "high": 127261.07243971233,
    "count": 3,
    "base": 118655
  },
  "heap memory": {
    "min": 1170616848,
    "max": 1182500584,
    "mean": 1177680317.3333333,
    "median": 1179923520,
    "variance": 26053175988152.89,
    "stdDev": 5104231.18482626,
    "confidence": 25361273.11315489,
    "low": 1164999680.7767558,
    "high": 1190360953.8899107,
    "count": 3,
    "base": 118655
  },
  "rss memory": {
    "min": 1402384384,
    "max": 1442418688,
    "mean": 1426709162.6666667,
    "median": 1435324416,
    "variance": 304235544459491.56,
    "stdDev": 17442349.16688379,
    "confidence": 86665388.95639896,
    "low": 1383376468.1884673,
    "high": 1470041857.1448662,
    "count": 3,
    "base": 118655
  },
  "external memory": {
    "min": 42979478,
    "max": 43403526,
    "mean": 43202102,
    "median": 43223302,
    "variance": 30194171050.666668,
    "stdDev": 173764.7002433655,
    "confidence": 863380.5681447536,
    "low": 42770411.71592762,
    "high": 43633792.28407238,
    "count": 3,
    "base": 118655
  },
  "array buffers memory": {
    "min": 26180886,
    "max": 26604934,
    "mean": 26403510,
    "median": 26424710,
    "variance": 30194171050.666668,
    "stdDev": 173764.7002433655,
    "confidence": 863380.568144761,
    "low": 25971819.71592762,
    "high": 26835200.28407238,
    "count": 3,
    "base": 118655
  },
  "Compiler.make hook": {
    "min": 61828.310089,
    "max": 63621.323553,
    "mean": 62580.370242666664,
    "median": 62291.477086,
    "variance": 577545.8416652977,
    "stdDev": 759.9643686813861,
    "confidence": 3776.0170361584023,
    "low": 60692.36172458746,
    "high": 64468.378760745865,
    "count": 3,
    "base": 118655
  },
  "Compiler.finish make hook": {
    "min": 0.117301,
    "max": 0.1246,
    "mean": 0.120334,
    "median": 0.119101,
    "variance": 0.000009639378000000003,
    "stdDev": 0.0031047347712807936,
    "confidence": 0.015426422438003448,
    "low": 0.11262078878099828,
    "high": 0.12804721121900173,
    "count": 3,
    "base": 118655
  },
  "Compiler.finish compilation": {
    "min": 227.558201,
    "max": 236.506085,
    "mean": 231.3184,
    "median": 229.890914,
    "variance": 14.362962819674044,
    "stdDev": 3.7898499732408992,
    "confidence": 18.830538184668228,
    "low": 221.90313090766588,
    "high": 240.7336690923341,
    "count": 3,
    "base": 118655
  },
  "Compiler.seal compilation": {
    "min": 58613.176563,
    "max": 61324.896567,
    "mean": 59690.30254033334,
    "median": 59132.834491,
    "variance": 1380956.2096960517,
    "stdDev": 1175.1409318443689,
    "confidence": 5838.895034290428,
    "low": 56770.85502318812,
    "high": 62609.75005747855,
    "count": 3,
    "base": 118655
  },
  "Compiler.afterCompile hook": {
    "min": 0.0745,
    "max": 0.077701,
    "mean": 0.07636766666666667,
    "median": 0.076902,
    "variance": 0.0000018504895555555645,
    "stdDev": 0.0013603270031707687,
    "confidence": 0.006759024699581229,
    "low": 0.07298815431687605,
    "high": 0.07974717901645728,
    "count": 3,
    "base": 118655
  },
  "Compiler.emitAssets": {
    "min": 29.812921,
    "max": 30.479627,
    "mean": 30.256541666666664,
    "median": 30.477077,
    "variance": 0.09840073169688938,
    "stdDev": 0.31368890910723857,
    "confidence": 1.5586186848445251,
    "low": 29.4772323242444,
    "high": 31.035851009088926,
    "count": 3,
    "base": 118655
  },
  "Compiler.emitRecords": {
    "min": 0.094401,
    "max": 0.099301,
    "mean": 0.09626866666666667,
    "median": 0.095104,
    "variance": 0.000004679890888888896,
    "stdDev": 0.0021633055468169298,
    "confidence": 0.010748765252468595,
    "low": 0.09089428404043237,
    "high": 0.10164304929290097,
    "count": 3,
    "base": 118655
  },
  "FlagDependencyExportsPlugin.restore cached provided exports": {
    "min": 9.922674,
    "max": 10.645575,
    "mean": 10.355042333333333,
    "median": 10.645575,
    "variance": 0.0971563208028886,
    "stdDev": 0.3116990869458693,
    "confidence": 1.548731902398007,
    "low": 9.58067638213433,
    "high": 11.129408284532337,
    "count": 3,
    "base": 118655
  },
  "FlagDependencyExportsPlugin.figure out provided exports": {
    "min": 145.346684,
    "max": 158.319084,
    "mean": 152.77245666666667,
    "median": 154.651602,
    "variance": 29.812787218560846,
    "stdDev": 5.460108718566037,
    "confidence": 27.129513422261823,
    "low": 139.20769995553576,
    "high": 166.33721337779758,
    "count": 3,
    "base": 118655
  },
  "FlagDependencyExportsPlugin.store provided exports into cache": {
    "min": 10.278477,
    "max": 23.622776,
    "mean": 15.095011666666666,
    "median": 11.383782,
    "variance": 36.56499878627356,
    "stdDev": 6.046899931888534,
    "confidence": 30.045089085392377,
    "low": 0.07246712397047794,
    "high": 30.117556209362853,
    "count": 3,
    "base": 118655
  },
  "InnerGraphPlugin.infer dependency usage": {
    "min": 34.649768,
    "max": 43.052022,
    "mean": 40.147438333333334,
    "median": 42.740525,
    "variance": 15.12836127717488,
    "stdDev": 3.889519414680287,
    "confidence": 19.32576338780838,
    "low": 30.484556639429144,
    "high": 49.81032002723752,
    "count": 3,
    "base": 118655
  },
  "Compilation.finish modules": {
    "min": 181.197791,
    "max": 183.930272,
    "mean": 182.66067666666666,
    "median": 182.853967,
    "variance": 1.2630893123735636,
    "stdDev": 1.1238724626814038,
    "confidence": 5.584158600642866,
    "low": 179.86859736634523,
    "high": 185.4527559669881,
    "count": 3,
    "base": 118655
  },
  "Compilation.report dependency errors and warnings": {
    "min": 44.251631,
    "max": 54.84609,
    "mean": 48.200786666666666,
    "median": 45.504639,
    "variance": 22.341699704016204,
    "stdDev": 4.726700720800525,
    "confidence": 23.485446399984838,
    "low": 36.45806346667425,
    "high": 59.943509866659085,
    "count": 3,
    "base": 118655
  },
  "Compilation.optimize dependencies": {
    "min": 216.545215,
    "max": 219.346539,
    "mean": 218.12247000000002,
    "median": 218.475656,
    "variance": 1.3702728674606555,
    "stdDev": 1.1705865484707465,
    "confidence": 5.816265777029571,
    "low": 215.21433711148524,
    "high": 221.0306028885148,
    "count": 3,
    "base": 118655
  },
  "Compilation.create chunks": {
    "min": 120.765901,
    "max": 140.649702,
    "mean": 130.21082266666667,
    "median": 129.216865,
    "variance": 66.38823295616282,
    "stdDev": 8.14789745616394,
    "confidence": 40.48426593569104,
    "low": 109.96868969882115,
    "high": 150.4529556345122,
    "count": 3,
    "base": 118655
  },
  "Compilation.optimize": {
    "min": 400.96379,
    "max": 413.749648,
    "mean": 409.31970900000005,
    "median": 413.245689,
    "variance": 34.953020279560576,
    "stdDev": 5.912107938760978,
    "confidence": 29.375351287986746,
    "low": 394.6320333560067,
    "high": 424.0073846439934,
    "count": 3,
    "base": 118655
  },
  "Compilation.module hashing": {
    "min": 306.921587,
    "max": 318.212573,
    "mean": 312.114662,
    "median": 311.209826,
    "variance": 21.65709156881411,
    "stdDev": 4.653718037098306,
    "confidence": 23.122819060650045,
    "low": 300.553252469675,
    "high": 323.67607153032503,
    "count": 3,
    "base": 118655
  },
  "Compilation.code generation": {
    "min": 5125.355314,
    "max": 5752.9686,
    "mean": 5471.1364969999995,
    "median": 5535.085577,
    "variance": 67694.48187704278,
    "stdDev": 260.1816324743981,
    "confidence": 1292.7583413199773,
    "low": 4824.757326340011,
    "high": 6117.515667659988,
    "count": 3,
    "base": 118655
  },