{
  "stats": {
    "min": 465.72727272727275,
    "max": 511.1818181818182,
    "mean": 483.3,
    "median": 482.3636363636364,
    "variance": 158.2215702479338,
    "stdDev": 12.578615593455975,
    "confidence": 17.99514876937303,
    "low": 474.3024256153135,
    "high": 492.2975743846865,
    "count": 10,
    "base": 592.6818181818182
  },
  "heap memory": {
    "min": 513523341.8181818,
    "max": 520160519.27272725,
    "mean": 516302876.3636363,
    "median": 515902630.54545456,
    "variance": 4149079003081.0635,
    "stdDev": 2036928.816400088,
    "confidence": 2914059.723934293,
    "low": 514845846.50166917,
    "high": 517759906.22560346,
    "count": 10,
    "base": 592.6818181818182
  },
  "rss memory": {
    "min": 889081856,
    "max": 911613952,
    "mean": 902721833.8909092,
    "median": 903654679.2727273,
    "variance": 32906360114142.6,
    "stdDev": 5736406.550632774,
    "confidence": 8206585.892802715,
    "low": 898618540.9445078,
    "high": 906825126.8373106,
    "count": 10,
    "base": 592.6818181818182
  },
  "external memory": {
    "min": 165209542.0909091,
    "max": 165225926.0909091,
    "mean": 165222649.29090908,
    "median": 165225926.0909091,
    "variance": 29527900.160000004,
    "stdDev": 5433.958056518288,
    "confidence": 7773.898717820644,
    "low": 165218762.34155017,
    "high": 165226536.240268,
    "count": 10,
    "base": 592.6818181818182
  },
  "array buffers memory": {
    "min": 163751424.72727272,
    "max": 163767808.72727272,
    "mean": 163764531.92727274,
    "median": 163767808.72727272,
    "variance": 29527900.160000015,
    "stdDev": 5433.958056518289,
    "confidence": 7773.898717820644,
    "low": 163760644.97791383,
    "high": 163768418.87663165,
    "count": 10,
    "base": 592.6818181818182
  },
  "Compiler.make hook": {
    "min": 127.00914781818183,
    "max": 140.97824845454545,
    "mean": 130.97870970909094,
    "median": 130.41868259090913,
    "variance": 14.272908876974782,
    "stdDev": 3.7779503539584507,
    "confidence": 5.404790229709931,
    "low": 128.27631459423597,
    "high": 133.6811048239459,
    "count": 10,
    "base": 592.6818181818182
  },
  "Compiler.finish make hook": {
    "min": 0.0031272727272727272,
    "max": 0.003654272727272728,
    "mean": 0.0033372,
    "median": 0.0033316818181818183,
    "variance": 2.8183776528925592e-8,
    "stdDev": 0.00016788024460586657,
    "confidence": 0.00024017189766837276,
    "low": 0.0032171140511658134,
    "high": 0.003457285948834186,
    "count": 10,
    "base": 592.6818181818182
  },
  "Compiler.finish compilation": {
    "min": 31.770466272727273,
    "max": 34.63247709090909,
    "mean": 32.92846770909091,
    "median": 33.01847004545455,
    "variance": 0.6663906303435069,
    "stdDev": 0.8163275263909131,
    "confidence": 1.1678499253591355,
    "low": 32.34454274641134,
    "high": 33.51239267177048,
    "count": 10,
    "base": 592.6818181818182
  },
  "Compiler.seal compilation": {
    "min": 261.51085954545454,
    "max": 285.8806918181818,
    "mean": 271.09269391818185,
    "median": 271.9505171818182,
    "variance": 54.22828195384915,
    "stdDev": 7.363985466705454,
    "confidence": 10.535023749180027,
    "low": 265.82518204359184,
    "high": 276.36020579277186,
    "count": 10,
    "base": 592.6818181818182
  },
  "Compiler.afterCompile hook": {
    "min": 0.0029361818181818183,
    "max": 0.003799909090909091,
    "mean": 0.0033144636363636364,
    "median": 0.003299954545454546,
    "variance": 6.849081231404969e-8,
    "stdDev": 0.0002617074938056793,
    "confidence": 0.00037440251274894424,
    "low": 0.0031272623799891643,
    "high": 0.0035016648927381085,
    "count": 10,
    "base": 592.6818181818182
  },
  "Compiler.emitAssets": {
    "min": 38.276515636363634,
    "max": 45.68707081818181,
    "mean": 41.89937145454545,
    "median": 41.755013681818184,
    "variance": 3.9943969339818337,
    "stdDev": 1.9985987426148937,
    "confidence": 2.859224167908252,
    "low": 40.469759370591326,
    "high": 43.32898353849958,
    "count": 10,
    "base": 592.6818181818182
  },
  "Compiler.emitRecords": {
    "min": 0.005636181818181819,
    "max": 0.007199999999999999,
    "mean": 0.006183518181818181,
    "median": 0.006018136363636363,
    "variance": 2.0284886950413185e-7,
    "stdDev": 0.00045038746597139207,
    "confidence": 0.0006443308004604777,
    "low": 0.005861352781587942,
    "high": 0.00650568358204842,
    "count": 10,
    "base": 592.6818181818182
  },
  "Compilation.compute affected modules": {
    "min": 0.002145454545454546,
    "max": 0.0036180909090909093,
    "mean": 0.002453609090909091,
    "median": 0.0023499999999999997,
    "variance": 1.6127615049586784e-7,
    "stdDev": 0.00040159201996039194,
    "confidence": 0.0005745233320859225,
    "low": 0.0021663474248661296,
    "high": 0.002740870756952052,
    "count": 10,
    "base": 592.6818181818182
  },
  "Compilation.finish modules": {
    "min": 0.7382986363636364,
    "max": 0.9365051818181819,
    "mean": 0.815390990909091,
    "median": 0.7877805,
    "variance": 0.0041561012831990915,
    "stdDev": 0.06446783138278417,
    "confidence": 0.09222860878073114,
    "low": 0.7692766865187254,
    "high": 0.8615052952994565,
    "count": 10,
    "base": 592.6818181818182
  },
  "Compilation.report dependency errors and warnings": {
    "min": 30.958077000000003,
    "max": 33.75517981818182,
    "mean": 32.06810197272727,
    "median": 32.116823272727274,
    "variance": 0.6241775208348199,
    "stdDev": 0.7900490622960197,
    "confidence": 1.1302555758613835,
    "low": 31.502974184796578,
    "high": 32.63322976065796,
    "count": 10,
    "base": 592.6818181818182
  },
  "Compilation.optimize dependencies": {
    "min": 0.03146318181818182,
    "max": 0.043999363636363635,
    "mean": 0.03636761818181818,
    "median": 0.03607677272727273,
    "variance": 0.000009439889769917352,
    "stdDev": 0.003072440360677055,
    "confidence": 0.004395477464481379,
    "low": 0.034169879449577494,
    "high": 0.03856535691405887,
    "count": 10,
    "base": 592.6818181818182
  },
  "Compilation.create chunks": {
    "min": 63.756513454545455,
    "max": 69.98014509090909,
    "mean": 67.04553015454545,
    "median": 67.45522740909091,
    "variance": 2.677841185011288,
    "stdDev": 1.6364110684700492,
    "confidence": 2.341073260899009,
    "low": 65.87499352409594,
    "high": 68.21606678499495,
    "count": 10,
    "base": 592.6818181818182
  },
  "Compilation.compute affected modules with chunk graph": {
    "min": 0.004390909090909092,
    "max": 0.0074090909090909094,
    "mean": 0.0051635909090909085,
    "median": 0.005004545454545454,
    "variance": 6.294687640495868e-7,
    "stdDev": 0.0007933906755499379,
    "confidence": 0.001135036135946647,
    "low": 0.004596072841117585,
    "high": 0.005731108977064232,
    "count": 10,
    "base": 592.6818181818182
  },
  "Compilation.optimize": {
    "min": 22.878840545454548,
    "max": 25.383327090909088,
    "mean": 23.899682690909092,
    "median": 23.73828427272727,
    "variance": 0.5890708398303787,
    "stdDev": 0.7675095047166378,
    "confidence": 1.0980101599153045,
    "low": 23.35067761095144,
    "high": 24.448687770866744,
    "count": 10,
    "base": 592.6818181818182
  },
  "Compilation.module hashing": {
    "min": 90.24541172727272,
    "max": 96.4631759090909,
    "mean": 93.09456722727273,
    "median": 93.05127440909092,
    "variance": 2.6694994041420834,
    "stdDev": 1.6338602768113568,
    "confidence": 2.337424061586347,
    "low": 91.92585519647956,
    "high": 94.26327925806591,
    "count": 10,
    "base": 592.6818181818182
  },
  "Compilation.code generation": {
    "min": 18.100094363636366,
    "max": 22.71318990909091,
    "mean": 21.145013254545454,
    "median": 21.549712727272727,
    "variance": 1.5469361699974713,
    "stdDev": 1.2437588874044163,
    "confidence": 1.77933939118995,
    "low": 20.25534355895048,