{
  "stats": {
    "min": 29761,
    "max": 31559,
    "mean": 30355.7,
    "median": 30141.5,
    "variance": 276729.21,
    "stdDev": 526.0505774162785,
    "confidence": 752.5755382607749,
    "low": 29979.412230869613,
    "high": 30731.98776913039,
    "count": 10,
    "base": 34326.5
  },
  "heap memory": {
    "min": 316211840,
    "max": 574906376,
    "mean": 366267476,
    "median": 346493784,
    "variance": 4977184700829814,
    "stdDev": 70549165.13205393,
    "confidence": 100928652.4954983,
    "low": 315803149.75225085,
    "high": 416731802.24774915,
    "count": 10,
    "base": 34326.5
  },
  "rss memory": {
    "min": 757321728,
    "max": 857034752,
    "mean": 829693542.4,
    "median": 847194112,
    "variance": 1150653217521008.8,
    "stdDev": 33921279.71526146,
    "confidence": 48528271.68366718,
    "low": 805429406.5581664,
    "high": 853957678.2418336,
    "count": 10,
    "base": 34326.5
  },
  "external memory": {
    "min": 96200936,
    "max": 96370385,
    "mean": 96235902.1,
    "median": 96225510,
    "variance": 2104936401.2899997,
    "stdDev": 45879.58588838831,
    "confidence": 65635.99685552716,
    "low": 96203084.10157223,
    "high": 96268720.09842776,
    "count": 10,
    "base": 34326.5
  },
  "array buffers memory": {
    "min": 94746299,
    "max": 94915748,
    "mean": 94781265.1,
    "median": 94770873,
    "variance": 2104936401.2899997,
    "stdDev": 45879.58588838831,
    "confidence": 65635.99685552716,
    "low": 94748447.10157223,
    "high": 94814083.09842776,
    "count": 10,
    "base": 34326.5
  },
  "Compiler.make hook": {
    "min": 26264.662384,
    "max": 27864.153553,
    "mean": 26834.596073199995,
    "median": 26778.8289305,
    "variance": 220392.28477272866,
    "stdDev": 469.45956670700474,
    "confidence": 671.6156226678067,
    "low": 26498.78826186609,
    "high": 27170.4038845339,
    "count": 10,
    "base": 34326.5
  },
  "Compiler.finish make hook": {
    "min": 0.124206,
    "max": 0.138106,
    "mean": 0.1300858,
    "median": 0.129605,
    "variance": 0.000016127792160000014,
    "stdDev": 0.004015942250580804,
    "confidence": 0.005745264867304589,
    "low": 0.1272131675663477,
    "high": 0.1329584324336523,
    "count": 10,
    "base": 34326.5
  },
  "Compiler.finish compilation": {
    "min": 519.26748,
    "max": 995.475931,
    "mean": 591.9201971,
    "median": 553.8574295,
    "variance": 18288.173554301604,
    "stdDev": 135.2337737190736,
    "confidence": 193.46738586911852,
    "low": 495.18650416544074,
    "high": 688.6538900345593,
    "count": 10,
    "base": 34326.5
  },
  "Compiler.seal compilation": {
    "min": 2278.039484,
    "max": 2628.985478,
    "mean": 2462.3079934,
    "median": 2505.494095,
    "variance": 14732.326496434416,
    "stdDev": 121.37679554360633,
    "confidence": 173.64339316429232,
    "low": 2375.486296817854,
    "high": 2549.1296899821464,
    "count": 10,
    "base": 34326.5
  },
  "Compiler.afterCompile hook": {
    "min": 0.093904,
    "max": 0.129406,
    "mean": 0.1019447,
    "median": 0.099805,
    "variance": 0.00009298780440999996,
    "stdDev": 0.009643018428376043,
    "confidence": 0.013795441152896853,
    "low": 0.09504697942355157,
    "high": 0.10884242057644843,
    "count": 10,
    "base": 34326.5
  },
  "Compiler.emitAssets": {
    "min": 285.216769,
    "max": 640.876274,
    "mean": 443.8858324000001,
    "median": 424.96947150000005,
    "variance": 12771.727653704069,
    "stdDev": 113.01206861970127,
    "confidence": 161.67669426229497,
    "low": 363.0474852688526,
    "high": 524.7241795311476,
    "count": 10,
    "base": 34326.5
  },
  "Compiler.emitRecords": {
    "min": 0.105405,
    "max": 0.117905,
    "mean": 0.11152519999999999,
    "median": 0.112255,
    "variance": 0.00001541885216000001,
    "stdDev": 0.003926684627010426,
    "confidence": 0.005617571624513595,
    "low": 0.1087164141877432,
    "high": 0.11433398581225679,
    "count": 10,
    "base": 34326.5
  },
  "Compilation.compute affected modules": {
    "min": 0.303713,
    "max": 0.339216,
    "mean": 0.3172244,
    "median": 0.3137145,
    "variance": 0.00010507687264000006,
    "stdDev": 0.010250701080413966,
    "confidence": 0.014664800713712012,
    "low": 0.309891999643144,
    "high": 0.324556800356856,
    "count": 10,
    "base": 34326.5
  },
  "Compilation.finish modules": {
    "min": 414.946684,
    "max": 558.354602,
    "mean": 449.1670107,
    "median": 441.9217675,
    "variance": 1468.9481896416798,
    "stdDev": 38.32685989800991,
    "confidence": 54.83095819276173,
    "low": 421.7515316036191,
    "high": 476.58248979638086,
    "count": 10,
    "base": 34326.5
  },
  "Compilation.report dependency errors and warnings": {
    "min": 100.445045,
    "max": 436.224389,
    "mean": 141.61827509999998,
    "median": 110.932107,
    "variance": 9674.714115965116,
    "stdDev": 98.36012462357455,
    "confidence": 140.71541199622476,
    "low": 71.26056910188758,
    "high": 211.97598109811236,
    "count": 10,
    "base": 34326.5
  },
  "Compilation.optimize dependencies": {
    "min": 124.099216,
    "max": 194.988401,
    "mean": 149.934382,
    "median": 153.089009,
    "variance": 378.63454466836237,
    "stdDev": 19.458533980450902,
    "confidence": 27.83765917723764,
    "low": 136.01555241138118,
    "high": 163.85321158861882,
    "count": 10,
    "base": 34326.5
  },
  "Compilation.create chunks": {
    "min": 173.919745,
    "max": 201.284979,
    "mean": 182.60501730000001,
    "median": 181.27264050000002,
    "variance": 53.41047609976736,
    "stdDev": 7.308247129084194,
    "confidence": 10.455283679996796,
    "low": 177.37737546000162,
    "high": 187.8326591399984,
    "count": 10,
    "base": 34326.5
  },
  "Compilation.compute affected modules with chunk graph": {
    "min": 0.188409,
    "max": 0.934842,
    "mean": 0.29526339999999995,
    "median": 0.235761,
    "variance": 0.04614437077283999,
    "stdDev": 0.21481240833071072,
    "confidence": 0.30731372754800734,
    "low": 0.1416065362259963,
    "high": 0.4489202637740036,
    "count": 10,
    "base": 34326.5
  },
  "Compilation.optimize": {
    "min": 140.338651,
    "max": 165.888883,
    "mean": 149.6084167,
    "median": 148.395893,
    "variance": 58.489063505911396,
    "stdDev": 7.647814295987541,
    "confidence": 10.941073363306543,
    "low": 144.13788001834672,
    "high": 155.07895338165326,
    "count": 10,
    "base": 34326.5
  },
  "Compilation.module hashing": {
    "min": 262.584845,
    "max": 280.990283,
    "mean": 274.884455,
    "median": 278.501767,
    "variance": 44.629689627052365,
    "stdDev": 6.6805456084853105,
    "confidence": 9.557284837277166,
    "low": 270.1058125813614,
    "high": 279.6630974186386,
    "count": 10,
    "base": 34326.5
  },
  "Compilation.code generation": {
    "min": 886.496698,
    "max": 931.835059,
    "mean": 907.7914529999998,
    "median": 908.1738439999999,
    "variance": 217.79156658936245,
    "stdDev": 14.757762926316524,
    "confidence": 21.112668352816627,
    "low": 897.2351188235915,
    "high": 918.3477871764081,
    "count": 10,
    "base": 34326.5
  },
  "Compilation.runtime requirements.modules": {
    "min": 27.238529,
    "max": 41.622695,
    "mean": 33.86695010000001,
    "median": 33.297404,
    "variance": 32.43266309600089,
    "stdDev": 5.694968226074741,
    "confidence": 8.147303628420246,
    "low": 29.793298285789888,
    "high": 37.940601914210134,
    "count": 10,
    "base": 34326.5
  },
  "Compilation.runtime requirements.chunks": {
    "min": 7.523839,
    "max": 9.50253,
    "mean": 8.0149618,
    "median": 7.803102,
    "variance": 0.34095251074715993,
    "stdDev": 0.5839113894651824,
    "confidence": 0.8353520499524478,
    "low": 7.597285775023776,
    "high": 8.432637824976224,
    "count": 10,
    "base": 34326.5
  },
  "Compilation.runtime requirements.entries": {
    "min": 3.590962,
    "max": 4.346297,