{
  "cache.PackFileCacheStrategy.restore cache container": {
    "min": 31.23931,
    "max": 32.305223,
    "mean": 31.677391166666666,
    "median": 31.7052885,
    "variance": 0.059529792469938864,
    "stdDev": 0.2439872793199245,
    "confidence": 0.18219223560261355,
    "low": 31.58629504886536,
    "high": 31.768487284467973,
    "count": 30,
    "base": 977
  },
  "cache.PackFileCacheStrategy.check build dependencies": {
    "min": 14.050082,
    "max": 14.863162,
    "mean": 14.445858399999999,
    "median": 14.471822,
    "variance": 0.032444238629440035,
    "stdDev": 0.18012284316388089,
    "confidence": 0.1345028460934472,
    "low": 14.378606976953275,
    "high": 14.513109823046722,
    "count": 30,
    "base": 977
  },
  "cache.PackFileCacheStrategy.restore cache content metadata": {
    "min": 36.907842,
    "max": 43.170257,
    "mean": 39.45931093333333,
    "median": 38.810159,
    "variance": 2.411047221351263,
    "stdDev": 1.5527547202798204,
    "confidence": 1.1594860790236083,
    "low": 38.87956789382152,
    "high": 40.03905397284513,
    "count": 30,
    "base": 977
  },
  "cache.PackFileCacheStrategy.restore cache content": {
    "min": 230.228709,
    "max": 272.628848,
    "mean": 240.64237323333336,
    "median": 238.0893875,
    "variance": 61.13978399780764,
    "stdDev": 7.819193308635338,
    "confidence": 5.838813865543045,
    "low": 237.72296630056184,
    "high": 243.56178016610488,
    "count": 30,
    "base": 977
  },
  "stats": {
    "min": 926,
    "max": 961,
    "mean": 940.7666666666667,
    "median": 939.5,
    "variance": 78.3788888888889,
    "stdDev": 8.853185239725242,
    "confidence": 6.610925026606083,
    "low": 937.4612041533636,
    "high": 944.0721291799697,
    "count": 30,
    "base": 977
  },
  "heap memory": {
    "min": 86578992,
    "max": 106005792,
    "mean": 88850360,
    "median": 87117180,
    "variance": 24147581981986.133,
    "stdDev": 4914018.923649576,
    "confidence": 3669437.5870282054,
    "low": 87015641.2064859,
    "high": 90685078.7935141,
    "count": 30,
    "base": 977
  },
  "rss memory": {
    "min": 207482880,
    "max": 267456512,
    "mean": 212896972.8,
    "median": 208979968,
    "variance": 211134608845045.78,
    "stdDev": 14530471.735117404,
    "confidence": 10850316.201568842,
    "low": 207471814.6992156,
    "high": 218322130.90078443,
    "count": 30,
    "base": 977
  },
  "external memory": {
    "min": 45451581,
    "max": 84167155,
    "mean": 48032619.266666666,
    "median": 45451581,
    "variance": 93264619475967.39,
    "stdDev": 9657360.896019543,
    "confidence": 7211425.843885824,
    "low": 44426906.34472375,
    "high": 51638332.18860958,
    "count": 30,
    "base": 977
  },
  "array buffers memory": {
    "min": 43962265,
    "max": 82677839,
    "mean": 46543303.266666666,
    "median": 43962265,
    "variance": 93264619475967.39,
    "stdDev": 9657360.896019543,
    "confidence": 7211425.843885824,
    "low": 42937590.34472375,
    "high": 50149016.18860958,
    "count": 30,
    "base": 977
  },
  "Compiler.make hook": {
    "min": 689.7614,
    "max": 719.231674,
    "mean": 702.5185118333335,
    "median": 701.655345,
    "variance": 61.90392098188563,
    "stdDev": 7.867904484796802,
    "confidence": 5.875187885157629,
    "low": 699.5809178907547,
    "high": 705.4561057759123,
    "count": 30,
    "base": 977
  },
  "Compiler.finish make hook": {
    "min": 0.08055,
    "max": 0.12284,
    "mean": 0.08764339999999997,
    "median": 0.084343,
    "variance": 0.00007645887330666667,
    "stdDev": 0.008744076469625975,
    "confidence": 0.006529450407094628,
    "low": 0.08437867479645265,
    "high": 0.09090812520354728,
    "count": 30,
    "base": 977
  },
  "Compiler.finish compilation": {
    "min": 63.10646,
    "max": 72.987878,
    "mean": 68.0378325,
    "median": 68.073575,
    "variance": 6.65881113546425,
    "stdDev": 2.5804672320074613,
    "confidence": 1.9269082191873963,
    "low": 67.0743783904063,
    "high": 69.00128660959369,
    "count": 30,
    "base": 977
  },
  "Compiler.seal compilation": {
    "min": 139.402263,
    "max": 160.870602,
    "mean": 149.4998027333333,
    "median": 150.966906,
    "variance": 25.563507239447468,
    "stdDev": 5.056036712628526,
    "confidence": 3.7754863062136224,
    "low": 147.6120595802265,
    "high": 151.3875458864401,
    "count": 30,
    "base": 977
  },
  "Compiler.afterCompile hook": {
    "min": 0.052108,
    "max": 0.074309,
    "mean": 0.05659070000000001,
    "median": 0.0567405,
    "variance": 0.000024255123476666657,
    "stdDev": 0.004924949083662354,
    "confidence": 0.0036775994481456076,
    "low": 0.054751900275927204,
    "high": 0.05842949972407281,
    "count": 30,
    "base": 977
  },
  "Compiler.emitAssets": {
    "min": 5.297769,
    "max": 8.008067,
    "mean": 6.8174157666666675,
    "median": 6.9890205000000005,
    "variance": 0.8464550436460457,
    "stdDev": 0.9200299145386772,
    "confidence": 0.6870124844963499,
    "low": 6.4739095244184925,
    "high": 7.160922008914842,
    "count": 30,
    "base": 977
  },
  "Compiler.emitRecords": {
    "min": 0.063268,
    "max": 0.108694,
    "mean": 0.07552516666666667,
    "median": 0.0705065,
    "variance": 0.00016553828620555555,
    "stdDev": 0.012866168279855334,
    "confidence": 0.009607533511911626,
    "low": 0.07072139991071086,
    "high": 0.08032893342262248,
    "count": 30,
    "base": 977
  },
  "Compilation.compute affected modules": {
    "min": 0.210965,
    "max": 0.258593,
    "mean": 0.22082829999999998,
    "median": 0.215748,
    "variance": 0.00011983271147666669,
    "stdDev": 0.010946812845603358,
    "confidence": 0.008174296260948788,
    "low": 0.21674115186952558,
    "high": 0.22491544813047437,
    "count": 30,
    "base": 977
  },
  "Compilation.finish modules": {
    "min": 37.758868,
    "max": 46.613273,
    "mean": 41.78964190000001,
    "median": 41.70149,
    "variance": 5.772048505434222,
    "stdDev": 2.4025087940388943,
    "confidence": 1.7940215959658303,
    "low": 40.89263110201709,
    "high": 42.68665269798292,
    "count": 30,
    "base": 977
  },
  "Compilation.report dependency errors and warnings": {
    "min": 22.322599,
    "max": 29.587168,
    "mean": 25.65865163333334,
    "median": 25.9938005,
    "variance": 4.2921254620321,
    "stdDev": 2.0717445455538432,
    "confidence": 1.547030531280484,
    "low": 24.885136367693097,
    "high": 26.43216689897358,
    "count": 30,
    "base": 977
  },
  "Compilation.optimize dependencies": {
    "min": 0.453487,
    "max": 0.556109,
    "mean": 0.49147103333333325,
    "median": 0.4861635,
    "variance": 0.0009653060530322216,
    "stdDev": 0.03106937484134854,
    "confidence": 0.023200385187699124,
    "low": 0.47987084073948366,
    "high": 0.5030712259271828,
    "count": 30,
    "base": 977
  },
  "Compilation.create chunks": {
    "min": 23.807106,
    "max": 37.472758,
    "mean": 31.380656266666662,
    "median": 32.058968,
    "variance": 12.696373295988527,
    "stdDev": 3.5631970610658805,
    "confidence": 2.6607405117913174,
    "low": 30.050286010771003,
    "high": 32.71102652256232,
    "count": 30,
    "base": 977
  },
  "Compilation.compute affected modules with chunk graph": {
    "min": 0.112951,
    "max": 0.142246,
    "mean": 0.12111060000000001,
    "median": 0.119463,
    "variance": 0.00007668538997333337,
    "stdDev": 0.008757019468593944,
    "confidence": 0.006539115312264893,
    "low": 0.11784104234386757,
    "high": 0.12438015765613246,
    "count": 30,
    "base": 977
  },
  "Compilation.optimize": {
    "min": 18.579906,
    "max": 25.199074,
    "mean": 20.358558866666666,
    "median": 19.719822999999998,
    "variance": 3.202439086040582,
    "stdDev": 1.7895359974140173,
    "confidence": 1.336297387999089,
    "low": 19.69041017266712,
    "high": 21.02670756066621,
    "count": 30,
    "base": 977
  },