{
  "cache.PackFileCacheStrategy.restore cache container": {
    "min": 42.271634,
    "max": 49.486431,
    "mean": 46.815834100000004,
    "median": 46.6552975,
    "variance": 1.9500652643974243,
    "stdDev": 1.396447372584239,
    "confidence": 1.042766940234273,
    "low": 46.29445062988287,
    "high": 47.33721757011714,
    "count": 30,
    "base": 4261.5
  },
  "cache.PackFileCacheStrategy.check build dependencies": {
    "min": 14.323981,
    "max": 20.85398,
    "mean": 15.587026966666663,
    "median": 15.5785745,
    "variance": 1.6916903333521656,
    "stdDev": 1.300649965729506,
    "confidence": 0.9712322939672813,
    "low": 15.101410819683023,
    "high": 16.072643113650305,
    "count": 30,
    "base": 4261.5
  },
  "cache.PackFileCacheStrategy.restore cache content metadata": {
    "min": 138.71027,
    "max": 150.371545,
    "mean": 143.3760324666667,
    "median": 143.17076550000002,
    "variance": 7.553303259419641,
    "stdDev": 2.7483273566698054,
    "confidence": 2.0522541448684706,
    "low": 142.34990539423245,
    "high": 144.40215953910092,
    "count": 30,
    "base": 4261.5
  },
  "cache.PackFileCacheStrategy.restore cache content": {
    "min": 1139.808319,
    "max": 1245.447466,
    "mean": 1181.6887956,
    "median": 1178.0368680000001,
    "variance": 542.4388498907068,
    "stdDev": 23.290316655011516,
    "confidence": 17.39154135861918,
    "low": 1172.9930249206905,
    "high": 1190.3845662793096,
    "count": 30,
    "base": 4261.5
  },
  "stats": {
    "min": 3908,
    "max": 4214,
    "mean": 4004.8,
    "median": 3983.5,
    "variance": 6955.2266666666665,
    "stdDev": 83.39800157477795,
    "confidence": 62.27565795254395,
    "low": 3973.662171023728,
    "high": 4035.937828976272,
    "count": 30,
    "base": 4261.5
  },
  "heap memory": {
    "min": 216634112,
    "max": 422593352,
    "mean": 372219010.4,
    "median": 415963540,
    "variance": 6955311193863487,
    "stdDev": 83398508.34315616,
    "confidence": 62276036.370894074,
    "low": 341080992.21455294,
    "high": 403357028.585447,
    "count": 30,
    "base": 4261.5
  },
  "rss memory": {
    "min": 545099776,
    "max": 793190400,
    "mean": 746336529.0666667,
    "median": 786706432,
    "variance": 6974758397249380,
    "stdDev": 83515018.99209136,
    "confidence": 62363038.18369436,
    "low": 715155009.9748195,
    "high": 777518048.1585139,
    "count": 30,
    "base": 4261.5
  },
  "external memory": {
    "min": 147166770,
    "max": 283956861,
    "mean": 265718182.2,
    "median": 283956861,
    "variance": 2162221128402199.8,
    "stdDev": 46499689.5516755,
    "confidence": 34722639.71245313,
    "low": 248356862.34377342,
    "high": 283079502.05622655,
    "count": 30,
    "base": 4261.5
  },
  "array buffers memory": {
    "min": 145677454,
    "max": 282467545,
    "mean": 264228866.2,
    "median": 282467545,
    "variance": 2162221128402199.8,
    "stdDev": 46499689.5516755,
    "confidence": 34722639.71245313,
    "low": 246867546.34377342,
    "high": 281590186.05622655,
    "count": 30,
    "base": 4261.5
  },
  "Compiler.make hook": {
    "min": 2651.329847,
    "max": 2785.032141,
    "mean": 2704.2367717666666,
    "median": 2705.799961,
    "variance": 958.1510153015678,
    "stdDev": 30.95401452641592,
    "confidence": 23.114242361991273,
    "low": 2692.679650585671,
    "high": 2715.7938929476622,
    "count": 30,
    "base": 4261.5
  },
  "Compiler.finish make hook": {
    "min": 0.094201,
    "max": 0.1054,
    "mean": 0.09873406666666666,
    "median": 0.0986505,
    "variance": 0.000005087700195555549,
    "stdDev": 0.002255593091751158,
    "confidence": 0.0016843154657137094,
    "low": 0.09789190893380981,
    "high": 0.09957622439952352,
    "count": 30,
    "base": 4261.5
  },
  "Compiler.finish compilation": {
    "min": 329.373567,
    "max": 363.191288,
    "mean": 347.30237393333334,
    "median": 347.17206150000004,
    "variance": 89.94041651113578,
    "stdDev": 9.483692134982862,
    "confidence": 7.08174244434224,
    "low": 343.7615027111622,
    "high": 350.84324515550446,
    "count": 30,
    "base": 4261.5
  },
  "Compiler.seal compilation": {
    "min": 819.538493,
    "max": 1044.917894,
    "mean": 888.5103738000003,
    "median": 840.3534394999999,
    "variance": 6381.781377259404,
    "stdDev": 79.88605245760617,
    "confidence": 59.65318573692798,
    "low": 858.6837809315363,
    "high": 918.3369666684642,
    "count": 30,
    "base": 4261.5
  },
  "Compiler.afterCompile hook": {
    "min": 0.0589,
    "max": 0.182002,
    "mean": 0.07214376666666666,
    "median": 0.0677,
    "variance": 0.0004578963316455556,
    "stdDev": 0.021398512369918514,
    "confidence": 0.015978877333738678,
    "low": 0.06415432799979733,
    "high": 0.080133205333536,
    "count": 30,
    "base": 4261.5
  },
  "Compiler.emitAssets": {
    "min": 13.816697,
    "max": 87.020096,
    "mean": 42.1658203,
    "median": 32.20827,
    "variance": 499.58555609200255,
    "stdDev": 22.351410606313028,
    "confidence": 16.69043352828463,
    "low": 33.820603535857686,
    "high": 50.511037064142315,
    "count": 30,
    "base": 4261.5
  },
  "Compiler.emitRecords": {
    "min": 0.0736,
    "max": 16.153323,
    "mean": 0.6200847333333334,
    "median": 0.08245,
    "variance": 8.320140685205196,
    "stdDev": 2.8844654071777662,
    "confidence": 1.6970408814508766,
    "low": 0,
    "high": 1.6970408814508766,
    "count": 30,
    "base": 4261.5
  },
  "Compilation.compute affected modules": {
    "min": 0.251502,
    "max": 0.287603,
    "mean": 0.2584621,
    "median": 0.256352,
    "variance": 0.000040880908223333313,
    "stdDev": 0.006393817969205357,
    "confidence": 0.004774445590330356,
    "low": 0.2560748772048348,
    "high": 0.26084932279516515,
    "count": 30,
    "base": 4261.5
  },
  "Compilation.finish modules": {
    "min": 227.610359,
    "max": 262.78915,
    "mean": 243.5680026333333,
    "median": 243.832085,
    "variance": 68.889250923138,
    "stdDev": 8.299954874765163,
    "confidence": 6.197812190247305,
    "low": 240.46909653820964,
    "high": 246.66690872845695,
    "count": 30,
    "base": 4261.5
  },
  "Compilation.report dependency errors and warnings": {
    "min": 90.053789,
    "max": 117.542884,
    "mean": 102.98124853333336,
    "median": 107.97890849999999,
    "variance": 36.21328836488231,
    "stdDev": 6.0177477817604075,
    "confidence": 4.493623293425884,
    "low": 100.73443688662041,
    "high": 105.2280601800463,
    "count": 30,
    "base": 4261.5
  },
  "Compilation.optimize dependencies": {
    "min": 114.047191,
    "max": 132.430247,
    "mean": 120.23441569999999,
    "median": 120.490144,
    "variance": 13.136663608636347,
    "stdDev": 3.624453560005473,
    "confidence": 2.7064824804632224,
    "low": 118.88117445976837,
    "high": 121.5876569402316,
    "count": 30,
    "base": 4261.5
  },
  "Compilation.create chunks": {
    "min": 155.018319,
    "max": 177.552186,
    "mean": 163.24870603333332,
    "median": 162.389778,
    "variance": 26.1918909771507,
    "stdDev": 5.11780138117441,
    "confidence": 3.8216077395727552,
    "low": 161.33790216354694,
    "high": 165.1595099031197,
    "count": 30,
    "base": 4261.5
  },
  "Compilation.compute affected modules with chunk graph": {
    "min": 0.157001,
    "max": 0.244502,
    "mean": 0.172508,
    "median": 0.16285100000000002,
    "variance": 0.00046466136466666677,
    "stdDev": 0.0215560053040137,
    "confidence": 0.016096481783587024,
    "low": 0.16445975910820648,
    "high": 0.1805562408917935,
    "count": 30,
    "base": 4261.5
  },
  "Compilation.optimize": {
    "min": 120.16545,
    "max": 304.487518,
    "mean": 142.3866004333333,
    "median": 133.8866755,
    "variance": 1249.9017091061914,
    "stdDev": 35.353948988849766,
    "confidence": 26.39979847151568,
    "low": 129.18670119757547,
    "high": 155.58649966909115,
    "count": 30,
    "base": 4261.5
  },