{
  "stats": {
    "min": 49813,
    "max": 52834,
    "mean": 51550.666666666664,
    "median": 51719,
    "variance": 1057122.8888888888,
    "stdDev": 1028.1648160138961,
    "confidence": 2158.336649304125,
    "low": 50471.4983420146,
    "high": 52629.83499131873,
    "count": 6,
    "base": 49410.5
  },
  "heap memory": {
    "min": 306559008,
    "max": 564189880,
    "mean": 356505450.6666667,
    "median": 308285380,
    "variance": 8815902135964239,
    "stdDev": 93893035.60948618,
    "confidence": 197101453.69108975,
    "low": 257954723.8211218,
    "high": 455056177.51221156,
    "count": 6,
    "base": 49410.5
  },
  "rss memory": {
    "min": 530120704,
    "max": 886865920,
    "mean": 747802624,
    "median": 835762176,
    "variance": 23942101481816064,
    "stdDev": 154732354.34716317,
    "confidence": 324816124.8265085,
    "low": 585394561.5867457,
    "high": 910210686.4132543,
    "count": 6,
    "base": 49410.5
  },
  "external memory": {
    "min": 27210009,
    "max": 27225633,
    "mean": 27213978.333333332,
    "median": 27210009,
    "variance": 36114099.55555555,
    "stdDev": 6009.500774237037,
    "confidence": 12615.220403417945,
    "low": 27207670.723131623,
    "high": 27220285.94353504,
    "count": 6,
    "base": 49410.5
  },
  "array buffers memory": {
    "min": 25861597,
    "max": 25877221,
    "mean": 25865566.333333332,
    "median": 25861597,
    "variance": 36114099.55555555,
    "stdDev": 6009.500774237037,
    "confidence": 12615.220403417945,
    "low": 25859258.723131623,
    "high": 25871873.94353504,
    "count": 6,
    "base": 49410.5
  },
  "Compiler.make hook": {
    "min": 11014.977606,
    "max": 11322.548205,
    "mean": 11149.295458333334,
    "median": 11108.8597605,
    "variance": 11582.059785304058,
    "stdDev": 107.61997856022857,
    "confidence": 225.91722679676604,
    "low": 11036.336844934951,
    "high": 11262.254071731717,
    "count": 6,
    "base": 49410.5
  },
  "Compiler.finish make hook": {
    "min": 0.122999,
    "max": 0.186199,
    "mean": 0.14543199999999998,
    "median": 0.138099,
    "variance": 0.0005151540450000001,
    "stdDev": 0.022697005198924376,
    "confidence": 0.04764584178264912,
    "low": 0.12160907910867542,
    "high": 0.16925492089132455,
    "count": 6,
    "base": 49410.5
  },
  "Compiler.finish compilation": {
    "min": 462.669286,
    "max": 511.703719,
    "mean": 484.9930253333334,
    "median": 481.542553,
    "variance": 338.39367573806913,
    "stdDev": 18.395479763737317,
    "confidence": 38.616024918586504,
    "low": 465.6850128740401,
    "high": 504.30103779262663,
    "count": 6,
    "base": 49410.5
  },
  "Compiler.seal compilation": {
    "min": 38280.619581,
    "max": 41203.604129,
    "mean": 39871.341618,
    "median": 40064.8461,
    "variance": 1024862.2412638087,
    "stdDev": 1012.3548000892813,
    "confidence": 2125.1480629367434,
    "low": 38808.76758653163,
    "high": 40933.91564946837,
    "count": 6,
    "base": 49410.5
  },
  "Compiler.afterCompile hook": {
    "min": 0.089299,
    "max": 0.246999,
    "mean": 0.12211616666666668,
    "median": 0.0963995,
    "variance": 0.003164429205805555,
    "stdDev": 0.05625325951272117,
    "confidence": 0.11808755732357287,
    "low": 0.06307238800488024,
    "high": 0.18115994532845311,
    "count": 6,
    "base": 49410.5
  },
  "Compiler.emitAssets": {
    "min": 19.503757,
    "max": 26.542261,
    "mean": 22.264685,
    "median": 20.835335,
    "variance": 7.4927679214866645,
    "stdDev": 2.7372920782201273,
    "confidence": 5.746158320391785,
    "low": 19.391605839804107,
    "high": 25.137764160195893,
    "count": 6,
    "base": 49410.5
  },
  "Compiler.emitRecords": {
    "min": 0.1052,
    "max": 0.2741,
    "mean": 0.15073299999999998,
    "median": 0.1331995,
    "variance": 0.0033308213113333335,
    "stdDev": 0.05771326807011828,
    "confidence": 0.1211524258433348,
    "low": 0.09015678707833258,
    "high": 0.21130921292166738,
    "count": 6,
    "base": 49410.5
  },
  "FlagDependencyExportsPlugin.restore cached provided exports": {
    "min": 19.849575,
    "max": 32.575908,
    "mean": 22.63692233333333,
    "median": 20.6284335,
    "variance": 20.27277081367021,
    "stdDev": 4.50252937954548,
    "confidence": 9.451766898732515,
    "low": 17.911038883967073,
    "high": 27.36280578269959,
    "count": 6,
    "base": 49410.5
  },
  "FlagDependencyExportsPlugin.figure out provided exports": {
    "min": 331.439613,
    "max": 364.288947,
    "mean": 345.6138868333333,
    "median": 345.5951525,
    "variance": 127.63090456686677,
    "stdDev": 11.29738485521613,
    "confidence": 23.71561387291888,
    "low": 333.75607989687387,
    "high": 357.47169376979275,
    "count": 6,
    "base": 49410.5
  },
  "FlagDependencyExportsPlugin.store provided exports into cache": {
    "min": 19.843175,
    "max": 28.706578,
    "mean": 22.732012333333333,
    "median": 21.374271,
    "variance": 10.669382438075225,
    "stdDev": 3.266402063138466,
    "confidence": 6.856872725490206,
    "low": 19.30357597058823,
    "high": 26.160448696078436,
    "count": 6,
    "base": 49410.5
  },
  "InnerGraphPlugin.infer dependency usage": {
    "min": 51.242098,
    "max": 57.622419,
    "mean": 53.44483916666667,
    "median": 52.698375,
    "variance": 5.261858152564806,
    "stdDev": 2.2938740489758382,
    "confidence": 4.815329557751824,
    "low": 51.037174387790756,
    "high": 55.85250394554258,
    "count": 6,
    "base": 49410.5
  },
  "Compilation.finish modules": {
    "min": 375.269437,
    "max": 419.655911,
    "mean": 395.33468766666664,
    "median": 393.29513199999997,
    "variance": 264.7141070060805,
    "stdDev": 16.27003709295343,
    "confidence": 34.15426865062477,
    "low": 378.25755334135425,
    "high": 412.411821991979,
    "count": 6,
    "base": 49410.5
  },
  "Compilation.report dependency errors and warnings": {
    "min": 85.303686,
    "max": 92.661169,
    "mean": 89.05802549999999,
    "median": 89.04391749999999,
    "variance": 6.642907762179585,
    "stdDev": 2.577383898874901,
    "confidence": 5.410477037946862,
    "low": 86.35278698102655,
    "high": 91.76326401897342,
    "count": 6,
    "base": 49410.5
  },
  "Compilation.optimize dependencies": {
    "min": 400.216989,
    "max": 487.459881,
    "mean": 435.32126383333326,
    "median": 415.0090775,
    "variance": 1309.4809264572211,
    "stdDev": 36.18675070322315,
    "confidence": 75.96368699407287,
    "low": 397.3394203362968,
    "high": 473.3031073303697,
    "count": 6,
    "base": 49410.5
  },
  "Compilation.create chunks": {
    "min": 226.959533,
    "max": 255.007224,
    "mean": 241.14371583333332,
    "median": 241.7695055,
    "variance": 72.8412696200159,
    "stdDev": 8.534709697465749,
    "confidence": 17.91617106936934,
    "low": 232.18563029864865,
    "high": 250.101801368018,
    "count": 6,
    "base": 49410.5
  },
  "Compilation.optimize": {
    "min": 606.362433,
    "max": 670.295797,
    "mean": 641.4491945,
    "median": 644.5745985,
    "variance": 421.18988408422,
    "stdDev": 20.52291119905312,
    "confidence": 43.08195602632986,
    "low": 619.908216486835,
    "high": 662.9901725131649,
    "count": 6,
    "base": 49410.5
  },
  "Compilation.module hashing": {
    "min": 360.31283,
    "max": 400.678476,
    "mean": 375.75499183333335,
    "median": 371.7046815,
    "variance": 168.9114660223954,
    "stdDev": 12.996594400934246,
    "confidence": 27.282616147504882,
    "low": 362.1136837595809,
    "high": 389.3962999070858,
    "count": 6,
    "base": 49410.5
  },
  "Compilation.code generation": {
    "min": 2672.859046,
    "max": 3101.32383,
    "mean": 2795.687931,
    "median": 2740.7941069999997,
    "variance": 21103.535439653035,
    "stdDev": 145.2705594387694,
    "confidence": 304.9538046995094,
    "low": 2643.211028650245,
    "high": 2948.1648333497546,
    "count": 6,
    "base": 49410.5
  },