{
  "stats": {
    "min": 27444,
    "max": 29035,
    "mean": 28087.727272727272,
    "median": 27998,
    "variance": 187089.28925619836,
    "stdDev": 432.53819398545414,
    "confidence": 581.1300084362738,
    "low": 27797.162268509135,
    "high": 28378.29227694541,
    "count": 11,
    "base": 27850.5
  },
  "heap memory": {
    "min": 177948800,
    "max": 378334392,
    "mean": 338717654.54545456,
    "median": 352135832,
    "variance": 2798001217618174,
    "stdDev": 52896136.13127308,
    "confidence": 71067786.52996063,
    "low": 303183761.28047425,
    "high": 374251547.8104349,
    "count": 11,
    "base": 27850.5
  },
  "rss memory": {
    "min": 546246656,
    "max": 844070912,
    "mean": 715752541.0909091,
    "median": 765112320,
    "variance": 8975348653016801,
    "stdDev": 94738316.70985505,
    "confidence": 127284201.84481502,
    "low": 652110440.1685016,
    "high": 779394642.0133166,
    "count": 11,
    "base": 27850.5
  },
  "external memory": {
    "min": 32856555,
    "max": 32881131,
    "mean": 32869960.09090909,
    "median": 32864747,
    "variance": 76537382.08264463,
    "stdDev": 8748.564572696747,
    "confidence": 11753.998778909445,
    "low": 32864083.091519635,
    "high": 32875837.090298545,
    "count": 11,
    "base": 27850.5
  },
  "array buffers memory": {
    "min": 31485346,
    "max": 31509922,
    "mean": 31498751.09090909,
    "median": 31493538,
    "variance": 76537382.08264463,
    "stdDev": 8748.564572696747,
    "confidence": 11753.998778909445,
    "low": 31492874.091519635,
    "high": 31504628.090298545,
    "count": 11,
    "base": 27850.5
  },
  "Compiler.make hook": {
    "min": 26546.128825,
    "max": 27973.000673,
    "mean": 27168.268524363637,
    "median": 27124.888814,
    "variance": 157962.99331690118,
    "stdDev": 397.44558535339297,
    "confidence": 533.9818762389914,
    "low": 26901.27758624414,
    "high": 27435.259462483133,
    "count": 11,
    "base": 27850.5
  },
  "Compiler.finish make hook": {
    "min": 0.121501,
    "max": 0.2308,
    "mean": 0.1588461818181818,
    "median": 0.145201,
    "variance": 0.0013221172499669424,
    "stdDev": 0.03636093026817304,
    "confidence": 0.04885216613773696,
    "low": 0.13442009874931332,
    "high": 0.18327226488705028,
    "count": 11,
    "base": 27850.5
  },
  "Compiler.finish compilation": {
    "min": 140.790028,
    "max": 158.049649,
    "mean": 149.58536609090908,
    "median": 150.216784,
    "variance": 33.999566635947524,
    "stdDev": 5.830914734065962,
    "confidence": 7.834035411709522,
    "low": 145.66834838505432,
    "high": 153.50238379676384,
    "count": 11,
    "base": 27850.5
  },
  "Compiler.seal compilation": {
    "min": 632.167254,
    "max": 836.86305,
    "mean": 674.4490583636364,
    "median": 658.754693,
    "variance": 2775.8863457718926,
    "stdDev": 52.68668091436291,
    "confidence": 70.78637620906284,
    "low": 639.055870259105,
    "high": 709.8422464681678,
    "count": 11,
    "base": 27850.5
  },
  "Compiler.afterCompile hook": {
    "min": 0.0825,
    "max": 0.1362,
    "mean": 0.10142745454545456,
    "median": 0.0923,
    "variance": 0.0003027375191570247,
    "stdDev": 0.017399353986772746,
    "confidence": 0.023376633253938656,
    "low": 0.08973913791848523,
    "high": 0.11311577117242388,
    "count": 11,
    "base": 27850.5
  },
  "Compiler.emitAssets": {
    "min": 66.416007,
    "max": 80.043448,
    "mean": 74.29393727272726,
    "median": 74.631194,
    "variance": 11.976513993493286,
    "stdDev": 3.460710041811259,
    "confidence": 4.649583513683666,
    "low": 71.96914551588543,
    "high": 76.6187290295691,
    "count": 11,
    "base": 27850.5
  },
  "Compiler.emitRecords": {
    "min": 0.092501,
    "max": 0.136301,
    "mean": 0.116746,
    "median": 0.116901,
    "variance": 0.00014672224818181818,
    "stdDev": 0.012112895945306316,
    "confidence": 0.016274094220498525,
    "low": 0.10860895288975074,
    "high": 0.12488304711024927,
    "count": 11,
    "base": 27850.5
  },
  "FlagDependencyExportsPlugin.restore cached provided exports": {
    "min": 6.546535,
    "max": 7.529241,
    "mean": 7.067979454545454,
    "median": 7.028212,
    "variance": 0.07876121084333881,
    "stdDev": 0.28064427812328335,
    "confidence": 0.37705528432215196,
    "low": 6.879451812384378,
    "high": 7.25650709670653,
    "count": 11,
    "base": 27850.5
  },
  "FlagDependencyExportsPlugin.figure out provided exports": {
    "min": 74.258044,
    "max": 91.223489,
    "mean": 81.29203136363637,
    "median": 80.367385,
    "variance": 29.243139353569507,
    "stdDev": 5.4076926090126,
    "confidence": 7.265421863767131,
    "low": 77.6593204317528,
    "high": 84.92474229551993,
    "count": 11,
    "base": 27850.5
  },
  "FlagDependencyExportsPlugin.store provided exports into cache": {
    "min": 18.79583,
    "max": 31.231663,
    "mean": 24.713010181818184,
    "median": 22.952295,
    "variance": 25.608492340406144,
    "stdDev": 5.060483409755054,
    "confidence": 6.798934307987302,
    "low": 21.313543027824533,
    "high": 28.112477335811835,
    "count": 11,
    "base": 27850.5
  },
  "Compilation.finish modules": {
    "min": 103.795392,
    "max": 121.750552,
    "mean": 114.611281,
    "median": 115.026098,
    "variance": 25.653825450523257,
    "stdDev": 5.06496055764734,
    "confidence": 6.80494951087249,
    "low": 111.20880624456376,
    "high": 118.01375575543625,
    "count": 11,
    "base": 27850.5
  },
  "Compilation.report dependency errors and warnings": {
    "min": 29.706118,
    "max": 43.430892,
    "mean": 34.46085600000001,
    "median": 32.795071,
    "variance": 17.191595607854183,
    "stdDev": 4.146274907414387,
    "confidence": 5.570663597873761,
    "low": 31.675524201063126,
    "high": 37.24618779893689,
    "count": 11,
    "base": 27850.5
  },
  "Compilation.optimize dependencies": {
    "min": 0.6448,
    "max": 0.935205,
    "mean": 0.7684300909090909,
    "median": 0.757304,
    "variance": 0.0060960021246280974,
    "stdDev": 0.0780768987897707,
    "confidence": 0.10489901119322487,
    "low": 0.7159805853124784,
    "high": 0.8208795965057033,
    "count": 11,
    "base": 27850.5
  },
  "Compilation.create chunks": {
    "min": 58.026911,
    "max": 66.628408,
    "mean": 61.58634654545455,
    "median": 61.829622,
    "variance": 6.482332934066606,
    "stdDev": 2.5460426025631633,
    "confidence": 3.4206962059780466,
    "low": 59.87599844246553,
    "high": 63.29669464844358,
    "count": 11,
    "base": 27850.5
  },
  "Compilation.optimize": {
    "min": 25.353537,
    "max": 34.307387,
    "mean": 28.843728727272723,
    "median": 27.359848,
    "variance": 11.468743976574201,
    "stdDev": 3.386553406721087,
    "confidence": 4.54995151222159,
    "low": 26.568752971161928,
    "high": 31.118704483383517,
    "count": 11,
    "base": 27850.5
  },
  "Compilation.module hashing": {
    "min": 114.691578,
    "max": 195.730916,
    "mean": 128.30633645454546,
    "median": 121.557034,
    "variance": 477.95441099038095,
    "stdDev": 21.862168487832605,
    "confidence": 29.37257873277342,
    "low": 113.62004708815876,
    "high": 142.99262582093218,
    "count": 11,
    "base": 27850.5
  },
  "Compilation.code generation": {
    "min": 242.149782,
    "max": 343.243754,
    "mean": 265.70053009090907,
    "median": 259.560054,
    "variance": 655.251390536354,
    "stdDev": 25.597878633518718,
    "confidence": 34.391634387662094,
    "low": 248.504712897078,
    "high": 282.8963472847401,
    "count": 11,
    "base": 27850.5
  },
  "Compilation.runtime requirements": {
    "min": 12.851267,
    "max": 27.89175,
    "mean": 15.966046545454544,
    "median": 13.950372,
    "variance": 20.657117896386428,
    "stdDev": 4.54501021961298,
    "confidence": 6.106378266691191,
    "low": 12.912857412108949,
    "high": 19.01923567880014,
    "count": 11,
    "base": 27850.5
  },