{
  "cache.PackFileCacheStrategy.restore cache container": {
    "min": 21.402116,
    "max": 24.753559,
    "mean": 22.69994776190476,
    "median": 22.494426,
    "variance": 1.262722138073039,
    "stdDev": 1.1237090985095026,
    "confidence": 1.0230304246020339,
    "low": 22.188432549603743,
    "high": 23.211462974205777,
    "count": 21,
    "base": 10200
  },
  "stats": {
    "min": 9072,
    "max": 9383,
    "mean": 9199.285714285714,
    "median": 9198,
    "variance": 6597.34693877551,
    "stdDev": 81.22405394201591,
    "confidence": 73.94678792083869,
    "low": 9162.312320325294,
    "high": 9236.259108246133,
    "count": 21,
    "base": 10200
  },
  "heap memory": {
    "min": 483832240,
    "max": 611350712,
    "mean": 577012981.7142857,
    "median": 582644928,
    "variance": 762971219089683,
    "stdDev": 27621933.659497537,
    "confidence": 25147147.564691544,
    "low": 564439407.93194,
    "high": 589586555.4966315,
    "count": 21,
    "base": 10200
  },
  "rss memory": {
    "min": 686575616,
    "max": 806359040,
    "mean": 774241718.8571428,
    "median": 779218944,
    "variance": 682534688354610.5,
    "stdDev": 26125364.846344452,
    "confidence": 23784663.777386665,
    "low": 762349386.9684495,
    "high": 786134050.7458361,
    "count": 21,
    "base": 10200
  },
  "external memory": {
    "min": 100372164,
    "max": 100404932,
    "mean": 100388157.90476191,
    "median": 100388548,
    "variance": 86130650.84807257,
    "stdDev": 9280.660043772348,
    "confidence": 8449.159660428762,
    "low": 100383933.3249317,
    "high": 100392382.48459212,
    "count": 21,
    "base": 10200
  },
  "array buffers memory": {
    "min": 98884826,
    "max": 98917594,
    "mean": 98900819.90476191,
    "median": 98901210,
    "variance": 86130650.84807257,
    "stdDev": 9280.660043772348,
    "confidence": 8449.159660428762,
    "low": 98896595.3249317,
    "high": 98905044.48459212,
    "count": 21,
    "base": 10200
  },
  "Compiler.make hook": {
    "min": 6824.7065920000005,
    "max": 7119.403215,
    "mean": 6930.069568571428,
    "median": 6926.834332,
    "variance": 4695.918665293807,
    "stdDev": 68.52677334658189,
    "confidence": 62.387119697035814,
    "low": 6898.87600872291,
    "high": 6961.263128419946,
    "count": 21,
    "base": 10200
  },
  "Compiler.finish make hook": {
    "min": 0.080001,
    "max": 0.089302,
    "mean": 0.08476776190476192,
    "median": 0.085201,
    "variance": 0.000007315790562358282,
    "stdDev": 0.002704771813362133,
    "confidence": 0.002462437885699914,
    "low": 0.08353654296191196,
    "high": 0.08599898084761187,
    "count": 21,
    "base": 10200
  },
  "Compiler.finish compilation": {
    "min": 393.193708,
    "max": 436.237095,
    "mean": 411.5957926666667,
    "median": 410.867227,
    "variance": 134.4357222774504,
    "stdDev": 11.594641964176832,
    "confidence": 10.555820458741323,
    "low": 406.317882437296,
    "high": 416.87370289603734,
    "count": 21,
    "base": 10200
  },
  "Compiler.seal compilation": {
    "min": 1584.923877,
    "max": 1658.7368040000001,
    "mean": 1617.760468238095,
    "median": 1617.05043,
    "variance": 499.6388402564338,
    "stdDev": 22.352602538774626,
    "confidence": 20.349921965155318,
    "low": 1607.5855072555173,
    "high": 1627.9354292206726,
    "count": 21,
    "base": 10200
  },
  "Compiler.afterCompile hook": {
    "min": 0.055701,
    "max": 0.065101,
    "mean": 0.05994371428571429,
    "median": 0.059701,
    "variance": 0.00000447021372789116,
    "stdDev": 0.002114287995494266,
    "confidence": 0.001924858443017402,
    "low": 0.05898128506420559,
    "high": 0.06090614350722299,
    "count": 21,
    "base": 10200
  },
  "Compiler.emitAssets": {
    "min": 202.617536,
    "max": 240.448492,
    "mean": 220.12069980952384,
    "median": 219.106431,
    "variance": 99.65579366558661,
    "stdDev": 9.982774847986235,
    "confidence": 9.088368515470847,
    "low": 215.57651555178842,
    "high": 224.66488406725927,
    "count": 21,
    "base": 10200
  },
  "Compiler.emitRecords": {
    "min": 0.074901,
    "max": 0.243003,
    "mean": 0.09932042857142857,
    "median": 0.079402,
    "variance": 0.0022383181279591836,
    "stdDev": 0.04731086691193878,
    "confidence": 0.04307205159183097,
    "low": 0.07778440277551309,
    "high": 0.12085645436734406,
    "count": 21,
    "base": 10200
  },
  "Compilation.compute affected modules": {
    "min": 0.259304,
    "max": 0.288105,
    "mean": 0.26765157142857143,
    "median": 0.266504,
    "variance": 0.00005180308005442172,
    "stdDev": 0.007197435658234238,
    "confidence": 0.006552581684401981,
    "low": 0.26437528058637044,
    "high": 0.2709278622707724,
    "count": 21,
    "base": 10200
  },
  "Compilation.finish modules": {
    "min": 311.261418,
    "max": 354.088623,
    "mean": 328.5668515238096,
    "median": 327.337911,
    "variance": 105.49090366365657,
    "stdDev": 10.270876479816927,
    "confidence": 9.350657692564141,
    "low": 323.8915226775275,
    "high": 333.24218037009166,
    "count": 21,
    "base": 10200
  },
  "Compilation.report dependency errors and warnings": {
    "min": 72.756668,
    "max": 94.103256,
    "mean": 82.29413519047618,
    "median": 81.203979,
    "variance": 32.14348160911891,
    "stdDev": 5.669522167618617,
    "confidence": 5.161561544818682,
    "low": 79.71335441806684,
    "high": 84.87491596288552,
    "count": 21,
    "base": 10200
  },
  "Compilation.optimize dependencies": {
    "min": 78.952246,
    "max": 123.411391,
    "mean": 111.79814795238092,
    "median": 117.132974,
    "variance": 148.74359456627002,
    "stdDev": 12.196048317642482,
    "confidence": 11.103343832860531,
    "low": 106.24647603595065,
    "high": 117.34981986881118,
    "count": 21,
    "base": 10200
  },
  "Compilation.create chunks": {
    "min": 125.934027,
    "max": 147.811532,
    "mean": 131.81874776190475,
    "median": 130.068994,
    "variance": 34.84231890512234,
    "stdDev": 5.902738254837524,
    "confidence": 5.373882645580466,
    "low": 129.1318064391145,
    "high": 134.50568908469498,
    "count": 21,
    "base": 10200
  },
  "Compilation.compute affected modules with chunk graph": {
    "min": 0.160802,
    "max": 0.193702,
    "mean": 0.17401685714285714,
    "median": 0.167203,
    "variance": 0.0001420321036462586,
    "stdDev": 0.011917722250759941,
    "confidence": 0.010849954379345939,
    "low": 0.16859187995318417,
    "high": 0.1794418343325301,
    "count": 21,
    "base": 10200
  },
  "Compilation.optimize": {
    "min": 101.524469,
    "max": 125.110695,
    "mean": 110.94962680952379,
    "median": 110.443202,
    "variance": 29.942261081602066,
    "stdDev": 5.471952218505025,
    "confidence": 4.981692867775536,
    "low": 108.45878037563602,
    "high": 113.44047324341156,
    "count": 21,
    "base": 10200
  },
  "Compilation.module hashing": {
    "min": 188.379725,
    "max": 210.010731,
    "mean": 201.2968075238095,
    "median": 201.156819,
    "variance": 26.122451601971857,
    "stdDev": 5.111012776541638,
    "confidence": 4.653091781375849,
    "low": 198.97026163312157,
    "high": 203.62335341449742,
    "count": 21,
    "base": 10200
  },
  "Compilation.code generation": {
    "min": 590.578865,
    "max": 652.839492,
    "mean": 622.8311265714285,
    "median": 623.149492,
    "variance": 266.1029668647947,
    "stdDev": 16.31266277665283,
    "confidence": 14.851130376112906,
    "low": 615.4055613833721,
    "high": 630.256691759485,
    "count": 21,
    "base": 10200
  },
  "Compilation.runtime requirements.modules": {
    "min": 23.208224,
    "max": 32.044067,
    "mean": 26.256394238095243,
    "median": 24.734254,
    "variance": 9.78396132765037,
    "stdDev": 3.127932436554596,
    "confidence": 2.84768544896486,
    "low": 24.832551513612813,
    "high": 27.680236962577673,
    "count": 21,
    "base": 10200
  },