{
  "stats": {
    "min": 8121,
    "max": 8437,
    "mean": 8285.6,
    "median": 8291,
    "variance": 5367.906666666667,
    "stdDev": 73.26599939034932,
    "confidence": 54.70980396926461,
    "low": 8258.245098015368,
    "high": 8312.954901984633,
    "count": 30,
    "base": 7899
  },
  "heap memory": {
    "min": 369803296,
    "max": 624859888,
    "mean": 499105047.46666664,
    "median": 502656204,
    "variance": 3664587558654848,
    "stdDev": 60535836.978230074,
    "confidence": 45203829.904088974,
    "low": 476503132.51462215,
    "high": 521706962.4187111,
    "count": 30,
    "base": 7899
  },
  "rss memory": {
    "min": 776470528,
    "max": 933617664,
    "mean": 824447931.7333333,
    "median": 815372288,
    "variance": 1332545082879435.8,
    "stdDev": 36504042.00741934,
    "confidence": 27258605.614200354,
    "low": 810818628.9262332,
    "high": 838077234.5404335,
    "count": 30,
    "base": 7899
  },
  "external memory": {
    "min": 101442690,
    "max": 101573762,
    "mean": 101510956.66666667,
    "median": 101512322,
    "variance": 994702495.288889,
    "stdDev": 31538.9044719199,
    "confidence": 23550.99630689621,
    "low": 101499181.16851322,
    "high": 101522732.16482012,
    "count": 30,
    "base": 7899
  },
  "array buffers memory": {
    "min": 99982737,
    "max": 100113809,
    "mean": 100051003.66666667,
    "median": 100060561,
    "variance": 994702495.2888888,
    "stdDev": 31538.904471919897,
    "confidence": 23550.99630689621,
    "low": 100039228.16851322,
    "high": 100062779.16482012,
    "count": 30,
    "base": 7899
  },
  "Compiler.make hook": {
    "min": 6292.26964,
    "max": 6630.915489,
    "mean": 6485.683317000001,
    "median": 6488.7889165,
    "variance": 6328.677123446892,
    "stdDev": 79.55298312097977,
    "confidence": 59.40447339741695,
    "low": 6455.981080301292,
    "high": 6515.385553698709,
    "count": 30,
    "base": 7899
  },
  "Compiler.finish make hook": {
    "min": 0.072165,
    "max": 0.084168,
    "mean": 0.07522793333333334,
    "median": 0.07433899999999999,
    "variance": 0.000007688298595555564,
    "stdDev": 0.00277277813673499,
    "confidence": 0.0020705122372359497,
    "low": 0.07419267721471537,
    "high": 0.07626318945195132,
    "count": 30,
    "base": 7899
  },
  "Compiler.finish compilation": {
    "min": 289.451296,
    "max": 381.429898,
    "mean": 309.2492764999999,
    "median": 305.404291,
    "variance": 396.88817646932364,
    "stdDev": 19.922052516478406,
    "confidence": 14.876362800089396,
    "low": 301.8110950999552,
    "high": 316.6874579000446,
    "count": 30,
    "base": 7899
  },
  "Compiler.seal compilation": {
    "min": 1245.889005,
    "max": 1349.939553,
    "mean": 1285.4259735999997,
    "median": 1279.190773,
    "variance": 503.09597258802376,
    "stdDev": 22.429800993054393,
    "confidence": 16.748969857924294,
    "low": 1277.0514886710375,
    "high": 1293.8004585289618,
    "count": 30,
    "base": 7899
  },
  "Compiler.afterCompile hook": {
    "min": 0.051116,
    "max": 0.06939,
    "mean": 0.05459976666666665,
    "median": 0.053265,
    "variance": 0.000013644694712222214,
    "stdDev": 0.0036938725901446865,
    "confidence": 0.002758319643161547,
    "low": 0.05322060684508588,
    "high": 0.05597892648824743,
    "count": 30,
    "base": 7899
  },
  "Compiler.emitAssets": {
    "min": 164.22048,
    "max": 220.766357,
    "mean": 189.0352603666667,
    "median": 189.605007,
    "variance": 146.49657410459176,
    "stdDev": 12.103576913647956,
    "confidence": 9.038084865868086,
    "low": 184.51621793373266,
    "high": 193.55430279960075,
    "count": 30,
    "base": 7899
  },
  "Compiler.emitRecords": {
    "min": 0.082054,
    "max": 0.125074,
    "mean": 0.0893334666666667,
    "median": 0.0875345,
    "variance": 0.00006015082231555554,
    "stdDev": 0.00775569612063002,
    "confidence": 0.005791398710665224,
    "low": 0.08643776731133408,
    "high": 0.0922291660219993,
    "count": 30,
    "base": 7899
  },
  "Compilation.compute affected modules": {
    "min": 0.207019,
    "max": 0.221736,
    "mean": 0.21134333333333333,
    "median": 0.210635,
    "variance": 0.000011556267422222212,
    "stdDev": 0.003399451047187209,
    "confidence": 0.002538466709555709,
    "low": 0.21007409997855547,
    "high": 0.21261256668811118,
    "count": 30,
    "base": 7899
  },
  "Compilation.finish modules": {
    "min": 223.483424,
    "max": 262.242216,
    "mean": 237.62329789999998,
    "median": 236.36594050000002,
    "variance": 73.62305217962945,
    "stdDev": 8.58038764739854,
    "confidence": 6.407219311490394,
    "low": 234.4196882442548,
    "high": 240.82690755574518,
    "count": 30,
    "base": 7899
  },
  "Compilation.report dependency errors and warnings": {
    "min": 62.576895,
    "max": 131.467521,
    "mean": 71.04333623333332,
    "median": 66.30342999999999,
    "variance": 193.6113484343496,
    "stdDev": 13.914429504451471,
    "confidence": 10.390299959970093,
    "low": 65.84818625334827,
    "high": 76.23848621331837,
    "count": 30,
    "base": 7899
  },
  "Compilation.optimize dependencies": {
    "min": 88.805312,
    "max": 103.845951,
    "mean": 94.60895533333334,
    "median": 93.54853750000001,
    "variance": 10.103031230447426,
    "stdDev": 3.17852658168017,
    "confidence": 2.373496132473832,
    "low": 93.42220726709643,
    "high": 95.79570339957026,
    "count": 30,
    "base": 7899
  },
  "Compilation.create chunks": {
    "min": 94.763572,
    "max": 190.437808,
    "mean": 108.75412046666666,
    "median": 106.1656055,
    "variance": 239.45002018854612,
    "stdDev": 15.474172681876926,
    "confidence": 11.555004518556757,
    "low": 102.97661820738828,
    "high": 114.53162272594504,
    "count": 30,
    "base": 7899
  },
  "Compilation.compute affected modules with chunk graph": {
    "min": 0.129012,
    "max": 0.177192,
    "mean": 0.14868846666666666,
    "median": 0.1521095,
    "variance": 0.00014767530164888894,
    "stdDev": 0.012152172713094928,
    "confidence": 0.009074372730410951,
    "low": 0.14415128030146118,
    "high": 0.15322565303187213,
    "count": 30,
    "base": 7899
  },
  "Compilation.optimize": {
    "min": 82.244749,
    "max": 89.064729,
    "mean": 84.84730616666667,
    "median": 84.3048565,
    "variance": 2.846506587699341,
    "stdDev": 1.6871593249303223,
    "confidence": 1.2598498171037988,
    "low": 84.21738125811477,
    "high": 85.47723107521857,
    "count": 30,
    "base": 7899
  },
  "Compilation.module hashing": {
    "min": 155.148849,
    "max": 252.125929,
    "mean": 164.93342529999998,
    "median": 161.6632605,
    "variance": 278.76747886763826,
    "stdDev": 16.696331299648982,
    "confidence": 12.467625092275,
    "low": 158.69961275386248,
    "high": 171.16723784613748,
    "count": 30,
    "base": 7899
  },
  "Compilation.code generation": {
    "min": 462.117248,
    "max": 498.573891,
    "mean": 477.5669192333333,
    "median": 477.058367,
    "variance": 77.33025906396469,
    "stdDev": 8.793762508958533,
    "confidence": 6.566552384744796,
    "low": 474.2836430409609,
    "high": 480.8501954257057,
    "count": 30,
    "base": 7899
  },
  "Compilation.runtime requirements.modules": {
    "min": 18.501937,
    "max": 24.752234,
    "mean": 22.084338100000004,
    "median": 23.0171675,
    "variance": 4.273820702333356,
    "stdDev": 2.0673221089935057,
    "confidence": 1.5437281722149407,
    "low": 21.312474013892533,
    "high": 22.856202186107474,
    "count": 30,
    "base": 7899
  },
  "Compilation.runtime requirements.chunks": {
    "min": 4.764276,
    "max": 10.659559,
    "mean": 5.437656200000001,
    "median": 4.996066,
    "variance": 1.1863058988049602,
    "stdDev": 1.089176706877704,
    "confidence": 0.813319201498798,
    "low": 5.030996599250602,
    "high": 5.8443158007494,
    "count": 30,
    "base": 7899
  },