{
  "stats": {
    "min": 4916,
    "max": 5636,
    "mean": 5058.666666666667,
    "median": 5017.5,
    "variance": 31479.42222222222,
    "stdDev": 177.42441270079556,
    "confidence": 132.48785137709274,
    "low": 4992.422740978121,
    "high": 5124.910592355213,
    "count": 30,
    "base": 4754.5
  },
  "heap memory": {
    "min": 221374480,
    "max": 307826320,
    "mean": 283642981.06666666,
    "median": 287586012,
    "variance": 425891760149147.7,
    "stdDev": 20637145.155014724,
    "confidence": 15410342.796263933,
    "low": 275937809.6685347,
    "high": 291348152.4647986,
    "count": 30,
    "base": 4754.5
  },
  "rss memory": {
    "min": 466214912,
    "max": 634781696,
    "mean": 488119910.4,
    "median": 472180736,
    "variance": 1878208220939769.2,
    "stdDev": 43338299.700608574,
    "confidence": 32361940.063755274,
    "low": 471938940.36812234,
    "high": 504300880.4318776,
    "count": 30,
    "base": 4754.5
  },
  "external memory": {
    "min": 102908411,
    "max": 102998523,
    "mean": 102966574.2,
    "median": 102965755,
    "variance": 390797284.69333357,
    "stdDev": 19768.593391876257,
    "confidence": 14761.770510435104,
    "low": 102959193.31474479,
    "high": 102973955.08525522,
    "count": 30,
    "base": 4754.5
  },
  "array buffers memory": {
    "min": 101448458,
    "max": 101538570,
    "mean": 101506621.2,
    "median": 101505802,
    "variance": 390797284.69333357,
    "stdDev": 19768.593391876257,
    "confidence": 14761.770510435104,
    "low": 101499240.31474479,
    "high": 101514002.08525522,
    "count": 30,
    "base": 4754.5
  },
  "Compiler.make hook": {
    "min": 3919.964418,
    "max": 4597.782673,
    "mean": 4053.8237385333323,
    "median": 4004.5031870000003,
    "variance": 27719.977899281064,
    "stdDev": 166.49317673490725,
    "confidence": 124.3251868149232,
    "low": 3991.661145125871,
    "high": 4115.986331940794,
    "count": 30,
    "base": 4754.5
  },
  "Compiler.finish make hook": {
    "min": 0.080822,
    "max": 0.122088,
    "mean": 0.09339006666666669,
    "median": 0.0886155,
    "variance": 0.0001321516382622222,
    "stdDev": 0.011495722607223185,
    "confidence": 0.008584182780001587,
    "low": 0.0890979752766659,
    "high": 0.09768215805666748,
    "count": 30,
    "base": 4754.5
  },
  "Compiler.finish compilation": {
    "min": 32.523355,
    "max": 38.920997,
    "mean": 34.85915013333333,
    "median": 34.753339499999996,
    "variance": 1.6211417536427812,
    "stdDev": 1.273240650326081,
    "confidence": 0.9507649791810024,
    "low": 34.38376764374283,
    "high": 35.33453262292383,
    "count": 30,
    "base": 4754.5
  },
  "Compiler.seal compilation": {
    "min": 762.617651,
    "max": 856.108233,
    "mean": 793.9516072666667,
    "median": 785.3589420000001,
    "variance": 570.3282606111206,
    "stdDev": 23.881546445134592,
    "confidence": 17.833029445693228,
    "low": 785.03509254382,
    "high": 802.8681219895133,
    "count": 30,
    "base": 4754.5
  },
  "Compiler.afterCompile hook": {
    "min": 0.056836,
    "max": 0.091782,
    "mean": 0.06369646666666667,
    "median": 0.059792,
    "variance": 0.00008602156398222225,
    "stdDev": 0.00927478107462501,
    "confidence": 0.006925742618306981,
    "low": 0.06023359535751318,
    "high": 0.06715933797582016,
    "count": 30,
    "base": 4754.5
  },
  "Compiler.emitAssets": {
    "min": 134.512009,
    "max": 177.149697,
    "mean": 159.2563331,
    "median": 160.0596195,
    "variance": 124.33481480614883,
    "stdDev": 11.15055221978485,
    "confidence": 8.326434241936397,
    "low": 155.0931159790318,
    "high": 163.4195502209682,
    "count": 30,
    "base": 4754.5
  },
  "Compiler.emitRecords": {
    "min": 0.071614,
    "max": 0.124783,
    "mean": 0.09122659999999999,
    "median": 0.088736,
    "variance": 0.00007719671770666669,
    "stdDev": 0.008786166269008725,
    "confidence": 0.006560880056488583,
    "low": 0.0879461599717557,
    "high": 0.09450704002824428,
    "count": 30,
    "base": 4754.5
  },
  "Compilation.compute affected modules": {
    "min": 0.211345,
    "max": 0.332622,
    "mean": 0.22737456666666667,
    "median": 0.2162895,
    "variance": 0.000868752887512222,
    "stdDev": 0.02947461428945631,
    "confidence": 0.02200953216040208,
    "low": 0.21636980058646563,
    "high": 0.2383793327468677,
    "count": 30,
    "base": 4754.5
  },
  "Compilation.finish modules": {
    "min": 1.288911,
    "max": 1.904191,
    "mean": 1.3828489333333331,
    "median": 1.3432469999999999,
    "variance": 0.018954781502395556,
    "stdDev": 0.13767636508273873,
    "confidence": 0.10280685457857741,
    "low": 1.3314455060440444,
    "high": 1.4342523606226218,
    "count": 30,
    "base": 4754.5
  },
  "Compilation.report dependency errors and warnings": {
    "min": 30.483199,
    "max": 36.61812,
    "mean": 32.70353076666666,
    "median": 32.5549705,
    "variance": 1.4735316477741114,
    "stdDev": 1.213891118582763,
    "confidence": 0.9064469971107059,
    "low": 32.25030726811131,
    "high": 33.15675426522201,
    "count": 30,
    "base": 4754.5
  },
  "Compilation.optimize dependencies": {
    "min": 0.067446,
    "max": 0.114274,
    "mean": 0.08178703333333334,
    "median": 0.0762575,
    "variance": 0.00017342017736555554,
    "stdDev": 0.013168909497963587,
    "confidence": 0.009833598983398278,
    "low": 0.0768702338416342,
    "high": 0.08670383282503248,
    "count": 30,
    "base": 4754.5
  },
  "Compilation.create chunks": {
    "min": 67.826847,
    "max": 83.858727,
    "mean": 74.50071916666666,
    "median": 74.275078,
    "variance": 15.788416652778936,
    "stdDev": 3.97346406209732,
    "confidence": 2.9670985412764708,
    "low": 73.01716989602842,
    "high": 75.98426843730489,
    "count": 30,
    "base": 4754.5
  },
  "Compilation.compute affected modules with chunk graph": {
    "min": 0.148617,
    "max": 0.195386,
    "mean": 0.16770693333333334,
    "median": 0.15952850000000002,
    "variance": 0.00025879765819555563,
    "stdDev": 0.016087189257156007,
    "confidence": 0.012012761417288798,
    "low": 0.16170055262468894,
    "high": 0.17371331404197773,
    "count": 30,
    "base": 4754.5
  },
  "Compilation.optimize": {
    "min": 45.12599,
    "max": 54.397509,
    "mean": 49.11222619999998,
    "median": 49.4558355,
    "variance": 6.237523634037092,
    "stdDev": 2.4975034802852814,
    "confidence": 1.8649568279412136,
    "low": 48.179747786029374,
    "high": 50.04470461397059,
    "count": 30,
    "base": 4754.5
  },
  "Compilation.module hashing": {
    "min": 77.988413,
    "max": 88.218942,
    "mean": 83.31173213333335,
    "median": 83.763744,
    "variance": 7.951982497141515,
    "stdDev": 2.819925973698869,
    "confidence": 2.1057188670414746,
    "low": 82.25887269981261,
    "high": 84.36459156685409,
    "count": 30,
    "base": 4754.5
  },
  "Compilation.code generation": {
    "min": 313.842966,
    "max": 364.472101,
    "mean": 330.12704599999995,
    "median": 327.012944,
    "variance": 141.00756453559342,
    "stdDev": 11.874660607174986,
    "confidence": 8.867146554008286,
    "low": 325.6934727229958,
    "high": 334.5606192770041,
    "count": 30,
    "base": 4754.5
  },
  "Compilation.runtime requirements.modules": {
    "min": 11.305309,
    "max": 25.979677,
    "mean": 13.557447766666664,
    "median": 12.1565565,
    "variance": 12.738630017990245,
    "stdDev": 3.569121743229032,
    "confidence": 2.6651646403423968,
    "low": 12.224865446495466,
    "high": 14.890030086837863,
    "count": 30,
    "base": 4754.5
  },
  "Compilation.runtime requirements.chunks": {
    "min": 2.934477,
    "max": 12.08176,
    "mean": 4.217614000000001,
    "median": 3.6881765,
    "variance": 3.393867139221467,
    "stdDev": 1.8422451354859013,
    "confidence": 1.3756567993945126,
    "low": 3.529785600302745,
    "high": 4.905442399697257,
    "count": 30,
    "base": 4754.5
  },