{
  "cache.PackFileCacheStrategy.restore cache container": {
    "min": 41.201954,
    "max": 51.342171,
    "mean": 45.50565663333334,
    "median": 45.629098,
    "variance": 4.5939316537045665,
    "stdDev": 2.1433459015531224,
    "confidence": 1.6004972987203558,
    "low": 44.70540798397316,
    "high": 46.305905282693516,
    "count": 30,
    "base": 4104.5
  },
  "cache.PackFileCacheStrategy.check build dependencies": {
    "min": 14.03864,
    "max": 23.227122,
    "mean": 15.575551066666668,
    "median": 15.560827,
    "variance": 2.4184325765940633,
    "stdDev": 1.555131048045168,
    "confidence": 1.16126055050138,
    "low": 14.994920791415977,
    "high": 16.156181341917357,
    "count": 30,
    "base": 4104.5
  },
  "cache.PackFileCacheStrategy.restore cache content metadata": {
    "min": 133.349177,
    "max": 154.667626,
    "mean": 140.5657477,
    "median": 139.996553,
    "variance": 25.57959975244397,
    "stdDev": 5.0576278780119805,
    "confidence": 3.776674474626475,
    "low": 138.67741046268677,
    "high": 142.45408493731324,
    "count": 30,
    "base": 4104.5
  },
  "cache.PackFileCacheStrategy.restore cache content": {
    "min": 1102.45887,
    "max": 1158.344817,
    "mean": 1135.5549816,
    "median": 1136.666631,
    "variance": 192.96974476993273,
    "stdDev": 13.89135503721407,
    "confidence": 10.373069599505925,
    "low": 1130.368446800247,
    "high": 1140.741516399753,
    "count": 30,
    "base": 4104.5
  },
  "stats": {
    "min": 3717,
    "max": 4023,
    "mean": 3855.3,
    "median": 3846.5,
    "variance": 6961.1433333333325,
    "stdDev": 83.43346650675215,
    "confidence": 62.30214062516461,
    "low": 3824.148929687418,
    "high": 3886.4510703125825,
    "count": 30,
    "base": 4104.5
  },
  "heap memory": {
    "min": 215403648,
    "max": 431513920,
    "mean": 372198768,
    "median": 416031224,
    "variance": 7001739817419465,
    "stdDev": 83676399.40520544,
    "confidence": 62483545.52460849,
    "low": 340956995.23769575,
    "high": 403440540.76230425,
    "count": 30,
    "base": 4104.5
  },
  "rss memory": {
    "min": 542560256,
    "max": 805031936,
    "mean": 738463744,
    "median": 787501056,
    "variance": 9151862149707640,
    "stdDev": 95665365.46581338,
    "confidence": 71436047.20926356,
    "low": 702745720.3953682,
    "high": 774181767.6046318,
    "count": 30,
    "base": 4104.5
  },
  "external memory": {
    "min": 147150578,
    "max": 283941308,
    "mean": 261142853,
    "median": 283941308,
    "variance": 2598847751935124.5,
    "stdDev": 50978895.16196996,
    "confidence": 38067389.84097627,
    "low": 242109158.07951185,
    "high": 280176547.9204881,
    "count": 30,
    "base": 4104.5
  },
  "array buffers memory": {
    "min": 145661262,
    "max": 282451992,
    "mean": 255093846,
    "median": 282451992,
    "variance": 2993872610229261,
    "stdDev": 54716291.99999997,
    "confidence": 40858210.27699578,
    "low": 234664740.8615021,
    "high": 275522951.1384979,
    "count": 30,
    "base": 4104.5
  },
  "Compiler.make hook": {
    "min": 2557.510591,
    "max": 2654.666322,
    "mean": 2610.619843466667,
    "median": 2609.759288,
    "variance": 815.3152050422881,
    "stdDev": 28.553724889097886,
    "confidence": 21.32187787341718,
    "low": 2599.9589045299585,
    "high": 2621.2807824033757,
    "count": 30,
    "base": 4104.5
  },
  "Compiler.finish make hook": {
    "min": 0.089901,
    "max": 0.145802,
    "mean": 0.09951093333333333,
    "median": 0.0969505,
    "variance": 0.00011311967479555553,
    "stdDev": 0.010635773352020789,
    "confidence": 0.007942034231327916,
    "low": 0.09553991621766937,
    "high": 0.10348195044899729,
    "count": 30,
    "base": 4104.5
  },
  "Compiler.finish compilation": {
    "min": 301.242389,
    "max": 361.007951,
    "mean": 335.3935744,
    "median": 337.130716,
    "variance": 188.34647311270254,
    "stdDev": 13.723937959372394,
    "confidence": 10.248054509477356,
    "low": 330.2695471452613,
    "high": 340.51760165473866,
    "count": 30,
    "base": 4104.5
  },
  "Compiler.seal compilation": {
    "min": 778.518023,
    "max": 1002.772212,
    "mean": 848.1367711333334,
    "median": 814.2043085,
    "variance": 5587.347836062922,
    "stdDev": 74.748564107031,
    "confidence": 55.81687717779869,
    "low": 820.228332544434,
    "high": 876.0452097222327,
    "count": 30,
    "base": 4104.5
  },
  "Compiler.afterCompile hook": {
    "min": 0.0578,
    "max": 0.0849,
    "mean": 0.0658538,
    "median": 0.06395100000000001,
    "variance": 0.000038511106026666665,
    "stdDev": 0.006205731707596346,
    "confidence": 0.004633996233363025,
    "low": 0.06353680188331849,
    "high": 0.06817079811668152,
    "count": 30,
    "base": 4104.5
  },
  "Compiler.emitAssets": {
    "min": 13.171826,
    "max": 93.526694,
    "mean": 39.080728199999996,
    "median": 33.2312575,
    "variance": 423.4352935962277,
    "stdDev": 20.577543429579432,
    "confidence": 15.365836493996515,
    "low": 31.397809953001737,
    "high": 46.76364644699825,
    "count": 30,
    "base": 4104.5
  },
  "Compiler.emitRecords": {
    "min": 0.0715,
    "max": 0.097601,
    "mean": 0.08080730000000003,
    "median": 0.079351,
    "variance": 0.000044571034009999993,
    "stdDev": 0.006676154133181767,
    "confidence": 0.004985274027983766,
    "low": 0.07831466298600814,
    "high": 0.08329993701399191,
    "count": 30,
    "base": 4104.5
  },
  "Compilation.compute affected modules": {
    "min": 0.250003,
    "max": 0.325003,
    "mean": 0.2580355,
    "median": 0.255302,
    "variance": 0.00016695163138333327,
    "stdDev": 0.012920976409828061,
    "confidence": 0.009648460300212935,
    "low": 0.2532112698498935,
    "high": 0.26285973015010644,
    "count": 30,
    "base": 4104.5
  },
  "Compilation.finish modules": {
    "min": 213.641545,
    "max": 262.450809,
    "mean": 235.34667579999999,
    "median": 233.9537965,
    "variance": 101.68673620974302,
    "stdDev": 10.08398414366777,
    "confidence": 7.529997547565358,
    "low": 231.5816770262173,
    "high": 239.11167457378266,
    "count": 30,
    "base": 4104.5
  },
  "Compilation.report dependency errors and warnings": {
    "min": 86.884435,
    "max": 113.344995,
    "mean": 99.31064566666664,
    "median": 87.0980625,
    "variance": 52.98247704618596,
    "stdDev": 7.278906308380811,
    "confidence": 5.435366207461101,
    "low": 96.5929625629361,
    "high": 102.0283287703972,
    "count": 30,
    "base": 4104.5
  },
  "Compilation.optimize dependencies": {
    "min": 112.712607,
    "max": 120.870283,
    "mean": 116.42858609999999,
    "median": 116.444761,
    "variance": 5.624332881341889,
    "stdDev": 2.371567599994124,
    "confidence": 1.770916927021858,
    "low": 115.54312763648906,
    "high": 117.31404456351092,
    "count": 30,
    "base": 4104.5
  },
  "Compilation.create chunks": {
    "min": 144.019971,
    "max": 166.836599,
    "mean": 154.5936265666667,
    "median": 153.352811,
    "variance": 26.89237984849831,
    "stdDev": 5.185786328851036,
    "confidence": 3.8723740321395894,
    "low": 152.6574395505969,
    "high": 156.5298135827365,
    "count": 30,
    "base": 4104.5
  },
  "Compilation.compute affected modules with chunk graph": {
    "min": 0.153102,
    "max": 0.201401,
    "mean": 0.16282146666666664,
    "median": 0.1606015,
    "variance": 0.00007598704824888891,
    "stdDev": 0.00871705502155911,
    "confidence": 0.006509272723871806,
    "low": 0.15956683030473073,
    "high": 0.16607610302860254,
    "count": 30,
    "base": 4104.5
  },
  "Compilation.optimize": {
    "min": 121.860102,
    "max": 293.053906,
    "mean": 139.73014906666666,
    "median": 130.3370135,
    "variance": 1453.1116609834664,
    "stdDev": 38.11970174310741,
    "confidence": 28.46506465599397,
    "low": 125.49761673866966,
    "high": 153.96268139466363,
    "count": 30,
    "base": 4104.5
  },