{
  "stats": {
    "min": 12208,
    "max": 14153,
    "mean": 12930.1,
    "median": 12634,
    "variance": 435017.48999999993,
    "stdDev": 659.5585569151536,
    "confidence": 617.358717853891,
    "low": 12621.420641073055,
    "high": 13238.779358926946,
    "count": 20,
    "base": 11788
  },
  "heap memory": {
    "min": 220508688,
    "max": 359863088,
    "mean": 275419871.2,
    "median": 250046448,
    "variance": 2840228399808781,
    "stdDev": 53293793.25783426,
    "confidence": 49883952.72909701,
    "low": 250477894.83545148,
    "high": 300361847.5645485,
    "count": 20,
    "base": 11788
  },
  "rss memory": {
    "min": 614567936,
    "max": 790179840,
    "mean": 673764556.8,
    "median": 638599168,
    "variance": 4408131272321269.5,
    "stdDev": 66393759.28746067,
    "confidence": 62145757.457710505,
    "low": 642691678.0711447,
    "high": 704837435.5288552,
    "count": 20,
    "base": 11788
  },
  "external memory": {
    "min": 107989800,
    "max": 108219176,
    "mean": 108104488,
    "median": 108108584,
    "variance": 3147405721.6,
    "stdDev": 56101.74437216725,
    "confidence": 52512.245670735836,
    "low": 108078231.87716463,
    "high": 108130744.12283537,
    "count": 20,
    "base": 11788
  },
  "array buffers memory": {
    "min": 106529847,
    "max": 106701879,
    "mean": 106628560.6,
    "median": 106632247,
    "variance": 2298310819.840001,
    "stdDev": 47940.70107789415,
    "confidence": 44873.3617965579,
    "low": 106606123.91910172,
    "high": 106650997.28089827,
    "count": 20,
    "base": 11788
  },
  "Compiler.make hook": {
    "min": 9977.014992,
    "max": 11654.629837,
    "mean": 10589.209410300002,
    "median": 10311.718517,
    "variance": 356346.85234262206,
    "stdDev": 596.9479477664884,
    "confidence": 558.7540572323123,
    "low": 10309.832381683846,
    "high": 10868.586438916158,
    "count": 20,
    "base": 11788
  },
  "Compiler.finish make hook": {
    "min": 0.140497,
    "max": 0.229196,
    "mean": 0.15611744999999994,
    "median": 0.15249800000000002,
    "variance": 0.0003532732123475001,
    "stdDev": 0.018795563634738388,
    "confidence": 0.017592986923185394,
    "low": 0.14732095653840724,
    "high": 0.16491394346159263,
    "count": 20,
    "base": 11788
  },
  "Compiler.finish compilation": {
    "min": 307.502771,
    "max": 362.670194,
    "mean": 331.60863035,
    "median": 329.683786,
    "variance": 188.31585707723227,
    "stdDev": 13.722822489460114,
    "confidence": 12.8448096209288,
    "low": 325.1862255395356,
    "high": 338.0310351604644,
    "count": 20,
    "base": 11788
  },
  "Compiler.seal compilation": {
    "min": 1483.999556,
    "max": 1896.774206,
    "mean": 1602.6695540999997,
    "median": 1559.2810395,
    "variance": 14750.835333549354,
    "stdDev": 121.45301698002135,
    "confidence": 113.68221677384508,
    "low": 1545.8284457130771,
    "high": 1659.5106624869222,
    "count": 20,
    "base": 11788
  },
  "Compiler.afterCompile hook": {
    "min": 0.093499,
    "max": 0.185898,
    "mean": 0.11214324999999999,
    "median": 0.099749,
    "variance": 0.0006499075726875001,
    "stdDev": 0.025493284854790684,
    "confidence": 0.023862174915065565,
    "low": 0.1002121625424672,
    "high": 0.12407433745753277,
    "count": 20,
    "base": 11788
  },
  "Compiler.emitAssets": {
    "min": 248.347604,
    "max": 469.204735,
    "mean": 375.785813,
    "median": 404.8078205,
    "variance": 5546.378651349859,
    "stdDev": 74.47401326200878,
    "confidence": 69.70902106995493,
    "low": 340.93130246502255,
    "high": 410.6403235349775,
    "count": 20,
    "base": 11788
  },
  "Compiler.emitRecords": {
    "min": 0.107299,
    "max": 8.260032,
    "mean": 0.5313098,
    "median": 0.1158985,
    "variance": 3.144597135088861,
    "stdDev": 1.773301196945646,
    "confidence": 1.361230768985297,
    "low": 0,
    "high": 1.361230768985297,
    "count": 20,
    "base": 11788
  },
  "Compilation.compute affected modules": {
    "min": 0.309196,
    "max": 0.564492,
    "mean": 0.36465925000000005,
    "median": 0.344744,
    "variance": 0.0037663859133874994,
    "stdDev": 0.061370888158698664,
    "confidence": 0.05744425939133524,
    "low": 0.3359371203043324,
    "high": 0.39338137969566767,
    "count": 20,
    "base": 11788
  },
  "Compilation.finish modules": {
    "min": 243.170226,
    "max": 283.912392,
    "mean": 260.8007909000001,
    "median": 259.987624,
    "variance": 138.59697324373488,
    "stdDev": 11.772721573354858,
    "confidence": 11.019479953638438,
    "low": 255.29105092318088,
    "high": 266.3105308768193,
    "count": 20,
    "base": 11788
  },
  "Compilation.report dependency errors and warnings": {
    "min": 60.6762,
    "max": 86.31748,
    "mean": 69.74263605,
    "median": 67.6565905,
    "variance": 45.37105112948985,
    "stdDev": 6.735803673615336,
    "confidence": 6.3048338560084005,
    "low": 66.5902191219958,
    "high": 72.8950529780042,
    "count": 20,
    "base": 11788
  },
  "Compilation.optimize dependencies": {
    "min": 1.498481,
    "max": 2.402263,
    "mean": 1.8655759499999998,
    "median": 1.8649179999999999,
    "variance": 0.03965251000184751,
    "stdDev": 0.1991293800569055,
    "confidence": 0.18638869509017075,
    "low": 1.7723816024549144,
    "high": 1.9587702975450851,
    "count": 20,
    "base": 11788
  },
  "Compilation.create chunks": {
    "min": 102.470641,
    "max": 139.699832,
    "mean": 123.32084885000002,
    "median": 122.808705,
    "variance": 78.5997744621702,
    "stdDev": 8.86565138397457,
    "confidence": 8.29840976811741,
    "low": 119.17164396594131,
    "high": 127.47005373405872,
    "count": 20,
    "base": 11788
  },
  "Compilation.compute affected modules with chunk graph": {
    "min": 0.212296,
    "max": 0.353794,
    "mean": 0.2704709,
    "median": 0.2754465,
    "variance": 0.0011019846908899998,
    "stdDev": 0.033196154760604425,
    "confidence": 0.03107220022516133,
    "low": 0.25493479988741935,
    "high": 0.2860070001125807,
    "count": 20,
    "base": 11788
  },
  "Compilation.optimize": {
    "min": 79.675844,
    "max": 105.536079,
    "mean": 91.71466679999999,
    "median": 87.719907,
    "variance": 55.97865600835786,
    "stdDev": 7.481888532206147,
    "confidence": 7.003182754496095,
    "low": 88.21307542275194,
    "high": 95.21625817724804,
    "count": 20,
    "base": 11788
  },
  "Compilation.module hashing": {
    "min": 143.779647,
    "max": 169.612455,
    "mean": 159.4393504,
    "median": 160.579027,
    "variance": 51.96705512657978,
    "stdDev": 7.20881787303437,
    "confidence": 6.747583687116389,
    "low": 156.0655585564418,
    "high": 162.8131422435582,
    "count": 20,
    "base": 11788
  },
  "Compilation.code generation": {
    "min": 634.685227,
    "max": 793.553429,
    "mean": 684.1178467000001,
    "median": 667.4284580000001,
    "variance": 2046.8416956402102,
    "stdDev": 45.24203460986487,
    "confidence": 42.347361257024204,
    "low": 662.944166071488,
    "high": 705.2915273285122,
    "count": 20,
    "base": 11788
  },
  "Compilation.runtime requirements.modules": {
    "min": 17.496144,
    "max": 99.129372,
    "mean": 25.793051999999996,
    "median": 19.325918,
    "variance": 321.28985214994725,
    "stdDev": 17.924560026677007,
    "confidence": 16.777711819737604,
    "low": 17.404196090131194,
    "high": 34.1819079098688,
    "count": 20,
    "base": 11788
  },
  "Compilation.runtime requirements.chunks": {
    "min": 5.589129,
    "max": 29.545544,
    "mean": 8.41336995,
    "median": 6.308187,
    "variance": 28.955454801830733,
    "stdDev": 5.3810272998592685,
    "confidence": 5.036738709168561,
    "low": 5.895000595415719,
    "high": 10.93173930458428,
    "count": 20,
    "base": 11788
  },
  "Compilation.runtime requirements.entries": {
    "min": 2.93486,
    "max": 3.788043,
    "mean": 3.2436107,
    "median": 3.2103995000000003,