{
  "cache.PackFileCacheStrategy.restore cache container": {
    "min": 17.699656,
    "max": 21.094298,
    "mean": 19.451404033333333,
    "median": 19.973479,
    "variance": 1.139035477589433,
    "stdDev": 1.0672560506220767,
    "confidence": 0.7969504244862335,
    "low": 19.052928821090216,
    "high": 19.84987924557645,
    "count": 30,
    "base": 4870.5
  },
  "stats": {
    "min": 5122,
    "max": 5901,
    "mean": 5399.7,
    "median": 5249.5,
    "variance": 65894.67666666667,
    "stdDev": 256.6995844692131,
    "confidence": 191.68487514213484,
    "low": 5303.857562428932,
    "high": 5495.542437571067,
    "count": 30,
    "base": 4870.5
  },
  "heap memory": {
    "min": 212635088,
    "max": 327349728,
    "mean": 253266886.66666666,
    "median": 241998036,
    "variance": 1750524496961962.5,
    "stdDev": 41839269.79479879,
    "confidence": 31242571.830559105,
    "low": 237645600.7513871,
    "high": 268888172.5819462,
    "count": 30,
    "base": 4870.5
  },
  "rss memory": {
    "min": 506204160,
    "max": 677445632,
    "mean": 567778918.4,
    "median": 528658432,
    "variance": 4137809483685778,
    "stdDev": 64325807.291364625,
    "confidence": 48033908.44811058,
    "low": 543761964.1759447,
    "high": 591795872.6240553,
    "count": 30,
    "base": 4870.5
  },
  "external memory": {
    "min": 103838154,
    "max": 103928266,
    "mean": 103882390.8,
    "median": 103887306,
    "variance": 382967917.2266668,
    "stdDev": 19569.566097046372,
    "confidence": 14613.15117302537,
    "low": 103875084.22441348,
    "high": 103889697.37558651,
    "count": 30,
    "base": 4870.5
  },
  "array buffers memory": {
    "min": 102348838,
    "max": 102438950,
    "mean": 102393074.8,
    "median": 102397990,
    "variance": 382967917.2266668,
    "stdDev": 19569.566097046372,
    "confidence": 14613.15117302537,
    "low": 102385768.22441348,
    "high": 102400381.37558651,
    "count": 30,
    "base": 4870.5
  },
  "Compiler.make hook": {
    "min": 3870.346543,
    "max": 4562.3283169999995,
    "mean": 4127.219513100001,
    "median": 3971.5550654999997,
    "variance": 56711.66160996655,
    "stdDev": 238.14210381611764,
    "confidence": 177.82747693365445,
    "low": 4038.3057746331738,
    "high": 4216.133251566828,
    "count": 30,
    "base": 4870.5
  },
  "Compiler.finish make hook": {
    "min": 0.079909,
    "max": 0.130965,
    "mean": 0.087783,
    "median": 0.0854345,
    "variance": 0.00010685980919999998,
    "stdDev": 0.01033730183365079,
    "confidence": 0.007719157065980975,
    "low": 0.08392342146700951,
    "high": 0.09164257853299049,
    "count": 30,
    "base": 4870.5
  },
  "Compiler.finish compilation": {
    "min": 166.307686,
    "max": 194.922004,
    "mean": 174.9931871,
    "median": 174.0222215,
    "variance": 30.54554384035175,
    "stdDev": 5.526802316018888,
    "confidence": 4.12702036145447,
    "low": 172.92967691927277,
    "high": 177.05669728072724,
    "count": 30,
    "base": 4870.5
  },
  "Compiler.seal compilation": {
    "min": 849.855844,
    "max": 1010.333024,
    "mean": 912.2401647999998,
    "median": 891.635847,
    "variance": 2200.231856694395,
    "stdDev": 46.906629133784435,
    "confidence": 35.026513063663515,
    "low": 894.726908268168,
    "high": 929.7534213318315,
    "count": 30,
    "base": 4870.5
  },
  "Compiler.afterCompile hook": {
    "min": 0.056957,
    "max": 0.078918,
    "mean": 0.06124473333333333,
    "median": 0.059275,
    "variance": 0.000018931173662222222,
    "stdDev": 0.004350996858447754,
    "confidence": 0.0032490130098181136,
    "low": 0.05962022682842427,
    "high": 0.06286923983824239,
    "count": 30,
    "base": 4870.5
  },
  "Compiler.emitAssets": {
    "min": 128.873455,
    "max": 192.287852,
    "mean": 168.10076286666663,
    "median": 179.5630455,
    "variance": 527.453000751307,
    "stdDev": 22.966344958467094,
    "confidence": 17.149622485512566,
    "low": 159.52595162391034,
    "high": 176.6755741094229,
    "count": 30,
    "base": 4870.5
  },
  "Compiler.emitRecords": {
    "min": 0.064039,
    "max": 0.09666,
    "mean": 0.08596123333333335,
    "median": 0.086677,
    "variance": 0.00005132708397888889,
    "stdDev": 0.00716429228737137,
    "confidence": 0.005349780660635378,
    "low": 0.08328634300301566,
    "high": 0.08863612366365103,
    "count": 30,
    "base": 4870.5
  },
  "Compilation.compute affected modules": {
    "min": 0.209091,
    "max": 0.248243,
    "mean": 0.2174447333333333,
    "median": 0.215157,
    "variance": 0.00007270109032888891,
    "stdDev": 0.008526493436864237,
    "confidence": 0.006366974972807415,
    "low": 0.2142612458469296,
    "high": 0.22062822081973701,
    "count": 30,
    "base": 4870.5
  },
  "Compilation.finish modules": {
    "min": 132.541771,
    "max": 157.114461,
    "mean": 140.52776820000003,
    "median": 139.5273905,
    "variance": 23.118829776884816,
    "stdDev": 4.808204423366878,
    "confidence": 3.590422892412107,
    "low": 138.73255675379397,
    "high": 142.32297964620608,
    "count": 30,
    "base": 4870.5
  },
  "Compilation.report dependency errors and warnings": {
    "min": 29.536013,
    "max": 38.884299,
    "mean": 33.8588254,
    "median": 33.489734,
    "variance": 7.278665915251772,
    "stdDev": 2.6979002789672886,
    "confidence": 2.0145988128071792,
    "low": 32.85152599359641,
    "high": 34.86612480640359,
    "count": 30,
    "base": 4870.5
  },
  "Compilation.optimize dependencies": {
    "min": 1.154808,
    "max": 1.31656,
    "mean": 1.2266020000000004,
    "median": 1.2143635000000002,
    "variance": 0.0016863941903333332,
    "stdDev": 0.041065730120543736,
    "confidence": 0.030664947771744888,
    "low": 1.211269526114128,
    "high": 1.2419344738858729,
    "count": 30,
    "base": 4870.5
  },
  "Compilation.create chunks": {
    "min": 71.970365,
    "max": 84.528466,
    "mean": 77.46981233333332,
    "median": 77.02783099999999,
    "variance": 11.500448565109554,
    "stdDev": 3.3912311282349297,
    "confidence": 2.532328662463385,
    "low": 76.20364800210163,
    "high": 78.73597666456502,
    "count": 30,
    "base": 4870.5
  },
  "Compilation.compute affected modules with chunk graph": {
    "min": 0.147736,
    "max": 0.239938,
    "mean": 0.17068180000000002,
    "median": 0.15876099999999999,
    "variance": 0.0004288778229600001,
    "stdDev": 0.02070936558564748,
    "confidence": 0.015464271844326805,
    "low": 0.16294966407783662,
    "high": 0.17841393592216342,
    "count": 30,
    "base": 4870.5
  },
  "Compilation.optimize": {
    "min": 44.390831,
    "max": 56.026735,
    "mean": 48.52236993333333,
    "median": 47.944775,
    "variance": 6.898375645224865,
    "stdDev": 2.6264758984663965,
    "confidence": 1.9612641980016008,
    "low": 47.54173783433253,
    "high": 49.50300203233413,
    "count": 30,
    "base": 4870.5
  },
  "Compilation.module hashing": {
    "min": 82.398729,
    "max": 91.536191,
    "mean": 87.46837166666664,
    "median": 87.536289,
    "variance": 5.625241588871491,
    "stdDev": 2.3717591759855154,
    "confidence": 1.7710599822592314,
    "low": 86.58284167553703,
    "high": 88.35390165779626,
    "count": 30,
    "base": 4870.5
  },
  "Compilation.code generation": {
    "min": 401.817798,
    "max": 520.364901,
    "mean": 434.43115193333335,
    "median": 419.20547750000003,
    "variance": 1231.0818541124358,
    "stdDev": 35.08677605754675,
    "confidence": 26.200292850639585,
    "low": 421.33100550801356,
    "high": 447.53129835865315,
    "count": 30,
    "base": 4870.5
  },
  "Compilation.runtime requirements.modules": {
    "min": 11.361934,
    "max": 29.442518,
    "mean": 13.991136066666666,
    "median": 12.500481,
    "variance": 12.220520944161262,
    "stdDev": 3.4957861696850485,
    "confidence": 2.6104028833753112,
    "low": 12.68593462497901,
    "high": 15.296337508354322,
    "count": 30,
    "base": 4870.5
  },