{
  "stats": {
    "min": 5057,
    "max": 5841,
    "mean": 5540.366666666667,
    "median": 5547.5,
    "variance": 32643.565555555557,
    "stdDev": 180.67530422156636,
    "confidence": 134.91538446620143,
    "low": 5472.908974433566,
    "high": 5607.8243588997675,
    "count": 30,
    "base": 4587.5
  },
  "heap memory": {
    "min": 202762560,
    "max": 313863632,
    "mean": 225328201.33333334,
    "median": 222533864,
    "variance": 634983775180890,
    "stdDev": 25198884.403498698,
    "confidence": 18816723.13803464,
    "low": 215919839.76431602,
    "high": 234736562.90235066,
    "count": 30,
    "base": 4587.5
  },
  "rss memory": {
    "min": 499027968,
    "max": 676106240,
    "mean": 645849224.5333333,
    "median": 660060160,
    "variance": 2374680716560447.5,
    "stdDev": 48730695.83497087,
    "confidence": 36388595.50953412,
    "low": 627654926.7785662,
    "high": 664043522.2881004,
    "count": 30,
    "base": 4587.5
  },
  "external memory": {
    "min": 103062497,
    "max": 103144417,
    "mean": 103100726.33333333,
    "median": 103103457,
    "variance": 430988037.6888887,
    "stdDev": 20760.251387902044,
    "confidence": 15502.269719034433,
    "low": 103092975.19847381,
    "high": 103108477.46819285,
    "count": 30,
    "base": 4587.5
  },
  "array buffers memory": {
    "min": 101551958,
    "max": 101633878,
    "mean": 101590187.33333333,
    "median": 101592918,
    "variance": 430988037.6888887,
    "stdDev": 20760.251387902044,
    "confidence": 15502.269719034433,
    "low": 101582436.19847381,
    "high": 101597938.46819285,
    "count": 30,
    "base": 4587.5
  },
  "Compiler.make hook": {
    "min": 3959.128246,
    "max": 4684.8860079999995,
    "mean": 4417.178157899999,
    "median": 4426.657929,
    "variance": 26929.783961953326,
    "stdDev": 164.10296755986263,
    "confidence": 122.54034969401619,
    "low": 4355.907983052991,
    "high": 4478.448332747007,
    "count": 30,
    "base": 4587.5
  },
  "Compiler.finish make hook": {
    "min": 0.0798,
    "max": 0.115776,
    "mean": 0.08719303333333334,
    "median": 0.0853395,
    "variance": 0.00007487310596555556,
    "stdDev": 0.008652924705875786,
    "confidence": 0.006461384794563291,
    "low": 0.08396234093605169,
    "high": 0.09042372573061498,
    "count": 30,
    "base": 4587.5
  },
  "Compiler.finish compilation": {
    "min": 31.978923,
    "max": 37.877083,
    "mean": 33.91049626666666,
    "median": 33.700045,
    "variance": 1.9588939291464615,
    "stdDev": 1.3996049189490802,
    "confidence": 1.0451247698425732,
    "low": 33.387933881745376,
    "high": 34.43305865158795,
    "count": 30,
    "base": 4587.5
  },
  "Compiler.seal compilation": {
    "min": 851.30712,
    "max": 983.777854,
    "mean": 900.2872425333333,
    "median": 892.218961,
    "variance": 1184.9313116222947,
    "stdDev": 34.42283125517561,
    "confidence": 25.704506397354407,
    "low": 887.434989334656,
    "high": 913.1394957320105,
    "count": 30,
    "base": 4587.5
  },
  "Compiler.afterCompile hook": {
    "min": 0.057407,
    "max": 0.079389,
    "mean": 0.0662836,
    "median": 0.06404399999999999,
    "variance": 0.000054588951240000004,
    "stdDev": 0.007388433612072318,
    "confidence": 0.005517153357900678,
    "low": 0.06352502332104966,
    "high": 0.06904217667895034,
    "count": 30,
    "base": 4587.5
  },
  "Compiler.emitAssets": {
    "min": 124.893175,
    "max": 195.951828,
    "mean": 171.5336889,
    "median": 178.9791755,
    "variance": 381.0306546466494,
    "stdDev": 19.520006522710215,
    "confidence": 14.576143630369245,
    "low": 164.24561708481536,
    "high": 178.8217607151846,
    "count": 30,
    "base": 4587.5
  },
  "Compiler.emitRecords": {
    "min": 0.063068,
    "max": 0.105726,
    "mean": 0.07950523333333331,
    "median": 0.081848,
    "variance": 0.00012230055044555558,
    "stdDev": 0.01105895792765103,
    "confidence": 0.00825803818088433,
    "low": 0.07537621424289115,
    "high": 0.08363425242377548,
    "count": 30,
    "base": 4587.5
  },
  "Compilation.compute affected modules": {
    "min": 0.213839,
    "max": 0.26238,
    "mean": 0.22272570000000005,
    "median": 0.217055,
    "variance": 0.00017265022427666662,
    "stdDev": 0.013139643232472738,
    "confidence": 0.009811745031207075,
    "low": 0.21781982748439652,
    "high": 0.2276315725156036,
    "count": 30,
    "base": 4587.5
  },
  "Compilation.finish modules": {
    "min": 1.224715,
    "max": 1.493858,
    "mean": 1.299344,
    "median": 1.2902230000000001,
    "variance": 0.002811560373533332,
    "stdDev": 0.053024148965667824,
    "confidence": 0.03959463898244442,
    "low": 1.2795466805087778,
    "high": 1.3191413194912223,
    "count": 30,
    "base": 4587.5
  },
  "Compilation.report dependency errors and warnings": {
    "min": 30.092834,
    "max": 35.914801,
    "mean": 31.94753486666667,
    "median": 31.7455085,
    "variance": 1.878188257556514,
    "stdDev": 1.370470086341367,
    "confidence": 1.02336896232055,
    "low": 31.435850385506395,
    "high": 32.459219347826945,
    "count": 30,
    "base": 4587.5
  },
  "Compilation.optimize dependencies": {
    "min": 0.067125,
    "max": 0.149189,
    "mean": 0.08470166666666666,
    "median": 0.076688,
    "variance": 0.00037220225995555553,
    "stdDev": 0.019292544154557622,
    "confidence": 0.014406291015574335,
    "low": 0.0774985211588795,
    "high": 0.09190481217445383,
    "count": 30,
    "base": 4587.5
  },
  "Compilation.create chunks": {
    "min": 79.272117,
    "max": 97.611444,
    "mean": 89.15484843333333,
    "median": 89.2423845,
    "variance": 18.619198705198254,
    "stdDev": 4.314996953092581,
    "confidence": 3.2221308573697343,
    "low": 87.54378300464846,
    "high": 90.7659138620182,
    "count": 30,
    "base": 4587.5
  },
  "Compilation.compute affected modules with chunk graph": {
    "min": 0.151262,
    "max": 0.197118,
    "mean": 0.1699956333333333,
    "median": 0.162553,
    "variance": 0.0002704206284322222,
    "stdDev": 0.0164444710596669,
    "confidence": 0.01227955389319585,
    "low": 0.1638558563867354,
    "high": 0.17613541027993124,
    "count": 30,
    "base": 4587.5
  },
  "Compilation.optimize": {
    "min": 43.814385,
    "max": 52.613325,
    "mean": 48.66919519999999,
    "median": 48.530936999999994,
    "variance": 4.476115027793562,
    "stdDev": 2.115683111383546,
    "confidence": 1.579840707122429,
    "low": 47.879274846438776,
    "high": 49.459115553561205,
    "count": 30,
    "base": 4587.5
  },
  "Compilation.module hashing": {
    "min": 76.587928,
    "max": 91.259605,
    "mean": 83.13798623333335,
    "median": 82.9130945,
    "variance": 11.525129061891441,
    "stdDev": 3.3948680477879316,
    "confidence": 2.535044453655104,
    "low": 81.8704640065058,
    "high": 84.4055084601609,
    "count": 30,
    "base": 4587.5
  },
  "Compilation.code generation": {
    "min": 389.785469,
    "max": 427.897805,
    "mean": 405.8912619333333,
    "median": 406.8177955,
    "variance": 84.30770605909962,
    "stdDev": 9.181922786600834,
    "confidence": 6.856402695600764,
    "low": 402.4630605855329,
    "high": 409.31946328113366,
    "count": 30,
    "base": 4587.5
  },
  "Compilation.runtime requirements.modules": {
    "min": 11.915563,
    "max": 17.848334,
    "mean": 14.674563199999998,
    "median": 15.545843,
    "variance": 3.7568118641487604,
    "stdDev": 1.9382496908677067,
    "confidence": 1.4473461293538463,
    "low": 13.950890135323075,
    "high": 15.398236264676921,
    "count": 30,
    "base": 4587.5
  },
  "Compilation.runtime requirements.chunks": {
    "min": 2.938864,
    "max": 7.043101,
    "mean": 3.7245583,
    "median": 3.6312465,
    "variance": 0.5252585543446767,
    "stdDev": 0.7247472347961575,
    "confidence": 0.5411893575860853,
    "low": 3.4539636212069573,
    "high": 3.9951529787930427,
    "count": 30,
    "base": 4587.5
  },