{
  "stats": {
    "min": 7821,
    "max": 8125,
    "mean": 7959.3,
    "median": 7944,
    "variance": 4634.8099999999995,
    "stdDev": 68.07943889310486,
    "confidence": 50.836851843585464,
    "low": 7933.881574078207,
    "high": 7984.718425921793,
    "count": 30,
    "base": 7567.5
  },
  "heap memory": {
    "min": 557185872,
    "max": 654322688,
    "mean": 620201955.2,
    "median": 622386200,
    "variance": 519291677507706.1,
    "stdDev": 22787972.211403675,
    "confidence": 17016426.485915184,
    "low": 611693741.9570425,
    "high": 628710168.4429576,
    "count": 30,
    "base": 7567.5
  },
  "rss memory": {
    "min": 757669888,
    "max": 853340160,
    "mean": 819572326.4,
    "median": 821585920,
    "variance": 502603287650194.9,
    "stdDev": 22418815.482763465,
    "confidence": 16740766.66518116,
    "low": 811201943.0674094,
    "high": 827942709.7325906,
    "count": 30,
    "base": 7567.5
  },
  "external memory": {
    "min": 99989817,
    "max": 100047161,
    "mean": 100012208.46666667,
    "median": 100022585,
    "variance": 178658709.04888886,
    "stdDev": 13366.327433101767,
    "confidence": 9981.016566187143,
    "low": 100007217.95838358,
    "high": 100017198.97494976,
    "count": 30,
    "base": 7567.5
  },
  "array buffers memory": {
    "min": 98529864,
    "max": 98587208,
    "mean": 98552255.46666667,
    "median": 98554440,
    "variance": 178658709.04888877,
    "stdDev": 13366.327433101764,
    "confidence": 9981.016566187143,
    "low": 98547264.95838358,
    "high": 98557245.97494976,
    "count": 30,
    "base": 7567.5
  },
  "Compiler.make hook": {
    "min": 5637.906346,
    "max": 5881.66168,
    "mean": 5740.151595566667,
    "median": 5718.4187409999995,
    "variance": 3424.583666740088,
    "stdDev": 58.51994247040993,
    "confidence": 43.69850418324677,
    "low": 5718.302343475044,
    "high": 5762.000847658291,
    "count": 30,
    "base": 7567.5
  },
  "Compiler.finish make hook": {
    "min": 0.078658,
    "max": 0.121388,
    "mean": 0.08510130000000002,
    "median": 0.0823745,
    "variance": 0.00006092654894333332,
    "stdDev": 0.007805546037487276,
    "confidence": 0.00582862306032042,
    "low": 0.08218698846983981,
    "high": 0.08801561153016023,
    "count": 30,
    "base": 7567.5
  },
  "Compiler.finish compilation": {
    "min": 372.070363,
    "max": 397.140206,
    "mean": 385.9133836666667,
    "median": 387.4361705,
    "variance": 49.2624108136561,
    "stdDev": 7.018718601971168,
    "confidence": 5.241076652533366,
    "low": 383.2928453404,
    "high": 388.53392199293336,
    "count": 30,
    "base": 7567.5
  },
  "Compiler.seal compilation": {
    "min": 1577.371946,
    "max": 1649.686816,
    "mean": 1615.0749769000004,
    "median": 1613.695089,
    "variance": 282.26356535418296,
    "stdDev": 16.800701335187856,
    "confidence": 12.545561164014998,
    "low": 1608.8021963179929,
    "high": 1621.3477574820079,
    "count": 30,
    "base": 7567.5
  },
  "Compiler.afterCompile hook": {
    "min": 0.050905,
    "max": 0.171862,
    "mean": 0.0915898,
    "median": 0.07421900000000001,
    "variance": 0.0016514944336266668,
    "stdDev": 0.040638583066178215,
    "confidence": 0.030345984926702818,
    "low": 0.07641680753664859,
    "high": 0.10676279246335141,
    "count": 30,
    "base": 7567.5
  },
  "Compiler.emitAssets": {
    "min": 183.01825,
    "max": 215.923785,
    "mean": 200.96741079999998,
    "median": 199.038414,
    "variance": 52.738328421739425,
    "stdDev": 7.262115974131742,
    "confidence": 5.422828387694949,
    "low": 198.2559966061525,
    "high": 203.67882499384746,
    "count": 30,
    "base": 7567.5
  },
  "Compiler.emitRecords": {
    "min": 0.084288,
    "max": 0.158237,
    "mean": 0.0937853,
    "median": 0.088631,
    "variance": 0.00021706647874333328,
    "stdDev": 0.014733176125443328,
    "confidence": 0.011001681330697233,
    "low": 0.08828445933465139,
    "high": 0.09928614066534862,
    "count": 30,
    "base": 7567.5
  },
  "Compilation.compute affected modules": {
    "min": 42.67378,
    "max": 51.843119,
    "mean": 47.385208766666665,
    "median": 47.3204415,
    "variance": 2.9574279981309792,
    "stdDev": 1.719717418104201,
    "confidence": 1.2841618705798652,
    "low": 46.74312783137673,
    "high": 48.0272897019566,
    "count": 30,
    "base": 7567.5
  },
  "Compilation.finish modules": {
    "min": 248.041486,
    "max": 272.483216,
    "mean": 260.3206511,
    "median": 260.18661499999996,
    "variance": 35.72252887708637,
    "stdDev": 5.976832679361735,
    "confidence": 4.463070823654903,
    "low": 258.08911568817257,
    "high": 262.5521865118275,
    "count": 30,
    "base": 7567.5
  },
  "Compilation.report dependency errors and warnings": {
    "min": 70.463463,
    "max": 84.353509,
    "mean": 77.63764569999998,
    "median": 77.0535805,
    "variance": 8.467401540576677,
    "stdDev": 2.9098799873150574,
    "confidence": 2.1728900855076176,
    "low": 76.55120065724617,
    "high": 78.72409074275379,
    "count": 30,
    "base": 7567.5
  },
  "Compilation.optimize dependencies": {
    "min": 87.796811,
    "max": 101.785496,
    "mean": 94.25439603333331,
    "median": 93.29040549999999,
    "variance": 9.994997313305491,
    "stdDev": 3.161486566997477,
    "confidence": 2.3607718692319395,
    "low": 93.07401009871734,
    "high": 95.43478196794928,
    "count": 30,
    "base": 7567.5
  },
  "Compilation.create chunks": {
    "min": 150.51813,
    "max": 171.916372,
    "mean": 159.09610500000005,
    "median": 158.0451,
    "variance": 25.90950915449859,
    "stdDev": 5.090138421938896,
    "confidence": 3.8009510217285083,
    "low": 157.1956294891358,
    "high": 160.9965805108643,
    "count": 30,
    "base": 7567.5
  },
  "Compilation.compute affected modules with chunk graph": {
    "min": 37.398222,
    "max": 53.670246,
    "mean": 45.0830951,
    "median": 45.456813499999996,
    "variance": 19.40025690147496,
    "stdDev": 4.404572272250163,
    "confidence": 3.289019293921129,
    "low": 43.43858545303944,
    "high": 46.727604746960566,
    "count": 30,
    "base": 7567.5
  },
  "Compilation.optimize": {
    "min": 128.190547,
    "max": 149.263344,
    "mean": 139.02938096666668,
    "median": 139.880884,
    "variance": 28.95195747178083,
    "stdDev": 5.380702321424298,
    "confidence": 4.017923343319296,
    "low": 137.02041929500703,
    "high": 141.03834263832633,
    "count": 30,
    "base": 7567.5
  },
  "Compilation.module hashing": {
    "min": 164.886817,
    "max": 186.175079,
    "mean": 176.1615086333333,
    "median": 175.996529,
    "variance": 26.696481383619254,
    "stdDev": 5.166863786052353,
    "confidence": 3.858244031651907,
    "low": 174.23238661750736,
    "high": 178.09063064915927,
    "count": 30,
    "base": 7567.5
  },
  "Compilation.code generation": {
    "min": 634.140442,
    "max": 680.52281,
    "mean": 652.6735429000001,
    "median": 652.4455775,
    "variance": 98.49458629100768,
    "stdDev": 9.924443878173108,
    "confidence": 7.410864297175749,
    "low": 648.9681107514123,
    "high": 656.378975048588,
    "count": 30,
    "base": 7567.5
  },
  "Compilation.runtime requirements.modules": {
    "min": 32.348581,
    "max": 36.21765,
    "mean": 34.332122999999996,
    "median": 34.318143500000005,
    "variance": 0.8597415923369333,
    "stdDev": 0.9272225150075537,
    "confidence": 0.6923834036806369,
    "low": 33.98593129815968,
    "high": 34.678314701840314,
    "count": 30,
    "base": 7567.5
  },
  "Compilation.runtime requirements.chunks": {
    "min": 5.804339,
    "max": 11.554688,
    "mean": 7.571896233333334,
    "median": 6.6283855,
    "variance": 3.0323700421823787,
    "stdDev": 1.741370162309662,
    "confidence": 1.300330590050482,
    "low": 6.921730938308093,
    "high": 8.222061528358575,
    "count": 30,
    "base": 7567.5
  },
  "Compilation.runtime requirements.entries": {
    "min": 2.122092,