{
  "stats": {
    "min": 424.3636363636364,
    "max": 433.45454545454544,
    "mean": 429.4462809917355,
    "median": 430.27272727272725,
    "variance": 12.361314117888078,
    "stdDev": 3.5158660551687797,
    "confidence": 4.723687523349099,
    "low": 427.0844372300609,
    "high": 431.80812475341,
    "count": 11,
    "base": 519.3636363636364
  },
  "heap memory": {
    "min": 537907451.6363636,
    "max": 541189506.1818181,
    "mean": 539632532.0330578,
    "median": 539667892.3636364,
    "variance": 1272915205069.351,
    "stdDev": 1128235.4386693193,
    "confidence": 1515823.2940096855,
    "low": 538874620.386053,
    "high": 540390443.6800627,
    "count": 11,
    "base": 519.3636363636364
  },
  "rss memory": {
    "min": 944034164.3636364,
    "max": 953774080,
    "mean": 948275927.8016529,
    "median": 947622632.7272727,
    "variance": 9421903986376.775,
    "stdDev": 3069512.0111145964,
    "confidence": 4123995.442987919,
    "low": 946213930.080159,
    "high": 950337925.5231469,
    "count": 11,
    "base": 519.3636363636364
  },
  "external memory": {
    "min": 165112112,
    "max": 165144880,
    "mean": 165127751.27272728,
    "median": 165128496,
    "variance": 90957468.56198348,
    "stdDev": 9537.162500554527,
    "confidence": 12813.507342159748,
    "low": 165121344.5190562,
    "high": 165134158.02639836,
    "count": 11,
    "base": 519.3636363636364
  },
  "array buffers memory": {
    "min": 163652122.63636363,
    "max": 163684890.63636363,
    "mean": 163667761.90909088,
    "median": 163668506.63636363,
    "variance": 90957468.56198348,
    "stdDev": 9537.162500554527,
    "confidence": 12813.507342159748,
    "low": 163661355.1554198,
    "high": 163674168.66276196,
    "count": 11,
    "base": 519.3636363636364
  },
  "Compiler.make hook": {
    "min": 104.0444060909091,
    "max": 109.33919372727273,
    "mean": 106.26454519008266,
    "median": 105.79589063636367,
    "variance": 2.1602553520466627,
    "stdDev": 1.4697807156330032,
    "confidence": 1.9747011744909742,
    "low": 105.27719460283717,
    "high": 107.25189577732814,
    "count": 11,
    "base": 519.3636363636364
  },
  "Compiler.finish make hook": {
    "min": 0.002601272727272727,
    "max": 0.0030062727272727272,
    "mean": 0.00281197520661157,
    "median": 0.0028345454545454546,
    "variance": 1.0683771736903235e-8,
    "stdDev": 0.00010336233229229706,
    "confidence": 0.00013887086475196982,
    "low": 0.002742539774235585,
    "high": 0.0028814106389875548,
    "count": 11,
    "base": 519.3636363636364
  },
  "Compiler.finish compilation": {
    "min": 29.767686909090912,
    "max": 32.06852881818182,
    "mean": 30.759719520661157,
    "median": 30.78122481818182,
    "variance": 0.37238972141002763,
    "stdDev": 0.610237430358076,
    "confidence": 0.8198750722671306,
    "low": 30.349781984527592,
    "high": 31.169657056794723,
    "count": 11,
    "base": 519.3636363636364
  },
  "Compiler.seal compilation": {
    "min": 235.42388645454545,
    "max": 243.04408945454543,
    "mean": 239.32989026446282,
    "median": 239.21450700000003,
    "variance": 6.031510096673245,
    "stdDev": 2.4559132917660684,
    "confidence": 3.299604362824823,
    "low": 237.6800880830504,
    "high": 240.97969244587523,
    "count": 11,
    "base": 519.3636363636364
  },
  "Compiler.afterCompile hook": {
    "min": 0.0025473636363636362,
    "max": 0.002917272727272727,
    "mean": 0.0027278512396694213,
    "median": 0.0027240000000000003,
    "variance": 1.2011743460146185e-8,
    "stdDev": 0.00010959809971047027,
    "confidence": 0.00014724883373302012,
    "low": 0.0026542268228029113,
    "high": 0.0028014756565359314,
    "count": 11,
    "base": 519.3636363636364
  },
  "Compiler.emitAssets": {
    "min": 45.19932254545454,
    "max": 52.16474663636363,
    "mean": 47.42269820661158,
    "median": 46.48273581818182,
    "variance": 3.470462857514913,
    "stdDev": 1.8629178343434563,
    "confidence": 2.502894476931445,
    "low": 46.171250968145856,
    "high": 48.6741454450773,
    "count": 11,
    "base": 519.3636363636364
  },
  "Compiler.emitRecords": {
    "min": 0.004897545454545455,
    "max": 0.0070487272727272725,
    "mean": 0.005605305785123967,
    "median": 0.005532090909090909,
    "variance": 2.610157149101836e-7,
    "stdDev": 0.0005108969709346333,
    "confidence": 0.0006864077326759581,
    "low": 0.005262101918785988,
    "high": 0.005948509651461946,
    "count": 11,
    "base": 519.3636363636364
  },
  "Compilation.compute affected modules": {
    "min": 0.0018899090909090907,
    "max": 0.002299454545454546,
    "mean": 0.0020929504132231407,
    "median": 0.002094727272727273,
    "variance": 1.6929681988935193e-8,
    "stdDev": 0.00013011411141354036,
    "confidence": 0.00017481280431381162,
    "low": 0.002005544011066235,
    "high": 0.0021803568153800465,
    "count": 11,
    "base": 519.3636363636364
  },
  "Compilation.finish modules": {
    "min": 0.6397145454545453,
    "max": 0.8673323636363637,
    "mean": 0.7400823223140496,
    "median": 0.753556909090909,
    "variance": 0.004550413816006561,
    "stdDev": 0.06745675515474014,
    "confidence": 0.09063048127832163,
    "low": 0.6947670816748888,
    "high": 0.7853975629532104,
    "count": 11,
    "base": 519.3636363636364
  },
  "Compilation.report dependency errors and warnings": {
    "min": 29.064294545454548,
    "max": 31.231289727272724,
    "mean": 29.978891942148763,
    "median": 30.099598636363627,
    "variance": 0.3353761330314132,
    "stdDev": 0.5791166834338424,
    "confidence": 0.778063273507847,
    "low": 29.58986030539484,
    "high": 30.367923578902687,
    "count": 11,
    "base": 519.3636363636364
  },
  "Compilation.optimize dependencies": {
    "min": 0.02517863636363636,
    "max": 0.03486390909090909,
    "mean": 0.029751280991735532,
    "median": 0.028207272727272723,
    "variance": 0.000009328237761764903,
    "stdDev": 0.0030542163907891174,
    "confidence": 0.004103445248595017,
    "low": 0.027699558367438024,
    "high": 0.03180300361603304,
    "count": 11,
    "base": 519.3636363636364
  },
  "Compilation.create chunks": {
    "min": 65.63632136363636,
    "max": 68.15188063636364,
    "mean": 66.99836778512397,
    "median": 67.14431336363637,
    "variance": 0.63745557044545,
    "stdDev": 0.7984081477824797,
    "confidence": 1.0726889326957973,
    "low": 66.46202331877608,
    "high": 67.53471225147187,
    "count": 11,
    "base": 519.3636363636364
  },
  "Compilation.compute affected modules with chunk graph": {
    "min": 0.004010818181818181,
    "max": 0.013772000000000001,
    "mean": 0.005172669421487603,
    "median": 0.004216909090909091,
    "variance": 0.000007449299790041666,
    "stdDev": 0.0027293405412373273,
    "confidence": 0.0036669633197942454,
    "low": 0.0033391877615904803,
    "high": 0.007006151081384726,
    "count": 11,
    "base": 519.3636363636364
  },
  "Compilation.optimize": {
    "min": 17.646038909090908,
    "max": 19.66697127272727,
    "mean": 18.671062181818183,
    "median": 18.873266181818185,
    "variance": 0.42178175709637494,
    "stdDev": 0.6494472704510929,
    "confidence": 0.872554847188475,
    "low": 18.234784758223945,
    "high": 19.10733960541242,
    "count": 11,
    "base": 519.3636363636364
  },
  "Compilation.module hashing": {
    "min": 75.85036327272728,
    "max": 78.53575127272728,
    "mean": 76.96342100826446,
    "median": 76.69109454545455,
    "variance": 0.7319623346679801,
    "stdDev": 0.8555479733293628,
    "confidence": 1.1494582625811915,
    "low": 76.38869187697387,
    "high": 77.53815013955506,
    "count": 11,
    "base": 519.3636363636364
  },
  "Compilation.code generation": {
    "min": 16.710088999999996,
    "max": 18.26705109090909,
    "mean": 17.515155537190083,
    "median": 17.692863636363636,
    "variance": 0.23185702046615375,
    "stdDev": 0.48151533772679944,
    "confidence": 0.6469324932835434,