{
  "stats": {
    "min": 9098,
    "max": 9555,
    "mean": 9317.296296296296,
    "median": 9321,
    "variance": 10914.727023319616,
    "stdDev": 104.4735709321722,
    "confidence": 82.67565858842136,
    "low": 9275.958467002085,
    "high": 9358.634125590506,
    "count": 27,
    "base": 10606
  },
  "heap memory": {
    "min": 303942672,
    "max": 595941176,
    "mean": 538144759.7037038,
    "median": 551774696,
    "variance": 3115661662312147,
    "stdDev": 55818112.31412387,
    "confidence": 44171929.37464303,
    "low": 516058795.0163823,
    "high": 560230724.3910253,
    "count": 27,
    "base": 10606
  },
  "rss memory": {
    "min": 686084096,
    "max": 798158848,
    "mean": 752428373.3333334,
    "median": 757174272,
    "variance": 746591649724036.8,
    "stdDev": 27323829.338583507,
    "confidence": 21622842.653589964,
    "low": 741616952.0065384,
    "high": 763239794.6601284,
    "count": 27,
    "base": 10606
  },
  "external memory": {
    "min": 107649719,
    "max": 107666103,
    "mean": 107660034.85185185,
    "median": 107657911,
    "variance": 27800928.57064471,
    "stdDev": 5272.658586580845,
    "confidence": 4172.543517649174,
    "low": 107657948.58009303,
    "high": 107662121.12361068,
    "count": 27,
    "base": 10606
  },
  "array buffers memory": {
    "min": 106189766,
    "max": 106206150,
    "mean": 106200081.85185185,
    "median": 106197958,
    "variance": 27800928.57064471,
    "stdDev": 5272.658586580845,
    "confidence": 4172.543517649174,
    "low": 106197995.58009303,
    "high": 106202168.12361068,
    "count": 27,
    "base": 10606
  },
  "Compiler.make hook": {
    "min": 7074.121767,
    "max": 7415.590261,
    "mean": 7265.95555640741,
    "median": 7271.8672910000005,
    "variance": 7578.745190483622,
    "stdDev": 87.05598882606309,
    "confidence": 68.8921719248392,
    "low": 7231.50947044499,
    "high": 7300.4016423698295,
    "count": 27,
    "base": 10606
  },
  "Compiler.finish make hook": {
    "min": 0.0831,
    "max": 0.0924,
    "mean": 0.08696670370370368,
    "median": 0.0872,
    "variance": 0.000006011987689986286,
    "stdDev": 0.0024519354987410018,
    "confidence": 0.001940350850133693,
    "low": 0.08599652827863684,
    "high": 0.08793687912877053,
    "count": 27,
    "base": 10606
  },
  "Compiler.finish compilation": {
    "min": 76.258574,
    "max": 90.618991,
    "mean": 81.73462833333335,
    "median": 78.997771,
    "variance": 22.316063131097902,
    "stdDev": 4.723988053657408,
    "confidence": 3.7383504748155474,
    "low": 79.86545309592557,
    "high": 83.60380357074112,
    "count": 27,
    "base": 10606
  },
  "Compiler.seal compilation": {
    "min": 1588.066726,
    "max": 1787.279352,
    "mean": 1655.0883698148145,
    "median": 1644.6234,
    "variance": 1492.2037155260628,
    "stdDev": 38.62905273917628,
    "confidence": 30.569285105911604,
    "low": 1639.8037272618587,
    "high": 1670.3730123677703,
    "count": 27,
    "base": 10606
  },
  "Compiler.afterCompile hook": {
    "min": 0.0576,
    "max": 0.365101,
    "mean": 0.08058159259259261,
    "median": 0.065001,
    "variance": 0.003238899846463649,
    "stdDev": 0.05691133319878958,
    "confidence": 0.045037054935259974,
    "low": 0.05806306512496262,
    "high": 0.1031001200602226,
    "count": 27,
    "base": 10606
  },
  "Compiler.emitAssets": {
    "min": 236.71324,
    "max": 473.995812,
    "mean": 293.8755632962963,
    "median": 287.444548,
    "variance": 2195.8965464347502,
    "stdDev": 46.86039421979664,
    "confidence": 37.08319644161497,
    "low": 275.33396507548883,
    "high": 312.4171615171038,
    "count": 27,
    "base": 10606
  },
  "Compiler.emitRecords": {
    "min": 0.0762,
    "max": 0.2023,
    "mean": 0.0850407777777778,
    "median": 0.08,
    "variance": 0.0005422672483209877,
    "stdDev": 0.02328663239545357,
    "confidence": 0.018427987599375945,
    "low": 0.07582678397808983,
    "high": 0.09425477157746577,
    "count": 27,
    "base": 10606
  },
  "Compilation.compute affected modules": {
    "min": 0.2589,
    "max": 0.295701,
    "mean": 0.2666484074074073,
    "median": 0.2655,
    "variance": 0.00004590815327846364,
    "stdDev": 0.006775555569727374,
    "confidence": 0.005361868212519938,
    "low": 0.26396747330114734,
    "high": 0.2693293415136673,
    "count": 27,
    "base": 10606
  },
  "Compilation.finish modules": {
    "min": 1.420201,
    "max": 1.711302,
    "mean": 1.6189533333333335,
    "median": 1.636701,
    "variance": 0.004483020084,
    "stdDev": 0.06695535888933761,
    "confidence": 0.05298544256512461,
    "low": 1.5924606120507712,
    "high": 1.6454460546158958,
    "count": 27,
    "base": 10606
  },
  "Compilation.report dependency errors and warnings": {
    "min": 73.698374,
    "max": 88.068289,
    "mean": 79.16710703703703,
    "median": 76.454069,
    "variance": 22.23907465230796,
    "stdDev": 4.715832339291544,
    "confidence": 3.731896411357752,
    "low": 77.30115883135815,
    "high": 81.0330552427159,
    "count": 27,
    "base": 10606
  },
  "Compilation.optimize dependencies": {
    "min": 0.114301,
    "max": 0.1995,
    "mean": 0.1599111851851852,
    "median": 0.1639,
    "variance": 0.0008894809194101508,
    "stdDev": 0.02982416670101867,
    "confidence": 0.023601496549384926,
    "low": 0.14811043691049275,
    "high": 0.17171193345987767,
    "count": 27,
    "base": 10606
  },
  "Compilation.create chunks": {
    "min": 145.479746,
    "max": 190.124687,
    "mean": 158.44842566666665,
    "median": 156.182564,
    "variance": 87.20431355974709,
    "stdDev": 9.33832498683501,
    "confidence": 7.389928012516577,
    "low": 154.75346166040836,
    "high": 162.14338967292494,
    "count": 27,
    "base": 10606
  },
  "Compilation.compute affected modules with chunk graph": {
    "min": 0.135,
    "max": 0.2056,
    "mean": 0.18917807407407403,
    "median": 0.195601,
    "variance": 0.0002488345714019203,
    "stdDev": 0.015774491161426422,
    "confidence": 0.012483218808658048,
    "low": 0.182936464669745,
    "high": 0.19541968347840305,
    "count": 27,
    "base": 10606
  },
  "Compilation.optimize": {
    "min": 110.241004,
    "max": 129.542627,
    "mean": 116.23841000000002,
    "median": 114.547999,
    "variance": 26.73557686825467,
    "stdDev": 5.170645691618666,
    "confidence": 4.091815126712731,
    "low": 114.19250243664365,
    "high": 118.28431756335638,
    "count": 27,
    "base": 10606
  },
  "Compilation.module hashing": {
    "min": 180.889083,
    "max": 203.742599,
    "mean": 188.42768066666665,
    "median": 187.510328,
    "variance": 29.485392849750113,
    "stdDev": 5.430045381923628,
    "confidence": 4.297092308704691,
    "low": 186.2791345123143,
    "high": 190.576226821019,
    "count": 27,
    "base": 10606
  },
  "Compilation.code generation": {
    "min": 671.714289,
    "max": 780.722165,
    "mean": 704.5812715925925,
    "median": 699.679274,
    "variance": 408.54427391829125,
    "stdDev": 20.21247817360086,
    "confidence": 15.995240995365748,
    "low": 696.5836510949097,
    "high": 712.5788920902754,
    "count": 27,
    "base": 10606
  },
  "Compilation.runtime requirements.modules": {
    "min": 30.50183,
    "max": 37.928438,
    "mean": 34.07891981481482,
    "median": 34.007734,
    "variance": 1.5712141063219283,
    "stdDev": 1.2534807961520305,
    "confidence": 0.9919480058462824,
    "low": 33.582945811891676,
    "high": 34.57489381773796,
    "count": 27,
    "base": 10606
  },
  "Compilation.runtime requirements.chunks": {
    "min": 8.221709,
    "max": 10.00991,
    "mean": 9.033898185185187,
    "median": 8.948509,
    "variance": 0.17208464143229904,
    "stdDev": 0.414830858823568,
    "confidence": 0.32827837844563845,
    "low": 8.869758995962368,
    "high": 9.198037374408006,
    "count": 27,
    "base": 10606
  },
  "Compilation.runtime requirements.entries": {
    "min": 2.654302,
    "max": 3.215603,