{
  "stats": {
    "min": 6535,
    "max": 7678,
    "mean": 6734.7,
    "median": 6609,
    "variance": 118467.34333333332,
    "stdDev": 344.19085306459453,
    "confidence": 257.0170919098782,
    "low": 6606.191454045061,
    "high": 6863.208545954939,
    "count": 30,
    "base": 6103.5
  },
  "heap memory": {
    "min": 203511440,
    "max": 311376336,
    "mean": 279690002.6666667,
    "median": 289266340,
    "variance": 775549622329533.4,
    "stdDev": 27848691.573026072,
    "confidence": 20795409.459213734,
    "low": 269292297.9370598,
    "high": 290087707.39627355,
    "count": 30,
    "base": 6103.5
  },
  "rss memory": {
    "min": 467628032,
    "max": 653094912,
    "mean": 500251170.1333333,
    "median": 478515200,
    "variance": 3048304488968938,
    "stdDev": 55211452.51638412,
    "confidence": 41227960.707074046,
    "low": 479637189.7797963,
    "high": 520865150.48687035,
    "count": 30,
    "base": 6103.5
  },
  "external memory": {
    "min": 102960681,
    "max": 102985257,
    "mean": 102970511.4,
    "median": 102968873,
    "variance": 33107039.573333345,
    "stdDev": 5753.87170289131,
    "confidence": 4296.579525947571,
    "low": 102968363.11023703,
    "high": 102972659.68976298,
    "count": 30,
    "base": 6103.5
  },
  "array buffers memory": {
    "min": 101502706,
    "max": 101527282,
    "mean": 101512536.4,
    "median": 101510898,
    "variance": 33107039.573333345,
    "stdDev": 5753.87170289131,
    "confidence": 4296.579525947571,
    "low": 101510388.11023703,
    "high": 101514684.68976298,
    "count": 30,
    "base": 6103.5
  },
  "Compiler.make hook": {
    "min": 5206.96809,
    "max": 6196.523092,
    "mean": 5407.783470066667,
    "median": 5301.3005815,
    "variance": 86695.86788520832,
    "stdDev": 294.44162050431714,
    "confidence": 219.86792608067844,
    "low": 5297.849507026328,
    "high": 5517.717433107006,
    "count": 30,
    "base": 6103.5
  },
  "Compiler.finish make hook": {
    "min": 0.088301,
    "max": 0.118901,
    "mean": 0.09723096666666667,
    "median": 0.096901,
    "variance": 0.00003503591543222222,
    "stdDev": 0.005919114412834256,
    "confidence": 0.004419970953681934,
    "low": 0.0950209811898257,
    "high": 0.09944095214350764,
    "count": 30,
    "base": 6103.5
  },
  "Compiler.finish compilation": {
    "min": 45.812871,
    "max": 59.922316,
    "mean": 49.142519,
    "median": 48.3619505,
    "variance": 8.860975103340534,
    "stdDev": 2.9767390049079774,
    "confidence": 2.2228156140819095,
    "low": 48.031111192959045,
    "high": 50.253926807040955,
    "count": 30,
    "base": 6103.5
  },
  "Compiler.seal compilation": {
    "min": 1019.636494,
    "max": 1242.31532,
    "mean": 1047.1075789,
    "median": 1037.4906205,
    "variance": 1637.7960657800243,
    "stdDev": 40.46969317625258,
    "confidence": 30.21987004603352,
    "low": 1031.9976438769831,
    "high": 1062.2175139230167,
    "count": 30,
    "base": 6103.5
  },
  "Compiler.afterCompile hook": {
    "min": 0.065201,
    "max": 0.086301,
    "mean": 0.06972073333333334,
    "median": 0.0686005,
    "variance": 0.00001758677752888889,
    "stdDev": 0.004193659205143986,
    "confidence": 0.003131524512549777,
    "low": 0.06815497107705845,
    "high": 0.07128649558960823,
    "count": 30,
    "base": 6103.5
  },
  "Compiler.emitAssets": {
    "min": 162.705731,
    "max": 337.815672,
    "mean": 209.6089683666667,
    "median": 196.73409,
    "variance": 1533.9916240916564,
    "stdDev": 39.16620512752871,
    "confidence": 29.246518474835966,
    "low": 194.9857091292487,
    "high": 224.23222760408467,
    "count": 30,
    "base": 6103.5
  },
  "Compiler.emitRecords": {
    "min": 0.075601,
    "max": 0.210502,
    "mean": 0.08720760000000002,
    "median": 0.081451,
    "variance": 0.0005707466165733333,
    "stdDev": 0.0238903038191927,
    "confidence": 0.017839568825787605,
    "low": 0.07828781558710622,
    "high": 0.09612738441289383,
    "count": 30,
    "base": 6103.5
  },
  "Compilation.compute affected modules": {
    "min": 0.251402,
    "max": 0.277003,
    "mean": 0.2563958333333333,
    "median": 0.255552,
    "variance": 0.00002138432247222223,
    "stdDev": 0.004624318595449737,
    "confidence": 0.0034531101186591195,
    "low": 0.25466927827400376,
    "high": 0.2581223883926629,
    "count": 30,
    "base": 6103.5
  },
  "Compilation.finish modules": {
    "min": 1.791219,
    "max": 2.155222,
    "mean": 1.9122426666666668,
    "median": 1.89437,
    "variance": 0.004460689950822225,
    "stdDev": 0.06678839682775913,
    "confidence": 0.04987279404189193,
    "low": 1.8873062696457208,
    "high": 1.9371790636876127,
    "count": 30,
    "base": 6103.5
  },
  "Compilation.report dependency errors and warnings": {
    "min": 43.027642,
    "max": 57.098087,
    "mean": 46.312470166666664,
    "median": 45.456714000000005,
    "variance": 8.828634511894139,
    "stdDev": 2.9713018210700404,
    "confidence": 2.218755514385009,
    "low": 45.20309240947416,
    "high": 47.42184792385917,
    "count": 30,
    "base": 6103.5
  },
  "Compilation.optimize dependencies": {
    "min": 0.098501,
    "max": 0.209102,
    "mean": 0.11600133333333333,
    "median": 0.110551,
    "variance": 0.0004021897002222223,
    "stdDev": 0.020054667791370225,
    "confidence": 0.014975390394785876,
    "low": 0.1085136381359404,
    "high": 0.12348902853072627,
    "count": 30,
    "base": 6103.5
  },
  "Compilation.create chunks": {
    "min": 83.191555,
    "max": 104.388772,
    "mean": 91.9437467,
    "median": 89.4801145,
    "variance": 30.957018517351017,
    "stdDev": 5.563903172894997,
    "confidence": 4.154724625692609,
    "low": 89.8663843871537,
    "high": 94.02110901284631,
    "count": 30,
    "base": 6103.5
  },
  "Compilation.compute affected modules with chunk graph": {
    "min": 0.168001,
    "max": 0.217402,
    "mean": 0.19899856666666663,
    "median": 0.198602,
    "variance": 0.00007123047504555557,
    "stdDev": 0.008439814870336645,
    "confidence": 0.006302249623770739,
    "low": 0.19584744185478126,
    "high": 0.202149691478552,
    "count": 30,
    "base": 6103.5
  },
  "Compilation.optimize": {
    "min": 58.336785,
    "max": 73.839066,
    "mean": 66.33676873333334,
    "median": 67.7483905,
    "variance": 20.775853094821404,
    "stdDev": 4.558053652034101,
    "confidence": 3.4036282021566535,
    "low": 64.63495463225502,
    "high": 68.03858283441167,
    "count": 30,
    "base": 6103.5
  },
  "Compilation.module hashing": {
    "min": 103.537838,
    "max": 116.457904,
    "mean": 109.5688744,
    "median": 109.3120625,
    "variance": 8.710875151317238,
    "stdDev": 2.9514191758063166,
    "confidence": 2.20390857810051,
    "low": 108.46692011094974,
    "high": 110.67082868905025,
    "count": 30,
    "base": 6103.5
  },
  "Compilation.code generation": {
    "min": 419.672171,
    "max": 472.210145,
    "mean": 432.43696719999997,
    "median": 428.5923395,
    "variance": 132.9265576421555,
    "stdDev": 11.529378024948072,
    "confidence": 8.609314236905902,
    "low": 428.132310081547,
    "high": 436.7416243184529,
    "count": 30,
    "base": 6103.5
  },
  "Compilation.runtime requirements.modules": {
    "min": 14.546841,
    "max": 24.442051,
    "mean": 16.308582300000005,
    "median": 15.128259,
    "variance": 9.38808668101681,
    "stdDev": 3.0639984792778225,
    "confidence": 2.2879747435138427,
    "low": 15.164594928243083,
    "high": 17.452569671756926,
    "count": 30,
    "base": 6103.5
  },
  "Compilation.runtime requirements.chunks": {
    "min": 4.542148,
    "max": 13.811842,
    "mean": 5.728886999999999,
    "median": 4.923301,
    "variance": 5.497745522412736,
    "stdDev": 2.344727174409154,
    "confidence": 1.750874418430902,
    "low": 4.853449790784548,
    "high": 6.60432420921545,
    "count": 30,
    "base": 6103.5
  },
  "Compilation.runtime requirements.entries": {
    "min": 2.194322,