{
  "stats": {
    "min": 48273,
    "max": 49817,
    "mean": 49116.5,
    "median": 49016.5,
    "variance": 286472.9166666667,
    "stdDev": 535.2316476691814,
    "confidence": 1123.565077348656,
    "low": 48554.71746132567,
    "high": 49678.28253867433,
    "count": 6,
    "base": 45065
  },
  "heap memory": {
    "min": 452160944,
    "max": 477822568,
    "mean": 468935014.6666667,
    "median": 471172300,
    "variance": 63710463227507.56,
    "stdDev": 7981883.438606928,
    "confidence": 16755671.160591483,
    "low": 460557179.08637094,
    "high": 477312850.2469624,
    "count": 6,
    "base": 45065
  },
  "rss memory": {
    "min": 726204416,
    "max": 861642752,
    "mean": 781968042.6666666,
    "median": 760037376,
    "variance": 3038743090488206,
    "stdDev": 55124795.60495627,
    "confidence": 115718671.54610729,
    "low": 724108706.893613,
    "high": 839827378.4397203,
    "count": 6,
    "base": 45065
  },
  "external memory": {
    "min": 23838932,
    "max": 23871700,
    "mean": 23859412,
    "median": 23859412,
    "variance": 128625322.66666667,
    "stdDev": 11341.310447504145,
    "confidence": 23807.823034524918,
    "low": 23847508.088482738,
    "high": 23871315.911517262,
    "count": 6,
    "base": 45065
  },
  "array buffers memory": {
    "min": 10803592,
    "max": 10836360,
    "mean": 10824072,
    "median": 10824072,
    "variance": 128625322.66666667,
    "stdDev": 11341.310447504145,
    "confidence": 23807.823034524918,
    "low": 10812168.088482738,
    "high": 10835975.911517262,
    "count": 6,
    "base": 45065
  },
  "Compiler.make hook": {
    "min": 20230.964463,
    "max": 21534.07225,
    "mean": 20807.17075233333,
    "median": 20780.8761455,
    "variance": 180495.51540874632,
    "stdDev": 424.84763787591703,
    "confidence": 891.8455610578749,
    "low": 20361.247971804394,
    "high": 21253.09353286227,
    "count": 6,
    "base": 45065
  },
  "Compiler.finish make hook": {
    "min": 0.112601,
    "max": 0.196401,
    "mean": 0.133401,
    "median": 0.122701,
    "variance": 0.0008263899999999998,
    "stdDev": 0.02874699984346192,
    "confidence": 0.06034606743326361,
    "low": 0.10322796628336818,
    "high": 0.1635740337166318,
    "count": 6,
    "base": 45065
  },
  "Compiler.finish compilation": {
    "min": 140.094622,
    "max": 187.043037,
    "mean": 159.91734316666665,
    "median": 154.474155,
    "variance": 259.84694273555186,
    "stdDev": 16.11976869361195,
    "confidence": 33.83882331688119,
    "low": 142.99793150822606,
    "high": 176.83675482510725,
    "count": 6,
    "base": 45065
  },
  "Compiler.seal compilation": {
    "min": 27066.140144,
    "max": 28998.977445,
    "mean": 28097.830482666668,
    "median": 28214.6741475,
    "variance": 364509.7556346518,
    "stdDev": 603.7464332272712,
    "confidence": 1267.3921859853363,
    "low": 27464.134389674,
    "high": 28731.526575659336,
    "count": 6,
    "base": 45065
  },
  "Compiler.afterCompile hook": {
    "min": 0.083401,
    "max": 0.124401,
    "mean": 0.09623416666666668,
    "median": 0.09105099999999999,
    "variance": 0.00018493183347222217,
    "stdDev": 0.013598964426463588,
    "confidence": 0.028547118960957185,
    "low": 0.08196060718618808,
    "high": 0.11050772614714527,
    "count": 6,
    "base": 45065
  },
  "Compiler.emitAssets": {
    "min": 28.042383,
    "max": 32.845402,
    "mean": 30.972662333333336,
    "median": 31.193545,
    "variance": 2.849821101635223,
    "stdDev": 1.6881413156590959,
    "confidence": 3.5437677053736643,
    "low": 29.200778480646502,
    "high": 32.744546186020166,
    "count": 6,
    "base": 45065
  },
  "Compiler.emitRecords": {
    "min": 0.089301,
    "max": 0.129401,
    "mean": 0.10318400000000001,
    "median": 0.0969005,
    "variance": 0.0001884628113333332,
    "stdDev": 0.013728175819581172,
    "confidence": 0.02881836115961023,
    "low": 0.0887748194201949,
    "high": 0.11759318057980513,
    "count": 6,
    "base": 45065
  },
  "FlagDependencyExportsPlugin.restore cached provided exports": {
    "min": 4.184427,
    "max": 6.403041,
    "mean": 4.911198333333334,
    "median": 4.5601785,
    "variance": 0.6396510511618888,
    "stdDev": 0.7997818772402191,
    "confidence": 1.6789122815825692,
    "low": 4.071742192542049,
    "high": 5.750654474124619,
    "count": 6,
    "base": 45065
  },
  "FlagDependencyExportsPlugin.figure out provided exports": {
    "min": 89.000885,
    "max": 129.362055,
    "mean": 101.90013800000001,
    "median": 90.0193845,
    "variance": 221.54709456298963,
    "stdDev": 14.884458154833505,
    "confidence": 31.24564373361764,
    "low": 86.27731613319119,
    "high": 117.52295986680883,
    "count": 6,
    "base": 45065
  },
  "FlagDependencyExportsPlugin.store provided exports into cache": {
    "min": 7.816451,
    "max": 11.679677,
    "mean": 9.0042075,
    "median": 7.9097515000000005,
    "variance": 2.031479695170917,
    "stdDev": 1.4252998614926322,
    "confidence": 2.9920075841868297,
    "low": 7.508203707906585,
    "high": 10.500211292093415,
    "count": 6,
    "base": 45065
  },
  "InnerGraphPlugin.infer dependency usage": {
    "min": 19.187523,
    "max": 37.287148,
    "mean": 29.59407333333333,
    "median": 29.203435,
    "variance": 38.935693928941554,
    "stdDev": 6.239847268078086,
    "confidence": 13.098766690895111,
    "low": 23.044689987885775,
    "high": 36.143456678780886,
    "count": 6,
    "base": 45065
  },
  "Compilation.finish modules": {
    "min": 102.858977,
    "max": 148.698383,
    "mean": 117.64462233333334,
    "median": 109.141677,
    "variance": 260.79277788363197,
    "stdDev": 16.149079784422145,
    "confidence": 33.90035353124115,
    "low": 100.69444556771278,
    "high": 134.59479909895393,
    "count": 6,
    "base": 45065
  },
  "Compilation.report dependency errors and warnings": {
    "min": 36.856243,
    "max": 48.753609,
    "mean": 41.83656766666667,
    "median": 40.8478535,
    "variance": 17.736692473939218,
    "stdDev": 4.21149527768217,
    "confidence": 8.840824413184166,
    "low": 37.416155460074584,
    "high": 46.25697987325875,
    "count": 6,
    "base": 45065
  },
  "Compilation.optimize dependencies": {
    "min": 221.144356,
    "max": 254.108844,
    "mean": 229.43692016666668,
    "median": 225.5947225,
    "variance": 129.3897688436859,
    "stdDev": 11.374962366693172,
    "confidence": 23.878465570988,
    "low": 217.49768738117268,
    "high": 241.37615295216068,
    "count": 6,
    "base": 45065
  },
  "Compilation.create chunks": {
    "min": 76.210491,
    "max": 93.952408,
    "mean": 85.02454483333334,
    "median": 84.521547,
    "variance": 36.19979628610147,
    "stdDev": 6.016626653374918,
    "confidence": 12.630179139473256,
    "low": 78.70945526359671,
    "high": 91.33963440306997,
    "count": 6,
    "base": 45065
  },
  "Compilation.optimize": {
    "min": 216.494775,
    "max": 255.979156,
    "mean": 231.05131383333332,
    "median": 228.542338,
    "variance": 149.80802631686666,
    "stdDev": 12.239608911924705,
    "confidence": 25.693542588019625,
    "low": 218.2045425393235,
    "high": 243.89808512734314,
    "count": 6,
    "base": 45065
  },
  "Compilation.module hashing": {
    "min": 232.96239,
    "max": 259.295314,
    "mean": 245.08323766666663,
    "median": 241.669824,
    "variance": 105.54267658169772,
    "stdDev": 10.273396545529513,
    "confidence": 21.566044598778603,
    "low": 234.30021536727733,
    "high": 255.86625996605594,
    "count": 6,
    "base": 45065
  },
  "Compilation.code generation": {
    "min": 1341.087804,
    "max": 1384.924053,
    "mean": 1357.3323781666666,
    "median": 1354.4323960000002,
    "variance": 233.12812061889454,
    "stdDev": 15.268533676122752,
    "confidence": 32.05189994934108,
    "low": 1341.306428191996,
    "high": 1373.358328141337,
    "count": 6,
    "base": 45065
  },