{
  "stats": {
    "min": 12034,
    "max": 12792,
    "mean": 12324,
    "median": 12306,
    "variance": 32331.82608695652,
    "stdDev": 179.81052829841894,
    "confidence": 155.5213246662679,
    "low": 12246.239337666866,
    "high": 12401.760662333134,
    "count": 23,
    "base": 12075
  },
  "heap memory": {
    "min": 249175304,
    "max": 310008720,
    "mean": 281324630.6086956,
    "median": 281351184,
    "variance": 331142028970110.06,
    "stdDev": 18197308.289142933,
    "confidence": 15739175.66045463,
    "low": 273455042.7784683,
    "high": 289194218.43892294,
    "count": 23,
    "base": 12075
  },
  "rss memory": {
    "min": 446640128,
    "max": 702504960,
    "mean": 570007195.826087,
    "median": 535318528,
    "variance": 7217163418045155,
    "stdDev": 84953889.95240392,
    "confidence": 73478130.70780253,
    "low": 533268130.47218573,
    "high": 606746261.1799883,
    "count": 23,
    "base": 12075
  },
  "external memory": {
    "min": 32989778,
    "max": 33022546,
    "mean": 33007230.52173913,
    "median": 33006162,
    "variance": 48460465.119092606,
    "stdDev": 6961.355120886494,
    "confidence": 6020.999883145094,
    "low": 33004220.021797556,
    "high": 33010241.0216807,
    "count": 23,
    "base": 12075
  },
  "array buffers memory": {
    "min": 31496594,
    "max": 31529362,
    "mean": 31514046.52173913,
    "median": 31512978,
    "variance": 48460465.119092606,
    "stdDev": 6961.355120886494,
    "confidence": 6020.999883145094,
    "low": 31511036.021797556,
    "high": 31517057.0216807,
    "count": 23,
    "base": 12075
  },
  "Compiler.make hook": {
    "min": 11400.465109,
    "max": 12177.793014,
    "mean": 11709.580702347825,
    "median": 11684.312077,
    "variance": 31696.585916552885,
    "stdDev": 178.03535018796936,
    "confidence": 153.98594153899467,
    "low": 11632.587731578327,
    "high": 11786.573673117322,
    "count": 23,
    "base": 12075
  },
  "Compiler.finish make hook": {
    "min": 0.083165,
    "max": 0.118341,
    "mean": 0.09304956521739131,
    "median": 0.086361,
    "variance": 0.00012384491337618145,
    "stdDev": 0.011128562951979984,
    "confidence": 0.009625292068835445,
    "low": 0.08823691918297359,
    "high": 0.09786221125180904,
    "count": 23,
    "base": 12075
  },
  "Compiler.finish compilation": {
    "min": 86.376017,
    "max": 107.971518,
    "mean": 99.78765000000001,
    "median": 107.971518,
    "variance": 23.729053934343636,
    "stdDev": 4.871247677376263,
    "confidence": 4.213228773265882,
    "low": 97.68103561336707,
    "high": 101.89426438663295,
    "count": 23,
    "base": 12075
  },
  "Compiler.seal compilation": {
    "min": 424.9648,
    "max": 481.247745,
    "mean": 452.90800569565226,
    "median": 455.003001,
    "variance": 164.15263847080868,
    "stdDev": 12.812206619892168,
    "confidence": 11.081505428406444,
    "low": 447.36725298144904,
    "high": 458.4487584098555,
    "count": 23,
    "base": 12075
  },
  "Compiler.afterCompile hook": {
    "min": 0.050995,
    "max": 0.071593,
    "mean": 0.05409213043478261,
    "median": 0.052808,
    "variance": 0.000017338472200378075,
    "stdDev": 0.004163949111165755,
    "confidence": 0.0036014736608563913,
    "low": 0.05229139360435441,
    "high": 0.055892867265210804,
    "count": 23,
    "base": 12075
  },
  "Compiler.emitAssets": {
    "min": 40.212479,
    "max": 49.688129,
    "mean": 45.06126282608695,
    "median": 44.580188,
    "variance": 4.7182375933323195,
    "stdDev": 2.1721504536593037,
    "confidence": 1.878731568859422,
    "low": 44.12189704165724,
    "high": 46.000628610516664,
    "count": 23,
    "base": 12075
  },
  "Compiler.emitRecords": {
    "min": 0.060643,
    "max": 0.079068,
    "mean": 0.06530186956521737,
    "median": 0.063929,
    "variance": 0.000019245809852551976,
    "stdDev": 0.004387004656089617,
    "confidence": 0.0037943983697096006,
    "low": 0.06340467038036257,
    "high": 0.06719906875007217,
    "count": 23,
    "base": 12075
  },
  "Compilation.compute affected modules": {
    "min": 0.208208,
    "max": 0.312523,
    "mean": 0.2364152608695652,
    "median": 0.213799,
    "variance": 0.0013952919084536863,
    "stdDev": 0.037353606364763314,
    "confidence": 0.03230779864719091,
    "low": 0.22026136154596976,
    "high": 0.25256916019316067,
    "count": 23,
    "base": 12075
  },
  "Compilation.finish modules": {
    "min": 58.302363,
    "max": 78.841933,
    "mean": 70.13104669565216,
    "median": 69.24448,
    "variance": 21.291999687165788,
    "stdDev": 4.614325485611714,
    "confidence": 3.9910121990891696,
    "low": 68.13554059610757,
    "high": 72.12655279519674,
    "count": 23,
    "base": 12075
  },
  "Compilation.report dependency errors and warnings": {
    "min": 26.035945,
    "max": 33.066857,
    "mean": 29.03152047826087,
    "median": 28.707352,
    "variance": 3.473383515802595,
    "stdDev": 1.8637015629661835,
    "confidence": 1.6119486361447102,
    "low": 28.225546160188514,
    "high": 29.837494796333225,
    "count": 23,
    "base": 12075
  },
  "Compilation.optimize dependencies": {
    "min": 0.651274,
    "max": 0.751882,
    "mean": 0.6991901304347827,
    "median": 0.698452,
    "variance": 0.0005708364675916826,
    "stdDev": 0.023892184236517233,
    "confidence": 0.02066477517638421,
    "low": 0.6888577428465906,
    "high": 0.7095225180229748,
    "count": 23,
    "base": 12075
  },
  "Compilation.create chunks": {
    "min": 26.391619,
    "max": 42.01624,
    "mean": 33.599002652173915,
    "median": 33.35531,
    "variance": 13.409028230384228,
    "stdDev": 3.661833998201479,
    "confidence": 3.1671853672723955,
    "low": 32.01540996853772,
    "high": 35.18259533581011,
    "count": 23,
    "base": 12075
  },
  "Compilation.compute affected modules with chunk graph": {
    "min": 0.116057,
    "max": 0.161822,
    "mean": 0.12259469565217392,
    "median": 0.118711,
    "variance": 0.00011306629290737238,
    "stdDev": 0.01063326351161168,
    "confidence": 0.009196898771727177,
    "low": 0.11799624626631032,
    "high": 0.1271931450380375,
    "count": 23,
    "base": 12075
  },
  "Compilation.optimize": {
    "min": 22.91959,
    "max": 29.461796,
    "mean": 26.370585956521737,
    "median": 25.851811,
    "variance": 3.032327519253954,
    "stdDev": 1.7413579526490106,
    "confidence": 1.506131471148656,
    "low": 25.61752022094741,
    "high": 27.123651692096065,
    "count": 23,
    "base": 12075
  },
  "Compilation.module hashing": {
    "min": 53.948583,
    "max": 67.230257,
    "mean": 59.92749495652174,
    "median": 60.063607,
    "variance": 6.381197757051082,
    "stdDev": 2.5261032752148282,
    "confidence": 2.184871660869618,
    "low": 58.83505912608693,
    "high": 61.01993078695655,
    "count": 23,
    "base": 12075
  },
  "Compilation.code generation": {
    "min": 197.417316,
    "max": 226.026581,
    "mean": 209.31178247826088,
    "median": 208.455052,
    "variance": 41.801926385785876,
    "stdDev": 6.46544092740672,
    "confidence": 5.592074875131971,
    "low": 206.5157450406949,
    "high": 212.10781991582687,
    "count": 23,
    "base": 12075
  },
  "Compilation.runtime requirements.modules": {
    "min": 5.082126,
    "max": 11.117386,
    "mean": 5.963422391304346,
    "median": 5.706046,
    "variance": 1.348044935455369,
    "stdDev": 1.1610533732156196,
    "confidence": 1.0042157170633264,
    "low": 5.461314532772683,
    "high": 6.465530249836009,
    "count": 23,
    "base": 12075
  },
  "Compilation.runtime requirements.chunks": {
    "min": 1.953182,
    "max": 5.439915,
    "mean": 2.5253657391304345,
    "median": 2.411706,
    "variance": 0.4048564766322798,
    "stdDev": 0.636283330468652,
    "confidence": 0.5503327716902096,
    "low": 2.2501993532853297,
    "high": 2.8005321249755393,
    "count": 23,
    "base": 12075
  },
  "Compilation.runtime requirements.entries": {
    "min": 1.567713,