{
  "stats": {
    "min": 6625,
    "max": 7891,
    "mean": 7375.766666666666,
    "median": 7728,
    "variance": 257229.1788888889,
    "stdDev": 507.17766008459887,
    "confidence": 378.72397280742734,
    "low": 7186.404680262953,
    "high": 7565.12865307038,
    "count": 30,
    "base": 7261
  },
  "heap memory": {
    "min": 227457264,
    "max": 332369776,
    "mean": 271664143.2,
    "median": 249195856,
    "variance": 1188344022283768.8,
    "stdDev": 34472366.06738459,
    "confidence": 25741495.44941342,
    "low": 258793395.47529328,
    "high": 284534890.9247067,
    "count": 30,
    "base": 7261
  },
  "rss memory": {
    "min": 494526464,
    "max": 666583040,
    "mean": 588143411.2,
    "median": 622581760,
    "variance": 4104433992774016,
    "stdDev": 64065856.684930205,
    "confidence": 47839795.9424727,
    "low": 564223513.2287637,
    "high": 612063309.1712364,
    "count": 30,
    "base": 7261
  },
  "external memory": {
    "min": 103468811,
    "max": 103501579,
    "mean": 103486014.2,
    "median": 103485195,
    "variance": 41831191.89333332,
    "stdDev": 6467.703757388191,
    "confidence": 4829.6182081997395,
    "low": 103483599.3908959,
    "high": 103488429.0091041,
    "count": 30,
    "base": 7261
  },
  "array buffers memory": {
    "min": 102014174,
    "max": 102046942,
    "mean": 102031377.2,
    "median": 102030558,
    "variance": 41831191.89333332,
    "stdDev": 6467.703757388191,
    "confidence": 4829.6182081997395,
    "low": 102028962.3908959,
    "high": 102033792.0091041,
    "count": 30,
    "base": 7261
  },
  "Compiler.make hook": {
    "min": 5053.288439,
    "max": 6104.132095,
    "mean": 5659.529190400001,
    "median": 5941.7367725,
    "variance": 175430.6684478313,
    "stdDev": 418.84444421268296,
    "confidence": 312.76305008009695,
    "low": 5503.147665359953,
    "high": 5815.91071544005,
    "count": 30,
    "base": 7261
  },
  "Compiler.finish make hook": {
    "min": 0.092601,
    "max": 0.127802,
    "mean": 0.10186793333333335,
    "median": 0.101301,
    "variance": 0.00005758138686222221,
    "stdDev": 0.007588240037203766,
    "confidence": 0.005666354494058001,
    "low": 0.09903475608630435,
    "high": 0.10470111058036236,
    "count": 30,
    "base": 7261
  },
  "Compiler.finish compilation": {
    "min": 276.545101,
    "max": 302.08255,
    "mean": 290.3158232,
    "median": 290.049738,
    "variance": 45.48447061598393,
    "stdDev": 6.74421756884992,
    "confidence": 5.036098929764421,
    "low": 287.7977737351178,
    "high": 292.8338726648822,
    "count": 30,
    "base": 7261
  },
  "Compiler.seal compilation": {
    "min": 1082.702821,
    "max": 1304.061333,
    "mean": 1203.064053966667,
    "median": 1270.2564105000001,
    "variance": 8684.260411432148,
    "stdDev": 93.18937928450939,
    "confidence": 69.58715795999478,
    "low": 1168.2704749866696,
    "high": 1237.8576329466644,
    "count": 30,
    "base": 7261
  },
  "Compiler.afterCompile hook": {
    "min": 0.064501,
    "max": 0.080701,
    "mean": 0.0680276,
    "median": 0.06715099999999999,
    "variance": 0.000010604159173333328,
    "stdDev": 0.0032564027965430392,
    "confidence": 0.0024316485153590695,
    "low": 0.06681177574232046,
    "high": 0.06924342425767953,
    "count": 30,
    "base": 7261
  },
  "Compiler.emitAssets": {
    "min": 155.652793,
    "max": 364.803633,
    "mean": 205.06349343333338,
    "median": 194.8540575,
    "variance": 2262.952504903927,
    "stdDev": 47.570500364237574,
    "confidence": 35.522244578706534,
    "low": 187.3023711439801,
    "high": 222.82461572268664,
    "count": 30,
    "base": 7261
  },
  "Compiler.emitRecords": {
    "min": 0.079301,
    "max": 0.100101,
    "mean": 0.08538113333333334,
    "median": 0.085001,
    "variance": 0.000020919025448888887,
    "stdDev": 0.004573732113809125,
    "confidence": 0.0034153357551469643,
    "low": 0.08367346545575986,
    "high": 0.08708880121090683,
    "count": 30,
    "base": 7261
  },
  "Compilation.compute affected modules": {
    "min": 28.642084,
    "max": 45.085204,
    "mean": 38.26169556666667,
    "median": 40.583351,
    "variance": 27.618908962658313,
    "stdDev": 5.255369536260824,
    "confidence": 3.924333790671753,
    "low": 36.29952867133079,
    "high": 40.22386246200254,
    "count": 30,
    "base": 7261
  },
  "Compilation.finish modules": {
    "min": 186.528998,
    "max": 216.481792,
    "mean": 201.27149016666664,
    "median": 202.09961249999998,
    "variance": 37.12366098087683,
    "stdDev": 6.092918921245944,
    "confidence": 4.549755719648431,
    "low": 198.99661230684242,
    "high": 203.54636802649085,
    "count": 30,
    "base": 7261
  },
  "Compilation.report dependency errors and warnings": {
    "min": 45.348908,
    "max": 58.396185,
    "mean": 50.17735963333333,
    "median": 49.3918115,
    "variance": 12.336124029400237,
    "stdDev": 3.512281883533871,
    "confidence": 2.622720701715494,
    "low": 48.865999282475585,
    "high": 51.48871998419108,
    "count": 30,
    "base": 7261
  },
  "Compilation.optimize dependencies": {
    "min": 1.102415,
    "max": 1.47652,
    "mean": 1.2684033000000001,
    "median": 1.2516665,
    "variance": 0.009494937723676664,
    "stdDev": 0.09744197105804389,
    "confidence": 0.0727626890962294,
    "low": 1.2320219554518854,
    "high": 1.3047846445481148,
    "count": 30,
    "base": 7261
  },
  "Compilation.create chunks": {
    "min": 102.262076,
    "max": 124.045455,
    "mean": 111.45253326666665,
    "median": 112.60050749999999,
    "variance": 33.581745439568145,
    "stdDev": 5.794975879118751,
    "confidence": 4.327273182531314,
    "low": 109.28889667540099,
    "high": 113.6161698579323,
    "count": 30,
    "base": 7261
  },
  "Compilation.compute affected modules with chunk graph": {
    "min": 17.484031,
    "max": 27.099567,
    "mean": 22.408140133333333,
    "median": 23.401063,
    "variance": 11.117029466792582,
    "stdDev": 3.3342209685011253,
    "confidence": 2.489757555957695,
    "low": 21.163261355354486,
    "high": 23.65301891131218,
    "count": 30,
    "base": 7261
  },
  "Compilation.optimize": {
    "min": 83.70172,
    "max": 92.404168,
    "mean": 87.70969826666666,
    "median": 87.319872,
    "variance": 6.359830720682199,
    "stdDev": 2.5218704805525203,
    "confidence": 1.883152359552497,
    "low": 86.76812208689041,
    "high": 88.65127444644291,
    "count": 30,
    "base": 7261
  },
  "Compilation.module hashing": {
    "min": 106.075712,
    "max": 122.009033,
    "mean": 115.18290273333334,
    "median": 115.934822,
    "variance": 19.823539405222935,
    "stdDev": 4.452363350539008,
    "confidence": 3.3247062503049847,
    "low": 113.52054960818084,
    "high": 116.84525585848583,
    "count": 30,
    "base": 7261
  },
  "Compilation.code generation": {
    "min": 418.183006,
    "max": 596.297168,
    "mean": 444.3834960666667,
    "median": 430.8386165,
    "variance": 1774.2213152123888,
    "stdDev": 42.12150656389665,
    "confidence": 31.45332604723194,
    "low": 428.6568330430507,
    "high": 460.11015909028265,
    "count": 30,
    "base": 7261
  },
  "Compilation.runtime requirements.modules": {
    "min": 19.584862,
    "max": 76.439721,
    "mean": 30.547126166666665,
    "median": 29.14264,
    "variance": 127.99772896209355,
    "stdDev": 11.313608131895569,
    "confidence": 8.448192725569172,
    "low": 26.32302980388208,
    "high": 34.77122252945125,
    "count": 30,
    "base": 7261
  },
  "Compilation.runtime requirements.chunks": {
    "min": 4.796164,
    "max": 27.511067,
    "mean": 6.477486733333335,
    "median": 5.001665,
    "variance": 20.628565790410857,
    "stdDev": 4.541868094783341,
    "confidence": 3.3915419865629053,
    "low": 4.781715740051882,
    "high": 8.173257726614787,
    "count": 30,
    "base": 7261
  },
  "Compilation.runtime requirements.entries": {
    "min": 2.208829,
    "max": 10.890048,