{
  "stats": {
    "min": 69498,
    "max": 71043,
    "mean": 70186,
    "median": 70101.5,
    "variance": 340498.5,
    "stdDev": 583.5224931397247,
    "confidence": 1856.7685731706151,
    "low": 69257.61571341469,
    "high": 71114.38428658531,
    "count": 4,
    "base": 90799.5
  },
  "heap memory": {
    "min": 747850744,
    "max": 750229448,
    "mean": 749154140,
    "median": 749268184,
    "variance": 886127047088,
    "stdDev": 941343.2142890285,
    "confidence": 2995354.1078677177,
    "low": 747656462.9460661,
    "high": 750651817.0539339,
    "count": 4,
    "base": 90799.5
  },
  "rss memory": {
    "min": 977285120,
    "max": 1483460608,
    "mean": 1211936768,
    "median": 1230372864,
    "variance": 55680107414552580,
    "stdDev": 235966326.8658318,
    "confidence": 750844852.0870767,
    "low": 836514341.9564617,
    "high": 1587359194.0435383,
    "count": 4,
    "base": 90799.5
  },
  "external memory": {
    "min": 59621716,
    "max": 59646292,
    "mean": 59634004,
    "median": 59634004,
    "variance": 83886080,
    "stdDev": 9158.934435839139,
    "confidence": 29143.729374840856,
    "low": 59619432.13531258,
    "high": 59648575.86468742,
    "count": 4,
    "base": 90799.5
  },
  "array buffers memory": {
    "min": 58273304,
    "max": 58297880,
    "mean": 58285592,
    "median": 58285592,
    "variance": 83886080,
    "stdDev": 9158.934435839139,
    "confidence": 29143.729374840856,
    "low": 58271020.13531258,
    "high": 58300163.86468742,
    "count": 4,
    "base": 90799.5
  },
  "Compiler.make hook": {
    "min": 6025.050366,
    "max": 7675.547857,
    "mean": 6750.7647165,
    "median": 6651.2303215,
    "variance": 530571.0677478974,
    "stdDev": 728.4030942739723,
    "confidence": 2317.778645979779,
    "low": 5591.87539351011,
    "high": 7909.654039489889,
    "count": 4,
    "base": 90799.5
  },
  "Compiler.finish make hook": {
    "min": 0.128102,
    "max": 0.185902,
    "mean": 0.1556515,
    "median": 0.154301,
    "variance": 0.0007496738502500003,
    "stdDev": 0.02738017257524138,
    "confidence": 0.08712370913441808,
    "low": 0.11208964543279096,
    "high": 0.19921335456720904,
    "count": 4,
    "base": 90799.5
  },
  "Compiler.finish compilation": {
    "min": 234.596078,
    "max": 275.008142,
    "mean": 251.7805705,
    "median": 248.759031,
    "variance": 214.75730531497442,
    "stdDev": 14.654600141763487,
    "confidence": 46.630937651091386,
    "low": 228.4651016744543,
    "high": 275.0960393255457,
    "count": 4,
    "base": 90799.5
  },
  "Compiler.seal compilation": {
    "min": 62689.388213,
    "max": 63389.287266,
    "mean": 63032.193479249996,
    "median": 63025.049219,
    "variance": 63515.85525626651,
    "stdDev": 252.02352123614676,
    "confidence": 801.9388445734221,
    "low": 62631.224056963285,
    "high": 63433.16290153671,
    "count": 4,
    "base": 90799.5
  },
  "Compiler.afterCompile hook": {
    "min": 0.076801,
    "max": 0.079801,
    "mean": 0.077976,
    "median": 0.077651,
    "variance": 0.0000015918750000000041,
    "stdDev": 0.0012616952880945558,
    "confidence": 0.004014714406716885,
    "low": 0.07596864279664156,
    "high": 0.07998335720335845,
    "count": 4,
    "base": 90799.5
  },
  "Compiler.emitAssets": {
    "min": 127.326613,
    "max": 140.010295,
    "mean": 132.13269875,
    "median": 130.5969435,
    "variance": 22.485305315139257,
    "stdDev": 4.741867281476703,
    "confidence": 15.088621689658865,
    "low": 124.58838790517056,
    "high": 139.67700959482943,
    "count": 4,
    "base": 90799.5
  },
  "Compiler.emitRecords": {
    "min": 0.093101,
    "max": 0.113602,
    "mean": 0.09947624999999999,
    "median": 0.09560099999999999,
    "variance": 0.00006997393768749997,
    "stdDev": 0.008365042599263914,
    "confidence": 0.026617565550857786,
    "low": 0.0861674672245711,
    "high": 0.11278503277542888,
    "count": 4,
    "base": 90799.5
  },
  "FlagDependencyExportsPlugin.restore cached provided exports": {
    "min": 11.747534,
    "max": 12.462761,
    "mean": 12.0652375,
    "median": 12.0253275,
    "variance": 0.06555339674625008,
    "stdDev": 0.2560339757654247,
    "confidence": 0.8147001108855818,
    "low": 11.65788744455721,
    "high": 12.472587555442791,
    "count": 4,
    "base": 90799.5
  },
  "FlagDependencyExportsPlugin.figure out provided exports": {
    "min": 164.775581,
    "max": 183.338395,
    "mean": 174.3190685,
    "median": 174.58114899999998,
    "variance": 43.87465035401678,
    "stdDev": 6.623794256618844,
    "confidence": 21.07691332456119,
    "low": 163.7806118377194,
    "high": 184.85752516228058,
    "count": 4,
    "base": 90799.5
  },
  "FlagDependencyExportsPlugin.store provided exports into cache": {
    "min": 10.867824,
    "max": 31.733855,
    "mean": 18.02624625,
    "median": 14.751653000000001,
    "variance": 71.54263270237817,
    "stdDev": 8.458287811512339,
    "confidence": 26.914271816232258,
    "low": 4.569110341883869,
    "high": 31.48338215811613,
    "count": 4,
    "base": 90799.5
  },
  "InnerGraphPlugin.infer dependency usage": {
    "min": 33.100452,
    "max": 62.782751,
    "mean": 42.1719345,
    "median": 36.4022675,
    "variance": 143.46851721976725,
    "stdDev": 11.977834412771251,
    "confidence": 38.11346910143813,
    "low": 23.11519994928094,
    "high": 61.22866905071906,
    "count": 4,
    "base": 90799.5
  },
  "Compilation.finish modules": {
    "min": 191.04008,
    "max": 231.633131,
    "mean": 208.336788,
    "median": 205.3369705,
    "variance": 218.3125385372715,
    "stdDev": 14.775403159889462,
    "confidence": 47.015332854768246,
    "low": 184.8291215726159,
    "high": 231.84445442738414,
    "count": 4,
    "base": 90799.5
  },
  "Compilation.report dependency errors and warnings": {
    "min": 42.064908,
    "max": 43.755102,
    "mean": 42.9196525,
    "median": 42.9293,
    "variance": 0.3644948609012492,
    "stdDev": 0.6037340978454415,
    "confidence": 1.9210818993442018,
    "low": 41.9591115503279,
    "high": 43.8801934496721,
    "count": 4,
    "base": 90799.5
  },
  "Compilation.optimize dependencies": {
    "min": 188.967822,
    "max": 198.351275,
    "mean": 193.28654325,
    "median": 192.91353800000002,
    "variance": 14.96456309294113,
    "stdDev": 3.86840575598542,
    "confidence": 12.309267115545595,
    "low": 187.1319096922272,
    "high": 199.4411768077728,
    "count": 4,
    "base": 90799.5
  },
  "Compilation.create chunks": {
    "min": 117.302145,
    "max": 140.709987,
    "mean": 125.938434,
    "median": 122.870802,
    "variance": 91.5989467504051,
    "stdDev": 9.57073386686753,
    "confidence": 30.45407516437247,
    "low": 110.71139641781376,
    "high": 141.16547158218623,
    "count": 4,
    "base": 90799.5
  },
  "Compilation.optimize": {
    "min": 320.106271,
    "max": 332.904325,
    "mean": 326.479197,
    "median": 326.453096,
    "variance": 20.768475561525936,
    "stdDev": 4.55724429469454,
    "confidence": 14.501151345717972,
    "low": 319.228621327141,
    "high": 333.729772672859,
    "count": 4,
    "base": 90799.5
  },
  "Compilation.module hashing": {
    "min": 195.515243,
    "max": 221.018843,
    "mean": 208.0596815,
    "median": 207.85232000000002,
    "variance": 113.2867809582502,
    "stdDev": 10.643626306773937,
    "confidence": 33.86801890815468,
    "low": 191.12567204592267,
    "high": 224.99369095407735,
    "count": 4,
    "base": 90799.5
  },
  "Compilation.code generation": {
    "min": 4988.718465,
    "max": 5409.977362,
    "mean": 5259.089695500001,
    "median": 5318.8314775,
    "variance": 29552.476632244627,
    "stdDev": 171.90833787877955,
    "confidence": 547.0123311302759,
    "low": 4985.583529934863,
    "high": 5532.595861065139,
    "count": 4,
    "base": 90799.5
  },
  "Compilation.runtime requirements": {
    "min": 4.829555,
    "max": 5.080657,
    "mean": 4.9429565,
    "median": 4.930807,