{
  "stats": {
    "min": 16769,
    "max": 18418,
    "mean": 17832.25,
    "median": 17910,
    "variance": 188992.0625,
    "stdDev": 434.7321732975373,
    "confidence": 463.20713064852316,
    "low": 17600.64643467574,
    "high": 18063.85356532426,
    "count": 16,
    "base": 16064.5
  },
  "heap memory": {
    "min": 267214128,
    "max": 407681272,
    "mean": 306722367,
    "median": 292690576,
    "variance": 1504717185677494.8,
    "stdDev": 38790684.26410515,
    "confidence": 41331474.083404064,
    "low": 286056629.95829797,
    "high": 327388104.04170203,
    "count": 16,
    "base": 16064.5
  },
  "rss memory": {
    "min": 492109824,
    "max": 603291648,
    "mean": 550432256,
    "median": 553525248,
    "variance": 1064453237637120,
    "stdDev": 32625959.56653413,
    "confidence": 34762959.91814208,
    "low": 533050776.04092896,
    "high": 567813735.959071,
    "count": 16,
    "base": 16064.5
  },
  "external memory": {
    "min": 14663440,
    "max": 14720784,
    "mean": 14688528,
    "median": 14688016,
    "variance": 180092928,
    "stdDev": 13419.870640211104,
    "confidence": 14298.87216714397,
    "low": 14681378.563916428,
    "high": 14695677.436083572,
    "count": 16,
    "base": 16064.5
  },
  "array buffers memory": {
    "min": 13330916,
    "max": 13388260,
    "mean": 13356004,
    "median": 13355492,
    "variance": 180092928,
    "stdDev": 13419.870640211104,
    "confidence": 14298.87216714397,
    "low": 13348854.563916428,
    "high": 13363153.436083572,
    "count": 16,
    "base": 16064.5
  },
  "Compiler.make hook": {
    "min": 15063.914088,
    "max": 16707.334111,
    "mean": 16059.935063249999,
    "median": 16108.0132165,
    "variance": 173261.7986848934,
    "stdDev": 416.24728069369223,
    "confidence": 443.51147757912986,
    "low": 15838.179324460434,
    "high": 16281.690802039564,
    "count": 16,
    "base": 16064.5
  },
  "Compiler.finish make hook": {
    "min": 0.091902,
    "max": 0.133803,
    "mean": 0.10703356250000001,
    "median": 0.103502,
    "variance": 0.0001832569791210938,
    "stdDev": 0.013537244147945836,
    "confidence": 0.014423933639636288,
    "low": 0.09982159568018187,
    "high": 0.11424552931981816,
    "count": 16,
    "base": 16064.5
  },
  "Compiler.finish compilation": {
    "min": 101.678029,
    "max": 181.934129,
    "mean": 120.0414675,
    "median": 111.60861349999999,
    "variance": 431.0776463753466,
    "stdDev": 20.762409454958416,
    "confidence": 22.122347274258203,
    "low": 108.9802938628709,
    "high": 131.1026411371291,
    "count": 16,
    "base": 16064.5
  },
  "Compiler.seal compilation": {
    "min": 1525.621834,
    "max": 1752.03647,
    "mean": 1617.4270041874997,
    "median": 1579.674396,
    "variance": 5242.848433113327,
    "stdDev": 72.40751641309987,
    "confidence": 77.15020873815774,
    "low": 1578.8518998184209,
    "high": 1656.0021085565786,
    "count": 16,
    "base": 16064.5
  },
  "Compiler.afterCompile hook": {
    "min": 0.061401,
    "max": 0.068402,
    "mean": 0.063564,
    "median": 0.063401,
    "variance": 0.000003464194000000001,
    "stdDev": 0.0018612345365375104,
    "confidence": 0.001983145398680719,
    "low": 0.06257242730065964,
    "high": 0.06455557269934036,
    "count": 16,
    "base": 16064.5
  },
  "Compiler.emitAssets": {
    "min": 17.590051,
    "max": 23.553469,
    "mean": 19.4820713125,
    "median": 19.096131,
    "variance": 2.2167697628513405,
    "stdDev": 1.4888820513564331,
    "confidence": 1.5864038257202822,
    "low": 18.68886939963986,
    "high": 20.27527322536014,
    "count": 16,
    "base": 16064.5
  },
  "Compiler.emitRecords": {
    "min": 0.067702,
    "max": 0.081101,
    "mean": 0.07702668750000001,
    "median": 0.077352,
    "variance": 0.00000885847833984375,
    "stdDev": 0.002976319596388088,
    "confidence": 0.003171268529951504,
    "low": 0.07544105323502426,
    "high": 0.07861232176497576,
    "count": 16,
    "base": 16064.5
  },
  "FlagDependencyExportsPlugin.restore cached provided exports": {
    "min": 3.704074,
    "max": 5.671413,
    "mean": 4.136557687500001,
    "median": 3.8364755,
    "variance": 0.36187595871084,
    "stdDev": 0.6015612676285268,
    "confidence": 0.6409635306581953,
    "low": 3.8160759221709033,
    "high": 4.457039452829099,
    "count": 16,
    "base": 16064.5
  },
  "FlagDependencyExportsPlugin.figure out provided exports": {
    "min": 54.701892,
    "max": 120.728008,
    "mean": 66.8974461875,
    "median": 59.9697395,
    "variance": 263.62531418447804,
    "stdDev": 16.23654255635965,
    "confidence": 17.300036093801204,
    "low": 58.24742814059939,
    "high": 75.54746423440059,
    "count": 16,
    "base": 16064.5
  },
  "FlagDependencyExportsPlugin.store provided exports into cache": {
    "min": 13.463771,
    "max": 21.304433,
    "mean": 17.8458700625,
    "median": 17.9537135,
    "variance": 4.870121829551183,
    "stdDev": 2.2068352520184153,
    "confidence": 2.351382961025621,
    "low": 16.67017858198719,
    "high": 19.02156154301281,
    "count": 16,
    "base": 16064.5
  },
  "InnerGraphPlugin.infer dependency usage": {
    "min": 15.551402,
    "max": 33.014152,
    "mean": 22.127035375000002,
    "median": 23.463828,
    "variance": 32.478370975346735,
    "stdDev": 5.6989798188225524,
    "confidence": 6.0722629969554305,
    "low": 19.090903876522287,
    "high": 25.163166873477717,
    "count": 16,
    "base": 16064.5
  },
  "Compilation.finish modules": {
    "min": 76.518927,
    "max": 147.923951,
    "mean": 90.5390136875,
    "median": 81.58550199999999,
    "variance": 314.5603369973611,
    "stdDev": 17.735848922376427,
    "confidence": 18.89754702679207,
    "low": 81.09024017410397,
    "high": 99.98778720089604,
    "count": 16,
    "base": 16064.5
  },
  "Compilation.report dependency errors and warnings": {
    "min": 24.774295,
    "max": 44.978813,
    "mean": 29.090039375000003,
    "median": 27.16919,
    "variance": 30.540755596882114,
    "stdDev": 5.526369115149848,
    "confidence": 5.888346292192164,
    "low": 26.145866228903923,
    "high": 32.03421252109609,
    "count": 16,
    "base": 16064.5
  },
  "Compilation.optimize dependencies": {
    "min": 192.009355,
    "max": 220.48476,
    "mean": 202.990224625,
    "median": 201.767882,
    "variance": 47.97581267542222,
    "stdDev": 6.926457440526305,
    "confidence": 7.380140402880784,
    "low": 199.3001544235596,
    "high": 206.6802948264404,
    "count": 16,
    "base": 16064.5
  },
  "Compilation.create chunks": {
    "min": 51.517559,
    "max": 57.238652,
    "mean": 53.719201625,
    "median": 53.1290635,
    "variance": 2.878487792077612,
    "stdDev": 1.6966106778155123,
    "confidence": 1.807738677212427,
    "low": 52.81533228639378,
    "high": 54.62307096360621,
    "count": 16,
    "base": 16064.5
  },
  "Compilation.optimize": {
    "min": 139.976017,
    "max": 148.517957,
    "mean": 143.70714275,
    "median": 143.15015799999998,
    "variance": 6.39323865242556,
    "stdDev": 2.528485446354311,
    "confidence": 2.694101243090529,
    "low": 142.36009212845474,
    "high": 145.05419337154527,
    "count": 16,
    "base": 16064.5
  },
  "Compilation.module hashing": {
    "min": 99.135579,
    "max": 117.126878,
    "mean": 108.1543804375,
    "median": 109.95801750000001,
    "variance": 31.561158191166744,
    "stdDev": 5.617931842873029,
    "confidence": 5.9859063785812054,
    "low": 105.16142724820939,
    "high": 111.1473336267906,
    "count": 16,
    "base": 16064.5
  },
  "Compilation.code generation": {
    "min": 990.283354,
    "max": 1208.889698,
    "mean": 1075.8262119375,
    "median": 1046.645772,
    "variance": 4861.601228976181,
    "stdDev": 69.72518360661506,
    "confidence": 74.29218313284855,
    "low": 1038.6801203710756,
    "high": 1112.9723035039242,
    "count": 16,
    "base": 16064.5
  },
  "Compilation.runtime requirements": {
    "min": 1.835836,