{
  "stats": {
    "min": 171.72727272727272,
    "max": 185.8181818181818,
    "mean": 177.9488636363636,
    "median": 177.95454545454544,
    "variance": 13.391496642561984,
    "stdDev": 3.659439389108936,
    "confidence": 3.899132669095593,
    "low": 175.9992973018158,
    "high": 179.8984299709114,
    "count": 16,
    "base": 301.04545454545456
  },
  "heap memory": {
    "min": 270322531.6363636,
    "max": 282679793.45454544,
    "mean": 279599769.8636364,
    "median": 280316806.90909094,
    "variance": 7281522001739.114,
    "stdDev": 2698429.5435936647,
    "confidence": 2875176.6786990166,
    "low": 278162181.52428687,
    "high": 281037358.2029859,
    "count": 16,
    "base": 301.04545454545456
  },
  "rss memory": {
    "min": 596360843.6363636,
    "max": 655558097.4545455,
    "mean": 605189026.9090909,
    "median": 599452578.9090909,
    "variance": 203189317364711,
    "stdDev": 14254449.037571076,
    "confidence": 15188115.449532032,
    "low": 597594969.1843249,
    "high": 612783084.6338569,
    "count": 16,
    "base": 301.04545454545456
  },
  "external memory": {
    "min": 147544149,
    "max": 152752308.9090909,
    "mean": 152080064.17045456,
    "median": 152719540.9090909,
    "variance": 1818871198934.868,
    "stdDev": 1348655.32992491,
    "confidence": 1436992.254034996,
    "low": 151361568.04343706,
    "high": 152798560.29747206,
    "count": 16,
    "base": 301.04545454545456
  },
  "array buffers memory": {
    "min": 146084159.63636363,
    "max": 151292319.54545453,
    "mean": 150620074.80681816,
    "median": 151259551.54545453,
    "variance": 1818871198934.8606,
    "stdDev": 1348655.3299249073,
    "confidence": 1436992.254034996,
    "low": 149901578.67980066,
    "high": 151338570.93383566,
    "count": 16,
    "base": 301.04545454545456
  },
  "Compiler.make hook": {
    "min": 58.206589,
    "max": 62.74536590909092,
    "mean": 59.94274691477273,
    "median": 60.08016336363637,
    "variance": 1.2163777655485981,
    "stdDev": 1.1028951743246491,
    "confidence": 1.175134808242916,
    "low": 59.35517951065127,
    "high": 60.530314318894185,
    "count": 16,
    "base": 301.04545454545456
  },
  "Compiler.finish make hook": {
    "min": 0.0036010909090909093,
    "max": 0.005080363636363636,
    "mean": 0.004280369318181818,
    "median": 0.004345954545454546,
    "variance": 1.325375500710227e-7,
    "stdDev": 0.0003640570697995339,
    "confidence": 0.0003879028078714042,
    "low": 0.004086417914246116,
    "high": 0.00447432072211752,
    "count": 16,
    "base": 301.04545454545456
  },
  "Compiler.finish compilation": {
    "min": 1.5977617272727274,
    "max": 2.046747363636364,
    "mean": 1.8686324090909092,
    "median": 1.867759090909091,
    "variance": 0.008640379648724175,
    "stdDev": 0.09295364247152542,
    "confidence": 0.09904210605341035,
    "low": 1.819111356064204,
    "high": 1.9181534621176144,
    "count": 16,
    "base": 301.04545454545456
  },
  "Compiler.seal compilation": {
    "min": 70.07832109090909,
    "max": 79.9229811818182,
    "mean": 74.25688549999998,
    "median": 73.73255122727272,
    "variance": 4.438104879207893,
    "stdDev": 2.1066810103116924,
    "confidence": 2.244668616487104,
    "low": 73.13455119175643,
    "high": 75.37921980824353,
    "count": 16,
    "base": 301.04545454545456
  },
  "Compiler.afterCompile hook": {
    "min": 0.003112090909090909,
    "max": 0.004271181818181819,
    "mean": 0.003664573863636364,
    "median": 0.003605409090909091,
    "variance": 1.0555634578383265e-7,
    "stdDev": 0.0003248943609603476,
    "confidence": 0.00034617494160325054,
    "low": 0.003491486392834739,
    "high": 0.0038376613344379895,
    "count": 16,
    "base": 301.04545454545456
  },
  "Compiler.emitAssets": {
    "min": 35.69149836363636,
    "max": 40.43280754545455,
    "mean": 38.11856154545455,
    "median": 38.05315809090909,
    "variance": 1.8132156895970386,
    "stdDev": 1.3465569759936038,
    "confidence": 1.434756457921182,
    "low": 37.401183316493956,
    "high": 38.83593977441514,
    "count": 16,
    "base": 301.04545454545456
  },
  "Compiler.emitRecords": {
    "min": 0.006669636363636363,
    "max": 0.009599636363636364,
    "mean": 0.007992125000000001,
    "median": 0.007925045454545455,
    "variance": 4.782076228047519e-7,
    "stdDev": 0.0006915255763923355,
    "confidence": 0.0007368205016460329,
    "low": 0.0076237147491769845,
    "high": 0.008360535250823017,
    "count": 16,
    "base": 301.04545454545456
  },
  "Compilation.compute affected modules": {
    "min": 0.7405542727272727,
    "max": 0.8650496363636364,
    "mean": 0.8126057215909092,
    "median": 0.818630590909091,
    "variance": 0.0011681033383362275,
    "stdDev": 0.034177526802509094,
    "confidence": 0.036416154808073475,
    "low": 0.7943976441868724,
    "high": 0.8308137989949459,
    "count": 16,
    "base": 301.04545454545456
  },
  "Compilation.finish modules": {
    "min": 0.3863112727272728,
    "max": 0.5737730909090909,
    "mean": 0.49143211363636363,
    "median": 0.49301454545454537,
    "variance": 0.0013318132692112595,
    "stdDev": 0.03649401689607845,
    "confidence": 0.03888437500277164,
    "low": 0.4719899261349778,
    "high": 0.5108743011377495,
    "count": 16,
    "base": 301.04545454545456
  },
  "Compilation.report dependency errors and warnings": {
    "min": 0.44545999999999997,
    "max": 0.5956833636363636,
    "mean": 0.5215346761363636,
    "median": 0.5215067272727274,
    "variance": 0.0018030943661559579,
    "stdDev": 0.042462858666792065,
    "confidence": 0.045244175909467,
    "low": 0.49891258818163015,
    "high": 0.5441567640910971,
    "count": 16,
    "base": 301.04545454545456
  },
  "Compilation.optimize dependencies": {
    "min": 0.025238727272727277,
    "max": 0.03529627272727273,
    "mean": 0.029967431818181817,
    "median": 0.029287,
    "variance": 0.000010412118732954549,
    "stdDev": 0.0032267814820583296,
    "confidence": 0.0034381356691331466,
    "low": 0.028248363983615243,
    "high": 0.03168649965274839,
    "count": 16,
    "base": 301.04545454545456
  },
  "Compilation.create chunks": {
    "min": 12.288758545454545,
    "max": 18.994448090909092,
    "mean": 14.909634937500003,
    "median": 14.577532954545456,
    "variance": 1.8252696680732017,
    "stdDev": 1.351025413555645,
    "confidence": 1.4395175781435405,
    "low": 14.189876148428233,
    "high": 15.629393726571774,
    "count": 16,
    "base": 301.04545454545456
  },
  "Compilation.compute affected modules with chunk graph": {
    "min": 1.6565765454545456,
    "max": 3.2351004545454543,
    "mean": 2.311351414772728,
    "median": 2.2654304545454544,
    "variance": 0.13977062474972002,
    "stdDev": 0.37385909745480317,
    "confidence": 0.3983468683380931,
    "low": 2.1121779806036813,
    "high": 2.5105248489417744,
    "count": 16,
    "base": 301.04545454545456
  },
  "Compilation.optimize": {
    "min": 10.153946272727273,
    "max": 13.548302272727273,
    "mean": 12.054062857954545,
    "median": 12.176876363636362,
    "variance": 0.8150567997524493,
    "stdDev": 0.9028049621886497,
    "confidence": 0.9619386872120046,
    "low": 11.573093514348542,
    "high": 12.535032201560547,
    "count": 16,
    "base": 301.04545454545456
  },
  "Compilation.module hashing": {
    "min": 2.333225818181818,
    "max": 3.9492016363636355,
    "mean": 2.9660387727272726,
    "median": 2.8793035454545457,
    "variance": 0.2135104322171889,
    "stdDev": 0.46207189074557314,
    "confidence": 0.49233759958940837,
    "low": 2.7198699729325684,
    "high": 3.2122075725219768,
    "count": 16,
    "base": 301.04545454545456
  },
  "Compilation.code generation": {
    "min": 6.494754363636364,
    "max": 9.516137090909092,
    "mean": 7.374087897727273,
    "median": 7.266350227272727,
    "variance": 0.4810152346163896,
    "stdDev": 0.6935526184914809,
    "confidence": 0.7389803150026726,