{
  "cache.PackFileCacheStrategy.restore cache container": {
    "min": 26.927723,
    "max": 43.094644,
    "mean": 30.849430650000006,
    "median": 29.161895,
    "variance": 14.622173327211431,
    "stdDev": 3.823895046573772,
    "confidence": 3.5792348054765952,
    "low": 29.059813247261708,
    "high": 32.6390480527383,
    "count": 20,
    "base": 8060.5
  },
  "stats": {
    "min": 8276,
    "max": 9997,
    "mean": 9398.3,
    "median": 9704,
    "variance": 399523.51000000007,
    "stdDev": 632.0787213630911,
    "confidence": 591.6370956182509,
    "low": 9102.481452190874,
    "high": 9694.118547809125,
    "count": 20,
    "base": 8060.5
  },
  "heap memory": {
    "min": 218027240,
    "max": 341901256,
    "mean": 264519599.6,
    "median": 242277184,
    "variance": 1682720678183414,
    "stdDev": 41020978.51323654,
    "confidence": 38396376.53780237,
    "low": 245321411.33109882,
    "high": 283717787.8689012,
    "count": 20,
    "base": 8060.5
  },
  "rss memory": {
    "min": 506212352,
    "max": 704524288,
    "mean": 614271180.8,
    "median": 653850624,
    "variance": 5004869527729603,
    "stdDev": 70745102.49995828,
    "confidence": 66218693.26976967,
    "low": 581161834.1651151,
    "high": 647380527.4348848,
    "count": 20,
    "base": 8060.5
  },
  "external memory": {
    "min": 103859106,
    "max": 103900066,
    "mean": 103879586,
    "median": 103875490,
    "variance": 77175193.6,
    "stdDev": 8784.941297470348,
    "confidence": 8222.863669902086,
    "low": 103875474.56816505,
    "high": 103883697.43183495,
    "count": 20,
    "base": 8060.5
  },
  "array buffers memory": {
    "min": 102369790,
    "max": 102410750,
    "mean": 102390270,
    "median": 102386174,
    "variance": 77175193.6,
    "stdDev": 8784.941297470348,
    "confidence": 8222.863669902086,
    "low": 102386158.56816505,
    "high": 102394381.43183495,
    "count": 20,
    "base": 8060.5
  },
  "Compiler.make hook": {
    "min": 6379.804966,
    "max": 8109.865969,
    "mean": 7357.5874454,
    "median": 7603.5104565,
    "variance": 339432.95927500137,
    "stdDev": 582.608753174033,
    "confidence": 545.3323121941467,
    "low": 7084.921289302927,
    "high": 7630.253601497074,
    "count": 20,
    "base": 8060.5
  },
  "Compiler.finish make hook": {
    "min": 0.105906,
    "max": 0.17651,
    "mean": 0.11806155,
    "median": 0.1128065,
    "variance": 0.00031057010574750003,
    "stdDev": 0.017622999340279735,
    "confidence": 0.016495445572476536,
    "low": 0.10981382721376173,
    "high": 0.12630927278623827,
    "count": 20,
    "base": 8060.5
  },
  "Compiler.finish compilation": {
    "min": 274.389608,
    "max": 335.890835,
    "mean": 308.1363020499999,
    "median": 309.208846,
    "variance": 237.02969690686822,
    "stdDev": 15.395768798824832,
    "confidence": 14.410717572177873,
    "low": 300.930943263911,
    "high": 315.34166083608886,
    "count": 20,
    "base": 8060.5
  },
  "Compiler.seal compilation": {
    "min": 1274.7528710000001,
    "max": 1638.2509599999998,
    "mean": 1402.5907535000001,
    "median": 1359.5695255,
    "variance": 14314.37553023836,
    "stdDev": 119.64269944396256,
    "confidence": 111.98772687412065,
    "low": 1346.5968900629398,
    "high": 1458.5846169370604,
    "count": 20,
    "base": 8060.5
  },
  "Compiler.afterCompile hook": {
    "min": 0.075604,
    "max": 0.187411,
    "mean": 0.0960105,
    "median": 0.0851545,
    "variance": 0.0009364824833499999,
    "stdDev": 0.030602001296483862,
    "confidence": 0.028644025744314267,
    "low": 0.08168848712784287,
    "high": 0.11033251287215713,
    "count": 20,
    "base": 8060.5
  },
  "Compiler.emitAssets": {
    "min": 188.563864,
    "max": 455.628638,
    "mean": 302.81647865,
    "median": 282.80519400000003,
    "variance": 8250.287582228291,
    "stdDev": 90.83109369719321,
    "confidence": 85.01954369061366,
    "low": 260.3067068046932,
    "high": 345.32625049530685,
    "count": 20,
    "base": 8060.5
  },
  "Compiler.emitRecords": {
    "min": 0.080705,
    "max": 0.270016,
    "mean": 0.10449095,
    "median": 0.09020500000000001,
    "variance": 0.0017588751998474997,
    "stdDev": 0.04193894609843576,
    "confidence": 0.03925561077180367,
    "low": 0.08486314461409816,
    "high": 0.12411875538590184,
    "count": 20,
    "base": 8060.5
  },
  "Compilation.compute affected modules": {
    "min": 0.280216,
    "max": 0.312518,
    "mean": 0.30298725000000004,
    "median": 0.3038675,
    "variance": 0.00006684699538749991,
    "stdDev": 0.008176001185634694,
    "confidence": 0.007652884730573906,
    "low": 0.2991608076347131,
    "high": 0.306813692365287,
    "count": 20,
    "base": 8060.5
  },
  "Compilation.finish modules": {
    "min": 220.608404,
    "max": 276.216954,
    "mean": 248.73901020000002,
    "median": 247.046121,
    "variance": 220.19315587318465,
    "stdDev": 14.83890682877902,
    "confidence": 13.889484713859702,
    "low": 241.79426784307017,
    "high": 255.68375255692987,
    "count": 20,
    "base": 8060.5
  },
  "Compilation.report dependency errors and warnings": {
    "min": 49.091381,
    "max": 69.193521,
    "mean": 58.52519769999999,
    "median": 59.068796500000005,
    "variance": 27.44427344559881,
    "stdDev": 5.238728227881153,
    "confidence": 4.90354420853302,
    "low": 56.07342559573348,
    "high": 60.9769698042665,
    "count": 20,
    "base": 8060.5
  },
  "Compilation.optimize dependencies": {
    "min": 1.376278,
    "max": 1.831504,
    "mean": 1.5249662000000002,
    "median": 1.4717335,
    "variance": 0.018888140045759998,
    "stdDev": 0.13743412984320888,
    "confidence": 0.1286408269588768,
    "low": 1.4606457865205618,
    "high": 1.5892866134794386,
    "count": 20,
    "base": 8060.5
  },
  "Compilation.create chunks": {
    "min": 108.86927,
    "max": 132.845113,
    "mean": 118.71175385000001,
    "median": 119.5256425,
    "variance": 42.392412481241934,
    "stdDev": 6.510945590407121,
    "confidence": 6.094362630227039,
    "low": 115.66457253488649,
    "high": 121.75893516511353,
    "count": 20,
    "base": 8060.5
  },
  "Compilation.compute affected modules with chunk graph": {
    "min": 0.187511,
    "max": 0.248614,
    "mean": 0.2236627,
    "median": 0.229963,
    "variance": 0.0003022371809099999,
    "stdDev": 0.01738496997150124,
    "confidence": 0.016272645785588846,
    "low": 0.21552637710720557,
    "high": 0.23179902289279442,
    "count": 20,
    "base": 8060.5
  },
  "Compilation.optimize": {
    "min": 73.177343,
    "max": 93.201072,
    "mean": 82.26610059999999,
    "median": 82.16595699999999,
    "variance": 40.85299104443052,
    "stdDev": 6.39163445797947,
    "confidence": 5.982685256066759,
    "low": 79.27475797196661,
    "high": 85.25744322803337,
    "count": 20,
    "base": 8060.5
  },
  "Compilation.module hashing": {
    "min": 122.030802,
    "max": 173.939259,
    "mean": 139.91303935000005,
    "median": 137.667147,
    "variance": 144.0792716208614,
    "stdDev": 12.003302529756608,
    "confidence": 11.235307892057563,
    "low": 134.29538540397127,
    "high": 145.53069329602883,
    "count": 20,
    "base": 8060.5
  },
  "Compilation.code generation": {
    "min": 537.275387,
    "max": 770.101321,
    "mean": 585.7852861,
    "median": 565.587173,
    "variance": 2433.2858153653356,
    "stdDev": 49.328346975804244,
    "confidence": 46.172223411471805,
    "low": 562.6991743942641,
    "high": 608.8713978057359,
    "count": 20,
    "base": 8060.5
  },
  "Compilation.runtime requirements.modules": {
    "min": 16.730549,
    "max": 75.441673,
    "mean": 24.53768375,
    "median": 20.2654885,
    "variance": 160.09263703083045,
    "stdDev": 12.652771910962057,
    "confidence": 11.843222959283253,
    "low": 18.616072270358373,
    "high": 30.459295229641626,
    "count": 20,
    "base": 8060.5
  },
  "Compilation.runtime requirements.chunks": {
    "min": 5.426907,