{
  "stats": {
    "min": 17784,
    "max": 18397,
    "mean": 18088.6875,
    "median": 18107,
    "variance": 43081.08984375,
    "stdDev": 207.55984641483525,
    "confidence": 221.1550163550055,
    "low": 17978.109991822497,
    "high": 18199.265008177503,
    "count": 16,
    "base": 18390
  },
  "heap memory": {
    "min": 270190624,
    "max": 278152296,
    "mean": 273925168,
    "median": 274128828,
    "variance": 5683419170592,
    "stdDev": 2383992.275698896,
    "confidence": 2540143.7697571516,
    "low": 272655096.1151214,
    "high": 275195239.8848786,
    "count": 16,
    "base": 18390
  },
  "rss memory": {
    "min": 567263232,
    "max": 641703936,
    "mean": 601613056,
    "median": 598534144,
    "variance": 506007629791232,
    "stdDev": 22494613.350560885,
    "confidence": 23968010.525022507,
    "low": 589629050.7374887,
    "high": 613597061.2625113,
    "count": 16,
    "base": 18390
  },
  "external memory": {
    "min": 14537301,
    "max": 14619221,
    "mean": 14571093,
    "median": 14561877,
    "variance": 602931200,
    "stdDev": 24554.657399361124,
    "confidence": 26162.987459018826,
    "low": 14558011.50627049,
    "high": 14584174.49372951,
    "count": 16,
    "base": 18390
  },
  "array buffers memory": {
    "min": 13192117,
    "max": 13274037,
    "mean": 13225909,
    "median": 13216693,
    "variance": 602931200,
    "stdDev": 24554.657399361124,
    "confidence": 26162.987459018826,
    "low": 13212827.50627049,
    "high": 13238990.49372951,
    "count": 16,
    "base": 18390
  },
  "Compiler.make hook": {
    "min": 15769.824622,
    "max": 16451.155126999998,
    "mean": 16105.958369812497,
    "median": 16150.853244,
    "variance": 43925.50685231702,
    "stdDev": 209.58412834066664,
    "confidence": 223.3118887469791,
    "low": 15994.302425439007,
    "high": 16217.614314185987,
    "count": 16,
    "base": 18390
  },
  "Compiler.finish make hook": {
    "min": 0.0911,
    "max": 0.1299,
    "mean": 0.097256,
    "median": 0.094499,
    "variance": 0.00007898356424999995,
    "stdDev": 0.008887269786047904,
    "confidence": 0.009469385957034032,
    "low": 0.09252130702148298,
    "high": 0.10199069297851701,
    "count": 16,
    "base": 18390
  },
  "Compiler.finish compilation": {
    "min": 113.555919,
    "max": 143.08067,
    "mean": 123.34175512499999,
    "median": 119.963584,
    "variance": 87.27433340976282,
    "stdDev": 9.34207329289183,
    "confidence": 9.953979093576251,
    "low": 118.36476557821187,
    "high": 128.31874467178812,
    "count": 16,
    "base": 18390
  },
  "Compiler.seal compilation": {
    "min": 1755.971594,
    "max": 1945.817335,
    "mean": 1821.2413296875,
    "median": 1801.597348,
    "variance": 2823.639817332518,
    "stdDev": 53.13793200090231,
    "confidence": 56.61846654696137,
    "low": 1792.9320964140193,
    "high": 1849.5505629609806,
    "count": 16,
    "base": 18390
  },
  "Compiler.afterCompile hook": {
    "min": 0.0537,
    "max": 0.0604,
    "mean": 0.056949875,
    "median": 0.0566995,
    "variance": 0.0000032986376093749997,
    "stdDev": 0.0018162151880696845,
    "confidence": 0.0019351772828882507,
    "low": 0.05598228635855587,
    "high": 0.05791746364144412,
    "count": 16,
    "base": 18390
  },
  "Compiler.emitAssets": {
    "min": 20.492968,
    "max": 28.765953,
    "mean": 23.461107937499996,
    "median": 21.659762999999998,
    "variance": 9.458380086168061,
    "stdDev": 3.0754479488633946,
    "confidence": 3.2768897895139446,
    "low": 21.822663042743024,
    "high": 25.09955283225697,
    "count": 16,
    "base": 18390
  },
  "Compiler.emitRecords": {
    "min": 0.077999,
    "max": 0.1193,
    "mean": 0.0819061875,
    "median": 0.07919999999999999,
    "variance": 0.00009481357427734377,
    "stdDev": 0.009737226210648686,
    "confidence": 0.010375014527446186,
    "low": 0.07671868023627691,
    "high": 0.0870936947637231,
    "count": 16,
    "base": 18390
  },
  "FlagDependencyExportsPlugin.restore cached provided exports": {
    "min": 3.456995,
    "max": 4.345395,
    "mean": 3.7515811250000004,
    "median": 3.6083955000000003,
    "variance": 0.09327975317898438,
    "stdDev": 0.3054173426296948,
    "confidence": 0.32542217857194,
    "low": 3.5888700357140304,
    "high": 3.9142922142859704,
    "count": 16,
    "base": 18390
  },
  "FlagDependencyExportsPlugin.figure out provided exports": {
    "min": 66.899893,
    "max": 94.19275,
    "mean": 75.63928737499998,
    "median": 74.47996,
    "variance": 47.00311321509436,
    "stdDev": 6.855881651187858,
    "confidence": 7.304941899340662,
    "low": 71.98681642532965,
    "high": 79.29175832467031,
    "count": 16,
    "base": 18390
  },
  "FlagDependencyExportsPlugin.store provided exports into cache": {
    "min": 6.59317,
    "max": 17.247264,
    "mean": 9.648952249999999,
    "median": 6.7202795,
    "variance": 8.339175646032315,
    "stdDev": 2.8877630868948225,
    "confidence": 3.076911569086434,
    "low": 8.110496465456782,
    "high": 11.187408034543216,
    "count": 16,
    "base": 18390
  },
  "InnerGraphPlugin.infer dependency usage": {
    "min": 16.323068,
    "max": 29.153541,
    "mean": 20.703440937499998,
    "median": 18.08166,
    "variance": 20.835695486871934,
    "stdDev": 4.564613399497479,
    "confidence": 4.86359557716456,
    "low": 18.27164314891772,
    "high": 23.135238726082278,
    "count": 16,
    "base": 18390
  },
  "Compilation.finish modules": {
    "min": 81.795569,
    "max": 106.101231,
    "mean": 90.4481620625,
    "median": 86.85033200000001,
    "variance": 44.14670684234394,
    "stdDev": 6.644298822475095,
    "confidence": 7.079500395347225,
    "low": 86.90841186482639,
    "high": 93.98791226017362,
    "count": 16,
    "base": 18390
  },
  "Compilation.report dependency errors and warnings": {
    "min": 28.476755,
    "max": 50.690218,
    "mean": 32.489862375,
    "median": 30.452106,
    "variance": 29.506388352509994,
    "stdDev": 5.431978309281987,
    "confidence": 5.787772888539958,
    "low": 29.595975930730024,
    "high": 35.38374881926998,
    "count": 16,
    "base": 18390
  },
  "Compilation.optimize dependencies": {
    "min": 145.437433,
    "max": 213.39183,
    "mean": 161.34339143750003,
    "median": 153.49490450000002,
    "variance": 297.0070759620554,
    "stdDev": 17.2338932328727,
    "confidence": 18.36271323962586,
    "low": 152.1620348176871,
    "high": 170.52474805731296,
    "count": 16,
    "base": 18390
  },
  "Compilation.create chunks": {
    "min": 60.931502,
    "max": 74.012306,
    "mean": 65.1539561875,
    "median": 63.756198499999996,
    "variance": 10.993440624050272,
    "stdDev": 3.315635779763856,
    "confidence": 3.532809923338391,
    "low": 63.387551225830805,
    "high": 66.9203611491692,
    "count": 16,
    "base": 18390
  },
  "Compilation.optimize": {
    "min": 165.853439,
    "max": 189.50246,
    "mean": 175.80971543750005,
    "median": 174.6539605,
    "variance": 39.92931354950912,
    "stdDev": 6.318964594734577,
    "confidence": 6.732856775689697,
    "low": 172.4432870496552,
    "high": 179.1761438253449,
    "count": 16,
    "base": 18390
  },
  "Compilation.module hashing": {
    "min": 173.468742,
    "max": 192.97879,
    "mean": 182.106834375,
    "median": 182.467139,
    "variance": 31.602508897660403,
    "stdDev": 5.621610881025154,
    "confidence": 5.989826393732301,
    "low": 179.11192117813385,
    "high": 185.10174757186616,
    "count": 16,
    "base": 18390
  },
  "Compilation.code generation": {
    "min": 1149.570565,
    "max": 1293.932284,
    "mean": 1204.861325125,
    "median": 1204.3097535,
    "variance": 1829.001959436781,
    "stdDev": 42.76683246906159,
    "confidence": 45.568059995785006,
    "low": 1182.0772951271074,
    "high": 1227.6453551228924,
    "count": 16,
    "base": 18390
  },
  "Compilation.runtime requirements": {
    "min": 1.727997,
    "max": 1.847499,