{
  "stats": {
    "min": 6893,
    "max": 8164,
    "mean": 7133.733333333334,
    "median": 6974,
    "variance": 144966.3288888889,
    "stdDev": 380.74444039130617,
    "confidence": 284.3126944220767,
    "low": 6991.576986122295,
    "high": 7275.889680544372,
    "count": 30,
    "base": 6730
  },
  "heap memory": {
    "min": 211988032,
    "max": 320317584,
    "mean": 289554920.26666665,
    "median": 298019956,
    "variance": 836129112143878.1,
    "stdDev": 28915897.221837647,
    "confidence": 21592322.247235656,
    "low": 278758759.1430488,
    "high": 300351081.3902845,
    "count": 30,
    "base": 6730
  },
  "rss memory": {
    "min": 480079872,
    "max": 667230208,
    "mean": 511325798.4,
    "median": 488790016,
    "variance": 2956091344401640,
    "stdDev": 54369948.90931607,
    "confidence": 40599586.04808879,
    "low": 491026005.3759556,
    "high": 531625591.4240444,
    "count": 30,
    "base": 6730
  },
  "external memory": {
    "min": 103786505,
    "max": 103811081,
    "mean": 103797973.8,
    "median": 103794697,
    "variance": 47423597.22666666,
    "stdDev": 6886.479305615218,
    "confidence": 5142.329811692238,
    "low": 103795402.63509415,
    "high": 103800544.96490584,
    "count": 30,
    "base": 6730
  },
  "array buffers memory": {
    "min": 102328530,
    "max": 102353106,
    "mean": 102339998.8,
    "median": 102336722,
    "variance": 47423597.22666666,
    "stdDev": 6886.479305615218,
    "confidence": 5142.329811692238,
    "low": 102337427.63509415,
    "high": 102342569.96490584,
    "count": 30,
    "base": 6730
  },
  "Compiler.make hook": {
    "min": 5321.771731,
    "max": 6380.02049,
    "mean": 5531.076517133333,
    "median": 5399.3960715,
    "variance": 103193.38120788774,
    "stdDev": 321.23726621904837,
    "confidence": 239.8769962698716,
    "low": 5411.1380189983975,
    "high": 5651.015015268269,
    "count": 30,
    "base": 6730
  },
  "Compiler.finish make hook": {
    "min": 0.092101,
    "max": 0.107302,
    "mean": 0.09990356666666665,
    "median": 0.099651,
    "variance": 0.00001404525631222221,
    "stdDev": 0.0037477001363799387,
    "confidence": 0.0027985142017177833,
    "low": 0.09850430956580776,
    "high": 0.10130282376752554,
    "count": 30,
    "base": 6730
  },
  "Compiler.finish compilation": {
    "min": 226.079013,
    "max": 256.087672,
    "mean": 242.79969139999997,
    "median": 243.111846,
    "variance": 49.47726309654167,
    "stdDev": 7.0340076127725135,
    "confidence": 5.252493391413452,
    "low": 240.17344470429325,
    "high": 245.4259380957067,
    "count": 30,
    "base": 6730
  },
  "Compiler.seal compilation": {
    "min": 1066.382168,
    "max": 1295.204367,
    "mean": 1104.9284317666668,
    "median": 1097.1312825,
    "variance": 1749.4138611338108,
    "stdDev": 41.82599504057029,
    "confidence": 31.232659194307416,
    "low": 1089.312102169513,
    "high": 1120.5447613638205,
    "count": 30,
    "base": 6730
  },
  "Compiler.afterCompile hook": {
    "min": 0.0646,
    "max": 0.080701,
    "mean": 0.07045739999999999,
    "median": 0.0697505,
    "variance": 0.000015100399306666655,
    "stdDev": 0.0038859232244946185,
    "confidence": 0.0029017293099222186,
    "low": 0.06900653534503888,
    "high": 0.0719082646549611,
    "count": 30,
    "base": 6730
  },
  "Compiler.emitAssets": {
    "min": 197.368296,
    "max": 374.224152,
    "mean": 231.17617213333332,
    "median": 216.53409249999999,
    "variance": 2140.5339623018963,
    "stdDev": 46.26590496577254,
    "confidence": 34.548066117986195,
    "low": 213.90213907434023,
    "high": 248.45020519232642,
    "count": 30,
    "base": 6730
  },
  "Compiler.emitRecords": {
    "min": 0.071701,
    "max": 0.0983,
    "mean": 0.08254073333333335,
    "median": 0.081701,
    "variance": 0.00002761146826222222,
    "stdDev": 0.005254661574471017,
    "confidence": 0.003923805135482988,
    "low": 0.08057883076559186,
    "high": 0.08450263590107485,
    "count": 30,
    "base": 6730
  },
  "Compilation.compute affected modules": {
    "min": 0.252603,
    "max": 0.283802,
    "mean": 0.26082403333333326,
    "median": 0.258304,
    "variance": 0.00006760532203222225,
    "stdDev": 0.0082222455589834,
    "confidence": 0.00613978443564922,
    "low": 0.25775414111550865,
    "high": 0.26389392555115787,
    "count": 30,
    "base": 6730
  },
  "Compilation.finish modules": {
    "min": 179.700077,
    "max": 209.478372,
    "mean": 192.2937991333333,
    "median": 192.069489,
    "variance": 57.38962942983546,
    "stdDev": 7.57559432848905,
    "confidence": 5.656911583968849,
    "low": 189.46534334134887,
    "high": 195.12225492531772,
    "count": 30,
    "base": 6730
  },
  "Compilation.report dependency errors and warnings": {
    "min": 44.773328,
    "max": 58.065773,
    "mean": 49.726699,
    "median": 50.053714,
    "variance": 7.179111555706866,
    "stdDev": 2.679386414033419,
    "confidence": 2.000773983695808,
    "low": 48.7263120081521,
    "high": 50.72708599184791,
    "count": 30,
    "base": 6730
  },
  "Compilation.optimize dependencies": {
    "min": 1.315516,
    "max": 1.674611,
    "mean": 1.4713214999999997,
    "median": 1.4765635000000001,
    "variance": 0.01076574975111667,
    "stdDev": 0.10375813101206416,
    "confidence": 0.07747914523957489,
    "low": 1.4325819273802123,
    "high": 1.5100610726197872,
    "count": 30,
    "base": 6730
  },
  "Compilation.create chunks": {
    "min": 88.371268,
    "max": 105.756857,
    "mean": 96.12538003333336,
    "median": 94.9972335,
    "variance": 12.134392479075764,
    "stdDev": 3.4834454896087816,
    "confidence": 2.601187746839429,
    "low": 94.82478615991364,
    "high": 97.42597390675307,
    "count": 30,
    "base": 6730
  },
  "Compilation.compute affected modules with chunk graph": {
    "min": 0.169302,
    "max": 0.217903,
    "mean": 0.20674206666666667,
    "median": 0.2066025,
    "variance": 0.0000748638688622222,
    "stdDev": 0.008652390933275161,
    "confidence": 0.006460986211392572,
    "low": 0.20351157356097038,
    "high": 0.20997255977236295,
    "count": 30,
    "base": 6730
  },
  "Compilation.optimize": {
    "min": 61.831929,
    "max": 75.476557,
    "mean": 66.21305916666667,
    "median": 64.6616315,
    "variance": 14.32623321550714,
    "stdDev": 3.785001085271593,
    "confidence": 2.8263678803506025,
    "low": 64.79987522649137,
    "high": 67.62624310684197,
    "count": 30,
    "base": 6730
  },
  "Compilation.module hashing": {
    "min": 109.732417,
    "max": 122.133374,
    "mean": 116.29797126666668,
    "median": 116.153988,
    "variance": 7.433393221846261,
    "stdDev": 2.7264249892205474,
    "confidence": 2.035899024627412,
    "low": 115.28002175435297,
    "high": 117.31592077898038,
    "count": 30,
    "base": 6730
  },
  "Compilation.code generation": {
    "min": 443.560241,
    "max": 502.842037,
    "mean": 461.7493168,
    "median": 456.16467650000004,
    "variance": 250.38073275184436,
    "stdDev": 15.823423547129249,
    "confidence": 11.815800065373082,
    "low": 455.84141676731343,
    "high": 467.6572168326865,
    "count": 30,
    "base": 6730
  },
  "Compilation.runtime requirements.modules": {
    "min": 15.377383,
    "max": 30.494549,
    "mean": 17.5840054,
    "median": 16.016347500000002,
    "variance": 18.39307741204744,
    "stdDev": 4.288715123676022,
    "confidence": 3.202505468413081,
    "low": 15.982752665793457,
    "high": 19.18525813420654,
    "count": 30,
    "base": 6730
  },
  "Compilation.runtime requirements.chunks": {
    "min": 5.075031,
    "max": 5.642167,
    "mean": 5.386802033333334,
    "median": 5.3859829999999995,
    "variance": 0.020581389673965556,
    "stdDev": 0.14346215415211622,
    "confidence": 0.10712726770918479,
    "low": 5.333238399478741,
    "high": 5.440365667187926,
    "count": 30,
    "base": 6730
  },
  "Compilation.runtime requirements.entries": {
    "min": 2.347328,