{
  "stats": {
    "min": 13202,
    "max": 14092,
    "mean": 13596.380952380952,
    "median": 13597,
    "variance": 48360.14058956916,
    "stdDev": 219.9093917720868,
    "confidence": 200.20661818702138,
    "low": 13496.277643287442,
    "high": 13696.484261474463,
    "count": 21,
    "base": 17105.5
  },
  "heap memory": {
    "min": 143497720,
    "max": 434329136,
    "mean": 211408944,
    "median": 181129728,
    "variance": 6637627967766888,
    "stdDev": 81471639.03940369,
    "confidence": 74172190.64085042,
    "low": 174322848.6795748,
    "high": 248495039.3204252,
    "count": 21,
    "base": 17105.5
  },
  "rss memory": {
    "min": 599642112,
    "max": 853221376,
    "mean": 736190268.9523809,
    "median": 796160000,
    "variance": 9059919226482292,
    "stdDev": 95183607.97155303,
    "confidence": 86655636.23846388,
    "low": 692862450.833149,
    "high": 779518087.0716128,
    "count": 21,
    "base": 17105.5
  },
  "external memory": {
    "min": 34303473,
    "max": 34328049,
    "mean": 34317126.333333336,
    "median": 34319857,
    "variance": 40478362.41269838,
    "stdDev": 6362.260794143728,
    "confidence": 5792.234280467033,
    "low": 34314230.2161931,
    "high": 34320022.45047357,
    "count": 21,
    "base": 17105.5
  },
  "array buffers memory": {
    "min": 32730340,
    "max": 32754916,
    "mean": 32743993.333333332,
    "median": 32746724,
    "variance": 40478362.4126984,
    "stdDev": 6362.26079414373,
    "confidence": 5792.234280467033,
    "low": 32741097.2161931,
    "high": 32746889.450473566,
    "count": 21,
    "base": 17105.5
  },
  "Compiler.make hook": {
    "min": 12601.809246,
    "max": 13425.602762,
    "mean": 12972.293953380951,
    "median": 12945.92648,
    "variance": 45186.836506857275,
    "stdDev": 212.57195606866225,
    "confidence": 193.52657975614784,
    "low": 12875.530663502877,
    "high": 13069.057243259025,
    "count": 21,
    "base": 17105.5
  },
  "Compiler.finish make hook": {
    "min": 0.11855,
    "max": 0.163662,
    "mean": 0.12762561904761904,
    "median": 0.126264,
    "variance": 0.00009551815585487526,
    "stdDev": 0.009773339033046754,
    "confidence": 0.00889769709439879,
    "low": 0.12317677050041966,
    "high": 0.13207446759481845,
    "count": 21,
    "base": 17105.5
  },
  "Compiler.finish compilation": {
    "min": 85.455874,
    "max": 110.771304,
    "mean": 98.3072791904762,
    "median": 85.455874,
    "variance": 37.85302912542386,
    "stdDev": 6.152481542062834,
    "confidence": 5.601250192493211,
    "low": 95.50665409422959,
    "high": 101.1079042867228,
    "count": 21,
    "base": 17105.5
  },
  "Compiler.seal compilation": {
    "min": 426.909193,
    "max": 493.412292,
    "mean": 448.96299357142857,
    "median": 446.382346,
    "variance": 333.1833319332079,
    "stdDev": 18.253310163726685,
    "confidence": 16.617905534411875,
    "low": 440.65404080422263,
    "high": 457.2719463386345,
    "count": 21,
    "base": 17105.5
  },
  "Compiler.afterCompile hook": {
    "min": 0.055252,
    "max": 0.08621,
    "mean": 0.060855142857142844,
    "median": 0.057486,
    "variance": 0.00005871389821768704,
    "stdDev": 0.007662499475868631,
    "confidence": 0.0069759781269978505,
    "low": 0.05736715379364392,
    "high": 0.06434313192064177,
    "count": 21,
    "base": 17105.5
  },
  "Compiler.emitAssets": {
    "min": 39.499652,
    "max": 105.505083,
    "mean": 59.60603723809523,
    "median": 43.462277,
    "variance": 556.7823022826118,
    "stdDev": 23.596234917516224,
    "confidence": 21.482131148261672,
    "low": 48.8649716639644,
    "high": 70.34710281222607,
    "count": 21,
    "base": 17105.5
  },
  "Compiler.emitRecords": {
    "min": 0.061644,
    "max": 0.11359,
    "mean": 0.07703261904761906,
    "median": 0.071472,
    "variance": 0.00022596257280725626,
    "stdDev": 0.015032051516917319,
    "confidence": 0.013685255433447535,
    "low": 0.07018999133089529,
    "high": 0.08387524676434283,
    "count": 21,
    "base": 17105.5
  },
  "Compilation.compute affected modules": {
    "min": 0.210169,
    "max": 0.284526,
    "mean": 0.22512804761904762,
    "median": 0.216682,
    "variance": 0.00029623487766439915,
    "stdDev": 0.017211475173976202,
    "confidence": 0.015669413710911018,
    "low": 0.2172933407635921,
    "high": 0.23296275447450313,
    "count": 21,
    "base": 17105.5
  },
  "Compilation.finish modules": {
    "min": 57.874605,
    "max": 78.41308,
    "mean": 66.37928504761905,
    "median": 63.892636,
    "variance": 28.277840691718602,
    "stdDev": 5.31769129338274,
    "confidence": 4.841252944367689,
    "low": 63.9586585754352,
    "high": 68.79991151980289,
    "count": 21,
    "base": 17105.5
  },
  "Compilation.report dependency errors and warnings": {
    "min": 27.001342,
    "max": 39.166507,
    "mean": 31.31630714285714,
    "median": 30.390925,
    "variance": 9.931197663882603,
    "stdDev": 3.151380279160642,
    "confidence": 2.869032483005146,
    "low": 29.881790901354567,
    "high": 32.75082338435971,
    "count": 21,
    "base": 17105.5
  },
  "Compilation.optimize dependencies": {
    "min": 0.669404,
    "max": 4.282492,
    "mean": 0.9095984761904761,
    "median": 0.710605,
    "variance": 0.5734488803059637,
    "stdDev": 0.7572640756737136,
    "confidence": 0.6894170296386513,
    "low": 0.5648899613711504,
    "high": 1.2543069910098017,
    "count": 21,
    "base": 17105.5
  },
  "Compilation.create chunks": {
    "min": 26.620874,
    "max": 40.879821,
    "mean": 31.71397761904762,
    "median": 31.747126,
    "variance": 18.80231488091804,
    "stdDev": 4.3361636132551595,
    "confidence": 3.9476651993797276,
    "low": 29.740145019357755,
    "high": 33.68781021873748,
    "count": 21,
    "base": 17105.5
  },
  "Compilation.compute affected modules with chunk graph": {
    "min": 0.116135,
    "max": 0.150669,
    "mean": 0.1227331904761905,
    "median": 0.11867,
    "variance": 0.00008690106091609979,
    "stdDev": 0.009322073852748636,
    "confidence": 0.008486863000752257,
    "low": 0.11848975897581436,
    "high": 0.12697662197656662,
    "count": 21,
    "base": 17105.5
  },
  "Compilation.optimize": {
    "min": 17.6888,
    "max": 27.328106,
    "mean": 20.885148619047623,
    "median": 20.896893,
    "variance": 4.762055442732519,
    "stdDev": 2.182213427401756,
    "confidence": 1.986698098438687,
    "low": 19.89179956982828,
    "high": 21.878497668266967,
    "count": 21,
    "base": 17105.5
  },
  "Compilation.module hashing": {
    "min": 53.999178,
    "max": 70.969772,
    "mean": 58.43349423809522,
    "median": 57.965261,
    "variance": 18.653845158862097,
    "stdDev": 4.319009742853343,
    "confidence": 3.932048229343607,
    "low": 56.46747012342342,
    "high": 60.399518352767025,
    "count": 21,
    "base": 17105.5
  },
  "Compilation.code generation": {
    "min": 198.742677,
    "max": 251.056275,
    "mean": 209.13553980952383,
    "median": 204.756615,
    "variance": 125.65368352991611,
    "stdDev": 11.20953538421268,
    "confidence": 10.205217488150197,
    "low": 204.03293106544874,
    "high": 214.23814855359893,
    "count": 21,
    "base": 17105.5
  },
  "Compilation.runtime requirements.modules": {
    "min": 5.177874,
    "max": 9.75357,
    "mean": 6.024884095238095,
    "median": 5.64696,
    "variance": 1.1357158963565623,
    "stdDev": 1.0656997214771908,
    "confidence": 0.9702183954968326,
    "low": 5.5397748974896786,
    "high": 6.509993292986511,
    "count": 21,
    "base": 17105.5
  },
  "Compilation.runtime requirements.chunks": {
    "min": 1.662601,
    "max": 5.710765,
    "mean": 2.4842351428571434,
    "median": 2.361138,
    "variance": 0.6149072757725987,
    "stdDev": 0.7841602360312583,
    "confidence": 0.7139034295327518,
    "low": 2.1272834280907675,
    "high": 2.8411868576235193,
    "count": 21,
    "base": 17105.5
  },