{
  "stats": {
    "min": 63546,
    "max": 68529,
    "mean": 65531.6,
    "median": 64954,
    "variance": 3153661.04,
    "stdDev": 1775.8550166046778,
    "confidence": 4409.323487210531,
    "low": 63326.93825639474,
    "high": 67736.26174360527,
    "count": 5,
    "base": 58091.5
  },
  "heap memory": {
    "min": 321754368,
    "max": 615378592,
    "mean": 384100179.2,
    "median": 326066952,
    "variance": 13388389228233590,
    "stdDev": 115708207.26393434,
    "confidence": 287295365.4332379,
    "low": 240452496.483381,
    "high": 527747861.91661894,
    "count": 5,
    "base": 58091.5
  },
  "rss memory": {
    "min": 931786752,
    "max": 1076920320,
    "mean": 1020699443.2,
    "median": 1076920320,
    "variance": 3039962849251164.5,
    "stdDev": 55135858.10750718,
    "confidence": 136898469.6767379,
    "low": 952250208.361631,
    "high": 1089148678.038369,
    "count": 5,
    "base": 58091.5
  },
  "external memory": {
    "min": 121133400,
    "max": 121965352,
    "mean": 121737924,
    "median": 121953852,
    "variance": 103982309145.6,
    "stdDev": 322462.8802600386,
    "confidence": 800652.721303016,
    "low": 121337597.63934849,
    "high": 122138250.36065151,
    "count": 5,
    "base": 58091.5
  },
  "array buffers memory": {
    "min": 93585307,
    "max": 94405759,
    "mean": 93952306.6,
    "median": 93994202,
    "variance": 92232442958.63998,
    "stdDev": 303697.94691212516,
    "confidence": 754060.7075556815,
    "low": 93575276.24622215,
    "high": 94329336.95377783,
    "count": 5,
    "base": 58091.5
  },
  "Compiler.make hook": {
    "min": 60888.318675,
    "max": 65964.986121,
    "mean": 62801.94241160001,
    "median": 62326.542429,
    "variance": 3190745.750295569,
    "stdDev": 1786.265867751934,
    "confidence": 4435.172900623351,
    "low": 60584.35596128833,
    "high": 65019.52886191168,
    "count": 5,
    "base": 58091.5
  },
  "Compiler.finish make hook": {
    "min": 0.205602,
    "max": 0.461503,
    "mean": 0.30648179999999997,
    "median": 0.252401,
    "variance": 0.00872395203256,
    "stdDev": 0.0934020986517969,
    "confidence": 0.2319108618042115,
    "low": 0.19052636909789422,
    "high": 0.4224372309021057,
    "count": 5,
    "base": 58091.5
  },
  "Compiler.finish compilation": {
    "min": 244.578082,
    "max": 298.072893,
    "mean": 269.7856636,
    "median": 267.888902,
    "variance": 291.8133365771829,
    "stdDev": 17.082544792190152,
    "confidence": 42.414760928818254,
    "low": 248.5782831355909,
    "high": 290.99304406440916,
    "count": 5,
    "base": 58091.5
  },
  "Compiler.seal compilation": {
    "min": 1747.7482909999999,
    "max": 2027.4996,
    "mean": 1830.9592406000004,
    "median": 1785.5614679999999,
    "variance": 10764.55426113476,
    "stdDev": 103.7523699061123,
    "confidence": 257.6098595905901,
    "low": 1702.1543108047053,
    "high": 1959.7641703952954,
    "count": 5,
    "base": 58091.5
  },
  "Compiler.afterCompile hook": {
    "min": 0.0799,
    "max": 0.175501,
    "mean": 0.1121006,
    "median": 0.102701,
    "variance": 0.00114409844024,
    "stdDev": 0.03382452424262609,
    "confidence": 0.08398392199374793,
    "low": 0.07010863900312603,
    "high": 0.15409256099687396,
    "count": 5,
    "base": 58091.5
  },
  "Compiler.emitAssets": {
    "min": 486.501224,
    "max": 716.436311,
    "mean": 609.8730542,
    "median": 626.208087,
    "variance": 5558.492649387932,
    "stdDev": 74.55529927099704,
    "confidence": 185.11558043749778,
    "low": 517.3152639812511,
    "high": 702.4308444187488,
    "count": 5,
    "base": 58091.5
  },
  "Compiler.emitRecords": {
    "min": 0.089701,
    "max": 0.1182,
    "mean": 0.10494079999999999,
    "median": 0.109201,
    "variance": 0.00011398509615999997,
    "stdDev": 0.010676380292964464,
    "confidence": 0.026508703663300992,
    "low": 0.09168644816834949,
    "high": 0.11819515183165048,
    "count": 5,
    "base": 58091.5
  },
  "FlagDependencyExportsPlugin.restore cached provided exports": {
    "min": 16.377898,
    "max": 28.30917,
    "mean": 19.4903962,
    "median": 17.738804,
    "variance": 19.736115203425772,
    "stdDev": 4.442534772337272,
    "confidence": 11.030502339018826,
    "low": 13.975145030490586,
    "high": 25.00564736950941,
    "count": 5,
    "base": 58091.5
  },
  "FlagDependencyExportsPlugin.figure out provided exports": {
    "min": 165.0341,
    "max": 202.042616,
    "mean": 183.20076879999996,
    "median": 183.855777,
    "variance": 138.6595108844719,
    "stdDev": 11.775377313889857,
    "confidence": 29.237436207022768,
    "low": 168.58205069648858,
    "high": 197.81948690351135,
    "count": 5,
    "base": 58091.5
  },
  "FlagDependencyExportsPlugin.store provided exports into cache": {
    "min": 14.332884,
    "max": 16.662599,
    "mean": 15.470311800000001,
    "median": 15.730695,
    "variance": 0.8628800313181593,
    "stdDev": 0.9289133605014837,
    "confidence": 2.3064267407785994,
    "low": 14.3170984296107,
    "high": 16.6235251703893,
    "count": 5,
    "base": 58091.5
  },
  "Compilation.finish modules": {
    "min": 200.891617,
    "max": 249.996905,
    "mean": 221.8350188,
    "median": 219.683088,
    "variance": 251.49737302210337,
    "stdDev": 15.858668702703369,
    "confidence": 39.375962414102105,
    "low": 202.14703759294895,
    "high": 241.52300000705105,
    "count": 5,
    "base": 58091.5
  },
  "Compilation.report dependency errors and warnings": {
    "min": 43.288963,
    "max": 50.402793,
    "mean": 47.4349422,
    "median": 47.488686,
    "variance": 6.979474988094159,
    "stdDev": 2.641869600887629,
    "confidence": 6.559576976961338,
    "low": 44.15515371151933,
    "high": 50.71473068848067,
    "count": 5,
    "base": 58091.5
  },
  "Compilation.optimize dependencies": {
    "min": 1.263908,
    "max": 1.784011,
    "mean": 1.383728,
    "median": 1.282307,
    "variance": 0.0403269661224,
    "stdDev": 0.20081575167899554,
    "confidence": 0.4986114306633991,
    "low": 1.1344222846683005,
    "high": 1.6330337153316996,
    "count": 5,
    "base": 58091.5
  },
  "Compilation.create chunks": {
    "min": 121.208035,
    "max": 193.004162,
    "mean": 152.15246459999997,
    "median": 155.589404,
    "variance": 594.3511743707521,
    "stdDev": 24.37931857888469,
    "confidence": 60.5321386075708,
    "low": 121.88639529621457,
    "high": 182.41853390378537,
    "count": 5,
    "base": 58091.5
  },
  "Compilation.optimize": {
    "min": 87.074321,
    "max": 105.933637,
    "mean": 93.6967172,
    "median": 89.756821,
    "variance": 42.145152326552186,
    "stdDev": 6.491929784474889,
    "confidence": 16.119006455119262,
    "low": 85.63721397244036,
    "high": 101.75622042755963,
    "count": 5,
    "base": 58091.5
  },
  "Compilation.module hashing": {
    "min": 224.899363,
    "max": 269.045719,
    "mean": 244.770016,
    "median": 237.533393,
    "variance": 297.95921834431863,
    "stdDev": 17.261495252275182,
    "confidence": 42.85908237359965,
    "low": 223.3404748132002,
    "high": 266.19955718679984,
    "count": 5,
    "base": 58091.5
  },
  "Compilation.code generation": {
    "min": 798.930691,
    "max": 901.577125,
    "mean": 851.4155662,
    "median": 846.363414,
    "variance": 1760.9947085312208,
    "stdDev": 41.9642074693568,
    "confidence": 104.19418470916798,
    "low": 799.318473845416,
    "high": 903.5126585545839,
    "count": 5,
    "base": 58091.5
  },
  "Compilation.runtime requirements": {
    "min": 24.351446,
    "max": 37.933621,
    "mean": 30.187078799999995,
    "median": 28.986076,
    "variance": 25.54095594535977,
    "stdDev": 5.05380608505706,
    "confidence": 12.548246147512046,
    "low": 23.912955726243972,
    "high": 36.46120187375602,
    "count": 5,
    "base": 58091.5
  },
  "Compilation.hashing: initialize hash": {
    "min": 0.0056,
    "max": 0.0088,
    "mean": 0.006500000000000001,
    "median": 0.0061,