{
  "cache.PackFileCacheStrategy.restore cache container": {
    "min": 32.291311,
    "max": 40.337221,
    "mean": 34.483805233333335,
    "median": 34.020852,
    "variance": 2.7978739124307794,
    "stdDev": 1.672684642253518,
    "confidence": 1.2490411601775833,
    "low": 33.85928465324454,
    "high": 35.10832581342213,
    "count": 30,
    "base": 4430.5
  },
  "cache.PackFileCacheStrategy.check build dependencies": {
    "min": 16.270402,
    "max": 21.620954,
    "mean": 19.4726333,
    "median": 19.9514845,
    "variance": 1.6707778599294774,
    "stdDev": 1.29258572633674,
    "confidence": 0.9652104972264937,
    "low": 18.99002805138675,
    "high": 19.955238548613245,
    "count": 30,
    "base": 4430.5
  },
  "cache.PackFileCacheStrategy.restore cache content metadata": {
    "min": 186.100879,
    "max": 215.872939,
    "mean": 202.4417940666667,
    "median": 201.41835049999997,
    "variance": 58.649283131964985,
    "stdDev": 7.658281996111464,
    "confidence": 5.718656815371446,
    "low": 199.58246565898096,
    "high": 205.3011224743524,
    "count": 30,
    "base": 4430.5
  },
  "cache.PackFileCacheStrategy.restore cache content": {
    "min": 1188.178697,
    "max": 1355.238956,
    "mean": 1304.4193153333333,
    "median": 1312.3300285,
    "variance": 1387.7006489303744,
    "stdDev": 37.25185430190522,
    "confidence": 27.817018307367107,
    "low": 1290.5108061796498,
    "high": 1318.3278244870169,
    "count": 30,
    "base": 4430.5
  },
  "stats": {
    "min": 4134,
    "max": 4599,
    "mean": 4310.133333333333,
    "median": 4312.5,
    "variance": 12321.048888888889,
    "stdDev": 111.00022022000176,
    "confidence": 82.88701907179166,
    "low": 4268.689823797437,
    "high": 4351.576842869229,
    "count": 30,
    "base": 4430.5
  },
  "heap memory": {
    "min": 359480392,
    "max": 473976912,
    "mean": 443003516.8,
    "median": 444369120,
    "variance": 271354304237267.6,
    "stdDev": 16472835.342990216,
    "confidence": 12300734.309668183,
    "low": 436853149.6451659,
    "high": 449153883.9548341,
    "count": 30,
    "base": 4430.5
  },
  "rss memory": {
    "min": 654749696,
    "max": 706854912,
    "mean": 679994982.4,
    "median": 679956480,
    "variance": 48100055246875.3,
    "stdDev": 6935420.336711776,
    "confidence": 5178875.470522165,
    "low": 677405544.6647389,
    "high": 682584420.135261,
    "count": 30,
    "base": 4430.5
  },
  "external memory": {
    "min": 155351576,
    "max": 157633471,
    "mean": 157557407.83333334,
    "median": 157633471,
    "variance": 167782554377.47202,
    "stdDev": 409612.6882525394,
    "confidence": 305869.4355375767,
    "low": 157404473.11556455,
    "high": 157710342.55110213,
    "count": 30,
    "base": 4430.5
  },
  "array buffers memory": {
    "min": 154125501,
    "max": 156407396,
    "mean": 156331332.83333334,
    "median": 156407396,
    "variance": 167782554377.47202,
    "stdDev": 409612.6882525394,
    "confidence": 305869.4355375767,
    "low": 156178398.11556455,
    "high": 156484267.55110213,
    "count": 30,
    "base": 4430.5
  },
  "Compiler.make hook": {
    "min": 2732.1305979999997,
    "max": 2968.305306,
    "mean": 2872.787551,
    "median": 2886.0086385,
    "variance": 3653.1441740681353,
    "stdDev": 60.441245636304814,
    "confidence": 45.1331958607816,
    "low": 2850.220953069609,
    "high": 2895.3541489303907,
    "count": 30,
    "base": 4430.5
  },
  "Compiler.finish make hook": {
    "min": 0.078204,
    "max": 0.112612,
    "mean": 0.09149226666666667,
    "median": 0.090006,
    "variance": 0.0000434041691288889,
    "stdDev": 0.006588184053962738,
    "confidence": 0.0049195842697155046,
    "low": 0.08903247453180892,
    "high": 0.09395205880152442,
    "count": 30,
    "base": 4430.5
  },
  "Compiler.finish compilation": {
    "min": 297.008721,
    "max": 345.402281,
    "mean": 330.4225199333334,
    "median": 331.68045800000004,
    "variance": 90.7651731219064,
    "stdDev": 9.527075790708626,
    "confidence": 7.114138253038959,
    "low": 326.8654508068139,
    "high": 333.97958905985286,
    "count": 30,
    "base": 4430.5
  },
  "Compiler.seal compilation": {
    "min": 962.733565,
    "max": 1158.052719,
    "mean": 1041.1254796333335,
    "median": 1042.7847775,
    "variance": 2086.9115855435457,
    "stdDev": 45.6827274310931,
    "confidence": 34.11259087889721,
    "low": 1024.069184193885,
    "high": 1058.181775072782,
    "count": 30,
    "base": 4430.5
  },
  "Compiler.afterCompile hook": {
    "min": 0.063604,
    "max": 0.08381,
    "mean": 0.07019433333333333,
    "median": 0.06915450000000001,
    "variance": 0.000022918175688888882,
    "stdDev": 0.004787293148417891,
    "confidence": 0.0035748078491078805,
    "low": 0.06840692940877939,
    "high": 0.07198173725788727,
    "count": 30,
    "base": 4430.5
  },
  "Compiler.emitAssets": {
    "min": 22.025942,
    "max": 173.840036,
    "mean": 50.21163623333334,
    "median": 34.974298,
    "variance": 1131.5472291078672,
    "stdDev": 33.63847840060348,
    "confidence": 25.11880782948593,
    "low": 37.65223231859037,
    "high": 62.7710401480763,
    "count": 30,
    "base": 4430.5
  },
  "Compiler.emitRecords": {
    "min": 0.084009,
    "max": 1.913699,
    "mean": 0.15811240000000001,
    "median": 0.0972555,
    "variance": 0.10631147580323999,
    "stdDev": 0.32605440620123505,
    "confidence": 0.24347409159800276,
    "low": 0.03637535420099865,
    "high": 0.2798494457990014,
    "count": 30,
    "base": 4430.5
  },
  "FlagDependencyExportsPlugin.restore cached provided exports": {
    "min": 74.487197,
    "max": 93.227065,
    "mean": 85.61802446666664,
    "median": 85.95547400000001,
    "variance": 17.49914188464718,
    "stdDev": 4.183197567011051,
    "confidence": 3.1237125100354888,
    "low": 84.0561682116489,
    "high": 87.17988072168438,
    "count": 30,
    "base": 4430.5
  },
  "FlagDependencyExportsPlugin.figure out provided exports": {
    "min": 143.036732,
    "max": 167.534722,
    "mean": 155.27959103333333,
    "median": 156.37526400000002,
    "variance": 34.263841816670336,
    "stdDev": 5.853532422108067,
    "confidence": 4.370999017362237,
    "low": 153.0940915246522,
    "high": 157.46509054201445,
    "count": 30,
    "base": 4430.5
  },
  "FlagDependencyExportsPlugin.store provided exports into cache": {
    "min": 0.102406,
    "max": 0.157307,
    "mean": 0.12307090000000001,
    "median": 0.1217075,
    "variance": 0.0001839746783566667,
    "stdDev": 0.01356372656597982,
    "confidence": 0.010128420108812874,
    "low": 0.11800668994559357,
    "high": 0.12813511005440645,
    "count": 30,
    "base": 4430.5
  },
  "Compilation.finish modules": {
    "min": 222.030554,
    "max": 257.09967,
    "mean": 244.02166416666668,
    "median": 245.9074345,
    "variance": 52.79932603532419,
    "stdDev": 7.266314474018048,
    "confidence": 5.425963526881674,
    "low": 241.30868240322584,
    "high": 246.73464593010752,
    "count": 30,
    "base": 4430.5
  },
  "Compilation.report dependency errors and warnings": {
    "min": 74.798657,
    "max": 97.43615,
    "mean": 86.21169116666665,
    "median": 86.167114,
    "variance": 28.07142189245999,
    "stdDev": 5.298247058458108,
    "confidence": 3.956351655078464,
    "low": 84.23351533912742,
    "high": 88.18986699420589,
    "count": 30,
    "base": 4430.5
  },
  "Compilation.optimize dependencies": {
    "min": 106.818723,
    "max": 162.763462,
    "mean": 127.67261356666667,
    "median": 123.40541350000001,
    "variance": 201.38357222851835,
    "stdDev": 14.19096798067413,
    "confidence": 10.59679909940715,
    "low": 122.3742140169631,
    "high": 132.97101311637024,
    "count": 30,
    "base": 4430.5
  },
  "Compilation.create chunks": {
    "min": 185.581532,
    "max": 228.097679,
    "mean": 202.6687617666667,
    "median": 203.65767449999998,
    "variance": 76.45452772818612,
    "stdDev": 8.743827979105383,