{
  "stats": {
    "min": 55378,
    "max": 56524,
    "mean": 55924,
    "median": 55851.5,
    "variance": 189903,
    "stdDev": 435.77861351837817,
    "confidence": 914.7920040544705,
    "low": 55466.603997972765,
    "high": 56381.396002027235,
    "count": 6,
    "base": 55769
  },
  "heap memory": {
    "min": 819340576,
    "max": 868541176,
    "mean": 859643341.3333334,
    "median": 867465860,
    "variance": 325213363827598.2,
    "stdDev": 18033673.054250434,
    "confidence": 37856515.6756258,
    "low": 840715083.4955205,
    "high": 878571599.1711463,
    "count": 6,
    "base": 55769
  },
  "rss memory": {
    "min": 1086607360,
    "max": 1242488832,
    "mean": 1200408576,
    "median": 1217947648,
    "variance": 2677010986609322.5,
    "stdDev": 51739839.452875406,
    "confidence": 108612928.57033825,
    "low": 1146102111.7148309,
    "high": 1254715040.2851691,
    "count": 6,
    "base": 55769
  },
  "external memory": {
    "min": 51566788,
    "max": 51599556,
    "mean": 51581806.666666664,
    "median": 51579076,
    "variance": 121168782.22222222,
    "stdDev": 11007.669245676952,
    "confidence": 23107.439183220267,
    "low": 51570252.947075054,
    "high": 51593360.386258274,
    "count": 6,
    "base": 55769
  },
  "array buffers memory": {
    "min": 32362389,
    "max": 32395157,
    "mean": 32377407.666666668,
    "median": 32374677,
    "variance": 121168782.22222221,
    "stdDev": 11007.669245676952,
    "confidence": 23107.439183212817,
    "low": 32365853.94707506,
    "high": 32388961.386258274,
    "count": 6,
    "base": 55769
  },
  "Compiler.make hook": {
    "min": 9587.184892,
    "max": 9996.669765999999,
    "mean": 9793.767187333333,
    "median": 9795.913267,
    "variance": 14229.99628726548,
    "stdDev": 119.2895481057141,
    "confidence": 250.41413550180368,
    "low": 9668.560119582431,
    "high": 9918.974255084235,
    "count": 6,
    "base": 55769
  },
  "Compiler.finish make hook": {
    "min": 0.1201,
    "max": 0.1503,
    "mean": 0.1360335,
    "median": 0.1374,
    "variance": 0.00010703221124999992,
    "stdDev": 0.010345637305163946,
    "confidence": 0.021717693319551867,
    "low": 0.12517465334022407,
    "high": 0.14689234665977594,
    "count": 6,
    "base": 55769
  },
  "Compiler.finish compilation": {
    "min": 372.964415,
    "max": 412.766211,
    "mean": 391.37932100000006,
    "median": 384.721842,
    "variance": 233.59713499215277,
    "stdDev": 15.283884813494009,
    "confidence": 32.084125252016975,
    "low": 375.3372583739916,
    "high": 407.42138362600855,
    "count": 6,
    "base": 55769
  },
  "Compiler.seal compilation": {
    "min": 45137.918496,
    "max": 46220.710084,
    "mean": 45638.31212916667,
    "median": 45670.861682,
    "variance": 155710.3546630985,
    "stdDev": 394.601513761793,
    "confidence": 828.3525129024201,
    "low": 45224.13587271546,
    "high": 46052.48838561788,
    "count": 6,
    "base": 55769
  },
  "Compiler.afterCompile hook": {
    "min": 0.0791,
    "max": 0.0944,
    "mean": 0.0848335,
    "median": 0.08149999999999999,
    "variance": 0.00004136704458333334,
    "stdDev": 0.006431721743307413,
    "confidence": 0.013501552027937652,
    "low": 0.07808272398603118,
    "high": 0.09158427601396883,
    "count": 6,
    "base": 55769
  },
  "Compiler.emitAssets": {
    "min": 73.723895,
    "max": 91.547036,
    "mean": 79.75851766666668,
    "median": 78.98987450000001,
    "variance": 31.887983543720917,
    "stdDev": 5.6469446202102,
    "confidence": 11.854137916956006,
    "low": 73.83144870818867,
    "high": 85.68558662514468,
    "count": 6,
    "base": 55769
  },
  "Compiler.emitRecords": {
    "min": 0.0905,
    "max": 0.1104,
    "mean": 0.09806666666666668,
    "median": 0.09755,
    "variance": 0.000039788888888888886,
    "stdDev": 0.00630784344200844,
    "confidence": 0.013241505123411518,
    "low": 0.09144591410496092,
    "high": 0.10468741922837244,
    "count": 6,
    "base": 55769
  },
  "FlagDependencyExportsPlugin.restore cached provided exports": {
    "min": 18.199522,
    "max": 20.28115,
    "mean": 19.120304,
    "median": 19.068384000000002,
    "variance": 0.6286873947433328,
    "stdDev": 0.7928980985872855,
    "confidence": 1.6644617659445018,
    "low": 18.28807311702775,
    "high": 19.95253488297225,
    "count": 6,
    "base": 55769
  },
  "FlagDependencyExportsPlugin.figure out provided exports": {
    "min": 251.31488,
    "max": 278.592182,
    "mean": 263.98235866666664,
    "median": 260.225721,
    "variance": 106.22632062951277,
    "stdDev": 10.306615381856101,
    "confidence": 21.635778002192325,
    "low": 253.16446966557046,
    "high": 274.8002476677628,
    "count": 6,
    "base": 55769
  },
  "FlagDependencyExportsPlugin.store provided exports into cache": {
    "min": 14.670646,
    "max": 21.731734,
    "mean": 17.7040505,
    "median": 16.621869500000003,
    "variance": 7.44592781617725,
    "stdDev": 2.7287227444680506,
    "confidence": 5.728169466066923,
    "low": 14.83996576696654,
    "high": 20.568135233033463,
    "count": 6,
    "base": 55769
  },
  "InnerGraphPlugin.infer dependency usage": {
    "min": 51.730272,
    "max": 59.49401,
    "mean": 54.276114166666666,
    "median": 52.699253,
    "variance": 8.476763697352476,
    "stdDev": 2.911488227239203,
    "confidence": 6.111833090369942,
    "low": 51.220197621481695,
    "high": 57.33203071185164,
    "count": 6,
    "base": 55769
  },
  "Compilation.finish modules": {
    "min": 291.674825,
    "max": 324.138593,
    "mean": 305.2346211666667,
    "median": 299.13790600000004,
    "variance": 165.57568229155603,
    "stdDev": 12.867621469858213,
    "confidence": 27.011874531400167,
    "low": 291.72868390096664,
    "high": 318.7405584323668,
    "count": 6,
    "base": 55769
  },
  "Compilation.report dependency errors and warnings": {
    "min": 81.09499,
    "max": 89.54504,
    "mean": 85.90948250000001,
    "median": 86.772442,
    "variance": 10.531937247555584,
    "stdDev": 3.245294631856341,
    "confidence": 6.812563737476495,
    "low": 82.50320063126176,
    "high": 89.31576436873826,
    "count": 6,
    "base": 55769
  },
  "Compilation.optimize dependencies": {
    "min": 393.478015,
    "max": 448.964897,
    "mean": 415.50015549999995,
    "median": 409.53789099999995,
    "variance": 331.3457082923081,
    "stdDev": 18.20290384230791,
    "confidence": 38.2117670967657,
    "low": 396.3942719516171,
    "high": 434.6060390483828,
    "count": 6,
    "base": 55769
  },
  "Compilation.create chunks": {
    "min": 167.732087,
    "max": 207.432117,
    "mean": 186.56101283333336,
    "median": 186.71349600000002,
    "variance": 163.3446510635712,
    "stdDev": 12.780635784794558,
    "confidence": 26.82927307576432,
    "low": 173.1463762954512,
    "high": 199.97564937121552,
    "count": 6,
    "base": 55769
  },
  "Compilation.optimize": {
    "min": 1133.5035579999999,
    "max": 1260.852128,
    "mean": 1205.2062273333333,
    "median": 1217.5459305,
    "variance": 2241.825232704456,
    "stdDev": 47.34791687819493,
    "confidence": 99.39334888214262,
    "low": 1155.509552892262,
    "high": 1254.9029017744047,
    "count": 6,
    "base": 55769
  },
  "Compilation.module hashing": {
    "min": 464.839075,
    "max": 482.535446,
    "mean": 477.1424931666666,
    "median": 480.7728485,
    "variance": 41.78209079454518,
    "stdDev": 6.4639067748959045,
    "confidence": 13.569115255305974,
    "low": 470.3579355390136,
    "high": 483.9270507943196,
    "count": 6,
    "base": 55769
  },
  "Compilation.code generation": {
    "min": 2299.825152,
    "max": 2888.466397,
    "mean": 2757.253345333333,
    "median": 2834.64159,
    "variance": 42338.73400519537,
    "stdDev": 205.76378205407136,
    "confidence": 431.94194645610696,
    "low": 2541.2823721052796,
    "high": 2973.2243185613866,
    "count": 6,
    "base": 55769
  },