{
  "stats": {
    "min": 52437,
    "max": 56122,
    "mean": 54812.833333333336,
    "median": 54996.5,
    "variance": 1312570.4722222222,
    "stdDev": 1145.6746799254238,
    "confidence": 2405.01484912647,
    "low": 53610.3259087701,
    "high": 56015.34075789657,
    "count": 6,
    "base": 54185
  },
  "heap memory": {
    "min": 398199288,
    "max": 664568840,
    "mean": 474133721.3333333,
    "median": 453736048,
    "variance": 7752246523355039,
    "stdDev": 88046842.77902894,
    "confidence": 184829051.39882505,
    "low": 381719195.6339208,
    "high": 566548247.0327458,
    "count": 6,
    "base": 54185
  },
  "rss memory": {
    "min": 605917184,
    "max": 858210304,
    "mean": 670945962.6666666,
    "median": 643497984,
    "variance": 7203193751484643,
    "stdDev": 84871631.01699321,
    "confidence": 178163606.51239872,
    "low": 581864159.4104673,
    "high": 760027765.922866,
    "count": 6,
    "base": 54185
  },
  "external memory": {
    "min": 98866114,
    "max": 98987979,
    "mean": 98933144,
    "median": 98955831,
    "variance": 2372655114.3333335,
    "stdDev": 48709.907763547795,
    "confidence": 102252.45745897293,
    "low": 98882017.77127051,
    "high": 98984270.22872949,
    "count": 6,
    "base": 54185
  },
  "array buffers memory": {
    "min": 97554161,
    "max": 97676026,
    "mean": 97621191,
    "median": 97643878,
    "variance": 2372655114.3333335,
    "stdDev": 48709.907763547795,
    "confidence": 102252.45745897293,
    "low": 97570064.77127051,
    "high": 97672317.22872949,
    "count": 6,
    "base": 54185
  },
  "Compiler.make hook": {
    "min": 49778.789871,
    "max": 53522.517463,
    "mean": 51989.57402033333,
    "median": 52064.142481999996,
    "variance": 1303844.8629500985,
    "stdDev": 1141.8602641961486,
    "confidence": 2397.0075791480194,
    "low": 50791.070230759324,
    "high": 53188.07780990734,
    "count": 6,
    "base": 54185
  },
  "Compiler.finish make hook": {
    "min": 0.142302,
    "max": 0.166901,
    "mean": 0.1524676666666667,
    "median": 0.1502515,
    "variance": 0.0000825389232222221,
    "stdDev": 0.009085093462492397,
    "confidence": 0.019071543664051616,
    "low": 0.1429318948346409,
    "high": 0.1620034384986925,
    "count": 6,
    "base": 54185
  },
  "Compiler.finish compilation": {
    "min": 243.15377,
    "max": 271.447692,
    "mean": 261.871379,
    "median": 263.840011,
    "variance": 81.07765132671801,
    "stdDev": 9.004312929186659,
    "confidence": 18.901968141850716,
    "low": 252.42039492907463,
    "high": 271.32236307092535,
    "count": 6,
    "base": 54185
  },
  "Compiler.seal compilation": {
    "min": 2082.622282,
    "max": 2661.544224,
    "mean": 2306.3424535,
    "median": 2198.4696685,
    "variance": 46576.04209259234,
    "stdDev": 215.8148328836374,
    "confidence": 453.0412401020176,
    "low": 2079.821833448991,
    "high": 2532.8630735510087,
    "count": 6,
    "base": 54185
  },
  "Compiler.afterCompile hook": {
    "min": 0.089101,
    "max": 0.153201,
    "mean": 0.10660083333333335,
    "median": 0.101201,
    "variance": 0.00047223236680555555,
    "stdDev": 0.021730908098962536,
    "confidence": 0.04561779847173515,
    "low": 0.08379193409746578,
    "high": 0.12940973256920094,
    "count": 6,
    "base": 54185
  },
  "Compiler.emitAssets": {
    "min": 219.774614,
    "max": 273.507278,
    "mean": 236.58592366666667,
    "median": 230.212635,
    "variance": 297.7375938735016,
    "stdDev": 17.25507443836455,
    "confidence": 36.2220715655082,
    "low": 218.47488788391257,
    "high": 254.69695944942077,
    "count": 6,
    "base": 54185
  },
  "Compiler.emitRecords": {
    "min": 0.103201,
    "max": 0.268799,
    "mean": 0.14538416666666668,
    "median": 0.12180099999999999,
    "variance": 0.003144157150805556,
    "stdDev": 0.0560727844038938,
    "confidence": 0.11770870168136227,
    "low": 0.08652981582598554,
    "high": 0.2042385175073478,
    "count": 6,
    "base": 54185
  },
  "FlagDependencyExportsPlugin.restore cached provided exports": {
    "min": 16.449923,
    "max": 19.817106,
    "mean": 18.303455500000002,
    "median": 18.2779295,
    "variance": 1.0211235493915842,
    "stdDev": 1.0105065805780704,
    "confidence": 2.1212682570487402,
    "low": 17.24282137147563,
    "high": 19.364089628524372,
    "count": 6,
    "base": 54185
  },
  "FlagDependencyExportsPlugin.figure out provided exports": {
    "min": 155.981175,
    "max": 168.984355,
    "mean": 162.81954283333334,
    "median": 162.66679349999998,
    "variance": 19.42650234285777,
    "stdDev": 4.407550605819265,
    "confidence": 9.252386249787548,
    "low": 158.19334970843957,
    "high": 167.44573595822712,
    "count": 6,
    "base": 54185
  },
  "FlagDependencyExportsPlugin.store provided exports into cache": {
    "min": 16.862421,
    "max": 25.43225,
    "mean": 19.5762665,
    "median": 18.7545395,
    "variance": 7.840796560255581,
    "stdDev": 2.8001422392899222,
    "confidence": 5.878094177307723,
    "low": 16.637219411346138,
    "high": 22.51531358865386,
    "count": 6,
    "base": 54185
  },
  "Compilation.finish modules": {
    "min": 192.375206,
    "max": 208.137534,
    "mean": 203.77512116666665,
    "median": 205.6686725,
    "variance": 29.698629657566148,
    "stdDev": 5.449644911144776,
    "confidence": 11.439963860092348,
    "low": 198.05513923662048,
    "high": 209.49510309671282,
    "count": 6,
    "base": 54185
  },
  "Compilation.report dependency errors and warnings": {
    "min": 50.529865,
    "max": 63.070556,
    "mean": 57.83433966666667,
    "median": 58.92088,
    "variance": 21.661241317674897,
    "stdDev": 4.654163868803385,
    "confidence": 9.770079945791139,
    "low": 52.9492996937711,
    "high": 62.71937963956224,
    "count": 6,
    "base": 54185
  },
  "Compilation.optimize dependencies": {
    "min": 1.386814,
    "max": 2.165221,
    "mean": 1.6325111666666665,
    "median": 1.430914,
    "variance": 0.10167241585513888,
    "stdDev": 0.31886112314789783,
    "confidence": 0.6693573222982963,
    "low": 1.2978325055175184,
    "high": 1.9671898278158146,
    "count": 6,
    "base": 54185
  },
  "Compilation.create chunks": {
    "min": 135.893968,
    "max": 157.242484,
    "mean": 148.10089166666666,
    "median": 149.4231935,
    "variance": 45.26579363149551,
    "stdDev": 6.727985852504114,
    "confidence": 14.12347341135137,
    "low": 141.03915496099097,
    "high": 155.16262837234234,
    "count": 6,
    "base": 54185
  },
  "Compilation.optimize": {
    "min": 102.164026,
    "max": 117.624685,
    "mean": 109.1042615,
    "median": 108.7844135,
    "variance": 25.31334139516424,
    "stdDev": 5.031236567203359,
    "confidence": 10.561635746702393,
    "low": 103.82344362664881,
    "high": 114.3850793733512,
    "count": 6,
    "base": 54185
  },
  "Compilation.module hashing": {
    "min": 295.652895,
    "max": 338.30068,
    "mean": 306.008911,
    "median": 300.375003,
    "variance": 216.374087693164,
    "stdDev": 14.709659672921193,
    "confidence": 30.878704538774628,
    "low": 290.5695587306127,
    "high": 321.4482632693873,
    "count": 6,
    "base": 54185
  },
  "Compilation.code generation": {
    "min": 855.191811,
    "max": 1275.034375,
    "mean": 949.8544523333334,
    "median": 884.2665825,
    "variance": 21412.612622789482,
    "stdDev": 146.33049109050881,
    "confidence": 307.17882669411097,
    "low": 796.2650389862779,
    "high": 1103.4438656803889,
    "count": 6,
    "base": 54185
  },
  "Compilation.runtime requirements": {
    "min": 23.84903,
    "max": 40.699698,
    "mean": 27.920246333333335,
    "median": 25.8761195,
    "variance": 34.16975013192488,
    "stdDev": 5.845489725585434,
    "confidence": 12.270926325581645,
    "low": 21.784783170542514,
    "high": 34.05570949612416,
    "count": 6,
    "base": 54185
  },
  "Compilation.hashing: initialize hash": {
    "min": 0.0064,
    "max": 0.0073,