{
  "stats": {
    "min": 793.6363636363636,
    "max": 916.5454545454545,
    "mean": 860.025974025974,
    "median": 858.5454545454545,
    "variance": 1936.3322651374588,
    "stdDev": 44.00377557820986,
    "confidence": 81.39634166640758,
    "low": 819.3278031927703,
    "high": 900.7241448591778,
    "count": 7,
    "base": 813.5454545454545
  },
  "heap memory": {
    "min": 436214015.2,
    "max": 466733751.2,
    "mean": 457675232.68571424,
    "median": 465605163.6,
    "variance": 174547872666600.28,
    "stdDev": 13211656.69651616,
    "confidence": 24438369.39713478,
    "low": 445456047.98714685,
    "high": 469894417.38428164,
    "count": 7,
    "base": 813.5454545454545
  },
  "rss memory": {
    "min": 634602905.6,
    "max": 648537497.6,
    "mean": 641425027.6571429,
    "median": 640915660.8,
    "variance": 18632086982572.406,
    "stdDev": 4316490.123071337,
    "confidence": 7984462.702131653,
    "low": 637432796.306077,
    "high": 645417259.0082086,
    "count": 7,
    "base": 813.5454545454545
  },
  "external memory": {
    "min": 83798879.05,
    "max": 83812392.55,
    "mean": 83804027.83571428,
    "median": 83803384.65,
    "variance": 25678372.02408164,
    "stdDev": 5067.383153470994,
    "confidence": 9373.433190560341,
    "low": 83799341.119119,
    "high": 83808714.55230956,
    "count": 7,
    "base": 813.5454545454545
  },
  "array buffers memory": {
    "min": 72369028.45,
    "max": 76348766.05,
    "mean": 75207193.82142857,
    "median": 76335251.45,
    "variance": 3211876595530.118,
    "stdDev": 1792170.9169412716,
    "confidence": 3315082.7255874635,
    "low": 73549652.45863484,
    "high": 76864735.18422231,
    "count": 7,
    "base": 813.5454545454545
  },
  "Compiler.make hook": {
    "min": 274.02713145454544,
    "max": 284.0322957272727,
    "mean": 280.50625954545455,
    "median": 281.7812554545455,
    "variance": 10.075584667770707,
    "stdDev": 3.174206147648685,
    "confidence": 5.871513630788627,
    "low": 277.57050273006024,
    "high": 283.44201636084887,
    "count": 7,
    "base": 813.5454545454545
  },
  "Compiler.finish make hook": {
    "min": 0.0034636363636363636,
    "max": 0.0040999999999999995,
    "mean": 0.0036883376623376624,
    "median": 0.0036363636363636364,
    "variance": 4.183919885309494e-8,
    "stdDev": 0.0002045463244673317,
    "confidence": 0.00037836122683062093,
    "low": 0.003499157048922352,
    "high": 0.003877518275752973,
    "count": 7,
    "base": 813.5454545454545
  },
  "Compiler.finish compilation": {
    "min": 89.80461681818184,
    "max": 96.72749227272726,
    "mean": 94.25183968831168,
    "median": 94.81932645454548,
    "variance": 4.947813446000809,
    "stdDev": 2.22436810038285,
    "confidence": 4.1145429798136774,
    "low": 92.19456819840484,
    "high": 96.30911117821852,
    "count": 7,
    "base": 813.5454545454545
  },
  "Compiler.seal compilation": {
    "min": 364.4413249090909,
    "max": 381.4755858181818,
    "mean": 371.5064698051948,
    "median": 369.8240442727273,
    "variance": 25.08424451245732,
    "stdDev": 5.008417366040626,
    "confidence": 9.264360745810222,
    "low": 366.8742894322897,
    "high": 376.1386501780999,
    "count": 7,
    "base": 813.5454545454545
  },
  "Compiler.afterCompile hook": {
    "min": 0.0031818181818181815,
    "max": 0.01289090909090909,
    "mean": 0.004811675324675324,
    "median": 0.0035999999999999995,
    "variance": 0.000010901535470737052,
    "stdDev": 0.003301747335993027,
    "confidence": 0.006107433980954151,
    "low": 0.0017579583341982485,
    "high": 0.0078653923151524,
    "count": 7,
    "base": 813.5454545454545
  },
  "Compiler.emitAssets": {
    "min": 45.37986136363636,
    "max": 155.26054354545454,
    "mean": 99.4666931168831,
    "median": 45.37986136363636,
    "variance": 1901.2361820664357,
    "stdDev": 43.60316711050283,
    "confidence": 80.65531289595617,
    "low": 59.13903666890502,
    "high": 139.7943495648612,
    "count": 7,
    "base": 813.5454545454545
  },
  "Compiler.emitRecords": {
    "min": 0.003990909090909091,
    "max": 0.007518181818181818,
    "mean": 0.0053324675324675315,
    "median": 0.0046,
    "variance": 0.000001601248102546803,
    "stdDev": 0.0012654043237427328,
    "confidence": 0.002340691936728194,
    "low": 0.0041621215641034345,
    "high": 0.006502813500831628,
    "count": 7,
    "base": 813.5454545454545
  },
  "FlagDependencyExportsPlugin.restore cached provided exports": {
    "min": 14.373016000000002,
    "max": 16.127176545454542,
    "mean": 15.288354792207794,
    "median": 15.423502727272728,
    "variance": 0.3087069577248342,
    "stdDev": 0.5556140366520937,
    "confidence": 1.0277515819433596,
    "low": 14.774479001236115,
    "high": 15.802230583179474,
    "count": 7,
    "base": 813.5454545454545
  },
  "FlagDependencyExportsPlugin.figure out provided exports": {
    "min": 42.52858,
    "max": 46.14442145454546,
    "mean": 44.88959383116884,
    "median": 44.97790463636363,
    "variance": 1.2351776822196463,
    "stdDev": 1.1113854786794932,
    "confidence": 2.0557943257595355,
    "low": 43.86169666828907,
    "high": 45.917490994048606,
    "count": 7,
    "base": 813.5454545454545
  },
  "FlagDependencyExportsPlugin.store provided exports into cache": {
    "min": 0.02080909090909091,
    "max": 0.030508999999999998,
    "mean": 0.024586999999999998,
    "median": 0.0245,
    "variance": 0.000008963219430932695,
    "stdDev": 0.0029938636293145846,
    "confidence": 0.005537923591151864,
    "low": 0.021818038204424066,
    "high": 0.02735596179557593,
    "count": 7,
    "base": 813.5454545454545
  },
  "Compilation.finish modules": {
    "min": 59.17048418181818,
    "max": 63.36805809090909,
    "mean": 61.693737155844154,
    "median": 61.46993481818183,
    "variance": 2.187620882605288,
    "stdDev": 1.4790608109896253,
    "confidence": 2.7359047612341953,
    "low": 60.325784775227056,
    "high": 63.06168953646125,
    "count": 7,
    "base": 813.5454545454545
  },
  "Compilation.report dependency errors and warnings": {
    "min": 30.605959909090913,
    "max": 34.231967727272725,
    "mean": 32.5264881948052,
    "median": 32.68949854545454,
    "variance": 1.1763038813113948,
    "stdDev": 1.0845754382759158,
    "confidence": 2.006202235533067,
    "low": 31.523387077038663,
    "high": 33.52958931257173,
    "count": 7,
    "base": 813.5454545454545
  },
  "Compilation.optimize dependencies": {
    "min": 32.13175990909091,
    "max": 34.438382272727274,
    "mean": 33.270524844155844,
    "median": 33.38330736363636,
    "variance": 0.5665867845415011,
    "stdDev": 0.7527195922397006,
    "confidence": 1.3923491860385013,
    "low": 32.57435025113659,
    "high": 33.966699437175095,
    "count": 7,
    "base": 813.5454545454545
  },
  "Compilation.create chunks": {
    "min": 69.66157936363638,
    "max": 75.55922218181819,
    "mean": 71.66375024675325,
    "median": 71.23134918181817,
    "variance": 3.749669451647239,
    "stdDev": 1.936406324005176,
    "confidence": 3.5818833425686023,
    "low": 69.87280857546895,
    "high": 73.45469191803755,
    "count": 7,
    "base": 813.5454545454545
  },
  "Compilation.optimize": {
    "min": 38.124675363636364,
    "max": 39.969912909090915,
    "mean": 39.039960831168834,
    "median": 39.13665063636363,
    "variance": 0.47090707330484183,
    "stdDev": 0.6862266923581753,
    "confidence": 1.269353403835055,
    "low": 38.40528412925131,
    "high": 39.67463753308636,
    "count": 7,
    "base": 813.5454545454545
  },
  "Compilation.module hashing": {
    "min": 134.89824172727273,
    "max": 140.9347450909091,
    "mean": 137.90609697402598,
    "median": 137.7041977272727,
    "variance": 3.436950820804102,
    "stdDev": 1.8539015132428427,
    "confidence": 3.4292693980220292,
    "low": 136.19146227501497,
    "high": 139.620731673037,
    "count": 7,
    "base": 813.5454545454545
  },