{
  "stats": {
    "min": 5103,
    "max": 5821,
    "mean": 5266.4,
    "median": 5204.5,
    "variance": 34498.37333333333,
    "stdDev": 185.7373773189805,
    "confidence": 138.69537831248817,
    "low": 5197.052310843756,
    "high": 5335.747689156244,
    "count": 30,
    "base": 4949
  },
  "heap memory": {
    "min": 201389464,
    "max": 288715680,
    "mean": 266894646.4,
    "median": 272749156,
    "variance": 457717522109104.4,
    "stdDev": 21394333.878602166,
    "confidence": 15975757.135519773,
    "low": 258906767.83224013,
    "high": 274882524.9677599,
    "count": 30,
    "base": 4949
  },
  "rss memory": {
    "min": 393129984,
    "max": 573415424,
    "mean": 420508876.8,
    "median": 399058944,
    "variance": 2710528340290874,
    "stdDev": 52062734.66012781,
    "confidence": 38876723.59704018,
    "low": 401070515.0014799,
    "high": 439947238.5985201,
    "count": 30,
    "base": 4949
  },
  "external memory": {
    "min": 43221849,
    "max": 43320153,
    "mean": 43266085.8,
    "median": 43262809,
    "variance": 467972478.2933335,
    "stdDev": 21632.671547761583,
    "confidence": 16153.730646654963,
    "low": 43258008.93467667,
    "high": 43274162.665323325,
    "count": 30,
    "base": 4949
  },
  "array buffers memory": {
    "min": 41761896,
    "max": 41860200,
    "mean": 41806132.8,
    "median": 41802856,
    "variance": 467972478.2933335,
    "stdDev": 21632.671547761583,
    "confidence": 16153.730646654963,
    "low": 41798055.93467667,
    "high": 41814209.665323325,
    "count": 30,
    "base": 4949
  },
  "Compiler.make hook": {
    "min": 3974.457945,
    "max": 4612.306498,
    "mean": 4128.071450633334,
    "median": 4075.8704875000003,
    "variance": 27310.789688250086,
    "stdDev": 165.25976427506512,
    "confidence": 123.40416267749606,
    "low": 4066.3693692945862,
    "high": 4189.773531972082,
    "count": 30,
    "base": 4949
  },
  "Compiler.finish make hook": {
    "min": 0.09129,
    "max": 0.157375,
    "mean": 0.10009133333333335,
    "median": 0.097232,
    "variance": 0.00016523537008888888,
    "stdDev": 0.012854391081995634,
    "confidence": 0.009598739143561075,
    "low": 0.09529196376155281,
    "high": 0.10489070290511389,
    "count": 30,
    "base": 4949
  },
  "Compiler.finish compilation": {
    "min": 159.357641,
    "max": 214.186046,
    "mean": 169.27758013333334,
    "median": 167.7176055,
    "variance": 90.56415748906166,
    "stdDev": 9.516520240563862,
    "confidence": 7.106256123756452,
    "low": 165.72445207145512,
    "high": 172.83070819521157,
    "count": 30,
    "base": 4949
  },
  "Compiler.seal compilation": {
    "min": 852.389928,
    "max": 957.86103,
    "mean": 885.5538170333333,
    "median": 882.8347120000001,
    "variance": 459.30423102405877,
    "stdDev": 21.431384253567447,
    "confidence": 16.003423703480394,
    "low": 877.5521051815931,
    "high": 893.5555288850735,
    "count": 30,
    "base": 4949
  },
  "Compiler.afterCompile hook": {
    "min": 0.055695,
    "max": 0.091521,
    "mean": 0.06294033333333332,
    "median": 0.0603075,
    "variance": 0.0000582765134888889,
    "stdDev": 0.0076339055200394575,
    "confidence": 0.005700454207907414,
    "low": 0.06009010622937961,
    "high": 0.06579056043728702,
    "count": 30,
    "base": 4949
  },
  "Compiler.emitAssets": {
    "min": 60.36387,
    "max": 91.262033,
    "mean": 65.17927933333333,
    "median": 65.0847055,
    "variance": 28.650099499160767,
    "stdDev": 5.352578770944036,
    "confidence": 3.996922688902515,
    "low": 63.18081798888207,
    "high": 67.17774067778458,
    "count": 30,
    "base": 4949
  },
  "Compiler.emitRecords": {
    "min": 0.061996,
    "max": 0.099005,
    "mean": 0.06812803333333332,
    "median": 0.0648265,
    "variance": 0.00006794282023222222,
    "stdDev": 0.008242743489410684,
    "confidence": 0.006155090822851816,
    "low": 0.06505048792190742,
    "high": 0.07120557874475923,
    "count": 30,
    "base": 4949
  },
  "Compilation.compute affected modules": {
    "min": 0.212899,
    "max": 0.291936,
    "mean": 0.2274928333333333,
    "median": 0.2187435,
    "variance": 0.00039182307333888875,
    "stdDev": 0.019794521296027563,
    "confidence": 0.01478113161333311,
    "low": 0.22010226752666676,
    "high": 0.23488339913999987,
    "count": 30,
    "base": 4949
  },
  "Compilation.finish modules": {
    "min": 126.156633,
    "max": 172.992328,
    "mean": 134.3301703333333,
    "median": 133.0672395,
    "variance": 66.29320624569625,
    "stdDev": 8.142064004028478,
    "confidence": 6.07991058979934,
    "low": 131.29021503843364,
    "high": 137.37012562823298,
    "count": 30,
    "base": 4949
  },
  "Compilation.report dependency errors and warnings": {
    "min": 30.144571,
    "max": 40.401888,
    "mean": 34.31366256666668,
    "median": 34.0686935,
    "variance": 5.000377520072378,
    "stdDev": 2.236152391960883,
    "confidence": 1.6697985426743571,
    "low": 33.4787632953295,
    "high": 35.14856183800386,
    "count": 30,
    "base": 4949
  },
  "Compilation.optimize dependencies": {
    "min": 131.573832,
    "max": 152.30245,
    "mean": 144.6059436,
    "median": 145.13399600000002,
    "variance": 25.20387429707609,
    "stdDev": 5.020346033599287,
    "confidence": 3.748835061851082,
    "low": 142.73152606907445,
    "high": 146.48036113092553,
    "count": 30,
    "base": 4949
  },
  "Compilation.create chunks": {
    "min": 55.057885,
    "max": 68.698268,
    "mean": 61.68798790000001,
    "median": 61.3256705,
    "variance": 11.787714584006027,
    "stdDev": 3.4333241303445305,
    "confidence": 2.5637607034245065,
    "low": 60.40610754828776,
    "high": 62.96986825171226,
    "count": 30,
    "base": 4949
  },
  "Compilation.compute affected modules with chunk graph": {
    "min": 0.122679,
    "max": 0.180237,
    "mean": 0.13882693333333332,
    "median": 0.1299185,
    "variance": 0.00033835986879555556,
    "stdDev": 0.01839456084812996,
    "confidence": 0.013735741359920506,
    "low": 0.13195906265337307,
    "high": 0.14569480401329357,
    "count": 30,
    "base": 4949
  },
  "Compilation.optimize": {
    "min": 99.026986,
    "max": 179.270424,
    "mean": 107.23540456666666,
    "median": 105.0177195,
    "variance": 188.1577724636416,
    "stdDev": 13.717061363996358,
    "confidence": 10.242919560276817,
    "low": 102.11394478652825,
    "high": 112.35686434680507,
    "count": 30,
    "base": 4949
  },
  "Compilation.module hashing": {
    "min": 89.471213,
    "max": 104.559091,
    "mean": 95.25426940000001,
    "median": 94.178393,
    "variance": 10.492135811371105,
    "stdDev": 3.239156651255247,
    "confidence": 2.418770328536084,
    "low": 94.04488423573197,
    "high": 96.46365456426805,
    "count": 30,
    "base": 4949
  },
  "Compilation.code generation": {
    "min": 307.330277,
    "max": 341.895926,
    "mean": 317.92648346666664,
    "median": 316.61729249999996,
    "variance": 62.72078449114086,
    "stdDev": 7.919645477617093,
    "confidence": 5.913824354978942,
    "low": 314.96957128917717,
    "high": 320.8833956441561,
    "count": 30,
    "base": 4949
  },
  "Compilation.runtime requirements.modules": {
    "min": 9.813156,
    "max": 17.286553,
    "mean": 12.589957000000002,
    "median": 11.509939,
    "variance": 4.847785110758,
    "stdDev": 2.20176863243121,
    "confidence": 1.644123212244864,
    "low": 11.76789539387757,
    "high": 13.412018606122434,
    "count": 30,
    "base": 4949
  },
  "Compilation.runtime requirements.chunks": {
    "min": 2.95656,
    "max": 9.704626,
    "mean": 4.869204366666666,
    "median": 3.8269075,
    "variance": 4.743863530756366,
    "stdDev": 2.178041214200587,
    "confidence": 1.6264052747172784,
    "low": 4.056001729308027,
    "high": 5.682407004025305,
    "count": 30,
    "base": 4949
  },
  "Compilation.runtime requirements.entries": {
    "min": 1.75583,
    "max": 2.402834,