{
  "stats": {
    "min": 17437,
    "max": 19606,
    "mean": 18257.5,
    "median": 18160,
    "variance": 296275.5,
    "stdDev": 544.3119509986897,
    "confidence": 579.9643837891053,
    "low": 17967.517808105447,
    "high": 18547.482191894553,
    "count": 16,
    "base": 16953.5
  },
  "heap memory": {
    "min": 309641592,
    "max": 407208720,
    "mean": 338958235.5,
    "median": 338197220,
    "variance": 561949041163447.56,
    "stdDev": 23705464.37350358,
    "confidence": 25258172.289968014,
    "low": 326329149.355016,
    "high": 351587321.644984,
    "count": 16,
    "base": 16953.5
  },
  "rss memory": {
    "min": 510103552,
    "max": 639074304,
    "mean": 565624832,
    "median": 568004608,
    "variance": 835485079437312,
    "stdDev": 28904758.768017974,
    "confidence": 30798020.467323065,
    "low": 550225821.7663385,
    "high": 581023842.2336615,
    "count": 16,
    "base": 16953.5
  },
  "external memory": {
    "min": 33531354,
    "max": 33555930,
    "mean": 33543642,
    "median": 33539546,
    "variance": 50331648,
    "stdDev": 7094.480107802121,
    "confidence": 7559.168554864824,
    "low": 33539862.415722568,
    "high": 33547421.584277432,
    "count": 16,
    "base": 16953.5
  },
  "array buffers memory": {
    "min": 32038170,
    "max": 32062746,
    "mean": 32050458,
    "median": 32046362,
    "variance": 50331648,
    "stdDev": 7094.480107802121,
    "confidence": 7559.168554864824,
    "low": 32046678.415722568,
    "high": 32054237.584277432,
    "count": 16,
    "base": 16953.5
  },
  "Compiler.make hook": {
    "min": 16682.705731000002,
    "max": 18850.225333,
    "mean": 17504.133782125,
    "median": 17413.926649,
    "variance": 296248.3062455439,
    "stdDev": 544.2869704903324,
    "confidence": 579.9377670574468,
    "low": 17214.16489859628,
    "high": 17794.102665653725,
    "count": 16,
    "base": 16953.5
  },
  "Compiler.finish make hook": {
    "min": 0.093601,
    "max": 0.201802,
    "mean": 0.11293849999999998,
    "median": 0.0983005,
    "variance": 0.0010404914316250002,
    "stdDev": 0.03225664941721319,
    "confidence": 0.03436945995404064,
    "low": 0.09575377002297966,
    "high": 0.1301232299770203,
    "count": 16,
    "base": 16953.5
  },
  "Compiler.finish compilation": {
    "min": 108.214406,
    "max": 159.638563,
    "mean": 131.40497125000002,
    "median": 131.510668,
    "variance": 145.25472358335134,
    "stdDev": 12.052166758859228,
    "confidence": 12.8415836815645,
    "low": 124.98417940921776,
    "high": 137.82576309078226,
    "count": 16,
    "base": 16953.5
  },
  "Compiler.seal compilation": {
    "min": 519.055379,
    "max": 571.709198,
    "mean": 540.5258195,
    "median": 537.9293035000001,
    "variance": 179.670452050464,
    "stdDev": 13.404120711574631,
    "confidence": 14.282090618182792,
    "low": 533.3847741909086,
    "high": 547.6668648090914,
    "count": 16,
    "base": 16953.5
  },
  "Compiler.afterCompile hook": {
    "min": 0.0582,
    "max": 0.076901,
    "mean": 0.063913125,
    "median": 0.061901,
    "variance": 0.00003058524085937498,
    "stdDev": 0.005530392468837539,
    "confidence": 0.005892633175546391,
    "low": 0.060966808412226806,
    "high": 0.0668594415877732,
    "count": 16,
    "base": 16953.5
  },
  "Compiler.emitAssets": {
    "min": 54.237606,
    "max": 75.366061,
    "mean": 60.08837224999999,
    "median": 59.405999,
    "variance": 28.63969447317006,
    "stdDev": 5.351606718843422,
    "confidence": 5.702136958927667,
    "low": 57.23730377053616,
    "high": 62.939440729463826,
    "count": 16,
    "base": 16953.5
  },
  "Compiler.emitRecords": {
    "min": 0.0722,
    "max": 0.096001,
    "mean": 0.0788631875,
    "median": 0.07580100000000001,
    "variance": 0.00005003544552734373,
    "stdDev": 0.007073573745098281,
    "confidence": 0.007536892825402208,
    "low": 0.0750947410872989,
    "high": 0.0826316339127011,
    "count": 16,
    "base": 16953.5
  },
  "Compilation.compute affected modules": {
    "min": 0.247902,
    "max": 0.276103,
    "mean": 0.25432125,
    "median": 0.25155249999999996,
    "variance": 0.00006346149243749992,
    "stdDev": 0.007966272179476416,
    "confidence": 0.00848806300723215,
    "low": 0.2500772184963839,
    "high": 0.2585652815036161,
    "count": 16,
    "base": 16953.5
  },
  "Compilation.finish modules": {
    "min": 72.830377,
    "max": 110.917055,
    "mean": 90.1360354375,
    "median": 84.695161,
    "variance": 84.66036767036186,
    "stdDev": 9.201106872021532,
    "confidence": 9.803779372138933,
    "low": 85.23414575143053,
    "high": 95.03792512356947,
    "count": 16,
    "base": 16953.5
  },
  "Compilation.report dependency errors and warnings": {
    "min": 33.551211,
    "max": 57.289734,
    "mean": 40.5300599375,
    "median": 37.305047,
    "variance": 48.192731711435925,
    "stdDev": 6.9420985091999325,
    "confidence": 7.396805961552531,
    "low": 36.831656956723734,
    "high": 44.228462918276264,
    "count": 16,
    "base": 16953.5
  },
  "Compilation.optimize dependencies": {
    "min": 0.773608,
    "max": 1.530914,
    "mean": 0.889376875,
    "median": 0.8192075,
    "variance": 0.03248879747198439,
    "stdDev": 0.18024649087287217,
    "confidence": 0.1920526360250452,
    "low": 0.7933505569874774,
    "high": 0.9854031930125225,
    "count": 16,
    "base": 16953.5
  },
  "Compilation.create chunks": {
    "min": 34.406925,
    "max": 62.080176,
    "mean": 42.16274925000001,
    "median": 39.331937499999995,
    "variance": 45.56984333820043,
    "stdDev": 6.750543929062341,
    "confidence": 7.192704556415919,
    "low": 38.56639697179205,
    "high": 45.75910152820797,
    "count": 16,
    "base": 16953.5
  },
  "Compilation.compute affected modules with chunk graph": {
    "min": 0.151602,
    "max": 0.164302,
    "mean": 0.1566579375,
    "median": 0.15665099999999998,
    "variance": 0.00001350082130859374,
    "stdDev": 0.0036743463784180367,
    "confidence": 0.003915016066204424,
    "low": 0.1547004294668978,
    "high": 0.15861544553310222,
    "count": 16,
    "base": 16953.5
  },
  "Compilation.optimize": {
    "min": 26.516046,
    "max": 35.662829,
    "mean": 31.697376624999997,
    "median": 31.333182,
    "variance": 5.881686791777235,
    "stdDev": 2.4252189162583315,
    "confidence": 2.584070755273249,
    "low": 30.40534124736337,
    "high": 32.98941200263662,
    "count": 16,
    "base": 16953.5
  },
  "Compilation.module hashing": {
    "min": 64.562966,
    "max": 80.079643,
    "mean": 72.63578987500001,
    "median": 73.240979,
    "variance": 15.268267366975103,
    "stdDev": 3.9074630346268284,
    "confidence": 4.163401863394881,
    "low": 70.55408894330257,
    "high": 74.71749080669746,
    "count": 16,
    "base": 16953.5
  },
  "Compilation.code generation": {
    "min": 219.857124,
    "max": 240.014201,
    "mean": 230.31527899999998,
    "median": 232.835513,
    "variance": 38.323573599845666,
    "stdDev": 6.190603653913378,
    "confidence": 6.596088193244725,
    "low": 227.0172349033776,
    "high": 233.61332309662234,
    "count": 16,
    "base": 16953.5
  },
  "Compilation.runtime requirements.modules": {
    "min": 6.771063,
    "max": 18.417669,
    "mean": 10.715537062500001,
    "median": 6.948318,
    "variance": 19.67939390692506,
    "stdDev": 4.436146290072619,
    "confidence": 4.726713872072374,
    "low": 8.352180126463814,
    "high": 13.078893998536188,
    "count": 16,
    "base": 16953.5
  },
  "Compilation.runtime requirements.chunks": {
    "min": 2.438126,
    "max": 15.792438,
    "mean": 3.5537888124999997,
    "median": 2.5990745,
    "variance": 10.072019434383778,
    "stdDev": 3.1736445034666025,
    "confidence": 3.3815182184436647,
    "low": 1.8630297032781673,
    "high": 5.244547921721832,
    "count": 16,
    "base": 16953.5
  },
  "Compilation.runtime requirements.entries": {
    "min": 2.769925,
    "max": 3.25693,