{
  "stats": {
    "min": 7525,
    "max": 7778,
    "mean": 7658.266666666666,
    "median": 7657.5,
    "variance": 2520.728888888887,
    "stdDev": 50.20686097426214,
    "confidence": 37.49088997175204,
    "low": 7639.52122168079,
    "high": 7677.012111652542,
    "count": 30,
    "base": 7336
  },
  "heap memory": {
    "min": 547346456,
    "max": 652152960,
    "mean": 615656289.8666667,
    "median": 611276084,
    "variance": 567213251101937.9,
    "stdDev": 23816239.23086804,
    "confidence": 17784262.692765236,
    "low": 606764158.520284,
    "high": 624548421.2130493,
    "count": 30,
    "base": 7336
  },
  "rss memory": {
    "min": 746278912,
    "max": 849424384,
    "mean": 813867144.5333333,
    "median": 808542208,
    "variance": 554350052585126.25,
    "stdDev": 23544639.572206795,
    "confidence": 17581451.508762836,
    "low": 805076418.7789519,
    "high": 822657870.2877147,
    "count": 30,
    "base": 7336
  },
  "external memory": {
    "min": 99954077,
    "max": 100011421,
    "mean": 99979472.2,
    "median": 99978653,
    "variance": 158153222.82666686,
    "stdDev": 12575.898489836298,
    "confidence": 9390.780810207129,
    "low": 99974776.8095949,
    "high": 99984167.5904051,
    "count": 30,
    "base": 7336
  },
  "array buffers memory": {
    "min": 98494124,
    "max": 98551468,
    "mean": 98519519.2,
    "median": 98518700,
    "variance": 158153222.8266667,
    "stdDev": 12575.89848983629,
    "confidence": 9390.780810207129,
    "low": 98514823.8095949,
    "high": 98524214.5904051,
    "count": 30,
    "base": 7336
  },
  "Compiler.make hook": {
    "min": 5512.258516,
    "max": 5751.533899,
    "mean": 5632.7936125333335,
    "median": 5639.4135945,
    "variance": 2480.0632885171754,
    "stdDev": 49.800233819904655,
    "confidence": 37.18724991922318,
    "low": 5614.199987573722,
    "high": 5651.387237492945,
    "count": 30,
    "base": 7336
  },
  "Compiler.finish make hook": {
    "min": 0.078917,
    "max": 0.124191,
    "mean": 0.08772133333333333,
    "median": 0.0827495,
    "variance": 0.0001440870096888889,
    "stdDev": 0.012003624856221095,
    "confidence": 0.008963447823943455,
    "low": 0.0832396094213616,
    "high": 0.09220305724530506,
    "count": 30,
    "base": 7336
  },
  "Compiler.finish compilation": {
    "min": 351.479566,
    "max": 397.190755,
    "mean": 369.0064983666667,
    "median": 367.4907605,
    "variance": 101.90725638923671,
    "stdDev": 10.09491240126613,
    "confidence": 7.538157988095804,
    "low": 365.2374193726188,
    "high": 372.7755773607146,
    "count": 30,
    "base": 7336
  },
  "Compiler.seal compilation": {
    "min": 1399.322545,
    "max": 1475.888032,
    "mean": 1438.1225364333336,
    "median": 1437.872237,
    "variance": 338.5214586379003,
    "stdDev": 18.39895265056955,
    "confidence": 13.739020843617254,
    "low": 1431.253026011525,
    "high": 1444.9920468551422,
    "count": 30,
    "base": 7336
  },
  "Compiler.afterCompile hook": {
    "min": 0.052007,
    "max": 0.094326,
    "mean": 0.06161039999999998,
    "median": 0.0558285,
    "variance": 0.0001282789609733333,
    "stdDev": 0.011326030238937794,
    "confidence": 0.008457468665934692,
    "low": 0.057381665667032636,
    "high": 0.06583913433296733,
    "count": 30,
    "base": 7336
  },
  "Compiler.emitAssets": {
    "min": 179.915456,
    "max": 236.977594,
    "mean": 201.74965800000007,
    "median": 203.050112,
    "variance": 169.91269008476726,
    "stdDev": 13.035056197990373,
    "confidence": 9.733646920188733,
    "low": 196.8828345399057,
    "high": 206.61648146009443,
    "count": 30,
    "base": 7336
  },
  "Compiler.emitRecords": {
    "min": 0.081551,
    "max": 0.1182,
    "mean": 0.08993253333333334,
    "median": 0.089692,
    "variance": 0.00004071233898222222,
    "stdDev": 0.006380622146955751,
    "confidence": 0.004764591894830417,
    "low": 0.08755023738591813,
    "high": 0.09231482928074855,
    "count": 30,
    "base": 7336
  },
  "Compilation.compute affected modules": {
    "min": 42.194289,
    "max": 51.493873,
    "mean": 45.52169129999999,
    "median": 45.5894555,
    "variance": 3.537578620039478,
    "stdDev": 1.88084518768544,
    "confidence": 1.40448055538792,
    "low": 44.81945102230603,
    "high": 46.22393157769395,
    "count": 30,
    "base": 7336
  },
  "Compilation.finish modules": {
    "min": 239.030126,
    "max": 266.219032,
    "mean": 252.0681356666667,
    "median": 249.7471685,
    "variance": 49.35992160278615,
    "stdDev": 7.025661648754952,
    "confidence": 5.246261222888677,
    "low": 249.44500505522237,
    "high": 254.69126627811104,
    "count": 30,
    "base": 7336
  },
  "Compilation.report dependency errors and warnings": {
    "min": 65.388386,
    "max": 84.840948,
    "mean": 70.9314422,
    "median": 70.65832900000001,
    "variance": 13.49847747937963,
    "stdDev": 3.6740274195192977,
    "confidence": 2.743500690254507,
    "low": 69.55969185487275,
    "high": 72.30319254512726,
    "count": 30,
    "base": 7336
  },
  "Compilation.optimize dependencies": {
    "min": 94.92718,
    "max": 101.324265,
    "mean": 97.88446086666666,
    "median": 97.29583099999999,
    "variance": 2.822549473569846,
    "stdDev": 1.6800444855925232,
    "confidence": 1.2545369643660536,
    "low": 97.25719238448363,
    "high": 98.51172934884968,
    "count": 30,
    "base": 7336
  },
  "Compilation.create chunks": {
    "min": 133.76968,
    "max": 145.761968,
    "mean": 138.5863396,
    "median": 137.9224905,
    "variance": 9.888985950278697,
    "stdDev": 3.1446758100444465,
    "confidence": 2.3482187992523222,
    "low": 137.41223020037384,
    "high": 139.76044899962616,
    "count": 30,
    "base": 7336
  },
  "Compilation.compute affected modules with chunk graph": {
    "min": 36.161286,
    "max": 47.569076,
    "mean": 40.71593253333333,
    "median": 40.413243,
    "variance": 6.596503852530716,
    "stdDev": 2.568365988820658,
    "confidence": 1.9178718769816925,
    "low": 39.756996594842484,
    "high": 41.674868471824176,
    "count": 30,
    "base": 7336
  },
  "Compilation.optimize": {
    "min": 121.197958,
    "max": 137.189961,
    "mean": 127.96266926666668,
    "median": 127.552028,
    "variance": 17.593939189792597,
    "stdDev": 4.194512986008339,
    "confidence": 3.1321620549856988,
    "low": 126.39658823917382,
    "high": 129.52875029415952,
    "count": 30,
    "base": 7336
  },
  "Compilation.module hashing": {
    "min": 163.5372,
    "max": 181.180169,
    "mean": 172.52699536666668,
    "median": 172.705225,
    "variance": 16.927363416875252,
    "stdDev": 4.11428771683207,
    "confidence": 3.0722555664843867,
    "low": 170.9908675834245,
    "high": 174.06312314990888,
    "count": 30,
    "base": 7336
  },
  "Compilation.code generation": {
    "min": 490.952233,
    "max": 550.885471,
    "mean": 520.5481690666666,
    "median": 520.1391255,
    "variance": 176.2777930163794,
    "stdDev": 13.276964751643328,
    "confidence": 9.914286912258376,
    "low": 515.5910256105374,
    "high": 525.5053125227957,
    "count": 30,
    "base": 7336
  },
  "Compilation.runtime requirements.modules": {
    "min": 31.686592,
    "max": 37.339012,
    "mean": 33.22635603333334,
    "median": 32.771937,
    "variance": 1.930429934355564,
    "stdDev": 1.38939912708896,
    "confidence": 1.0375038150113483,
    "low": 32.707604125827665,
    "high": 33.74510794083901,
    "count": 30,
    "base": 7336
  },
  "Compilation.runtime requirements.chunks": {
    "min": 5.288216,
    "max": 7.233521,
    "mean": 6.070376799999999,
    "median": 6.0853565,
    "variance": 0.2343845964964266,
    "stdDev": 0.4841328293933666,
    "confidence": 0.3615157427946887,
    "low": 5.889618928602655,
    "high": 6.2511346713973435,
    "count": 30,
    "base": 7336
  },
  "Compilation.runtime requirements.entries": {
    "min": 1.966755,
    "max": 2.226198,
    "mean": 2.0949811666666665,