{
  "stats": {
    "min": 305.45454545454544,
    "max": 324.8181818181818,
    "mean": 313.5113636363636,
    "median": 311.5454545454545,
    "variance": 42.921358471074484,
    "stdDev": 6.551439419782074,
    "confidence": 10.956021523216691,
    "low": 308.0333528747553,
    "high": 318.98937439797197,
    "count": 8,
    "base": 380.0454545454545
  },
  "heap memory": {
    "min": 312628818.1818182,
    "max": 379801671.27272725,
    "mean": 349366743.0909091,
    "median": 348972293.0909091,
    "variance": 413499550519844,
    "stdDev": 20334688.35561155,
    "confidence": 34005852.60992849,
    "low": 332363816.7859449,
    "high": 366369669.39587337,
    "count": 8,
    "base": 380.0454545454545
  },
  "rss memory": {
    "min": 664129536,
    "max": 895075421.0909091,
    "mean": 716512256,
    "median": 694430254.5454545,
    "variance": 4749203680539337,
    "stdDev": 68914466.40974112,
    "confidence": 115246181.62022686,
    "low": 658889165.1898866,
    "high": 774135346.8101134,
    "count": 8,
    "base": 380.0454545454545
  },
  "external memory": {
    "min": 60190702.09090909,
    "max": 65640503.63636363,
    "mean": 64084818.70454545,
    "median": 65137630.90909091,
    "variance": 4568453858727.212,
    "stdDev": 2137394.17486041,
    "confidence": 3574380.389240876,
    "low": 62297628.509925015,
    "high": 65872008.89916589,
    "count": 8,
    "base": 380.0454545454545
  },
  "array buffers memory": {
    "min": 53285362.72727273,
    "max": 58735164.27272727,
    "mean": 57179479.340909086,
    "median": 58232291.54545455,
    "variance": 4568453858727.219,
    "stdDev": 2137394.1748604113,
    "confidence": 3574380.389240876,
    "low": 55392289.14628865,
    "high": 58966669.535529524,
    "count": 8,
    "base": 380.0454545454545
  },
  "Compiler.make hook": {
    "min": 156.05546827272727,
    "max": 170.19572736363634,
    "mean": 165.47439257954542,
    "median": 166.61941004545452,
    "variance": 20.34355247350146,
    "stdDev": 4.510382741353716,
    "confidence": 7.542747055403652,
    "low": 161.7030190518436,
    "high": 169.24576610724725,
    "count": 8,
    "base": 380.0454545454545
  },
  "Compiler.finish make hook": {
    "min": 0.004309272727272727,
    "max": 0.005091363636363637,
    "mean": 0.004573056818181818,
    "median": 0.004563909090909091,
    "variance": 4.8828735408057995e-8,
    "stdDev": 0.00022097225031224622,
    "confidence": 0.00036953355977687244,
    "low": 0.004388290038293382,
    "high": 0.004757823598070254,
    "count": 8,
    "base": 380.0454545454545
  },
  "Compiler.finish compilation": {
    "min": 35.45034436363637,
    "max": 45.51093427272727,
    "mean": 37.14624531818181,
    "median": 35.96152609090909,
    "variance": 10.072680744606423,
    "stdDev": 3.1737486895793157,
    "confidence": 5.307483855733864,
    "low": 34.49250339031488,
    "high": 39.799987246048744,
    "count": 8,
    "base": 380.0454545454545
  },
  "Compiler.seal compilation": {
    "min": 93.11449463636364,
    "max": 102.10131290909091,
    "mean": 95.95680029545454,
    "median": 94.29984272727273,
    "variance": 9.085981785074543,
    "stdDev": 3.014296233795634,
    "confidence": 5.040830312052947,
    "low": 93.43638513942807,
    "high": 98.47721545148102,
    "count": 8,
    "base": 380.0454545454545
  },
  "Compiler.afterCompile hook": {
    "min": 0.003609363636363636,
    "max": 0.004509636363636363,
    "mean": 0.004063988636363636,
    "median": 0.004091272727272728,
    "variance": 9.11217302427687e-8,
    "stdDev": 0.0003018637610624513,
    "confidence": 0.0005048090429247034,
    "low": 0.003811584114901285,
    "high": 0.004316393157825988,
    "count": 8,
    "base": 380.0454545454545
  },
  "Compiler.emitAssets": {
    "min": 11.347748727272727,
    "max": 13.351578363636362,
    "mean": 11.947490477272728,
    "median": 11.413073681818183,
    "variance": 0.6014173533917413,
    "stdDev": 0.7755110272534758,
    "confidence": 1.2968929362951513,
    "low": 11.299044009125152,
    "high": 12.595936945420304,
    "count": 8,
    "base": 380.0454545454545
  },
  "Compiler.emitRecords": {
    "min": 0.0042822727272727274,
    "max": 0.004582090909090909,
    "mean": 0.0044061249999999995,
    "median": 0.0044048636363636364,
    "variance": 8.850299457644618e-9,
    "stdDev": 0.0000940760301970944,
    "confidence": 0.00015732405439725962,
    "low": 0.00432746297280137,
    "high": 0.004484787027198629,
    "count": 8,
    "base": 380.0454545454545
  },
  "FlagDependencyExportsPlugin.restore cached provided exports": {
    "min": 8.90334772727273,
    "max": 10.816367181818181,
    "mean": 9.935164045454545,
    "median": 9.859857454545455,
    "variance": 0.4212177542979682,
    "stdDev": 0.6490129076512795,
    "confidence": 1.0853491774040407,
    "low": 9.392489456752525,
    "high": 10.477838634156566,
    "count": 8,
    "base": 380.0454545454545
  },
  "FlagDependencyExportsPlugin.figure out provided exports": {
    "min": 8.850697363636364,
    "max": 14.21776890909091,
    "mean": 10.349055329545456,
    "median": 11.534233136363637,
    "variance": 2.6577455052566665,
    "stdDev": 1.630259336810149,
    "confidence": 2.7262949770374476,
    "low": 8.985907841026732,
    "high": 11.71220281806418,
    "count": 8,
    "base": 380.0454545454545
  },
  "FlagDependencyExportsPlugin.store provided exports into cache": {
    "min": 0.02628409090909091,
    "max": 0.03913063636363636,
    "mean": 0.028919499999999997,
    "median": 0.027825045454545453,
    "variance": 0.0000157770135,
    "stdDev": 0.003972028889623035,
    "confidence": 0.006642453851308926,
    "low": 0.025598273074345534,
    "high": 0.03224072692565446,
    "count": 8,
    "base": 380.0454545454545
  },
  "Compilation.finish modules": {
    "min": 19.080414363636365,
    "max": 25.573536818181818,
    "mean": 20.912328011363638,
    "median": 20.138559863636367,
    "variance": 3.469079974893799,
    "stdDev": 1.8625466369714878,
    "confidence": 3.1147507799642185,
    "low": 19.35495262138153,
    "high": 22.469703401345747,
    "count": 8,
    "base": 380.0454545454545
  },
  "Compilation.report dependency errors and warnings": {
    "min": 14.593359181818185,
    "max": 19.885165636363638,
    "mean": 16.191410261363636,
    "median": 15.683050045454543,
    "variance": 2.520116231021299,
    "stdDev": 1.587487395547221,
    "confidence": 2.6547671372696797,
    "low": 14.864026692728796,
    "high": 17.518793829998476,
    "count": 8,
    "base": 380.0454545454545
  },
  "Compilation.optimize dependencies": {
    "min": 0.11774645454545453,
    "max": 0.8677929999999999,
    "mean": 0.30752995454545456,
    "median": 0.24243004545454547,
    "variance": 0.058235077264904955,
    "stdDev": 0.24131945065598204,
    "confidence": 0.4035603362788506,
    "low": 0.10574978640602925,
    "high": 0.5093101226848799,
    "count": 8,
    "base": 380.0454545454545
  },
  "Compilation.create chunks": {
    "min": 17.193316000000003,
    "max": 20.739865818181816,
    "mean": 18.04859868181818,
    "median": 17.752151090909088,
    "variance": 1.118396788551996,
    "stdDev": 1.057542806959603,
    "confidence": 1.7685368073139927,
    "low": 17.164330278161184,
    "high": 18.932867085475177,
    "count": 8,
    "base": 380.0454545454545
  },
  "Compilation.optimize": {
    "min": 5.456748727272727,
    "max": 10.828968999999999,
    "mean": 7.548411079545454,
    "median": 7.416066227272728,
    "variance": 2.5270978445220376,
    "stdDev": 1.5896848255305318,
    "confidence": 2.6584419159939126,
    "low": 6.219190121548498,
    "high": 8.87763203754241,
    "count": 8,
    "base": 380.0454545454545
  },
  "Compilation.module hashing": {
    "min": 44.37566345454545,
    "max": 47.0334820909091,
    "mean": 45.72595168181818,
    "median": 45.60160163636364,
    "variance": 1.0126385866322876,
    "stdDev": 1.0062994517698436,
    "confidence": 1.6828421581830497,
    "low": 44.884530602726656,