{
  "stats": {
    "min": 6398,
    "max": 7106,
    "mean": 6620.033333333334,
    "median": 6493,
    "variance": 61220.165555555555,
    "stdDev": 247.42709139371857,
    "confidence": 184.7608410378034,
    "low": 6527.652912814432,
    "high": 6712.4137538522355,
    "count": 30,
    "base": 6065
  },
  "heap memory": {
    "min": 223214568,
    "max": 253372672,
    "mean": 230289757.06666666,
    "median": 225117684,
    "variance": 93188291662935.39,
    "stdDev": 9653408.292563586,
    "confidence": 7208474.322552025,
    "low": 226685519.90539065,
    "high": 233893994.22794268,
    "count": 30,
    "base": 6065
  },
  "rss memory": {
    "min": 624627712,
    "max": 780156928,
    "mean": 669117508.2666667,
    "median": 642754560,
    "variance": 3242651316418132.5,
    "stdDev": 56944282.561273284,
    "confidence": 42521914.148736,
    "low": 647856551.1922987,
    "high": 690378465.3410347,
    "count": 30,
    "base": 6065
  },
  "external memory": {
    "min": 108263959,
    "max": 108386839,
    "mean": 108310107.26666667,
    "median": 108309015,
    "variance": 1017743205.2622225,
    "stdDev": 31902.087788453948,
    "confidence": 23822.195611059666,
    "low": 108298196.16886114,
    "high": 108322018.3644722,
    "count": 30,
    "base": 6065
  },
  "array buffers memory": {
    "min": 106753420,
    "max": 106876300,
    "mean": 106799568.26666667,
    "median": 106798476,
    "variance": 1017743205.2622225,
    "stdDev": 31902.087788453948,
    "confidence": 23822.195611059666,
    "low": 106787657.16886114,
    "high": 106811479.3644722,
    "count": 30,
    "base": 6065
  },
  "Compiler.make hook": {
    "min": 5057.513644,
    "max": 5746.652765,
    "mean": 5262.3422672,
    "median": 5148.0503745000005,
    "variance": 58399.82754346397,
    "stdDev": 241.66056265651616,
    "confidence": 180.45481014461075,
    "low": 5172.114862127694,
    "high": 5352.569672272305,
    "count": 30,
    "base": 6065
  },
  "Compiler.finish make hook": {
    "min": 0.082435,
    "max": 0.119955,
    "mean": 0.09220696666666668,
    "median": 0.0901985,
    "variance": 0.00008007500496555556,
    "stdDev": 0.00894846383272322,
    "confidence": 0.006682072259821564,
    "low": 0.0888659305367559,
    "high": 0.09554800279657746,
    "count": 30,
    "base": 6065
  },
  "Compiler.finish compilation": {
    "min": 174.535315,
    "max": 200.417165,
    "mean": 185.07636173333333,
    "median": 184.19415450000002,
    "variance": 32.56154234597634,
    "stdDev": 5.7062721934706495,
    "confidence": 4.261035619493327,
    "low": 182.94584392358666,
    "high": 187.20687954308,
    "count": 30,
    "base": 6065
  },
  "Compiler.seal compilation": {
    "min": 913.288221,
    "max": 1060.177486,
    "mean": 953.6942798333333,
    "median": 940.40223,
    "variance": 1147.776252254454,
    "stdDev": 33.87884667833978,
    "confidence": 25.298297653753707,
    "low": 941.0451310064565,
    "high": 966.3434286602102,
    "count": 30,
    "base": 6065
  },
  "Compiler.afterCompile hook": {
    "min": 0.052448,
    "max": 0.086101,
    "mean": 0.05980893333333333,
    "median": 0.0569065,
    "variance": 0.00006791555806222222,
    "stdDev": 0.008241089616198955,
    "confidence": 0.0061538558287214315,
    "low": 0.056732005418972616,
    "high": 0.06288586124769405,
    "count": 30,
    "base": 6065
  },
  "Compiler.emitAssets": {
    "min": 135.006297,
    "max": 219.861944,
    "mean": 199.16657923333335,
    "median": 205.819799,
    "variance": 494.08311608350647,
    "stdDev": 22.227980476946314,
    "confidence": 16.59826474279413,
    "low": 190.8674468619363,
    "high": 207.46571160473042,
    "count": 30,
    "base": 6065
  },
  "Compiler.emitRecords": {
    "min": 0.062537,
    "max": 0.217186,
    "mean": 0.07686209999999999,
    "median": 0.06752649999999999,
    "variance": 0.0008060519145566666,
    "stdDev": 0.028391053424567863,
    "confidence": 0.021200406467719257,
    "low": 0.06626189676614036,
    "high": 0.08746230323385962,
    "count": 30,
    "base": 6065
  },
  "Compilation.compute affected modules": {
    "min": 0.214031,
    "max": 0.337312,
    "mean": 0.22536736666666662,
    "median": 0.218469,
    "variance": 0.0005013321370988889,
    "stdDev": 0.02239044745195792,
    "confidence": 0.0167195834503574,
    "low": 0.21700757494148792,
    "high": 0.23372715839184532,
    "count": 30,
    "base": 6065
  },
  "Compilation.finish modules": {
    "min": 138.268493,
    "max": 160.643174,
    "mean": 145.8657634,
    "median": 145.86501700000002,
    "variance": 26.79378576120456,
    "stdDev": 5.17627141494769,
    "confidence": 3.865268975513459,
    "low": 143.93312891224326,
    "high": 147.79839788775672,
    "count": 30,
    "base": 6065
  },
  "Compilation.report dependency errors and warnings": {
    "min": 33.953739,
    "max": 43.950773,
    "mean": 38.57205473333334,
    "median": 39.049809499999995,
    "variance": 6.274645092643725,
    "stdDev": 2.504924169040597,
    "confidence": 1.8704980671312654,
    "low": 37.636805699767706,
    "high": 39.50730376689897,
    "count": 30,
    "base": 6065
  },
  "Compilation.optimize dependencies": {
    "min": 1.231932,
    "max": 3.877519,
    "mean": 1.4160517666666663,
    "median": 1.3215585,
    "variance": 0.2141726680795789,
    "stdDev": 0.4627879299199353,
    "confidence": 0.3455768997344393,
    "low": 1.2432633167994467,
    "high": 1.588840216533886,
    "count": 30,
    "base": 6065
  },
  "Compilation.create chunks": {
    "min": 81.415936,
    "max": 94.826341,
    "mean": 88.22498030000001,
    "median": 88.74685600000001,
    "variance": 11.059170321275941,
    "stdDev": 3.325533088284635,
    "confidence": 2.483270068889908,
    "low": 86.98334526555506,
    "high": 89.46661533444497,
    "count": 30,
    "base": 6065
  },
  "Compilation.compute affected modules with chunk graph": {
    "min": 0.131747,
    "max": 0.235271,
    "mean": 0.17842719999999998,
    "median": 0.178865,
    "variance": 0.0005585661364266667,
    "stdDev": 0.02363400381709935,
    "confidence": 0.017648182330161688,
    "low": 0.16960310883491914,
    "high": 0.18725129116508082,
    "count": 30,
    "base": 6065
  },
  "Compilation.optimize": {
    "min": 47.290962,
    "max": 56.711626,
    "mean": 52.025893733333334,
    "median": 51.768301,
    "variance": 5.706038069103396,
    "stdDev": 2.38873147697756,
    "confidence": 1.7837336817638914,
    "low": 51.13402689245139,
    "high": 52.91776057421528,
    "count": 30,
    "base": 6065
  },
  "Compilation.module hashing": {
    "min": 82.445557,
    "max": 96.396369,
    "mean": 88.48707796666666,
    "median": 88.75777249999999,
    "variance": 9.461822420205177,
    "stdDev": 3.0760075455377507,
    "confidence": 2.296942254588572,
    "low": 87.33860683937237,
    "high": 89.63554909396095,
    "count": 30,
    "base": 6065
  },
  "Compilation.code generation": {
    "min": 413.773772,
    "max": 460.19009,
    "mean": 433.13840446666654,
    "median": 431.3678425,
    "variance": 160.902568888244,
    "stdDev": 12.684737635767009,
    "confidence": 9.47205409370008,
    "low": 428.4023774198165,
    "high": 437.8744315135166,
    "count": 30,
    "base": 6065
  },
  "Compilation.runtime requirements.modules": {
    "min": 12.78905,
    "max": 18.540902,
    "mean": 14.050895499999996,
    "median": 13.662156,
    "variance": 1.8530233279037167,
    "stdDev": 1.3612579946151708,
    "confidence": 1.01649003162035,
    "low": 13.54265048418982,
    "high": 14.55914051581017,
    "count": 30,
    "base": 6065
  },
  "Compilation.runtime requirements.chunks": {
    "min": 3.405394,
    "max": 5.107026,
    "mean": 4.089439966666666,
    "median": 4.141379000000001,
    "variance": 0.15024632188649892,
    "stdDev": 0.3876162043652186,
    "confidence": 0.28944403587737755,
    "low": 3.9447179487279773,
    "high": 4.234161984605355,
    "count": 30,
    "base": 6065
  },