{
  "stats": {
    "min": 20819,
    "max": 21901,
    "mean": 21486.615384615383,
    "median": 21464,
    "variance": 94436.08284023669,
    "stdDev": 307.30454412559,
    "confidence": 371.4364603307404,
    "low": 21300.897154450013,
    "high": 21672.333614780753,
    "count": 13,
    "base": 24981
  },
  "heap memory": {
    "min": 317794152,
    "max": 645010368,
    "mean": 408411368.61538464,
    "median": 351015472,
    "variance": 14752110483087778,
    "stdDev": 121458266.42550015,
    "confidence": 146805601.87407494,
    "low": 335008567.6783472,
    "high": 481814169.5524221,
    "count": 13,
    "base": 24981
  },
  "rss memory": {
    "min": 761282560,
    "max": 837267456,
    "mean": 819902306.4615384,
    "median": 826609664,
    "variance": 348449874938716.3,
    "stdDev": 18666812.12576792,
    "confidence": 22562421.396608114,
    "low": 808621095.7632344,
    "high": 831183517.1598425,
    "count": 13,
    "base": 24981
  },
  "external memory": {
    "min": 96158081,
    "max": 96327951,
    "mean": 96219551.61538461,
    "median": 96207237,
    "variance": 2631383319.159764,
    "stdDev": 51297.010820902266,
    "confidence": 62002.27262854576,
    "low": 96188550.47907034,
    "high": 96250552.75169888,
    "count": 13,
    "base": 24981
  },
  "array buffers memory": {
    "min": 94698128,
    "max": 94867998,
    "mean": 94759598.61538461,
    "median": 94747284,
    "variance": 2631383319.159764,
    "stdDev": 51297.010820902266,
    "confidence": 62002.27262854576,
    "low": 94728597.47907034,
    "high": 94790599.75169888,
    "count": 13,
    "base": 24981
  },
  "Compiler.make hook": {
    "min": 18516.754381,
    "max": 19467.328995,
    "mean": 18956.26683369231,
    "median": 18891.317069,
    "variance": 83504.74867863128,
    "stdDev": 288.97188215920124,
    "confidence": 349.27792346753995,
    "low": 18781.62787195854,
    "high": 19130.90579542608,
    "count": 13,
    "base": 24981
  },
  "Compiler.finish make hook": {
    "min": 0.085502,
    "max": 0.095002,
    "mean": 0.09001738461538461,
    "median": 0.090402,
    "variance": 0.000010479763313609464,
    "stdDev": 0.0032372462547062223,
    "confidence": 0.0039128327681858255,
    "low": 0.0880609682312917,
    "high": 0.09197380099947752,
    "count": 13,
    "base": 24981
  },
  "Compiler.finish compilation": {
    "min": 404.709101,
    "max": 457.114729,
    "mean": 428.6774241538461,
    "median": 429.535887,
    "variance": 160.31786674993413,
    "stdDev": 12.661669192880302,
    "confidence": 15.304054810722846,
    "low": 421.0253967484847,
    "high": 436.32945155920754,
    "count": 13,
    "base": 24981
  },
  "Compiler.seal compilation": {
    "min": 1643.308825,
    "max": 1949.650912,
    "mean": 1748.7674944615383,
    "median": 1695.595544,
    "variance": 11427.86966070108,
    "stdDev": 106.90121449591244,
    "confidence": 129.21061362890578,
    "low": 1684.1621876470854,
    "high": 1813.3728012759912,
    "count": 13,
    "base": 24981
  },
  "Compiler.afterCompile hook": {
    "min": 0.057401,
    "max": 0.071402,
    "mean": 0.06350900000000001,
    "median": 0.063501,
    "variance": 0.000011469259384615369,
    "stdDev": 0.003386629502117905,
    "confidence": 0.004093391063570595,
    "low": 0.06146230446821471,
    "high": 0.06555569553178531,
    "count": 13,
    "base": 24981
  },
  "Compiler.emitAssets": {
    "min": 196.506439,
    "max": 456.415509,
    "mean": 332.93035161538467,
    "median": 332.786992,
    "variance": 8985.218195396486,
    "stdDev": 94.79039083892674,
    "confidence": 114.57236126059047,
    "low": 275.64417098508943,
    "high": 390.2165322456799,
    "count": 13,
    "base": 24981
  },
  "Compiler.emitRecords": {
    "min": 0.073901,
    "max": 0.095702,
    "mean": 0.07921692307692307,
    "median": 0.076302,
    "variance": 0.000041485746994082835,
    "stdDev": 0.006440943020558623,
    "confidence": 0.007785114546729699,
    "low": 0.07532436580355822,
    "high": 0.08310948035028792,
    "count": 13,
    "base": 24981
  },
  "Compilation.compute affected modules": {
    "min": 0.261106,
    "max": 0.314506,
    "mean": 0.270813076923077,
    "median": 0.267605,
    "variance": 0.00017054755053254447,
    "stdDev": 0.013059385534264025,
    "confidence": 0.015784771262474573,
    "low": 0.2629206912918397,
    "high": 0.2787054625543143,
    "count": 13,
    "base": 24981
  },
  "Compilation.finish modules": {
    "min": 329.205325,
    "max": 366.258254,
    "mean": 343.4516070769231,
    "median": 340.091842,
    "variance": 116.63222020381286,
    "stdDev": 10.799639818244536,
    "confidence": 13.053435309099314,
    "low": 336.92488942237344,
    "high": 349.97832473147275,
    "count": 13,
    "base": 24981
  },
  "Compilation.report dependency errors and warnings": {
    "min": 74.592256,
    "max": 95.998074,
    "mean": 84.47491007692308,
    "median": 82.996226,
    "variance": 34.199451585456686,
    "stdDev": 5.848029718243289,
    "confidence": 7.068465143052094,
    "low": 80.94067750539703,
    "high": 88.00914264844913,
    "count": 13,
    "base": 24981
  },
  "Compilation.optimize dependencies": {
    "min": 80.323466,
    "max": 127.480798,
    "mean": 105.1730306153846,
    "median": 123.147803,
    "variance": 299.98486378232604,
    "stdDev": 17.320071125209793,
    "confidence": 20.934626690047793,
    "low": 94.70571727036071,
    "high": 115.6403439604085,
    "count": 13,
    "base": 24981
  },
  "Compilation.create chunks": {
    "min": 131.286363,
    "max": 145.348237,
    "mean": 136.7496009230769,
    "median": 135.912649,
    "variance": 16.850423599300242,
    "stdDev": 4.10492674712963,
    "confidence": 4.96159100155603,
    "low": 134.2688054222989,
    "high": 139.23039642385493,
    "count": 13,
    "base": 24981
  },
  "Compilation.compute affected modules with chunk graph": {
    "min": 0.161603,
    "max": 0.193804,
    "mean": 0.1737496153846154,
    "median": 0.169404,
    "variance": 0.00012117550439053256,
    "stdDev": 0.011007974581662722,
    "confidence": 0.013305247814209109,
    "low": 0.16709699147751084,
    "high": 0.18040223929171995,
    "count": 13,
    "base": 24981
  },
  "Compilation.optimize": {
    "min": 107.461198,
    "max": 122.177584,
    "mean": 113.04765415384615,
    "median": 112.5955,
    "variance": 21.06114799664119,
    "stdDev": 4.589242638675928,
    "confidence": 5.546979613201017,
    "low": 110.27416434724564,
    "high": 115.82114396044666,
    "count": 13,
    "base": 24981
  },
  "Compilation.module hashing": {
    "min": 200.824037,
    "max": 237.363153,
    "mean": 210.57614484615385,
    "median": 207.308367,
    "variance": 84.82079431056187,
    "stdDev": 9.209820536284182,
    "confidence": 11.13183389465496,
    "low": 205.01022789882637,
    "high": 216.14206179348133,
    "count": 13,
    "base": 24981
  },
  "Compilation.code generation": {
    "min": 615.350132,
    "max": 859.339335,
    "mean": 658.9060599230769,
    "median": 645.965117,
    "variance": 3555.2675466583464,
    "stdDev": 59.62606432306551,
    "confidence": 72.06953069513065,
    "low": 622.8712945755116,
    "high": 694.9408252706422,
    "count": 13,
    "base": 24981
  },
  "Compilation.runtime requirements.modules": {
    "min": 21.606425,
    "max": 31.34671,
    "mean": 24.104286384615385,
    "median": 22.137131,
    "variance": 12.577275073516237,
    "stdDev": 3.546445413863893,
    "confidence": 4.2865592340327865,
    "low": 21.96100676759899,
    "high": 26.247566001631778,
    "count": 13,
    "base": 24981
  },
  "Compilation.runtime requirements.chunks": {
    "min": 6.776733,
    "max": 7.70195,
    "mean": 7.148998846153846,
    "median": 7.115239,
    "variance": 0.05153591018705322,
    "stdDev": 0.22701522016607878,
    "confidence": 0.27439141864830496,
    "low": 7.011803136829694,
    "high": 7.286194555477999,
    "count": 13,
    "base": 24981
  },