{
  "cache.PackFileCacheStrategy.restore cache container": {
    "min": 35.705696,
    "max": 54.164496,
    "mean": 43.260409900000006,
    "median": 42.936433,
    "variance": 13.45088485541355,
    "stdDev": 3.667544799373765,
    "confidence": 2.738659933555354,
    "low": 41.89107993322233,
    "high": 44.62973986677768,
    "count": 30,
    "base": 1682.5
  },
  "cache.PackFileCacheStrategy.check build dependencies": {
    "min": 20.843698,
    "max": 48.033796,
    "mean": 27.151374433333338,
    "median": 26.3290435,
    "variance": 20.604688404582983,
    "stdDev": 4.539238747255203,
    "confidence": 3.3895785780374155,
    "low": 25.45658514431463,
    "high": 28.846163722352046,
    "count": 30,
    "base": 1682.5
  },
  "cache.PackFileCacheStrategy.restore cache content metadata": {
    "min": 44.467195,
    "max": 64.730393,
    "mean": 52.192912699999994,
    "median": 51.4642865,
    "variance": 20.570174347221883,
    "stdDev": 4.535435408780714,
    "confidence": 3.386738517107389,
    "low": 50.4995434414463,
    "high": 53.88628195855369,
    "count": 30,
    "base": 1682.5
  },
  "cache.PackFileCacheStrategy.restore cache content": {
    "min": 347.07807,
    "max": 467.88005,
    "mean": 375.88655723333335,
    "median": 372.6978305,
    "variance": 571.8690827605903,
    "stdDev": 23.913784367192708,
    "confidence": 17.857102418297927,
    "low": 366.9580060241844,
    "high": 384.8151084424823,
    "count": 30,
    "base": 1682.5
  },
  "stats": {
    "min": 1496,
    "max": 1854,
    "mean": 1629.4,
    "median": 1592.5,
    "variance": 10757.573333333334,
    "stdDev": 103.71872219292587,
    "confidence": 77.44971755432334,
    "low": 1590.6751412228384,
    "high": 1668.1248587771618,
    "count": 30,
    "base": 1682.5
  },
  "heap memory": {
    "min": 103155432,
    "max": 142102360,
    "mean": 115423072.8,
    "median": 110181896,
    "variance": 131722172079971.61,
    "stdDev": 11477028.015996633,
    "confidence": 8570222.997431219,
    "low": 111137961.30128439,
    "high": 119708184.2987156,
    "count": 30,
    "base": 1682.5
  },
  "rss memory": {
    "min": 225185792,
    "max": 264609792,
    "mean": 237986065.06666666,
    "median": 233918464,
    "variance": 137631107326206.84,
    "stdDev": 11731628.502735963,
    "confidence": 8760340.41664195,
    "low": 233605894.8583457,
    "high": 242366235.27498764,
    "count": 30,
    "base": 1682.5
  },
  "external memory": {
    "min": 48607142,
    "max": 50423321,
    "mean": 49031463.233333334,
    "median": 48607142,
    "variance": 589611876133.9122,
    "stdDev": 767861.8861057712,
    "confidence": 573384.2930401862,
    "low": 48744771.08681324,
    "high": 49318155.37985343,
    "count": 30,
    "base": 1682.5
  },
  "array buffers memory": {
    "min": 47380809,
    "max": 49196988,
    "mean": 47805130.233333334,
    "median": 47380809,
    "variance": 589611876133.9122,
    "stdDev": 767861.8861057712,
    "confidence": 573384.2930401862,
    "low": 47518438.08681324,
    "high": 48091822.37985343,
    "count": 30,
    "base": 1682.5
  },
  "Compiler.make hook": {
    "min": 1072.680507,
    "max": 1377.944454,
    "mean": 1187.4027801666666,
    "median": 1157.9564730000002,
    "variance": 6370.161501579593,
    "stdDev": 79.81329150949479,
    "confidence": 59.59885306910246,
    "low": 1157.6033536321154,
    "high": 1217.2022067012178,
    "count": 30,
    "base": 1682.5
  },
  "Compiler.finish make hook": {
    "min": 0.1206,
    "max": 0.1904,
    "mean": 0.14796326666666668,
    "median": 0.14715,
    "variance": 0.0002636597107288889,
    "stdDev": 0.016237601754227404,
    "confidence": 0.012125078703585035,
    "low": 0.14190072731487416,
    "high": 0.1540258060184592,
    "count": 30,
    "base": 1682.5
  },
  "Compiler.finish compilation": {
    "min": 93.337492,
    "max": 155.908037,
    "mean": 108.28720183333333,
    "median": 114.2954885,
    "variance": 206.78248147626275,
    "stdDev": 14.379933291787648,
    "confidence": 10.737904867622092,
    "low": 102.91824939952228,
    "high": 113.65615426714437,
    "count": 30,
    "base": 1682.5
  },
  "Compiler.seal compilation": {
    "min": 285.149784,
    "max": 368.866667,
    "mean": 305.60111606666663,
    "median": 296.7253415,
    "variance": 381.1828531651437,
    "stdDev": 19.5239046598047,
    "confidence": 14.579054480122977,
    "low": 298.31158882660515,
    "high": 312.8906433067281,
    "count": 30,
    "base": 1682.5
  },
  "Compiler.afterCompile hook": {
    "min": 0.0764,
    "max": 0.116901,
    "mean": 0.09261670000000001,
    "median": 0.09125,
    "variance": 0.00008131634114333333,
    "stdDev": 0.009017557382314422,
    "confidence": 0.00673366637694453,
    "low": 0.08924986681152774,
    "high": 0.09598353318847228,
    "count": 30,
    "base": 1682.5
  },
  "Compiler.emitAssets": {
    "min": 5.901999,
    "max": 21.348399,
    "mean": 9.553586166666667,
    "median": 5.9736995,
    "variance": 14.91213003121914,
    "stdDev": 3.8616227199480715,
    "confidence": 2.883583432555387,
    "low": 8.111794450388974,
    "high": 10.99537788294436,
    "count": 30,
    "base": 1682.5
  },
  "Compiler.emitRecords": {
    "min": 0.0924,
    "max": 0.1655,
    "mean": 0.11092663333333333,
    "median": 0.1101995,
    "variance": 0.00016805402403222223,
    "stdDev": 0.012963565251589634,
    "confidence": 0.009680262598733946,
    "low": 0.10608650203396636,
    "high": 0.1157667646327003,
    "count": 30,
    "base": 1682.5
  },
  "FlagDependencyExportsPlugin.restore cached provided exports": {
    "min": 25.086298,
    "max": 91.514863,
    "mean": 34.19355533333334,
    "median": 29.822197000000003,
    "variance": 163.42213528900103,
    "stdDev": 12.783666738811718,
    "confidence": 9.545927266515179,
    "low": 29.420591700075754,
    "high": 38.96651896659093,
    "count": 30,
    "base": 1682.5
  },
  "FlagDependencyExportsPlugin.figure out provided exports": {
    "min": 23.987025,
    "max": 44.316896,
    "mean": 33.64392516666667,
    "median": 33.2481885,
    "variance": 34.31492586368533,
    "stdDev": 5.857894319948537,
    "confidence": 4.374256170445111,
    "low": 31.456797081444112,
    "high": 35.83105325188922,
    "count": 30,
    "base": 1682.5
  },
  "FlagDependencyExportsPlugin.store provided exports into cache": {
    "min": 0.0423,
    "max": 0.0733,
    "mean": 0.056909999999999995,
    "median": 0.05715,
    "variance": 0.00005644156666666667,
    "stdDev": 0.007512760256168613,
    "confidence": 0.0056099915964187425,
    "low": 0.054105004201790624,
    "high": 0.05971499579820937,
    "count": 30,
    "base": 1682.5
  },
  "Compilation.finish modules": {
    "min": 58.208892,
    "max": 118.755552,
    "mean": 69.22376053333333,
    "median": 66.6758895,
    "variance": 145.9522498406958,
    "stdDev": 12.081069896358343,
    "confidence": 9.021278236407056,
    "low": 64.7131214151298,
    "high": 73.73439965153686,
    "count": 30,
    "base": 1682.5
  },
  "Compilation.report dependency errors and warnings": {
    "min": 31.198697,
    "max": 51.513595,
    "mean": 38.60054796666665,
    "median": 36.7444115,
    "variance": 27.37149811461883,
    "stdDev": 5.231777720299175,
    "confidence": 3.906717111212245,
    "low": 36.64718941106053,
    "high": 40.553906522272776,
    "count": 30,
    "base": 1682.5
  },
  "Compilation.optimize dependencies": {
    "min": 0.6311,
    "max": 1.3191,
    "mean": 0.8589099666666665,
    "median": 0.8109504999999999,
    "variance": 0.026858259494232217,
    "stdDev": 0.16388489709009862,
    "confidence": 0.12237751027666621,
    "low": 0.7977212115283334,
    "high": 0.9200987218049996,
    "count": 30,
    "base": 1682.5
  },
  "Compilation.create chunks": {
    "min": 52.614288,
    "max": 68.310494,
    "mean": 60.396120933333336,
    "median": 59.454429000000005,
    "variance": 18.457881152185525,
    "stdDev": 4.296263626942081,
    "confidence": 3.2081421503308007,