{
  "cache.PackFileCacheStrategy.restore cache container": {
    "min": 18.469893,
    "max": 20.095484,
    "mean": 18.988777366666667,
    "median": 18.9661135,
    "variance": 0.15113401815416552,
    "stdDev": 0.38875958914754183,
    "confidence": 0.29029783378940976,
    "low": 18.843628449771963,
    "high": 19.133926283561372,
    "count": 30,
    "base": 5210.5
  },
  "stats": {
    "min": 5212,
    "max": 6008,
    "mean": 5548.766666666666,
    "median": 5430,
    "variance": 74389.44555555555,
    "stdDev": 272.7442860181594,
    "confidence": 203.6659097801985,
    "low": 5446.933711776567,
    "high": 5650.599621556766,
    "count": 30,
    "base": 5210.5
  },
  "heap memory": {
    "min": 213579696,
    "max": 347494360,
    "mean": 278364788.53333336,
    "median": 282540312,
    "variance": 2808949884756936,
    "stdDev": 52999527.212579325,
    "confidence": 39576253.219661266,
    "low": 258576661.9235027,
    "high": 298152915.143164,
    "count": 30,
    "base": 5210.5
  },
  "rss memory": {
    "min": 513318912,
    "max": 683692032,
    "mean": 581762252.8,
    "median": 536385536,
    "variance": 5230191689502556,
    "stdDev": 72320064.2249615,
    "confidence": 54003447.297732115,
    "low": 554760529.1511339,
    "high": 608763976.448866,
    "count": 30,
    "base": 5210.5
  },
  "external memory": {
    "min": 103887380,
    "max": 103993876,
    "mean": 103949912.26666667,
    "median": 103952916,
    "variance": 624037869.7955558,
    "stdDev": 24980.749984649297,
    "confidence": 18653.835968077183,
    "low": 103940585.34868263,
    "high": 103959239.1846507,
    "count": 30,
    "base": 5210.5
  },
  "array buffers memory": {
    "min": 102347478,
    "max": 102453974,
    "mean": 102410010.26666667,
    "median": 102413014,
    "variance": 624037869.7955558,
    "stdDev": 24980.749984649297,
    "confidence": 18653.835968077183,
    "low": 102400683.34868263,
    "high": 102419337.1846507,
    "count": 30,
    "base": 5210.5
  },
  "Compiler.make hook": {
    "min": 3955.9546179999998,
    "max": 4683.215852,
    "mean": 4260.677553333333,
    "median": 4131.770783,
    "variance": 66743.98441216166,
    "stdDev": 258.3485715311034,
    "confidence": 192.9162206455676,
    "low": 4164.219443010549,
    "high": 4357.135663656117,
    "count": 30,
    "base": 5210.5
  },
  "Compiler.finish make hook": {
    "min": 0.08019,
    "max": 0.121888,
    "mean": 0.09001523333333336,
    "median": 0.0866065,
    "variance": 0.00009811466784555555,
    "stdDev": 0.009905284844241257,
    "confidence": 0.007396557702037787,
    "low": 0.08631695448231447,
    "high": 0.09371351218435225,
    "count": 30,
    "base": 5210.5
  },
  "Compiler.finish compilation": {
    "min": 165.436092,
    "max": 194.294801,
    "mean": 180.27184863333335,
    "median": 180.475322,
    "variance": 42.97039185925654,
    "stdDev": 6.555180535977368,
    "confidence": 4.894939604873684,
    "low": 177.8243788308965,
    "high": 182.7193184357702,
    "count": 30,
    "base": 5210.5
  },
  "Compiler.seal compilation": {
    "min": 871.311401,
    "max": 966.921157,
    "mean": 912.3384851333335,
    "median": 916.3006270000001,
    "variance": 659.4677472046174,
    "stdDev": 25.68010411202839,
    "confidence": 19.176063570689394,
    "low": 902.7504533479888,
    "high": 921.9265169186782,
    "count": 30,
    "base": 5210.5
  },
  "Compiler.afterCompile hook": {
    "min": 0.056756,
    "max": 0.078517,
    "mean": 0.061997300000000005,
    "median": 0.060313000000000005,
    "variance": 0.000023121475876666673,
    "stdDev": 0.004808479580560437,
    "confidence": 0.003590628360108518,
    "low": 0.06020198581994574,
    "high": 0.06379261418005426,
    "count": 30,
    "base": 5210.5
  },
  "Compiler.emitAssets": {
    "min": 132.552127,
    "max": 201.648614,
    "mean": 178.94665403333332,
    "median": 183.8630255,
    "variance": 250.52280923634052,
    "stdDev": 15.82791234611629,
    "confidence": 11.819151979148671,
    "low": 173.03707804375898,
    "high": 184.85623002290765,
    "count": 30,
    "base": 5210.5
  },
  "Compiler.emitRecords": {
    "min": 0.06459,
    "max": 0.31617,
    "mean": 0.09098900000000001,
    "median": 0.0871975,
    "variance": 0.0018642428411333332,
    "stdDev": 0.043176878547821554,
    "confidence": 0.03224140230136943,
    "low": 0.0748682988493153,
    "high": 0.10710970115068473,
    "count": 30,
    "base": 5210.5
  },
  "Compilation.compute affected modules": {
    "min": 0.212576,
    "max": 0.264864,
    "mean": 0.2225816,
    "median": 0.217911,
    "variance": 0.00018779648903999996,
    "stdDev": 0.013703885910208095,
    "confidence": 0.01023308107448584,
    "low": 0.21746505946275707,
    "high": 0.2276981405372429,
    "count": 30,
    "base": 5210.5
  },
  "Compilation.finish modules": {
    "min": 131.770995,
    "max": 158.359988,
    "mean": 144.94504713333333,
    "median": 145.992732,
    "variance": 33.99184653120473,
    "stdDev": 5.8302526987434025,
    "confidence": 4.353615386314573,
    "low": 142.76823944017605,
    "high": 147.12185482649062,
    "count": 30,
    "base": 5210.5
  },
  "Compilation.report dependency errors and warnings": {
    "min": 30.269972,
    "max": 40.268967,
    "mean": 34.69975156666667,
    "median": 34.508328500000005,
    "variance": 4.4722570122695116,
    "stdDev": 2.114771148911747,
    "confidence": 1.5791597188267161,
    "low": 33.91017170725331,
    "high": 35.48933142608003,
    "count": 30,
    "base": 5210.5
  },
  "Compilation.optimize dependencies": {
    "min": 1.159513,
    "max": 1.326113,
    "mean": 1.2269971333333334,
    "median": 1.2232210000000001,
    "variance": 0.0022835049029155587,
    "stdDev": 0.04778603250862702,
    "confidence": 0.03568318855635999,
    "low": 1.2091555390551534,
    "high": 1.2448387276115134,
    "count": 30,
    "base": 5210.5
  },
  "Compilation.create chunks": {
    "min": 77.658732,
    "max": 93.637333,
    "mean": 87.72302943333335,
    "median": 87.55266,
    "variance": 15.537122991366175,
    "stdDev": 3.9417157420806204,
    "confidence": 2.9433911684306793,
    "low": 86.25133384911801,
    "high": 89.19472501754869,
    "count": 30,
    "base": 5210.5
  },
  "Compilation.compute affected modules with chunk graph": {
    "min": 0.149329,
    "max": 0.223186,
    "mean": 0.1728089333333334,
    "median": 0.165303,
    "variance": 0.00035371101892888877,
    "stdDev": 0.018807206568996065,
    "confidence": 0.014043875647109627,
    "low": 0.16578699550977857,
    "high": 0.1798308711568882,
    "count": 30,
    "base": 5210.5
  },
  "Compilation.optimize": {
    "min": 45.305726,
    "max": 54.896364,
    "mean": 50.23436106666667,
    "median": 50.081642,
    "variance": 5.094414364040129,
    "stdDev": 2.257080938743697,
    "confidence": 1.6854264833477544,
    "low": 49.391647824992795,
    "high": 51.07707430834055,
    "count": 30,
    "base": 5210.5
  },
  "Compilation.module hashing": {
    "min": 80.31301,
    "max": 92.964744,
    "mean": 86.22853679999999,
    "median": 85.398609,
    "variance": 9.058055230682813,
    "stdDev": 3.0096603181559898,
    "confidence": 2.2473988943100665,
    "low": 85.10483735284495,
    "high": 87.35223624715502,
    "count": 30,
    "base": 5210.5
  },
  "Compilation.code generation": {
    "min": 398.507885,
    "max": 450.703862,
    "mean": 419.9683663666666,
    "median": 418.0624545,
    "variance": 160.72040100171296,
    "stdDev": 12.677555008822203,
    "confidence": 9.46669062202966,
    "low": 415.23502105565177,
    "high": 424.70171167768143,
    "count": 30,
    "base": 5210.5
  },
  "Compilation.runtime requirements.modules": {
    "min": 11.339885,
    "max": 16.108003,
    "mean": 13.023711833333332,
    "median": 12.9713465,
    "variance": 1.2159378046662064,
    "stdDev": 1.1026956990331496,
    "confidence": 0.8234142171519103,
    "low": 12.612004724757377,
    "high": 13.435418941909287,
    "count": 30,