{
  "stats": {
    "min": 148.36363636363637,
    "max": 163,
    "mean": 154.36363636363635,
    "median": 154.36363636363637,
    "variance": 10.451142440447246,
    "stdDev": 3.232822673832768,
    "confidence": 3.3244765915977723,
    "low": 152.70139806783746,
    "high": 156.02587465943523,
    "count": 17,
    "base": 258.5
  },
  "heap memory": {
    "min": 271032300.3636364,
    "max": 282446881.45454544,
    "mean": 278105369.7112299,
    "median": 278209875.6363636,
    "variance": 8343641314863.265,
    "stdDev": 2888536.188948178,
    "confidence": 2970429.2233128548,
    "low": 276620155.0995735,
    "high": 279590584.32288635,
    "count": 17,
    "base": 258.5
  },
  "rss memory": {
    "min": 595503290.1818181,
    "max": 682599517.0909091,
    "mean": 618959855.5721927,
    "median": 611561099.6363636,
    "variance": 551974825679611.3,
    "stdDev": 23494144.497717112,
    "confidence": 24160228.166698456,
    "low": 606879741.4888434,
    "high": 631039969.6555419,
    "count": 17,
    "base": 258.5
  },
  "external memory": {
    "min": 147576405,
    "max": 152719028.9090909,
    "mean": 151403607.96256685,
    "median": 151013012.8181818,
    "variance": 1905428316845.3157,
    "stdDev": 1380372.5282855043,
    "confidence": 1419507.5390661955,
    "low": 150693854.19303375,
    "high": 152113361.73209995,
    "count": 17,
    "base": 258.5
  },
  "array buffers memory": {
    "min": 146116415.63636363,
    "max": 151259039.54545453,
    "mean": 149943618.5989305,
    "median": 149553023.45454547,
    "variance": 1905428316845.3057,
    "stdDev": 1380372.5282855008,
    "confidence": 1419507.5390661955,
    "low": 149233864.8293974,
    "high": 150653372.3684636,
    "count": 17,
    "base": 258.5
  },
  "Compiler.make hook": {
    "min": 48.63848554545454,
    "max": 55.00122872727274,
    "mean": 50.4781680802139,
    "median": 49.98420172727272,
    "variance": 2.459845444321197,
    "stdDev": 1.568389442811063,
    "confidence": 1.612854930565291,
    "low": 49.67174061493125,
    "high": 51.28459554549654,
    "count": 17,
    "base": 258.5
  },
  "Compiler.finish make hook": {
    "min": 0.002934636363636364,
    "max": 0.0046440000000000006,
    "mean": 0.0038863315508021394,
    "median": 0.003952818181818182,
    "variance": 1.7812990368612195e-7,
    "stdDev": 0.000422054384749314,
    "confidence": 0.00043402006977907946,
    "low": 0.0036693215159125997,
    "high": 0.004103341585691679,
    "count": 17,
    "base": 258.5
  },
  "Compiler.finish compilation": {
    "min": 1.5944311818181818,
    "max": 1.795422818181818,
    "mean": 1.7116440427807489,
    "median": 1.7401578181818183,
    "variance": 0.004435435902117754,
    "stdDev": 0.06659906832770075,
    "confidence": 0.06848722185407263,
    "low": 1.6774004318537126,
    "high": 1.7458876537077852,
    "count": 17,
    "base": 258.5
  },
  "Compiler.seal compilation": {
    "min": 60.62946554545456,
    "max": 65.70558772727273,
    "mean": 63.259036379679145,
    "median": 63.15235800000001,
    "variance": 2.2522856910191473,
    "stdDev": 1.5007617036089198,
    "confidence": 1.5433098739372113,
    "low": 62.487381442710536,
    "high": 64.03069131664775,
    "count": 17,
    "base": 258.5
  },
  "Compiler.afterCompile hook": {
    "min": 0.0024016363636363636,
    "max": 0.0032750909090909085,
    "mean": 0.002913080213903744,
    "median": 0.0029572727272727277,
    "variance": 6.917346901541368e-8,
    "stdDev": 0.00026300849608979117,
    "confidence": 0.00027046506315337414,
    "low": 0.002777847682327057,
    "high": 0.003048312745480431,
    "count": 17,
    "base": 258.5
  },
  "Compiler.emitAssets": {
    "min": 32.38324809090909,
    "max": 38.75310081818182,
    "mean": 35.37695390909091,
    "median": 35.34237727272727,
    "variance": 2.135816284116517,
    "stdDev": 1.4614432196005827,
    "confidence": 1.5028766696167821,
    "low": 34.62551557428252,
    "high": 36.1283922438993,
    "count": 17,
    "base": 258.5
  },
  "Compiler.emitRecords": {
    "min": 0.005249727272727273,
    "max": 0.007442909090909092,
    "mean": 0.006306438502673798,
    "median": 0.006290818181818183,
    "variance": 2.680463395578944e-7,
    "stdDev": 0.0005177319186199499,
    "confidence": 0.0005324101622110975,
    "low": 0.006040233421568249,
    "high": 0.0065726435837793465,
    "count": 17,
    "base": 258.5
  },
  "Compilation.compute affected modules": {
    "min": 0.6477756363636363,
    "max": 0.7655015454545453,
    "mean": 0.6997863582887701,
    "median": 0.6988493636363636,
    "variance": 0.0010246112514861164,
    "stdDev": 0.03200954937961664,
    "confidence": 0.03291705371948672,
    "low": 0.6833278314290268,
    "high": 0.7162448851485135,
    "count": 17,
    "base": 258.5
  },
  "Compilation.finish modules": {
    "min": 0.3959544545454545,
    "max": 0.5157377272727272,
    "mean": 0.46155383422459895,
    "median": 0.4625502727272728,
    "variance": 0.0005676399442744134,
    "stdDev": 0.023825195576834483,
    "confidence": 0.02450066489156344,
    "low": 0.4493035017788172,
    "high": 0.47380416667038067,
    "count": 17,
    "base": 258.5
  },
  "Compilation.report dependency errors and warnings": {
    "min": 0.44225090909090914,
    "max": 0.5717292727272727,
    "mean": 0.5184911443850267,
    "median": 0.5198144545454546,
    "variance": 0.0016247492465503734,
    "stdDev": 0.04030817840774219,
    "confidence": 0.04145095759539852,
    "low": 0.4977656655873275,
    "high": 0.539216623182726,
    "count": 17,
    "base": 258.5
  },
  "Compilation.optimize dependencies": {
    "min": 0.01962918181818182,
    "max": 0.024086545454545458,
    "mean": 0.021305181818181817,
    "median": 0.020782363636363637,
    "variance": 0.0000017033575605250379,
    "stdDev": 0.00130512741160587,
    "confidence": 0.0013421291443097352,
    "low": 0.02063411724602695,
    "high": 0.021976246390336684,
    "count": 17,
    "base": 258.5
  },
  "Compilation.create chunks": {
    "min": 12.495512454545455,
    "max": 15.353625363636361,
    "mean": 13.731785727272726,
    "median": 13.745289363636363,
    "variance": 0.8210376902028185,
    "stdDev": 0.906111301222327,
    "confidence": 0.9318005081684326,
    "low": 13.26588547318851,
    "high": 14.197685981356942,
    "count": 17,
    "base": 258.5
  },
  "Compilation.compute affected modules with chunk graph": {
    "min": 1.652046909090909,
    "max": 2.5031415454545454,
    "mean": 2.0959296737967916,
    "median": 1.976574090909091,
    "variance": 0.07810241053667387,
    "stdDev": 0.27946808500555814,
    "confidence": 0.28739129870000735,
    "low": 1.952234024446788,
    "high": 2.2396253231467953,
    "count": 17,
    "base": 258.5
  },
  "Compilation.optimize": {
    "min": 9.452248363636365,
    "max": 11.276769636363637,
    "mean": 10.453351930481281,
    "median": 10.814025272727271,
    "variance": 0.3158881826689483,
    "stdDev": 0.5620393070497368,
    "confidence": 0.5779737116324526,
    "low": 10.164365074665055,
    "high": 10.742338786297507,
    "count": 17,
    "base": 258.5
  },
  "Compilation.module hashing": {
    "min": 1.7226025454545455,
    "max": 3.328306727272727,
    "mean": 2.497669010695187,
    "median": 2.3553610000000003,
    "variance": 0.17535024718762257,
    "stdDev": 0.41874842947481317,
    "confidence": 0.43062038720078366,
    "low": 2.2823588170947953,
    "high": 2.712979204295579,
    "count": 17,
    "base": 258.5
  },
  "Compilation.code generation": {
    "min": 6.236142090909092,
    "max": 7.524198090909092,
    "mean": 6.701253919786097,
    "median": 6.580817636363636,
    "variance": 0.14651608638590558,
    "stdDev": 0.38277419764909126,
    "confidence": 0.3936262481243169,
    "low": 6.504440795723939,
    "high": 6.898067043848256,
    "count": 17,
    "base": 258.5
  },
  "Compilation.runtime requirements.modules": {
    "min": 2.5970673636363633,
    "max": 3.33215990909091,
    "mean": 2.904588155080214,