{
  "stats": {
    "min": 48753,
    "max": 56148,
    "mean": 52653.333333333336,
    "median": 53483.5,
    "variance": 8114350.555555555,
    "stdDev": 2848.569914106999,
    "confidence": 5979.7541677784175,
    "low": 49663.45624944413,
    "high": 55643.210417222544,
    "count": 6,
    "base": 43722
  },
  "heap memory": {
    "min": 342627776,
    "max": 381855360,
    "mean": 359826932,
    "median": 355406104,
    "variance": 275744341243450.66,
    "stdDev": 16605551.518797882,
    "confidence": 34858584.79759991,
    "low": 342397639.60120004,
    "high": 377256224.39879996,
    "count": 6,
    "base": 43722
  },
  "rss memory": {
    "min": 599527424,
    "max": 871395328,
    "mean": 677741909.3333334,
    "median": 648873984,
    "variance": 8113980630950797,
    "stdDev": 90077636.68608761,
    "confidence": 189092119.77903008,
    "low": 583195849.4438183,
    "high": 772287969.2228484,
    "count": 6,
    "base": 43722
  },
  "external memory": {
    "min": 115264321,
    "max": 115321665,
    "mean": 115295723.66666667,
    "median": 115297089,
    "variance": 300125752.8888889,
    "stdDev": 17324.13786856041,
    "confidence": 36367.050395935774,
    "low": 115277540.1414687,
    "high": 115313907.19186464,
    "count": 6,
    "base": 43722
  },
  "array buffers memory": {
    "min": 113950390,
    "max": 114007734,
    "mean": 113981792.66666667,
    "median": 113983158,
    "variance": 300125752.8888889,
    "stdDev": 17324.13786856041,
    "confidence": 36367.050395935774,
    "low": 113963609.1414687,
    "high": 113999976.19186464,
    "count": 6,
    "base": 43722
  },
  "Compiler.make hook": {
    "min": 46456.061666,
    "max": 53621.957266,
    "mean": 50246.81992433333,
    "median": 51070.034658,
    "variance": 7444165.621035609,
    "stdDev": 2728.399827927646,
    "confidence": 5727.49159556118,
    "low": 47383.07412655274,
    "high": 53110.56572211392,
    "count": 6,
    "base": 43722
  },
  "Compiler.finish make hook": {
    "min": 0.080806,
    "max": 0.127309,
    "mean": 0.109041,
    "median": 0.1122575,
    "variance": 0.00020552294533333337,
    "stdDev": 0.01433607147489623,
    "confidence": 0.03009446344533706,
    "low": 0.09399376827733147,
    "high": 0.12408823172266853,
    "count": 6,
    "base": 43722
  },
  "Compiler.finish compilation": {
    "min": 211.706537,
    "max": 247.345276,
    "mean": 234.067572,
    "median": 237.6123035,
    "variance": 153.67506388632674,
    "stdDev": 12.396574683610257,
    "confidence": 26.02304713090865,
    "low": 221.0560484345457,
    "high": 247.07909556545434,
    "count": 6,
    "base": 43722
  },
  "Compiler.seal compilation": {
    "min": 1450.373063,
    "max": 2024.105635,
    "mean": 1697.9443511666668,
    "median": 1593.2238825,
    "variance": 57750.900265027245,
    "stdDev": 240.31416992143272,
    "confidence": 504.47055978767867,
    "low": 1445.7090712728275,
    "high": 1950.1796310605062,
    "count": 6,
    "base": 43722
  },
  "Compiler.afterCompile hook": {
    "min": 0.061105,
    "max": 0.088906,
    "mean": 0.07292166666666665,
    "median": 0.07130449999999999,
    "variance": 0.00011806302288888883,
    "stdDev": 0.01086568096756429,
    "confidence": 0.02280937558519148,
    "low": 0.061516978874070906,
    "high": 0.08432635445926238,
    "count": 6,
    "base": 43722
  },
  "Compiler.emitAssets": {
    "min": 248.114218,
    "max": 569.890521,
    "mean": 460.4928598333334,
    "median": 548.8786339999999,
    "variance": 19694.878922353153,
    "stdDev": 140.33844420668612,
    "confidence": 294.60024571928,
    "low": 313.1927369736934,
    "high": 607.7929826929734,
    "count": 6,
    "base": 43722
  },
  "Compiler.emitRecords": {
    "min": 0.066805,
    "max": 0.097507,
    "mean": 0.08208900000000001,
    "median": 0.0796055,
    "variance": 0.0001166527783333333,
    "stdDev": 0.010800591573304368,
    "confidence": 0.022672739101503164,
    "low": 0.07075263044924843,
    "high": 0.09342536955075159,
    "count": 6,
    "base": 43722
  },
  "FlagDependencyExportsPlugin.restore cached provided exports": {
    "min": 14.736792,
    "max": 21.82017,
    "mean": 16.9598995,
    "median": 16.152492,
    "variance": 5.454732234773918,
    "stdDev": 2.335536819400182,
    "confidence": 4.902788574942306,
    "low": 14.508505212528846,
    "high": 19.411293787471152,
    "count": 6,
    "base": 43722
  },
  "FlagDependencyExportsPlugin.figure out provided exports": {
    "min": 133.228975,
    "max": 163.091477,
    "mean": 146.71267433333333,
    "median": 146.256801,
    "variance": 98.15897646655719,
    "stdDev": 9.907521206969843,
    "confidence": 20.797994437957698,
    "low": 136.31367711435448,
    "high": 157.11167155231217,
    "count": 6,
    "base": 43722
  },
  "FlagDependencyExportsPlugin.store provided exports into cache": {
    "min": 16.868674,
    "max": 26.642195,
    "mean": 20.619082166666665,
    "median": 19.2699475,
    "variance": 12.062986489788479,
    "stdDev": 3.473181033258773,
    "confidence": 7.290945767637552,
    "low": 16.97360928284789,
    "high": 24.26455505048544,
    "count": 6,
    "base": 43722
  },
  "Compilation.finish modules": {
    "min": 168.0824,
    "max": 201.065933,
    "mean": 187.144736,
    "median": 190.8723095,
    "variance": 149.6701551783033,
    "stdDev": 12.23397544456843,
    "confidence": 25.681716741746413,
    "low": 174.3038776291268,
    "high": 199.9855943708732,
    "count": 6,
    "base": 43722
  },
  "Compilation.report dependency errors and warnings": {
    "min": 42.253047,
    "max": 52.531541,
    "mean": 46.49348966666667,
    "median": 45.1539395,
    "variance": 15.131026990625884,
    "stdDev": 3.8898620786122846,
    "confidence": 8.165647913878558,
    "low": 42.41066570972739,
    "high": 50.57631362360595,
    "count": 6,
    "base": 43722
  },
  "Compilation.optimize dependencies": {
    "min": 1.14758,
    "max": 1.459599,
    "mean": 1.3503930000000002,
    "median": 1.3775925,
    "variance": 0.010022022941666672,
    "stdDev": 0.10011005414875507,
    "confidence": 0.21015229802432556,
    "low": 1.2453168509878374,
    "high": 1.455469149012163,
    "count": 6,
    "base": 43722
  },
  "Compilation.create chunks": {
    "min": 111.75998,
    "max": 141.694724,
    "mean": 126.0871815,
    "median": 127.494793,
    "variance": 90.02312683943332,
    "stdDev": 9.488051793673627,
    "confidence": 19.917438914292433,
    "low": 116.12846204285378,
    "high": 136.04590095714622,
    "count": 6,
    "base": 43722
  },
  "Compilation.optimize": {
    "min": 87.691213,
    "max": 99.192188,
    "mean": 93.94239533333332,
    "median": 94.7640285,
    "variance": 24.30410027389887,
    "stdDev": 4.929918891208949,
    "confidence": 10.348948393551325,
    "low": 88.76792113655766,
    "high": 99.11686953010899,
    "count": 6,
    "base": 43722
  },
  "Compilation.module hashing": {
    "min": 196.208374,
    "max": 250.215569,
    "mean": 214.6622325,
    "median": 211.3830855,
    "variance": 283.61573559217413,
    "stdDev": 16.840894738468446,
    "confidence": 35.352620275442405,
    "low": 196.98592236227879,
    "high": 232.3385426377212,
    "count": 6,
    "base": 43722
  },
  "Compilation.code generation": {
    "min": 661.432544,
    "max": 1121.930513,
    "mean": 796.9336475,
    "median": 677.2706734999999,
    "variance": 27451.914253819657,
    "stdDev": 165.68619210368635,
    "confidence": 347.8105602635169,
    "low": 623.0283673682416,
    "high": 970.8389276317585,
    "count": 6,
    "base": 43722
  },
  "Compilation.runtime requirements": {
    "min": 22.866091,
    "max": 141.263618,
    "mean": 47.93678300000001,
    "median": 26.933901,
    "variance": 1762.4923208204837,
    "stdDev": 41.98204760156993,
    "confidence": 88.12924789878615,
    "low": 3.872159050606939,
    "high": 92.00140694939309,
    "count": 6,
    "base": 43722
  },
  "Compilation.hashing: initialize hash": {
    "min": 0.0057,