{
  "stats": {
    "min": 6129,
    "max": 7110,
    "mean": 6643.433333333333,
    "median": 6886,
    "variance": 152862.7122222222,
    "stdDev": 390.9766133955101,
    "confidence": 291.9533488033412,
    "low": 6497.456658931663,
    "high": 6789.410007735004,
    "count": 30,
    "base": 6574.5
  },
  "heap memory": {
    "min": 199910640,
    "max": 435949696,
    "mean": 334788220.26666665,
    "median": 348373272,
    "variance": 6169609772663684,
    "stdDev": 78546863.54440694,
    "confidence": 58653175.31560564,
    "low": 305461632.60886383,
    "high": 364114807.9244695,
    "count": 30,
    "base": 6574.5
  },
  "rss memory": {
    "min": 374882304,
    "max": 566484992,
    "mean": 474971067.73333335,
    "median": 524296192,
    "variance": 5502552048275439,
    "stdDev": 74179188.78145972,
    "confidence": 55391708.44051075,
    "low": 447275213.513078,
    "high": 502666921.9535887,
    "count": 30,
    "base": 6574.5
  },
  "external memory": {
    "min": 42932476,
    "max": 42981628,
    "mean": 42952136.8,
    "median": 42948860,
    "variance": 110058536.96000001,
    "stdDev": 10490.87875060998,
    "confidence": 7833.837314546108,
    "low": 42948219.881342724,
    "high": 42956053.71865727,
    "count": 30,
    "base": 6574.5
  },
  "array buffers memory": {
    "min": 41620417,
    "max": 41669569,
    "mean": 41640077.8,
    "median": 41636801,
    "variance": 110058536.96000001,
    "stdDev": 10490.87875060998,
    "confidence": 7833.837314546108,
    "low": 41636160.881342724,
    "high": 41643994.71865727,
    "count": 30,
    "base": 6574.5
  },
  "Compiler.make hook": {
    "min": 4609.846682,
    "max": 5575.2007300000005,
    "mean": 5102.091911766666,
    "median": 5344.941438,
    "variance": 143819.08910896303,
    "stdDev": 379.2348732763945,
    "confidence": 283.18545775537496,
    "low": 4960.499182888979,
    "high": 5243.684640644354,
    "count": 30,
    "base": 6574.5
  },
  "Compiler.finish make hook": {
    "min": 0.095913,
    "max": 0.115814,
    "mean": 0.10735086666666667,
    "median": 0.10731,
    "variance": 0.000011195506248888891,
    "stdDev": 0.0033459686562920597,
    "confidence": 0.0024985298883012375,
    "low": 0.10610160172251605,
    "high": 0.10860013161081729,
    "count": 30,
    "base": 6574.5
  },
  "Compiler.finish compilation": {
    "min": 169.482199,
    "max": 211.211488,
    "mean": 184.3203247,
    "median": 184.404535,
    "variance": 93.71473237152843,
    "stdDev": 9.680636981703653,
    "confidence": 7.228806758574024,
    "low": 180.70592132071297,
    "high": 187.934728079287,
    "count": 30,
    "base": 6574.5
  },
  "Compiler.seal compilation": {
    "min": 1197.292405,
    "max": 1340.114236,
    "mean": 1241.7522976333335,
    "median": 1240.232829,
    "variance": 852.8922291325342,
    "stdDev": 29.20431867263015,
    "confidence": 21.807694741498835,
    "low": 1230.848450262584,
    "high": 1252.6561450040829,
    "count": 30,
    "base": 6574.5
  },
  "Compiler.afterCompile hook": {
    "min": 0.059208,
    "max": 0.068303,
    "mean": 0.06353346666666666,
    "median": 0.063609,
    "variance": 0.000004931523448888895,
    "stdDev": 0.0022207033680545665,
    "confidence": 0.0016582623174612454,
    "low": 0.06270433550793604,
    "high": 0.06436259782539729,
    "count": 30,
    "base": 6574.5
  },
  "Compiler.emitAssets": {
    "min": 90.585541,
    "max": 175.211457,
    "mean": 99.97452006666668,
    "median": 90.6485395,
    "variance": 240.8270668950168,
    "stdDev": 15.51860389645334,
    "confidence": 11.588182569218986,
    "low": 94.18042878205719,
    "high": 105.76861135127618,
    "count": 30,
    "base": 6574.5
  },
  "Compiler.emitRecords": {
    "min": 0.078017,
    "max": 0.221704,
    "mean": 0.08632246666666665,
    "median": 0.08197399999999999,
    "variance": 0.0006381556636488889,
    "stdDev": 0.02526174308413592,
    "confidence": 0.01886366150131427,
    "low": 0.07689063591600952,
    "high": 0.09575429741732379,
    "count": 30,
    "base": 6574.5
  },
  "FlagDependencyExportsPlugin.restore cached provided exports": {
    "min": 7.192488,
    "max": 9.376754,
    "mean": 7.6006341666666675,
    "median": 7.4431655,
    "variance": 0.20792686007460562,
    "stdDev": 0.45598997804184865,
    "confidence": 0.34050067586883515,
    "low": 7.43038382873225,
    "high": 7.770884504601085,
    "count": 30,
    "base": 6574.5
  },
  "FlagDependencyExportsPlugin.figure out provided exports": {
    "min": 116.00232,
    "max": 149.205494,
    "mean": 129.73815866666666,
    "median": 129.777479,
    "variance": 76.3181812752138,
    "stdDev": 8.736027774407187,
    "confidence": 6.5234402176303234,
    "low": 126.4764385578515,
    "high": 132.99987877548182,
    "count": 30,
    "base": 6574.5
  },
  "FlagDependencyExportsPlugin.store provided exports into cache": {
    "min": 6.705123,
    "max": 25.759239,
    "mean": 9.153855033333336,
    "median": 7.063177,
    "variance": 12.474394658148299,
    "stdDev": 3.5319109074477373,
    "confidence": 2.6373782517301194,
    "low": 7.8351659074682765,
    "high": 10.472544159198396,
    "count": 30,
    "base": 6574.5
  },
  "InnerGraphPlugin.infer dependency usage": {
    "min": 23.286046,
    "max": 38.879066,
    "mean": 26.6258806,
    "median": 24.9337715,
    "variance": 15.683929312289907,
    "stdDev": 3.960294094166481,
    "confidence": 2.9572641519311773,
    "low": 25.14724852403441,
    "high": 28.104512675965587,
    "count": 30,
    "base": 6574.5
  },
  "Compilation.finish modules": {
    "min": 133.516972,
    "max": 170.102286,
    "mean": 149.28975810000003,
    "median": 148.92594150000002,
    "variance": 77.15350044641949,
    "stdDev": 8.783706532348374,
    "confidence": 6.5590433012184235,
    "low": 146.01023644939082,
    "high": 152.56927975060924,
    "count": 30,
    "base": 6574.5
  },
  "Compilation.report dependency errors and warnings": {
    "min": 31.448636,
    "max": 40.883017,
    "mean": 34.610677300000006,
    "median": 33.438187,
    "variance": 6.948370963151545,
    "stdDev": 2.635976282736919,
    "confidence": 1.9683584049379448,
    "low": 33.626498097531034,
    "high": 35.59485650246898,
    "count": 30,
    "base": 6574.5
  },
  "Compilation.optimize dependencies": {
    "min": 132.999553,
    "max": 155.350922,
    "mean": 146.36926873333329,
    "median": 145.483553,
    "variance": 24.532769725801398,
    "stdDev": 4.953056604340536,
    "confidence": 3.698588132653583,
    "low": 144.5199746670065,
    "high": 148.21856279966008,
    "count": 30,
    "base": 6574.5
  },
  "Compilation.create chunks": {
    "min": 90.297806,
    "max": 117.720623,
    "mean": 100.84825736666669,
    "median": 91.1627565,
    "variance": 50.94449151114645,
    "stdDev": 7.1375409989117715,
    "confidence": 5.329804713269226,
    "low": 98.18335501003207,
    "high": 103.5131597233013,
    "count": 30,
    "base": 6574.5
  },
  "Compilation.optimize": {
    "min": 121.231923,
    "max": 143.286613,
    "mean": 128.41195386666666,
    "median": 127.894001,
    "variance": 26.287892887575644,
    "stdDev": 5.127172016577525,
    "confidence": 3.828605059342351,
    "low": 126.49765133699549,
    "high": 130.32625639633784,
    "count": 30,
    "base": 6574.5
  },
  "Compilation.module hashing": {
    "min": 158.741585,
    "max": 187.206893,
    "mean": 169.2371735333333,
    "median": 169.203204,
    "variance": 40.123666152581585,
    "stdDev": 6.334324443267931,
    "confidence": 4.730020083702982,
    "low": 166.8721634914818,
    "high": 171.6021835751848,
    "count": 30,
    "base": 6574.5
  },
  "Compilation.code generation": {
    "min": 462.526307,
    "max": 539.006701,
    "mean": 496.8843900666667,
    "median": 496.5646925,
    "variance": 211.30336333299329,
    "stdDev": 14.536277492294692,
    "confidence": 10.854651525453164,
    "low": 491.4570643039401,
    "high": 502.3117158293933,
    "count": 30,
    "base": 6574.5
  },