{
  "cache.PackFileCacheStrategy.restore cache container": {
    "min": 22.002407,
    "max": 28.797757,
    "mean": 25.71376894444444,
    "median": 25.442344,
    "variance": 3.1175573805984964,
    "stdDev": 1.765660607421057,
    "confidence": 1.7562382282191535,
    "low": 24.835649830334862,
    "high": 26.591888058554016,
    "count": 18,
    "base": 12664.5
  },
  "stats": {
    "min": 10073,
    "max": 11052,
    "mean": 10642.166666666666,
    "median": 10811,
    "variance": 108154.02777777777,
    "stdDev": 328.86779680865345,
    "confidence": 327.1128065937701,
    "low": 10478.610263369781,
    "high": 10805.723069963551,
    "count": 18,
    "base": 12664.5
  },
  "heap memory": {
    "min": 467331728,
    "max": 604942656,
    "mean": 574697214.6666666,
    "median": 586371304,
    "variance": 1390476418972304,
    "stdDev": 37289092.49327884,
    "confidence": 37090100.700581074,
    "low": 556152164.3163761,
    "high": 593242265.0169572,
    "count": 18,
    "base": 12664.5
  },
  "rss memory": {
    "min": 676032512,
    "max": 799666176,
    "mean": 772776846.2222222,
    "median": 783822848,
    "variance": 1155929773020299,
    "stdDev": 33998967.23461316,
    "confidence": 33817533.06747413,
    "low": 755868079.6884851,
    "high": 789685612.7559593,
    "count": 18,
    "base": 12664.5
  },
  "external memory": {
    "min": 100350689,
    "max": 100383457,
    "mean": 100364797.44444445,
    "median": 100367073,
    "variance": 95485142.91358025,
    "stdDev": 9771.649958608845,
    "confidence": 9719.503928422928,
    "low": 100359937.69248024,
    "high": 100369657.19640866,
    "count": 18,
    "base": 12664.5
  },
  "array buffers memory": {
    "min": 98863351,
    "max": 98896119,
    "mean": 98877459.44444445,
    "median": 98879735,
    "variance": 95485142.91358025,
    "stdDev": 9771.649958608845,
    "confidence": 9719.503928422928,
    "low": 98872599.69248024,
    "high": 98882319.19640866,
    "count": 18,
    "base": 12664.5
  },
  "Compiler.make hook": {
    "min": 7544.1499029999995,
    "max": 8315.764455,
    "mean": 8000.702306333333,
    "median": 8096.623678,
    "variance": 61912.57070534222,
    "stdDev": 248.82236777537148,
    "confidence": 247.49453688123322,
    "low": 7876.955037892716,
    "high": 8124.449574773949,
    "count": 18,
    "base": 12664.5
  },
  "Compiler.finish make hook": {
    "min": 0.075807,
    "max": 0.10701,
    "mean": 0.09401455555555556,
    "median": 0.093109,
    "variance": 0.00005804181424691357,
    "stdDev": 0.007618517851059586,
    "confidence": 0.007577861926672175,
    "low": 0.09022562459221947,
    "high": 0.09780348651889165,
    "count": 18,
    "base": 12664.5
  },
  "Compiler.finish compilation": {
    "min": 435.010229,
    "max": 500.856798,
    "mean": 477.8020879444444,
    "median": 489.8180075,
    "variance": 499.1633797297179,
    "stdDev": 22.34196454499286,
    "confidence": 22.222737519610064,
    "low": 466.69071918463936,
    "high": 488.9134567042494,
    "count": 18,
    "base": 12664.5
  },
  "Compiler.seal compilation": {
    "min": 1748.2125999999998,
    "max": 1975.84119,
    "mean": 1874.5646253333334,
    "median": 1882.7741190000002,
    "variance": 5488.922386691805,
    "stdDev": 74.0872619732421,
    "confidence": 73.69189817942515,
    "low": 1837.7186762436208,
    "high": 1911.410574423046,
    "count": 18,
    "base": 12664.5
  },
  "Compiler.afterCompile hook": {
    "min": 0.053205,
    "max": 0.10961,
    "mean": 0.07579055555555554,
    "median": 0.073857,
    "variance": 0.00017807991980246912,
    "stdDev": 0.013344658849235117,
    "confidence": 0.013273445595980732,
    "low": 0.06915383275756518,
    "high": 0.08242727835354591,
    "count": 18,
    "base": 12664.5
  },
  "Compiler.emitAssets": {
    "min": 235.01089,
    "max": 304.486171,
    "mean": 267.99441711111115,
    "median": 266.2753325,
    "variance": 362.2801989539332,
    "stdDev": 19.033659631135922,
    "confidence": 18.932087246335186,
    "low": 258.52837348794355,
    "high": 277.46046073427874,
    "count": 18,
    "base": 12664.5
  },
  "Compiler.emitRecords": {
    "min": 0.070607,
    "max": 0.124812,
    "mean": 0.08741388888888887,
    "median": 0.0862585,
    "variance": 0.00012916021143209882,
    "stdDev": 0.01136486741814874,
    "confidence": 0.011304219244913705,
    "low": 0.08176177926643202,
    "high": 0.09306599851134573,
    "count": 18,
    "base": 12664.5
  },
  "Compilation.compute affected modules": {
    "min": 0.21192,
    "max": 0.331932,
    "mean": 0.28362722222222225,
    "median": 0.28197700000000003,
    "variance": 0.0006534157506172839,
    "stdDev": 0.025561998173407412,
    "confidence": 0.02542558756372626,
    "low": 0.2709144284403591,
    "high": 0.2963400160040854,
    "count": 18,
    "base": 12664.5
  },
  "Compilation.finish modules": {
    "min": 348.69817,
    "max": 406.100191,
    "mean": 381.2031687222222,
    "median": 390.1615035,
    "variance": 312.6802175461107,
    "stdDev": 17.682766116931784,
    "confidence": 17.588402722861588,
    "low": 372.4089673607914,
    "high": 389.997370083653,
    "count": 18,
    "base": 12664.5
  },
  "Compilation.report dependency errors and warnings": {
    "min": 85.545286,
    "max": 105.645306,
    "mean": 95.8081325,
    "median": 89.95206350000001,
    "variance": 37.29327995261079,
    "stdDev": 6.1068224104366085,
    "confidence": 6.074233590009868,
    "low": 92.77101570499507,
    "high": 98.84524929500493,
    "count": 18,
    "base": 12664.5
  },
  "Compilation.optimize dependencies": {
    "min": 100.121599,
    "max": 141.75156,
    "mean": 128.68358105555555,
    "median": 130.410803,
    "variance": 148.24376577751684,
    "stdDev": 12.175539650361163,
    "confidence": 12.110565356268992,
    "low": 122.62829837742105,
    "high": 134.73886373369004,
    "count": 18,
    "base": 12664.5
  },
  "Compilation.create chunks": {
    "min": 143.396085,
    "max": 171.950262,
    "mean": 155.40468488888888,
    "median": 157.774674,
    "variance": 57.83274792624656,
    "stdDev": 7.604784541737298,
    "confidence": 7.564201904621257,
    "low": 151.62258393657825,
    "high": 159.1867858411995,
    "count": 18,
    "base": 12664.5
  },
  "Compilation.compute affected modules with chunk graph": {
    "min": 0.135313,
    "max": 0.244023,
    "mean": 0.18347299999999997,
    "median": 0.17481649999999999,
    "variance": 0.0007761245826666666,
    "stdDev": 0.027859012593174703,
    "confidence": 0.027710344055325353,
    "low": 0.1696178279723373,
    "high": 0.19732817202766265,
    "count": 18,
    "base": 12664.5
  },
  "Compilation.optimize": {
    "min": 114.863093,
    "max": 141.898283,
    "mean": 127.1920825,
    "median": 126.6514905,
    "variance": 55.76320798711023,
    "stdDev": 7.4674766813904565,
    "confidence": 7.42762678233413,
    "low": 123.47826910883293,
    "high": 130.90589589116706,
    "count": 18,
    "base": 12664.5
  },
  "Compilation.module hashing": {
    "min": 213.461621,
    "max": 249.042375,
    "mean": 232.8777167777778,
    "median": 235.35490800000002,
    "variance": 119.81817352921325,
    "stdDev": 10.946148798970954,
    "confidence": 10.887735101371959,
    "low": 227.43384922709183,
    "high": 238.32158432846379,
    "count": 18,
    "base": 12664.5
  },
  "Compilation.code generation": {
    "min": 664.977036,
    "max": 766.111073,
    "mean": 726.1525032222222,
    "median": 725.8842764999999,
    "variance": 828.0785583201136,
    "stdDev": 28.77635415267392,
    "confidence": 28.622790257248425,
    "low": 711.841108093598,
    "high": 740.4638983508464,
    "count": 18,
    "base": 12664.5
  },
  "Compilation.runtime requirements.modules": {
    "min": 26.142805,
    "max": 37.952528,
    "mean": 29.94522438888889,
    "median": 28.6423425,
    "variance": 12.433281470355354,
    "stdDev": 3.526085856917746,
    "confidence": 3.5072690367980073,
    "low": 28.191589870489885,