{
  "stats": {
    "min": 5140,
    "max": 5752,
    "mean": 5579.7,
    "median": 5609.5,
    "variance": 19178.27666666667,
    "stdDev": 138.48565509346687,
    "confidence": 103.41117442966242,
    "low": 5527.994412785169,
    "high": 5631.405587214831,
    "count": 30,
    "base": 4869
  },
  "heap memory": {
    "min": 201863632,
    "max": 459141248,
    "mean": 246108495.73333332,
    "median": 232553164,
    "variance": 3578064971554536.5,
    "stdDev": 59816928.80409806,
    "confidence": 44667000.73904723,
    "low": 223774995.3638097,
    "high": 268441996.10285693,
    "count": 30,
    "base": 4869
  },
  "rss memory": {
    "min": 504705024,
    "max": 670638080,
    "mean": 637557828.2666667,
    "median": 646631424,
    "variance": 1255684681301725,
    "stdDev": 35435641.39819858,
    "confidence": 26460800.51528001,
    "low": 624327428.0090266,
    "high": 650788228.5243067,
    "count": 30,
    "base": 4869
  },
  "external memory": {
    "min": 102998119,
    "max": 103088231,
    "mean": 103044540.33333333,
    "median": 103039079,
    "variance": 368353097.9555553,
    "stdDev": 19192.527138330566,
    "confidence": 14331.60546708107,
    "low": 103037374.53059979,
    "high": 103051706.13606687,
    "count": 30,
    "base": 4869
  },
  "array buffers memory": {
    "min": 101538166,
    "max": 101628278,
    "mean": 101584587.33333333,
    "median": 101579126,
    "variance": 368353097.9555553,
    "stdDev": 19192.527138330566,
    "confidence": 14331.60546708107,
    "low": 101577421.53059979,
    "high": 101591753.13606687,
    "count": 30,
    "base": 4869
  },
  "Compiler.make hook": {
    "min": 3998.937795,
    "max": 4572.521965,
    "mean": 4427.728330766667,
    "median": 4455.8518134999995,
    "variance": 15724.500001514849,
    "stdDev": 125.39736839947977,
    "confidence": 93.63777878529982,
    "low": 4380.909441374017,
    "high": 4474.547220159317,
    "count": 30,
    "base": 4869
  },
  "Compiler.finish make hook": {
    "min": 0.079828,
    "max": 0.115966,
    "mean": 0.08845053333333334,
    "median": 0.0845475,
    "variance": 0.00010768124658222221,
    "stdDev": 0.010376957481951162,
    "confidence": 0.007748769065582972,
    "low": 0.08457614880054186,
    "high": 0.09232491786612483,
    "count": 30,
    "base": 4869
  },
  "Compiler.finish compilation": {
    "min": 32.052417,
    "max": 40.238349,
    "mean": 35.40395783333334,
    "median": 34.584179,
    "variance": 4.6536329213718695,
    "stdDev": 2.157228064292663,
    "confidence": 1.6108635041699557,
    "low": 34.59852608124836,
    "high": 36.209389585418315,
    "count": 30,
    "base": 4869
  },
  "Compiler.seal compilation": {
    "min": 890.443276,
    "max": 996.459935,
    "mean": 945.2155395999998,
    "median": 955.0066915,
    "variance": 1077.3678119620733,
    "stdDev": 32.823281553831166,
    "confidence": 24.5100771760533,
    "low": 932.9605010119732,
    "high": 957.4705781880265,
    "count": 30,
    "base": 4869
  },
  "Compiler.afterCompile hook": {
    "min": 0.057627,
    "max": 0.097922,
    "mean": 0.06598016666666667,
    "median": 0.061469499999999996,
    "variance": 0.00009673801620555557,
    "stdDev": 0.00983554859708169,
    "confidence": 0.00734448366437504,
    "low": 0.06230792483447915,
    "high": 0.06965240849885419,
    "count": 30,
    "base": 4869
  },
  "Compiler.emitAssets": {
    "min": 124.576741,
    "max": 202.912486,
    "mean": 154.10006916666669,
    "median": 146.5048905,
    "variance": 388.0433520220718,
    "stdDev": 19.69881600558957,
    "confidence": 14.709665753012473,
    "low": 146.74523629016045,
    "high": 161.45490204317292,
    "count": 30,
    "base": 4869
  },
  "Compiler.emitRecords": {
    "min": 0.064601,
    "max": 0.12346,
    "mean": 0.08898973333333332,
    "median": 0.089507,
    "variance": 0.00009688798559555556,
    "stdDev": 0.00984316948932383,
    "confidence": 0.007350174401198506,
    "low": 0.08531464613273407,
    "high": 0.09266482053393257,
    "count": 30,
    "base": 4869
  },
  "Compilation.compute affected modules": {
    "min": 0.213478,
    "max": 0.341487,
    "mean": 0.23219743333333334,
    "median": 0.21881299999999998,
    "variance": 0.0012656822389788887,
    "stdDev": 0.03557642813688424,
    "confidence": 0.026565929974224967,
    "low": 0.21891446834622086,
    "high": 0.24548039832044583,
    "count": 30,
    "base": 4869
  },
  "Compilation.finish modules": {
    "min": 1.238701,
    "max": 1.989231,
    "mean": 1.394046,
    "median": 1.3079605,
    "variance": 0.03995059735346666,
    "stdDev": 0.19987645522538833,
    "confidence": 0.14925342961872223,
    "low": 1.3194192851906388,
    "high": 1.468672714809361,
    "count": 30,
    "base": 4869
  },
  "Compilation.report dependency errors and warnings": {
    "min": 30.127711,
    "max": 37.670324,
    "mean": 33.304450300000006,
    "median": 32.6470895,
    "variance": 4.158802284132744,
    "stdDev": 2.0393141700416697,
    "confidence": 1.5228138482121523,
    "low": 32.54304337589393,
    "high": 34.06585722410608,
    "count": 30,
    "base": 4869
  },
  "Compilation.optimize dependencies": {
    "min": 0.06963,
    "max": 0.142887,
    "mean": 0.08578913333333331,
    "median": 0.0798895,
    "variance": 0.00033370752438222225,
    "stdDev": 0.01826766335310081,
    "confidence": 0.013640983393947148,
    "low": 0.07896864163635973,
    "high": 0.09260962503030688,
    "count": 30,
    "base": 4869
  },
  "Compilation.create chunks": {
    "min": 84.021162,
    "max": 99.319226,
    "mean": 89.75953233333335,
    "median": 89.944065,
    "variance": 14.20912559690756,
    "stdDev": 3.769499382797079,
    "confidence": 2.8147923185534864,
    "low": 88.35213617405661,
    "high": 91.1669284926101,
    "count": 30,
    "base": 4869
  },
  "Compilation.compute affected modules with chunk graph": {
    "min": 0.152054,
    "max": 0.197108,
    "mean": 0.16268070000000004,
    "median": 0.15754400000000002,
    "variance": 0.00017915074601,
    "stdDev": 0.013384720617554928,
    "confidence": 0.009994751279763237,
    "low": 0.15768332436011842,
    "high": 0.16767807563988166,
    "count": 30,
    "base": 4869
  },
  "Compilation.optimize": {
    "min": 46.136166,
    "max": 53.951496,
    "mean": 49.7914558,
    "median": 49.964879999999994,
    "variance": 4.217718013488826,
    "stdDev": 2.0537083564831753,
    "confidence": 1.533562396311737,
    "low": 49.02467460184413,
    "high": 50.55823699815587,
    "count": 30,
    "base": 4869
  },
  "Compilation.module hashing": {
    "min": 79.351388,
    "max": 89.423084,
    "mean": 83.48441636666668,
    "median": 82.73481849999999,
    "variance": 7.168678674558235,
    "stdDev": 2.677438827416648,
    "confidence": 1.9993196654185397,
    "low": 82.48475653395741,
    "high": 84.48407619937595,
    "count": 30,
    "base": 4869
  },
  "Compilation.code generation": {
    "min": 401.96875,
    "max": 507.443078,
    "mean": 432.80807733333336,
    "median": 416.134966,
    "variance": 1035.4817864357428,
    "stdDev": 32.17890281590942,
    "confidence": 24.02890125916133,
    "low": 420.7936267037527,
    "high": 444.822527962914,
    "count": 30,
    "base": 4869
  },
  "Compilation.runtime requirements.modules": {
    "min": 11.918505,
    "max": 41.685477,
    "mean": 18.422963933333335,
    "median": 16.603835,
    "variance": 62.360259038472535,
    "stdDev": 7.896851210354196,
    "confidence": 5.896803227799145,
    "low": 15.474562319433764,
    "high": 21.37136554723291,
    "count": 30,
    "base": 4869
  },
  "Compilation.runtime requirements.chunks": {
    "min": 2.924396,
    "max": 7.977483,
    "mean": 4.776690900000001,
    "median": 4.091614,
    "variance": 2.33052046035749,
    "stdDev": 1.5266042251865708,
    "confidence": 1.1399587611386952,
    "low": 4.2067115194306535,
    "high": 5.346670280569349,
    "count": 30,
    "base": 4869
  },