{
  "cache.PackFileCacheStrategy.restore cache container": {
    "min": 3.1475549090909087,
    "max": 3.2712778181818183,
    "mean": 3.220431285714285,
    "median": 3.2239749545454544,
    "variance": 0.001259249388960879,
    "stdDev": 0.03548590408825565,
    "confidence": 0.04097090936309389,
    "low": 3.199945831032738,
    "high": 3.240916740395832,
    "count": 14,
    "base": 499.5
  },
  "cache.PackFileCacheStrategy.check build dependencies": {
    "min": 1.170777,
    "max": 1.2329996363636364,
    "mean": 1.203124064935065,
    "median": 1.2004757727272728,
    "variance": 0.0002592402261528075,
    "stdDev": 0.016100938673034176,
    "confidence": 0.018589637659871094,
    "low": 1.1938292461051294,
    "high": 1.2124188837650005,
    "count": 14,
    "base": 499.5
  },
  "cache.PackFileCacheStrategy.restore cache content metadata": {
    "min": 6.830861727272727,
    "max": 7.582234727272728,
    "mean": 7.111546896103897,
    "median": 7.037851545454545,
    "variance": 0.060582261659920804,
    "stdDev": 0.24613464132446047,
    "confidence": 0.28417931964595233,
    "low": 6.96945723628092,
    "high": 7.253636555926873,
    "count": 14,
    "base": 499.5
  },
  "cache.PackFileCacheStrategy.restore cache content": {
    "min": 63.842311090909085,
    "max": 75.23208672727273,
    "mean": 72.04990294805195,
    "median": 74.27196222727272,
    "variance": 18.459545025149442,
    "stdDev": 4.296457264438859,
    "confidence": 4.960554498651987,
    "low": 69.56962569872596,
    "high": 74.53018019737794,
    "count": 14,
    "base": 499.5
  },
  "stats": {
    "min": 380.90909090909093,
    "max": 389.3636363636364,
    "mean": 385.4220779220779,
    "median": 385.45454545454544,
    "variance": 9.121141845167843,
    "stdDev": 3.020122819550199,
    "confidence": 3.48693887007812,
    "low": 383.67860848703884,
    "high": 387.16554735711696,
    "count": 14,
    "base": 499.5
  },
  "heap memory": {
    "min": 434311092.3636364,
    "max": 610831414.5454545,
    "mean": 571369084.8831168,
    "median": 589385278.5454545,
    "variance": 2649480502452315,
    "stdDev": 51473104.65138386,
    "confidence": 59429228.57661772,
    "low": 541654470.594808,
    "high": 601083699.1714257,
    "count": 14,
    "base": 499.5
  },
  "rss memory": {
    "min": 844962722.9090909,
    "max": 1006858240,
    "mean": 980569473.6623377,
    "median": 992112267.6363636,
    "variance": 1620033708959154,
    "stdDev": 40249642.34572966,
    "confidence": 46470971.80735469,
    "low": 957333987.7586603,
    "high": 1003804959.566015,
    "count": 14,
    "base": 499.5
  },
  "external memory": {
    "min": 207638859.36363637,
    "max": 296914838.45454544,
    "mean": 215132329.15584418,
    "median": 207638859.36363637,
    "variance": 522448098625809.44,
    "stdDev": 22857123.586002886,
    "confidence": 26390116.38012868,
    "low": 201937270.96577984,
    "high": 228327387.34590852,
    "count": 14,
    "base": 499.5
  },
  "array buffers memory": {
    "min": 206149507,
    "max": 295425486.09090906,
    "mean": 213642976.79220778,
    "median": 206149507,
    "variance": 522448098625809.4,
    "stdDev": 22857123.586002886,
    "confidence": 26390116.38012868,
    "low": 200447918.60214344,
    "high": 226838034.98227212,
    "count": 14,
    "base": 499.5
  },
  "Compiler.make hook": {
    "min": 96.43206890909092,
    "max": 103.53224454545456,
    "mean": 99.30722914285715,
    "median": 97.93765359090906,
    "variance": 2.708863608473799,
    "stdDev": 1.6458625727787235,
    "confidence": 1.9002611889418404,
    "low": 98.35709854838623,
    "high": 100.25735973732807,
    "count": 14,
    "base": 499.5
  },
  "Compiler.finish make hook": {
    "min": 0.002738727272727273,
    "max": 0.004723181818181818,
    "mean": 0.0030815324675324677,
    "median": 0.0029335454545454543,
    "variance": 2.3110030325518637e-7,
    "stdDev": 0.00048072892908081406,
    "confidence": 0.0005550345098324708,
    "low": 0.0028040152126162323,
    "high": 0.003359049722448703,
    "count": 14,
    "base": 499.5
  },
  "Compiler.finish compilation": {
    "min": 23.422393636363633,
    "max": 26.07910209090909,
    "mean": 24.441710876623375,
    "median": 24.294577090909094,
    "variance": 0.6213819304941256,
    "stdDev": 0.7882778257024141,
    "confidence": 0.910120798091171,
    "low": 23.98665047757779,
    "high": 24.89677127566896,
    "count": 14,
    "base": 499.5
  },
  "Compiler.seal compilation": {
    "min": 208.81360145454548,
    "max": 213.89389236363633,
    "mean": 211.5846644220779,
    "median": 211.65194268181818,
    "variance": 2.8858689518751914,
    "stdDev": 1.6987845513411026,
    "confidence": 1.9613632417908207,
    "low": 210.6039828011825,
    "high": 212.56534604297332,
    "count": 14,
    "base": 499.5
  },
  "Compiler.afterCompile hook": {
    "min": 0.002366909090909091,
    "max": 0.002826909090909091,
    "mean": 0.002584038961038961,
    "median": 0.0025055,
    "variance": 2.7188477820880446e-8,
    "stdDev": 0.00016488928958813682,
    "confidence": 0.00019037599047381365,
    "low": 0.002488850965802054,
    "high": 0.002679226956275868,
    "count": 14,
    "base": 499.5
  },
  "Compiler.emitAssets": {
    "min": 41.27176554545454,
    "max": 48.86749972727273,
    "mean": 45.360747350649355,
    "median": 45.697777045454544,
    "variance": 3.2091745551540347,
    "stdDev": 1.7914169127129604,
    "confidence": 2.068313654338212,
    "low": 44.32659052348025,
    "high": 46.39490417781846,
    "count": 14,
    "base": 499.5
  },
  "Compiler.emitRecords": {
    "min": 0.004949090909090909,
    "max": 0.008075909090909092,
    "mean": 0.0058177987012987,
    "median": 0.005674727272727273,
    "variance": 4.6247391638556284e-7,
    "stdDev": 0.0006800543481116512,
    "confidence": 0.0007851693728632217,
    "low": 0.00542521401486709,
    "high": 0.006210383387730311,
    "count": 14,
    "base": 499.5
  },
  "Compilation.compute affected modules": {
    "min": 0.0017332727272727272,
    "max": 0.002244090909090909,
    "mean": 0.0019208701298701297,
    "median": 0.0019179545454545456,
    "variance": 2.0885990217574636e-8,
    "stdDev": 0.00014451986097964057,
    "confidence": 0.000166858088514176,
    "low": 0.0018374410856130416,
    "high": 0.0020042991741272176,
    "count": 14,
    "base": 499.5
  },
  "Compilation.finish modules": {
    "min": 0.36209654545454545,
    "max": 0.6039534545454546,
    "mean": 0.48435452597402595,
    "median": 0.4770836363636363,
    "variance": 0.004703441830793599,
    "stdDev": 0.06858164354106425,
    "confidence": 0.07918220977277768,
    "low": 0.4447634210876371,
    "high": 0.5239456308604148,
    "count": 14,
    "base": 499.5
  },
  "Compilation.report dependency errors and warnings": {
    "min": 22.949279636363638,
    "max": 25.445312,
    "mean": 23.922959149350653,
    "median": 23.8413405,
    "variance": 0.5526816385316164,
    "stdDev": 0.7434256106239658,
    "confidence": 0.8583358404882091,
    "low": 23.49379122910655,
    "high": 24.352127069594758,
    "count": 14,
    "base": 499.5
  },
  "Compilation.optimize dependencies": {
    "min": 0.023947454545454546,
    "max": 0.03935154545454545,
    "mean": 0.03002387662337663,
    "median": 0.029142681818181818,
    "variance": 0.000015017736890917515,
    "stdDev": 0.0038752724924729504,
    "confidence": 0.004474267800857471,
    "low": 0.027786742722947896,
    "high": 0.03226101052380537,
    "count": 14,
    "base": 499.5
  },
  "Compilation.create chunks": {
    "min": 48.686324272727276,
    "max": 54.17524890909092,
    "mean": 51.43761118831169,
    "median": 51.6512375,
    "variance": 1.6902117865548065,
    "stdDev": 1.3000814538154164,
    "confidence": 1.501033178594966,
    "low": 50.68709459901421,
    "high": 52.188127777609175,
    "count": 14,
    "base": 499.5
  },
  "Compilation.compute affected modules with chunk graph": {
    "min": 0.0031430909090909096,