{
  "stats": {
    "min": 21754,
    "max": 24359,
    "mean": 23129.153846153848,
    "median": 23347,
    "variance": 534094.7455621304,
    "stdDev": 730.8178607301072,
    "confidence": 883.3335026283748,
    "low": 22687.48709483966,
    "high": 23570.820597468035,
    "count": 13,
    "base": 21884.5
  },
  "heap memory": {
    "min": 228470096,
    "max": 298359176,
    "mean": 269013958.15384614,
    "median": 274459328,
    "variance": 393890023322536.94,
    "stdDev": 19846662.775452625,
    "confidence": 23988497.116655827,
    "low": 257019709.59551823,
    "high": 281008206.71217406,
    "count": 13,
    "base": 21884.5
  },
  "rss memory": {
    "min": 463015936,
    "max": 548040704,
    "mean": 505340849.2307692,
    "median": 505110528,
    "variance": 582443566279855.8,
    "stdDev": 24133867.619589195,
    "confidence": 29170406.14618218,
    "low": 490755646.1576781,
    "high": 519926052.3038603,
    "count": 13,
    "base": 21884.5
  },
  "external memory": {
    "min": 33048821,
    "max": 33065205,
    "mean": 33052601.923076924,
    "median": 33048821,
    "variance": 27002383.147928994,
    "stdDev": 5196.381736163058,
    "confidence": 6280.823617823422,
    "low": 33049461.511268012,
    "high": 33055742.334885836,
    "count": 13,
    "base": 21884.5
  },
  "array buffers memory": {
    "min": 31555637,
    "max": 31572021,
    "mean": 31559417.923076924,
    "median": 31555637,
    "variance": 27002383.147928994,
    "stdDev": 5196.381736163058,
    "confidence": 6280.823617823422,
    "low": 31556277.511268012,
    "high": 31562558.334885836,
    "count": 13,
    "base": 21884.5
  },
  "Compiler.make hook": {
    "min": 20957.599518,
    "max": 23436.315474,
    "mean": 22290.960854307694,
    "median": 22546.785622,
    "variance": 478966.85967020865,
    "stdDev": 692.0743165803863,
    "confidence": 836.5045013176787,
    "low": 21872.708603648854,
    "high": 22709.213104966533,
    "count": 13,
    "base": 21884.5
  },
  "Compiler.finish make hook": {
    "min": 0.184499,
    "max": 0.244097,
    "mean": 0.20934415384615385,
    "median": 0.205198,
    "variance": 0.00039271023920710074,
    "stdDev": 0.019816918004752927,
    "confidence": 0.02395254485837245,
    "low": 0.19736788141696762,
    "high": 0.22132042627534007,
    "count": 13,
    "base": 21884.5
  },
  "Compiler.finish compilation": {
    "min": 28.542045,
    "max": 47.625152,
    "mean": 33.94997276923077,
    "median": 33.007497,
    "variance": 20.22682207765833,
    "stdDev": 4.497423937951406,
    "confidence": 5.435999109198633,
    "low": 31.231973214631452,
    "high": 36.667972323830085,
    "count": 13,
    "base": 21884.5
  },
  "Compiler.seal compilation": {
    "min": 625.247446,
    "max": 790.995959,
    "mean": 699.0628839230769,
    "median": 696.890547,
    "variance": 2220.330769219504,
    "stdDev": 47.12038591967922,
    "confidence": 56.954020661247114,
    "low": 670.5858735924534,
    "high": 727.5398942537005,
    "count": 13,
    "base": 21884.5
  },
  "Compiler.afterCompile hook": {
    "min": 0.0882,
    "max": 0.119399,
    "mean": 0.09779138461538463,
    "median": 0.095399,
    "variance": 0.00007772692669822488,
    "stdDev": 0.008816287580281447,
    "confidence": 0.010656173866206403,
    "low": 0.09246329768228143,
    "high": 0.10311947154848783,
    "count": 13,
    "base": 21884.5
  },
  "Compiler.emitAssets": {
    "min": 72.185141,
    "max": 83.931525,
    "mean": 76.32316069230768,
    "median": 74.3691,
    "variance": 16.552670647276525,
    "stdDev": 4.068497345123445,
    "confidence": 4.917559084710632,
    "low": 73.86438114995237,
    "high": 78.781940234663,
    "count": 13,
    "base": 21884.5
  },
  "Compiler.emitRecords": {
    "min": 0.093399,
    "max": 0.130999,
    "mean": 0.10812207692307692,
    "median": 0.104099,
    "variance": 0.0001265663905325444,
    "stdDev": 0.011250172911228715,
    "confidence": 0.01359799093158795,
    "low": 0.10132308145728294,
    "high": 0.11492107238887089,
    "count": 13,
    "base": 21884.5
  },
  "Compilation.compute affected modules": {
    "min": 0.284598,
    "max": 0.444496,
    "mean": 0.3458815384615385,
    "median": 0.334897,
    "variance": 0.0028535527613254433,
    "stdDev": 0.05341865555520321,
    "confidence": 0.06456668706774038,
    "low": 0.31359819492766833,
    "high": 0.3781648819954087,
    "count": 13,
    "base": 21884.5
  },
  "Compilation.finish modules": {
    "min": 0.943192,
    "max": 4.190061,
    "mean": 1.3157263846153846,
    "median": 1.05389,
    "variance": 0.7035165163740829,
    "stdDev": 0.8387589143336021,
    "confidence": 1.0138009611846233,
    "low": 0.8088259040230729,
    "high": 1.8226268652076962,
    "count": 13,
    "base": 21884.5
  },
  "Compilation.report dependency errors and warnings": {
    "min": 26.525463,
    "max": 45.424373,
    "mean": 31.614017153846152,
    "median": 30.883716,
    "variance": 19.658790561612136,
    "stdDev": 4.433823469829639,
    "confidence": 5.359125749509964,
    "low": 28.93445427909117,
    "high": 34.293580028601134,
    "count": 13,
    "base": 21884.5
  },
  "Compilation.optimize dependencies": {
    "min": 0.108699,
    "max": 0.183298,
    "mean": 0.13776784615384616,
    "median": 0.129599,
    "variance": 0.00043772167597633135,
    "stdDev": 0.020921799061656515,
    "confidence": 0.02528800545180593,
    "low": 0.1251238434279432,
    "high": 0.15041184887974912,
    "count": 13,
    "base": 21884.5
  },
  "Compilation.create chunks": {
    "min": 37.012062,
    "max": 97.958379,
    "mean": 54.607489923076926,
    "median": 49.956642,
    "variance": 276.2410172669607,
    "stdDev": 16.62049991026024,
    "confidence": 20.089060749688826,
    "low": 44.56295954823251,
    "high": 64.65202029792134,
    "count": 13,
    "base": 21884.5
  },
  "Compilation.compute affected modules with chunk graph": {
    "min": 0.157098,
    "max": 0.257598,
    "mean": 0.20062899999999997,
    "median": 0.187299,
    "variance": 0.0010286729932307691,
    "stdDev": 0.03207293240772925,
    "confidence": 0.0387662880802872,
    "low": 0.18124585595985637,
    "high": 0.22001214404014358,
    "count": 13,
    "base": 21884.5
  },
  "Compilation.optimize": {
    "min": 28.662039,
    "max": 40.378429,
    "mean": 35.46619730769231,
    "median": 35.330467,
    "variance": 9.40208015360791,
    "stdDev": 3.066281160234317,
    "confidence": 3.7061886727936013,
    "low": 33.61310297129551,
    "high": 37.31929164408911,
    "count": 13,
    "base": 21884.5
  },
  "Compilation.module hashing": {
    "min": 71.457448,
    "max": 99.319466,
    "mean": 83.47525576923076,
    "median": 80.233062,
    "variance": 66.4602317873416,
    "stdDev": 8.152314504933038,
    "confidence": 9.853635102700395,
    "low": 78.54843821788056,
    "high": 88.40207332058095,
    "count": 13,
    "base": 21884.5
  },
  "Compilation.code generation": {
    "min": 288.913364,
    "max": 356.188495,
    "mean": 322.99357084615383,
    "median": 328.948001,
    "variance": 466.8948706785121,
    "stdDev": 21.60775024565288,
    "confidence": 26.117108973422432,
    "low": 309.9350163594426,
    "high": 336.05212533286505,
    "count": 13,
    "base": 21884.5
  },
  "Compilation.runtime requirements.modules": {
    "min": 7.288234,
    "max": 13.291878,
    "mean": 9.024817230769232,
    "median": 8.006427,
    "variance": 2.6743786507192553,
    "stdDev": 1.6353527603300932,
    "confidence": 1.9766373530775567,
    "low": 8.036498554230453,
    "high": 10.01313590730801,
    "count": 13,
    "base": 21884.5
  },
  "Compilation.runtime requirements.chunks": {
    "min": 2.373578,
    "max": 3.426468,
    "mean": 2.9160346923076923,
    "median": 2.834875,
    "variance": 0.11378325514175147,
    "stdDev": 0.3373177361802244,
    "confidence": 0.40771315728528723,
    "low": 2.7121781136650487,
    "high": 3.119891270950336,
    "count": 13,
    "base": 21884.5
  },