{
  "stats": {
    "min": 7509,
    "max": 7799,
    "mean": 7707.633333333333,
    "median": 7723,
    "variance": 4170.565555555557,
    "stdDev": 64.5799160386227,
    "confidence": 48.22365867147528,
    "low": 7683.521503997596,
    "high": 7731.745162669071,
    "count": 30,
    "base": 8277.5
  },
  "heap memory": {
    "min": 493500896,
    "max": 635411496,
    "mean": 585638886.4,
    "median": 587631908,
    "variance": 1535860861965715,
    "stdDev": 39190060.75481021,
    "confidence": 29264332.14970565,
    "low": 571006720.3251472,
    "high": 600271052.4748528,
    "count": 30,
    "base": 8277.5
  },
  "rss memory": {
    "min": 688291840,
    "max": 829915136,
    "mean": 779297314.1333333,
    "median": 781596672,
    "variance": 1512630174857006.8,
    "stdDev": 38892546.52059963,
    "confidence": 29042169.81564641,
    "low": 764776229.2255101,
    "high": 793818399.0411565,
    "count": 30,
    "base": 8277.5
  },
  "external memory": {
    "min": 100373143,
    "max": 100422295,
    "mean": 100394988.33333333,
    "median": 100397719,
    "variance": 108865490.4888889,
    "stdDev": 10433.862683056976,
    "confidence": 7791.261796504259,
    "low": 100391092.70243508,
    "high": 100398883.96423158,
    "count": 30,
    "base": 8277.5
  },
  "array buffers memory": {
    "min": 98862604,
    "max": 98911756,
    "mean": 98884449.33333333,
    "median": 98887180,
    "variance": 108865490.4888889,
    "stdDev": 10433.862683056976,
    "confidence": 7791.261796504259,
    "low": 98880553.70243508,
    "high": 98888344.96423158,
    "count": 30,
    "base": 8277.5
  },
  "Compiler.make hook": {
    "min": 5538.2079969999995,
    "max": 5791.9651890000005,
    "mean": 5698.689784733334,
    "median": 5707.244001,
    "variance": 3796.809069597201,
    "stdDev": 61.618252730803725,
    "confidence": 46.012100508862204,
    "low": 5675.683734478903,
    "high": 5721.695834987765,
    "count": 30,
    "base": 8277.5
  },
  "Compiler.finish make hook": {
    "min": 0.077935,
    "max": 0.107871,
    "mean": 0.08316593333333332,
    "median": 0.081807,
    "variance": 0.00003762764572888888,
    "stdDev": 0.006134137733120188,
    "confidence": 0.004580534977916245,
    "low": 0.0808756658443752,
    "high": 0.08545620082229144,
    "count": 30,
    "base": 8277.5
  },
  "Compiler.finish compilation": {
    "min": 309.41387,
    "max": 338.37777,
    "mean": 321.5875175999999,
    "median": 320.4649635,
    "variance": 59.06118475486036,
    "stdDev": 7.68512750413813,
    "confidence": 5.738703119166075,
    "low": 318.71816604041686,
    "high": 324.45686915958294,
    "count": 30,
    "base": 8277.5
  },
  "Compiler.seal compilation": {
    "min": 1449.065836,
    "max": 1517.2813139999998,
    "mean": 1475.7901771333336,
    "median": 1472.1617775,
    "variance": 307.6672432439562,
    "stdDev": 17.54044592488903,
    "confidence": 13.097949472734399,
    "low": 1469.2412023969664,
    "high": 1482.3391518697008,
    "count": 30,
    "base": 8277.5
  },
  "Compiler.afterCompile hook": {
    "min": 0.051035,
    "max": 0.097291,
    "mean": 0.06390409999999999,
    "median": 0.0575575,
    "variance": 0.00017520000915666667,
    "stdDev": 0.013236314032111306,
    "confidence": 0.009883931864687646,
    "low": 0.058962134067656165,
    "high": 0.06884606593234381,
    "count": 30,
    "base": 8277.5
  },
  "Compiler.emitAssets": {
    "min": 178.632513,
    "max": 207.372321,
    "mean": 193.34967300000002,
    "median": 191.8199295,
    "variance": 59.92628575440314,
    "stdDev": 7.7412069959666585,
    "confidence": 5.780579269497196,
    "low": 190.45938336525143,
    "high": 196.23996263474862,
    "count": 30,
    "base": 8277.5
  },
  "Compiler.emitRecords": {
    "min": 0.084458,
    "max": 0.094847,
    "mean": 0.09026756666666666,
    "median": 0.0905185,
    "variance": 0.000009530908778888895,
    "stdDev": 0.003087216995756679,
    "confidence": 0.0023053126696403747,
    "low": 0.08911491033184647,
    "high": 0.09142022300148685,
    "count": 30,
    "base": 8277.5
  },
  "Compilation.compute affected modules": {
    "min": 0.208438,
    "max": 0.250226,
    "mean": 0.2230993666666666,
    "median": 0.217089,
    "variance": 0.0001640318330988889,
    "stdDev": 0.012807491288261292,
    "confidence": 0.009563717734684452,
    "low": 0.21831750779932438,
    "high": 0.22788122553400883,
    "count": 30,
    "base": 8277.5
  },
  "Compilation.finish modules": {
    "min": 237.710381,
    "max": 267.307237,
    "mean": 249.52744346666668,
    "median": 249.0563765,
    "variance": 62.85017022582098,
    "stdDev": 7.927809926191532,
    "confidence": 5.919920980763607,
    "low": 246.56748297628488,
    "high": 252.48740395704849,
    "count": 30,
    "base": 8277.5
  },
  "Compilation.report dependency errors and warnings": {
    "min": 63.928723,
    "max": 75.430697,
    "mean": 71.45708799999998,
    "median": 71.65071499999999,
    "variance": 4.5283304882736,
    "stdDev": 2.1279874267188705,
    "confidence": 1.5890286890727623,
    "low": 70.6625736554636,
    "high": 72.25160234453637,
    "count": 30,
    "base": 8277.5
  },
  "Compilation.optimize dependencies": {
    "min": 83.446203,
    "max": 95.033134,
    "mean": 89.11573276666667,
    "median": 88.686636,
    "variance": 9.071642380012182,
    "stdDev": 3.011916728598615,
    "confidence": 2.249083820114919,
    "low": 87.99119085660921,
    "high": 90.24027467672413,
    "count": 30,
    "base": 8277.5
  },
  "Compilation.create chunks": {
    "min": 127.299937,
    "max": 155.389355,
    "mean": 139.29953270000001,
    "median": 137.03390000000002,
    "variance": 55.28331561297785,
    "stdDev": 7.435275086570628,
    "confidence": 5.5521312181463145,
    "low": 136.52346709092686,
    "high": 142.07559830907317,
    "count": 30,
    "base": 8277.5
  },
  "Compilation.compute affected modules with chunk graph": {
    "min": 0.127017,
    "max": 0.165598,
    "mean": 0.13904086666666665,
    "median": 0.1347555,
    "variance": 0.00012128813598222226,
    "stdDev": 0.011013089302381157,
    "confidence": 0.008223786774805952,
    "low": 0.13492897327926368,
    "high": 0.14315276005406963,
    "count": 30,
    "base": 8277.5
  },
  "Compilation.optimize": {
    "min": 81.911475,
    "max": 89.728983,
    "mean": 86.31871606666667,
    "median": 86.560923,
    "variance": 4.282206366737664,
    "stdDev": 2.0693492616611784,
    "confidence": 1.5452419047236958,
    "low": 85.54609511430482,
    "high": 87.09133701902851,
    "count": 30,
    "base": 8277.5
  },
  "Compilation.module hashing": {
    "min": 156.348604,
    "max": 169.624503,
    "mean": 164.31249769999997,
    "median": 164.23684500000002,
    "variance": 9.641938930398084,
    "stdDev": 3.1051471672689015,
    "confidence": 2.3187016382851766,
    "low": 163.15314688085738,
    "high": 165.47184851914255,
    "count": 30,
    "base": 8277.5
  },
  "Compilation.code generation": {
    "min": 609.891227,
    "max": 656.647257,
    "mean": 629.6379812000001,
    "median": 629.7706745,
    "variance": 129.17785896895387,
    "stdDev": 11.36564379914107,
    "confidence": 8.487049237158544,
    "low": 625.3944565814209,
    "high": 633.8815058185794,
    "count": 30,
    "base": 8277.5
  },
  "Compilation.runtime requirements.modules": {
    "min": 21.234949,
    "max": 29.611286,
    "mean": 24.70324926666666,
    "median": 24.5861075,
    "variance": 4.725345843255329,
    "stdDev": 2.173786061979267,
    "confidence": 1.623227831621918,
    "low": 23.8916353508557,
    "high": 25.51486318247762,
    "count": 30,
    "base": 8277.5
  },
  "Compilation.runtime requirements.chunks": {
    "min": 5.35044,
    "max": 11.021058,
    "mean": 7.194420666666667,
    "median": 6.1692475,
    "variance": 3.4749615873548225,
    "stdDev": 1.8641248851283603,
    "confidence": 1.3919950302764512,
    "low": 6.498423151528441,
    "high": 7.890418181804892,
    "count": 30,
    "base": 8277.5
  },