{
  "stats": {
    "min": 6584,
    "max": 7832,
    "mean": 7098.166666666667,
    "median": 6810,
    "variance": 227867.60555555546,
    "stdDev": 477.3548004949311,
    "confidence": 356.4543959842031,
    "low": 6919.939468674565,
    "high": 7276.3938646587685,
    "count": 30,
    "base": 5669.5
  },
  "heap memory": {
    "min": 219123224,
    "max": 761038944,
    "mean": 465137254.6666667,
    "median": 328530396,
    "variance": 39181898835859304,
    "stdDev": 197944181.11139137,
    "confidence": 147810545.62244403,
    "low": 391231981.85544467,
    "high": 539042527.4778887,
    "count": 30,
    "base": 5669.5
  },
  "rss memory": {
    "min": 424026112,
    "max": 887037952,
    "mean": 622767718.4,
    "median": 466704384,
    "variance": 39233893751663710,
    "stdDev": 198075474.8868817,
    "confidence": 147908586.41598034,
    "low": 548813425.1920098,
    "high": 696722011.6079901,
    "count": 30,
    "base": 5669.5
  },
  "external memory": {
    "min": 43317136,
    "max": 43407248,
    "mean": 43360280.53333333,
    "median": 43366288,
    "variance": 509729104.7822221,
    "stdDev": 22577.181063680695,
    "confidence": 16859.022745206952,
    "low": 43351851.02196073,
    "high": 43368710.044705935,
    "count": 30,
    "base": 5669.5
  },
  "array buffers memory": {
    "min": 41806597,
    "max": 41896709,
    "mean": 41849741.53333333,
    "median": 41855749,
    "variance": 509729104.7822221,
    "stdDev": 22577.181063680695,
    "confidence": 16859.022745206952,
    "low": 41841312.02196073,
    "high": 41858171.044705935,
    "count": 30,
    "base": 5669.5
  },
  "Compiler.make hook": {
    "min": 3859.958534,
    "max": 4456.388274,
    "mean": 3989.2381370666667,
    "median": 3921.6143110000003,
    "variance": 27318.53161609521,
    "stdDev": 165.2831861264031,
    "confidence": 123.4216524395406,
    "low": 3927.5273108468964,
    "high": 4050.948963286437,
    "count": 30,
    "base": 5669.5
  },
  "Compiler.finish make hook": {
    "min": 0.09065,
    "max": 0.14938,
    "mean": 0.10306569999999998,
    "median": 0.09607450000000001,
    "variance": 0.00019279959587666673,
    "stdDev": 0.013885229413901188,
    "confidence": 0.010368495422487717,
    "low": 0.09788145228875612,
    "high": 0.10824994771124384,
    "count": 30,
    "base": 5669.5
  },
  "Compiler.finish compilation": {
    "min": 162.235952,
    "max": 182.080906,
    "mean": 171.31312923333334,
    "median": 171.27876,
    "variance": 26.256503446746773,
    "stdDev": 5.12411001509011,
    "confidence": 3.8263185758094096,
    "low": 169.39996994542864,
    "high": 173.22628852123805,
    "count": 30,
    "base": 5669.5
  },
  "Compiler.seal compilation": {
    "min": 2443.655715,
    "max": 3435.499125,
    "mean": 2861.6060270333332,
    "median": 2576.6955159999998,
    "variance": 163250.19554591327,
    "stdDev": 404.0423190037317,
    "confidence": 301.7098825092071,
    "low": 2710.7510857787297,
    "high": 3012.460968287937,
    "count": 30,
    "base": 5669.5
  },
  "Compiler.afterCompile hook": {
    "min": 0.056185,
    "max": 0.113051,
    "mean": 0.07212989999999998,
    "median": 0.0725455,
    "variance": 0.00020161131555666666,
    "stdDev": 0.014198989948466991,
    "confidence": 0.010602789330742907,
    "low": 0.06682850533462853,
    "high": 0.07743129466537144,
    "count": 30,
    "base": 5669.5
  },
  "Compiler.emitAssets": {
    "min": 49.569714,
    "max": 116.398052,
    "mean": 57.426899533333334,
    "median": 51.9109175,
    "variance": 202.55460707926335,
    "stdDev": 14.232168038611102,
    "confidence": 10.627564353577014,
    "low": 52.11311735654483,
    "high": 62.74068171012184,
    "count": 30,
    "base": 5669.5
  },
  "Compiler.emitRecords": {
    "min": 0.062898,
    "max": 0.097883,
    "mean": 0.07089709999999999,
    "median": 0.06706999999999999,
    "variance": 0.00008580444615666665,
    "stdDev": 0.00926306893835227,
    "confidence": 0.006916996833292444,
    "low": 0.06743860158335377,
    "high": 0.07435559841664621,
    "count": 30,
    "base": 5669.5
  },
  "Compilation.compute affected modules": {
    "min": 0.210243,
    "max": 0.24082,
    "mean": 0.21940276666666672,
    "median": 0.217962,
    "variance": 0.00006346049111222221,
    "stdDev": 0.007966209331433754,
    "confidence": 0.0059485949079715605,
    "low": 0.21642846921268094,
    "high": 0.2223770641206525,
    "count": 30,
    "base": 5669.5
  },
  "Compilation.finish modules": {
    "min": 127.757096,
    "max": 145.533552,
    "mean": 135.82597196666669,
    "median": 135.42861,
    "variance": 14.311474485908942,
    "stdDev": 3.7830509494201823,
    "confidence": 2.8249116584873377,
    "low": 134.41351613742302,
    "high": 137.23842779591035,
    "count": 30,
    "base": 5669.5
  },
  "Compilation.report dependency errors and warnings": {
    "min": 30.201363,
    "max": 40.293909,
    "mean": 34.86610256666666,
    "median": 34.792199999999994,
    "variance": 7.451599842585044,
    "stdDev": 2.729761865545243,
    "confidence": 2.038390765013318,
    "low": 33.84690718416,
    "high": 35.88529794917332,
    "count": 30,
    "base": 5669.5
  },
  "Compilation.optimize dependencies": {
    "min": 140.787614,
    "max": 169.916883,
    "mean": 153.55420599999997,
    "median": 153.0457035,
    "variance": 37.51889393843544,
    "stdDev": 6.125266846304367,
    "confidence": 4.57391083461971,
    "low": 151.2672505826901,
    "high": 155.84116141730982,
    "count": 30,
    "base": 5669.5
  },
  "Compilation.create chunks": {
    "min": 73.207646,
    "max": 90.188128,
    "mean": 80.91297146666666,
    "median": 81.0206835,
    "variance": 12.890885163636991,
    "stdDev": 3.5903878848443367,
    "confidence": 2.681044672671675,
    "low": 79.57244913033082,
    "high": 82.2534938030025,
    "count": 30,
    "base": 5669.5
  },
  "Compilation.compute affected modules with chunk graph": {
    "min": 0.121197,
    "max": 0.167523,
    "mean": 0.1337871333333333,
    "median": 0.130664,
    "variance": 0.00012523525944888893,
    "stdDev": 0.011190856064166357,
    "confidence": 0.008356530267974005,
    "low": 0.1296088681993463,
    "high": 0.1379653984673203,
    "count": 30,
    "base": 5669.5
  },
  "Compilation.optimize": {
    "min": 87.990411,
    "max": 107.59074,
    "mean": 96.5503657,
    "median": 94.859167,
    "variance": 17.701274458252804,
    "stdDev": 4.207288254713813,
    "confidence": 3.1417017112020744,
    "low": 94.97951484439896,
    "high": 98.12121655560104,
    "count": 30,
    "base": 5669.5
  },
  "Compilation.module hashing": {
    "min": 90.413528,
    "max": 103.267143,
    "mean": 96.48496776666666,
    "median": 95.195794,
    "variance": 8.19956374972931,
    "stdDev": 2.8634880390407274,
    "confidence": 2.1382478992689755,
    "low": 95.41584381703217,
    "high": 97.55409171630114,
    "count": 30,
    "base": 5669.5
  },
  "Compilation.code generation": {
    "min": 380.656014,
    "max": 426.795747,
    "mean": 397.3442320000001,
    "median": 396.27849349999997,
    "variance": 105.69482599995658,
    "stdDev": 10.280798898916201,
    "confidence": 7.676964718797535,
    "low": 393.5057496406013,
    "high": 401.18271435939886,
    "count": 30,
    "base": 5669.5
  },
  "Compilation.runtime requirements.modules": {
    "min": 10.988559,
    "max": 18.387817,
    "mean": 12.568397766666664,
    "median": 11.7855415,
    "variance": 3.4982422503887114,
    "stdDev": 1.8703588560457352,
    "confidence": 1.3966501135303169,
    "low": 11.870072709901505,
    "high": 13.266722823431822,
    "count": 30,
    "base": 5669.5
  },
  "Compilation.runtime requirements.chunks": {
    "min": 2.79458,
    "max": 7.728943,
    "mean": 3.6039182999999997,
    "median": 3.4894410000000002,
    "variance": 0.7454794885148102,
    "stdDev": 0.8634115406425896,
    "confidence": 0.6447339356102537,
    "low": 3.281551332194873,
    "high": 3.9262852678051265,
    "count": 30,