{
  "stats": {
    "min": 21374,
    "max": 22058,
    "mean": 21647.53846153846,
    "median": 21604,
    "variance": 46878.402366863906,
    "stdDev": 216.5142082332333,
    "confidence": 261.6989323939124,
    "low": 21516.688995341505,
    "high": 21778.387927735417,
    "count": 13,
    "base": 24232
  },
  "heap memory": {
    "min": 405605944,
    "max": 667946536,
    "mean": 477966596.9230769,
    "median": 439775168,
    "variance": 6619472167814868,
    "stdDev": 81360138.69097611,
    "confidence": 98339326.59011912,
    "low": 428796933.62801737,
    "high": 527136260.2181365,
    "count": 13,
    "base": 24232
  },
  "rss memory": {
    "min": 769171456,
    "max": 862998528,
    "mean": 829971849.8461539,
    "median": 846303232,
    "variance": 1079862699195058.6,
    "stdDev": 32861264.41868996,
    "confidence": 39719138.46051788,
    "low": 810112280.6158949,
    "high": 849831419.0764128,
    "count": 13,
    "base": 24232
  },
  "external memory": {
    "min": 95974255,
    "max": 96317120,
    "mean": 96059139.84615384,
    "median": 96023411,
    "variance": 7369390547.976333,
    "stdDev": 85845.15448163824,
    "confidence": 103760.32807433605,
    "low": 96007259.68211667,
    "high": 96111020.01019101,
    "count": 13,
    "base": 24232
  },
  "array buffers memory": {
    "min": 94712888,
    "max": 95055753,
    "mean": 94787484.53846154,
    "median": 94762040,
    "variance": 7465579893.633137,
    "stdDev": 86403.58727294335,
    "confidence": 104435.30116960406,
    "low": 94735266.88787673,
    "high": 94839702.18904634,
    "count": 13,
    "base": 24232
  },
  "Compiler.make hook": {
    "min": 18741.504772,
    "max": 19720.253137,
    "mean": 19109.436813,
    "median": 19046.692201,
    "variance": 81367.007202134,
    "stdDev": 285.24902664537524,
    "confidence": 344.7781388050207,
    "low": 18937.04774359749,
    "high": 19281.82588240251,
    "count": 13,
    "base": 24232
  },
  "Compiler.finish make hook": {
    "min": 0.0833,
    "max": 0.0999,
    "mean": 0.08829200000000002,
    "median": 0.0868,
    "variance": 0.000017175197846153852,
    "stdDev": 0.004144297026777141,
    "confidence": 0.005009177532878273,
    "low": 0.08578741123356089,
    "high": 0.09079658876643916,
    "count": 13,
    "base": 24232
  },
  "Compiler.finish compilation": {
    "min": 354.112865,
    "max": 410.143681,
    "mean": 379.2229795384616,
    "median": 381.438528,
    "variance": 253.9140321308049,
    "stdDev": 15.934680170333037,
    "confidence": 19.2601161034313,
    "low": 369.5929214867459,
    "high": 388.8530375901772,
    "count": 13,
    "base": 24232
  },
  "Compiler.seal compilation": {
    "min": 1657.549019,
    "max": 2053.698229,
    "mean": 1824.3568133076924,
    "median": 1747.554497,
    "variance": 18301.637246733935,
    "stdDev": 135.28354388739945,
    "confidence": 163.51610037369846,
    "low": 1742.5987631208432,
    "high": 1906.1148634945416,
    "count": 13,
    "base": 24232
  },
  "Compiler.afterCompile hook": {
    "min": 0.058799,
    "max": 0.097599,
    "mean": 0.06673046153846153,
    "median": 0.0643,
    "variance": 0.00009167339547928998,
    "stdDev": 0.009574622471893604,
    "confidence": 0.011572766976429338,
    "low": 0.06094407805024686,
    "high": 0.0725168450266762,
    "count": 13,
    "base": 24232
  },
  "Compiler.emitAssets": {
    "min": 203.743821,
    "max": 546.548309,
    "mean": 319.11094484615387,
    "median": 242.870215,
    "variance": 16930.664615859634,
    "stdDev": 130.11788737856003,
    "confidence": 157.27241408397163,
    "low": 240.47473780416806,
    "high": 397.7471518881397,
    "count": 13,
    "base": 24232
  },
  "Compiler.emitRecords": {
    "min": 0.0791,
    "max": 0.0852,
    "mean": 0.08224561538461539,
    "median": 0.082099,
    "variance": 0.000003227242852071001,
    "stdDev": 0.0017964528527270069,
    "confidence": 0.0021713577020692487,
    "low": 0.08115993653358076,
    "high": 0.08333129423565001,
    "count": 13,
    "base": 24232
  },
  "Compilation.compute affected modules": {
    "min": 0.138799,
    "max": 0.152299,
    "mean": 0.14163023076923079,
    "median": 0.1408,
    "variance": 0.00001098425586982247,
    "stdDev": 0.0033142504235230126,
    "confidence": 0.004005907070023462,
    "low": 0.13962727723421905,
    "high": 0.14363318430424252,
    "count": 13,
    "base": 24232
  },
  "Compilation.finish modules": {
    "min": 286.512996,
    "max": 339.399529,
    "mean": 313.88345507692304,
    "median": 313.368663,
    "variance": 185.9048433469558,
    "stdDev": 13.634692638521626,
    "confidence": 16.48014020020571,
    "low": 305.6433849768202,
    "high": 322.1235251770259,
    "count": 13,
    "base": 24232
  },
  "Compilation.report dependency errors and warnings": {
    "min": 56.006426,
    "max": 74.718041,
    "mean": 64.70000461538463,
    "median": 65.12699,
    "variance": 35.271489931762076,
    "stdDev": 5.9389805465047685,
    "confidence": 7.178396656787832,
    "low": 61.110806286990716,
    "high": 68.28920294377855,
    "count": 13,
    "base": 24232
  },
  "Compilation.optimize dependencies": {
    "min": 77.81762,
    "max": 266.998727,
    "mean": 122.49165907692307,
    "median": 115.443231,
    "variance": 1996.4067301123573,
    "stdDev": 44.681167510623055,
    "confidence": 54.00575754847284,
    "low": 95.48878030268665,
    "high": 149.4945378511595,
    "count": 13,
    "base": 24232
  },
  "Compilation.create chunks": {
    "min": 159.636713,
    "max": 400.986339,
    "mean": 190.9551304615385,
    "median": 168.01788,
    "variance": 4173.145862277489,
    "stdDev": 64.59989057481049,
    "confidence": 78.08135334000906,
    "low": 151.91445379153396,
    "high": 229.99580713154302,
    "count": 13,
    "base": 24232
  },
  "Compilation.optimize": {
    "min": 109.253767,
    "max": 130.317294,
    "mean": 116.74010976923077,
    "median": 114.319155,
    "variance": 40.160255963094045,
    "stdDev": 6.33721200237881,
    "confidence": 7.659735723162839,
    "low": 112.91024190764935,
    "high": 120.56997763081219,
    "count": 13,
    "base": 24232
  },
  "Compilation.module hashing": {
    "min": 240.75662,
    "max": 260.006327,
    "mean": 250.538597,
    "median": 252.01337,
    "variance": 31.166642220607823,
    "stdDev": 5.582709218704466,
    "confidence": 6.74777445010352,
    "low": 247.16470977494825,
    "high": 253.91248422505177,
    "count": 13,
    "base": 24232
  },
  "Compilation.code generation": {
    "min": 582.64996,
    "max": 637.988576,
    "mean": 608.4790853076922,
    "median": 609.149625,
    "variance": 295.75573306002246,
    "stdDev": 17.197550205189764,
    "confidence": 20.786536667564633,
    "low": 598.0858169739099,
    "high": 618.8723536414745,
    "count": 13,
    "base": 24232
  },
  "Compilation.runtime requirements.modules": {
    "min": 20.988798,
    "max": 33.699834,
    "mean": 26.301626769230772,
    "median": 27.660164,
    "variance": 13.185511311072181,
    "stdDev": 3.631185937276165,
    "confidence": 4.388984403671557,
    "low": 24.107134567394993,
    "high": 28.49611897106655,
    "count": 13,
    "base": 24232
  },
  "Compilation.runtime requirements.chunks": {
    "min": 6.09537,
    "max": 18.473709,
    "mean": 8.356151846153846,
    "median": 6.26607,
    "variance": 15.833617588492436,
    "stdDev": 3.9791478470260984,
    "confidence": 4.80956308549742,
    "low": 5.951370303405136,
    "high": 10.760933388902556,
    "count": 13,
    "base": 24232
  },
  "Compilation.runtime requirements.entries": {
    "min": 2.15239,
    "max": 9.393454,
    "mean": 3.2488304615384616,
    "median": 2.275689,
    "variance": 5.318443783216556,
    "stdDev": 2.306175141487861,
    "confidence": 2.7874548158549626,
    "low": 1.8551030536109805,
    "high": 4.642557869465943,
    "count": 13,
    "base": 24232
  },
  "Compilation.runtime requirements": {
    "min": 30.254353,
    "max": 44.97848,