{
  "stats": {
    "min": 6509,
    "max": 7595,
    "mean": 7328.133333333333,
    "median": 7445.5,
    "variance": 115678.51555555561,
    "stdDev": 340.115444453138,
    "confidence": 253.97386847632515,
    "low": 7201.146399095171,
    "high": 7455.120267571496,
    "count": 30,
    "base": 6192.5
  },
  "heap memory": {
    "min": 199040200,
    "max": 446735224,
    "mean": 258076827.2,
    "median": 231975808,
    "variance": 5783982292725591,
    "stdDev": 76052496.95260236,
    "confidence": 56790560.89144361,
    "low": 229681546.75427818,
    "high": 286472107.6457218,
    "count": 30,
    "base": 6192.5
  },
  "rss memory": {
    "min": 395325440,
    "max": 577568768,
    "mean": 527363822.93333334,
    "median": 549244928,
    "variance": 3536963064819147.5,
    "stdDev": 59472372.28175069,
    "confidence": 44409710.59149158,
    "low": 505158967.63758755,
    "high": 549568678.2290791,
    "count": 30,
    "base": 6192.5
  },
  "external memory": {
    "min": 43254673,
    "max": 43295633,
    "mean": 43273241.53333333,
    "median": 43271057,
    "variance": 133919466.38222215,
    "stdDev": 11572.357857507785,
    "confidence": 8641.408499374986,
    "low": 43268920.829083644,
    "high": 43277562.23758302,
    "count": 30,
    "base": 6192.5
  },
  "array buffers memory": {
    "min": 41794720,
    "max": 41835680,
    "mean": 41813288.53333333,
    "median": 41811104,
    "variance": 133919466.38222215,
    "stdDev": 11572.357857507785,
    "confidence": 8641.408499374986,
    "low": 41808967.829083644,
    "high": 41817609.23758302,
    "count": 30,
    "base": 6192.5
  },
  "Compiler.make hook": {
    "min": 5106.495492,
    "max": 6114.928912,
    "mean": 5818.0620530333335,
    "median": 5921.7289785,
    "variance": 95605.82901469008,
    "stdDev": 309.2019227215285,
    "confidence": 230.88986323502286,
    "low": 5702.617121415822,
    "high": 5933.506984650845,
    "count": 30,
    "base": 6192.5
  },
  "Compiler.finish make hook": {
    "min": 0.1054,
    "max": 0.1831,
    "mean": 0.1256732666666667,
    "median": 0.11299999999999999,
    "variance": 0.0007082174253955556,
    "stdDev": 0.026612354751046657,
    "confidence": 0.019872201617468388,
    "low": 0.1157371658579325,
    "high": 0.1356093674754009,
    "count": 30,
    "base": 6192.5
  },
  "Compiler.finish compilation": {
    "min": 206.561548,
    "max": 299.289097,
    "mean": 235.06820209999998,
    "median": 227.43487,
    "variance": 534.4286883967263,
    "stdDev": 23.117713736369485,
    "confidence": 17.262653853882853,
    "low": 226.43687517305855,
    "high": 243.6995290269414,
    "count": 30,
    "base": 6192.5
  },
  "Compiler.seal compilation": {
    "min": 1087.087294,
    "max": 1275.139985,
    "mean": 1167.3068246999997,
    "median": 1150.7503145,
    "variance": 3141.026831411488,
    "stdDev": 56.04486445171839,
    "confidence": 41.85029308480989,
    "low": 1146.3816781575947,
    "high": 1188.2319712424046,
    "count": 30,
    "base": 6192.5
  },
  "Compiler.afterCompile hook": {
    "min": 0.0579,
    "max": 0.0952,
    "mean": 0.0671031,
    "median": 0.0648995,
    "variance": 0.00007208405062333333,
    "stdDev": 0.008490232660141496,
    "confidence": 0.006339898020294915,
    "low": 0.06393315098985254,
    "high": 0.07027304901014746,
    "count": 30,
    "base": 6192.5
  },
  "Compiler.emitAssets": {
    "min": 71.353179,
    "max": 167.938616,
    "mean": 86.14005030000004,
    "median": 73.85592349999999,
    "variance": 601.2805895074177,
    "stdDev": 24.521023418842407,
    "confidence": 18.31054507593828,
    "low": 76.9847777620309,
    "high": 95.29532283796918,
    "count": 30,
    "base": 6192.5
  },
  "Compiler.emitRecords": {
    "min": 0.0725,
    "max": 0.0811,
    "mean": 0.07524313333333331,
    "median": 0.07454949999999999,
    "variance": 0.000003962446382222227,
    "stdDev": 0.0019905894559708254,
    "confidence": 0.001486429719455895,
    "low": 0.07449991847360536,
    "high": 0.07598634819306126,
    "count": 30,
    "base": 6192.5
  },
  "Compilation.compute affected modules": {
    "min": 0.2559,
    "max": 0.3262,
    "mean": 0.26658303333333333,
    "median": 0.26384949999999996,
    "variance": 0.00013457310576555547,
    "stdDev": 0.011600564889933399,
    "confidence": 0.008662471492125845,
    "low": 0.2622517975872704,
    "high": 0.27091426907939625,
    "count": 30,
    "base": 6192.5
  },
  "Compilation.finish modules": {
    "min": 165.055019,
    "max": 259.536463,
    "mean": 189.75641559999997,
    "median": 185.1242625,
    "variance": 519.5087874922637,
    "stdDev": 22.792735410482518,
    "confidence": 17.019983302037758,
    "low": 181.2464239489811,
    "high": 198.26640725101885,
    "count": 30,
    "base": 6192.5
  },
  "Compilation.report dependency errors and warnings": {
    "min": 37.73304,
    "max": 55.510419,
    "mean": 44.5513277,
    "median": 43.321227,
    "variance": 23.851263000893137,
    "stdDev": 4.883775486331567,
    "confidence": 3.6468539528623864,
    "low": 42.72790072356881,
    "high": 46.374754676431195,
    "count": 30,
    "base": 6192.5
  },
  "Compilation.optimize dependencies": {
    "min": 173.479007,
    "max": 220.147333,
    "mean": 191.8575850666667,
    "median": 191.918381,
    "variance": 138.64443406580963,
    "stdDev": 11.7747371123864,
    "confidence": 8.792530840617474,
    "low": 187.46131964635796,
    "high": 196.25385048697544,
    "count": 30,
    "base": 6192.5
  },
  "Compilation.create chunks": {
    "min": 65.416097,
    "max": 87.346559,
    "mean": 78.45254213333335,
    "median": 78.1200145,
    "variance": 22.735809316060184,
    "stdDev": 4.768208187155861,
    "confidence": 3.5605565661376772,
    "low": 76.67226385026451,
    "high": 80.23282041640219,
    "count": 30,
    "base": 6192.5
  },
  "Compilation.compute affected modules with chunk graph": {
    "min": 0.1545,
    "max": 0.169999,
    "mean": 0.16144636666666665,
    "median": 0.16049999999999998,
    "variance": 0.000018790303832222207,
    "stdDev": 0.0043347784063573775,
    "confidence": 0.003236902230712768,
    "low": 0.15982791555131026,
    "high": 0.16306481778202303,
    "count": 30,
    "base": 6192.5
  },
  "Compilation.optimize": {
    "min": 117.560177,
    "max": 264.999861,
    "mean": 149.5985335,
    "median": 132.900495,
    "variance": 1632.3414464362904,
    "stdDev": 40.402245561803745,
    "confidence": 30.16950499545908,
    "low": 134.51378100227046,
    "high": 164.68328599772954,
    "count": 30,
    "base": 6192.5
  },
  "Compilation.module hashing": {
    "min": 109.066614,
    "max": 236.991202,
    "mean": 122.48570143333335,
    "median": 117.078067,
    "variance": 504.3979696975943,
    "stdDev": 22.4588060612668,
    "confidence": 16.770628766684453,
    "low": 114.10038704999111,
    "high": 130.87101581667557,
    "count": 30,
    "base": 6192.5
  },
  "Compilation.code generation": {
    "min": 390.552054,
    "max": 550.03703,
    "mean": 415.60992913333337,
    "median": 411.1705275,
    "variance": 746.4691065418514,
    "stdDev": 27.321586823276782,
    "confidence": 20.401805362224422,
    "low": 405.40902645222116,
    "high": 425.8108318144456,
    "count": 30,
    "base": 6192.5
  },
  "Compilation.runtime requirements.modules": {
    "min": 11.383386,
    "max": 23.510364,
    "mean": 15.186764199999999,
    "median": 12.701728,
    "variance": 15.003315354425558,
    "stdDev": 3.873411332975825,
    "confidence": 2.8923863249363606,
    "low": 13.740571037531819,
    "high": 16.63295736246818,
    "count": 30,
    "base": 6192.5
  },
  "Compilation.runtime requirements.chunks": {
    "min": 3.641295,
    "max": 10.750186,
    "mean": 4.2681616333333325,
    "median": 3.9907440000000003,
    "variance": 1.4884441880091652,
    "stdDev": 1.2200181097054115,
    "confidence": 0.9110221955114692,
    "low": 3.812650535577598,
    "high": 4.723672731089067,
    "count": 30,
    "base": 6192.5
  },