{
  "stats": {
    "min": 203.36363636363637,
    "max": 219.63636363636363,
    "mean": 212.42727272727274,
    "median": 212.63636363636363,
    "variance": 20.252975206611545,
    "stdDev": 4.500330566370824,
    "confidence": 6.438237773585513,
    "low": 209.20815384047998,
    "high": 215.6463916140655,
    "count": 10,
    "base": 279
  },
  "heap memory": {
    "min": 293062661.09090906,
    "max": 342790477.09090906,
    "mean": 314004060.94545454,
    "median": 302603748.72727275,
    "variance": 429808272105364,
    "stdDev": 20731817.867841788,
    "confidence": 29659237.45896566,
    "low": 299174442.2159717,
    "high": 328833679.67493737,
    "count": 10,
    "base": 279
  },
  "rss memory": {
    "min": 583735482.1818181,
    "max": 764896349.0909091,
    "mean": 670821729.7454545,
    "median": 645793419.6363637,
    "variance": 3825487643785754.5,
    "stdDev": 61850526.624967024,
    "confidence": 88484254.86978006,
    "low": 626579602.3105645,
    "high": 715063857.1803446,
    "count": 10,
    "base": 279
  },
  "external memory": {
    "min": 66301128.81818182,
    "max": 72267298.36363636,
    "mean": 68729508.69090909,
    "median": 67569690.31818181,
    "variance": 6551231333686.906,
    "stdDev": 2559537.328051089,
    "confidence": 3661710.9932992384,
    "low": 66898653.19425947,
    "high": 70560364.18755871,
    "count": 10,
    "base": 279
  },
  "array buffers memory": {
    "min": 64809886.45454545,
    "max": 70776056,
    "mean": 67238266.32727273,
    "median": 66078447.95454545,
    "variance": 6551231333686.8955,
    "stdDev": 2559537.3280510865,
    "confidence": 3661710.9932992235,
    "low": 65407410.83062311,
    "high": 69069121.82392234,
    "count": 10,
    "base": 279
  },
  "Compiler.make hook": {
    "min": 116.9613822727273,
    "max": 126.60305881818182,
    "mean": 122.85591732727273,
    "median": 123.67492786363637,
    "variance": 7.480849974895504,
    "stdDev": 2.735114252621909,
    "confidence": 3.9128938722612645,
    "low": 120.8994703911421,
    "high": 124.81236426340337,
    "count": 10,
    "base": 279
  },
  "Compiler.finish make hook": {
    "min": 0.0026909090909090906,
    "max": 0.0034181818181818185,
    "mean": 0.0031063636363636363,
    "median": 0.003131818181818182,
    "variance": 4.219917355371906e-8,
    "stdDev": 0.00020542437429311804,
    "confidence": 0.00029388307073977254,
    "low": 0.00295942210099375,
    "high": 0.0032533051717335225,
    "count": 10,
    "base": 279
  },
  "Compiler.finish compilation": {
    "min": 19.744980545454546,
    "max": 24.788275363636366,
    "mean": 22.65348717272727,
    "median": 22.725672227272725,
    "variance": 2.6978257090797224,
    "stdDev": 1.6425059236056723,
    "confidence": 2.3497926485039926,
    "low": 21.478590848475275,
    "high": 23.828383496979267,
    "count": 10,
    "base": 279
  },
  "Compiler.seal compilation": {
    "min": 52.15098154545455,
    "max": 57.68543336363636,
    "mean": 55.02626081818181,
    "median": 54.7613244090909,
    "variance": 2.933640950605292,
    "stdDev": 1.7127874796965594,
    "confidence": 2.4503384556480228,
    "low": 53.8010915903578,
    "high": 56.25143004600582,
    "count": 10,
    "base": 279
  },
  "Compiler.afterCompile hook": {
    "min": 0.0027090909090909097,
    "max": 0.006045454545454546,
    "mean": 0.003286345454545455,
    "median": 0.0029954090909090907,
    "variance": 8.711530591735538e-7,
    "stdDev": 0.0009333558052391134,
    "confidence": 0.0013352722678618032,
    "low": 0.0026187093206145534,
    "high": 0.003953981588476357,
    "count": 10,
    "base": 279
  },
  "Compiler.emitAssets": {
    "min": 8.251301363636365,
    "max": 11.810933727272728,
    "mean": 9.595681963636364,
    "median": 8.610120954545454,
    "variance": 1.1528127440176392,
    "stdDev": 1.0736911772095545,
    "confidence": 1.5360380737210129,
    "low": 8.827662926775858,
    "high": 10.36370100049687,
    "count": 10,
    "base": 279
  },
  "Compiler.emitRecords": {
    "min": 0.004609090909090909,
    "max": 0.005554545454545454,
    "mean": 0.005063636363636365,
    "median": 0.005000000000000001,
    "variance": 7.206611570247932e-8,
    "stdDev": 0.00026845132836788,
    "confidence": 0.0003840503396756196,
    "low": 0.004871611193798555,
    "high": 0.005255661533474175,
    "count": 10,
    "base": 279
  },
  "Compilation.compute affected modules": {
    "min": 0.0023000000000000004,
    "max": 0.0029090909090909093,
    "mean": 0.0025818,
    "median": 0.0026045454545454544,
    "variance": 4.404909223140496e-8,
    "stdDev": 0.00020987875602691415,
    "confidence": 0.00030025557345119466,
    "low": 0.0024316722132744027,
    "high": 0.0027319277867255973,
    "count": 10,
    "base": 279
  },
  "Compilation.finish modules": {
    "min": 9.114044818181817,
    "max": 14.166941818181819,
    "mean": 11.679138354545454,
    "median": 12.851714954545454,
    "variance": 2.8678793537376763,
    "stdDev": 1.693481429994931,
    "confidence": 2.4227189426778963,
    "low": 10.467778883206506,
    "high": 12.890497825884403,
    "count": 10,
    "base": 279
  },
  "Compilation.report dependency errors and warnings": {
    "min": 10.58549309090909,
    "max": 12.035390000000001,
    "mean": 10.94100261818182,
    "median": 10.86169640909091,
    "variance": 0.15189725587888941,
    "stdDev": 0.3897399849629101,
    "confidence": 0.557567639989692,
    "low": 10.662218798186974,
    "high": 11.219786438176666,
    "count": 10,
    "base": 279
  },
  "Compilation.optimize dependencies": {
    "min": 0.07588145454545454,
    "max": 0.30741700000000005,
    "mean": 0.17042548181818185,
    "median": 0.16855799999999999,
    "variance": 0.007811508332776944,
    "stdDev": 0.0883827377533472,
    "confidence": 0.12644161853100921,
    "low": 0.10720467255267724,
    "high": 0.23364629108368645,
    "count": 10,
    "base": 279
  },
  "Compilation.create chunks": {
    "min": 11.730554636363637,
    "max": 15.747046090909093,
    "mean": 14.303214745454545,
    "median": 14.644876363636364,
    "variance": 1.559629177224475,
    "stdDev": 1.248851142940773,
    "confidence": 1.7866244453572833,
    "low": 13.409902522775903,
    "high": 15.196526968133186,
    "count": 10,
    "base": 279
  },
  "Compilation.compute affected modules with chunk graph": {
    "min": 0.0037363636363636366,
    "max": 0.004299909090909091,
    "mean": 0.003963590909090909,
    "median": 0.003954454545454546,
    "variance": 2.703669793388432e-8,
    "stdDev": 0.00016442839758960226,
    "confidence": 0.0002352336355738449,
    "low": 0.0038459740913039863,
    "high": 0.004081207726877831,
    "count": 10,
    "base": 279
  },
  "Compilation.optimize": {
    "min": 4.285195272727273,
    "max": 8.00056590909091,
    "mean": 6.0678553,
    "median": 6.418956499999999,
    "variance": 1.515585041532169,
    "stdDev": 1.2310909964467163,
    "confidence": 1.7612165237977209,
    "low": 5.187247038101139,
    "high": 6.94846356189886,
    "count": 10,
    "base": 279
  },
  "Compilation.module hashing": {
    "min": 14.53606181818182,
    "max": 16.94803272727273,
    "mean": 15.575893754545456,
    "median": 15.827465136363637,
    "variance": 0.5135414237596525,
    "stdDev": 0.7166180459349684,
    "confidence": 1.0252041054602312,
    "low": 15.06329170181534,
    "high": 16.08849580727557,
    "count": 10,
    "base": 279
  },
  "Compilation.code generation": {
    "min": 3.342972545454545,
    "max": 6.63576490909091,
    "mean": 5.402249690909092,
    "median": 5.555599954545454,
    "variance": 0.8813936984049333,
    "stdDev": 0.9388257018237908,
    "confidence": 1.3430975807559786,
    "low": 4.730700900531103,
    "high": 6.073798481287081,
    "count": 10,
    "base": 279
  },
  "Compilation.runtime requirements.modules": {
    "min": 1.2833935454545453,
    "max": 1.653481727272727,
    "mean": 1.4365731727272726,
    "median": 1.4186595454545454,
    "variance": 0.009307139268000733,