{
  "stats": {
    "min": 38325,
    "max": 39480,
    "mean": 38785,
    "median": 38694,
    "variance": 137729.25,
    "stdDev": 371.11891625192055,
    "confidence": 620.6249609592196,
    "low": 38474.68751952039,
    "high": 39095.31248047961,
    "count": 8,
    "base": 38119.5
  },
  "heap memory": {
    "min": 222823000,
    "max": 601803224,
    "mean": 411125127,
    "median": 375398752,
    "variance": 19070035997440616,
    "stdDev": 138094301.10413903,
    "confidence": 230936140.6231004,
    "low": 295657056.6884498,
    "high": 526593197.3115502,
    "count": 8,
    "base": 38119.5
  },
  "rss memory": {
    "min": 733888512,
    "max": 793116672,
    "mean": 766677504,
    "median": 768841728,
    "variance": 518464210731008,
    "stdDev": 22769809.19399651,
    "confidence": 38078123.54269791,
    "low": 747638442.228651,
    "high": 785716565.771349,
    "count": 8,
    "base": 38119.5
  },
  "external memory": {
    "min": 50845665,
    "max": 50870241,
    "mean": 50858977,
    "median": 50857953,
    "variance": 66060288,
    "stdDev": 8127.748027590423,
    "confidence": 13592.094289496541,
    "low": 50852180.95285525,
    "high": 50865773.04714475,
    "count": 8,
    "base": 38119.5
  },
  "array buffers memory": {
    "min": 38214101,
    "max": 38238677,
    "mean": 38227413,
    "median": 38226389,
    "variance": 66060288,
    "stdDev": 8127.748027590423,
    "confidence": 13592.094289496541,
    "low": 38220616.95285525,
    "high": 38234209.04714475,
    "count": 8,
    "base": 38119.5
  },
  "Compiler.make hook": {
    "min": 37415.998499,
    "max": 38382.089568,
    "mean": 37837.740087875,
    "median": 37787.0512555,
    "variance": 101473.51195230114,
    "stdDev": 318.5490730677161,
    "confidence": 532.7120159567567,
    "low": 37571.38407989662,
    "high": 38104.096095853376,
    "count": 8,
    "base": 38119.5
  },
  "Compiler.finish make hook": {
    "min": 0.114609,
    "max": 0.163612,
    "mean": 0.13621037500000002,
    "median": 0.140511,
    "variance": 0.0003177108269843751,
    "stdDev": 0.01782444464729196,
    "confidence": 0.02980795313552813,
    "low": 0.12130639843223597,
    "high": 0.1511143515677641,
    "count": 8,
    "base": 38119.5
  },
  "Compiler.finish compilation": {
    "min": 130.687725,
    "max": 155.478231,
    "mean": 143.59374474999998,
    "median": 142.327831,
    "variance": 67.7870415719394,
    "stdDev": 8.233288624355362,
    "confidence": 13.768590624973399,
    "low": 136.70944943751329,
    "high": 150.47804006248668,
    "count": 8,
    "base": 38119.5
  },
  "Compiler.seal compilation": {
    "min": 662.328919,
    "max": 875.528957,
    "mean": 711.1628862499999,
    "median": 693.9289934999999,
    "variance": 4274.566728008993,
    "stdDev": 65.38017075542854,
    "confidence": 109.3357523577447,
    "low": 656.4950100711276,
    "high": 765.8307624288723,
    "count": 8,
    "base": 38119.5
  },
  "Compiler.afterCompile hook": {
    "min": 0.051704,
    "max": 0.070005,
    "mean": 0.058266750000000006,
    "median": 0.056604,
    "variance": 0.000046480312687499986,
    "stdDev": 0.006817647151877251,
    "confidence": 0.011401202720141897,
    "low": 0.052566148639929054,
    "high": 0.06396735136007095,
    "count": 8,
    "base": 38119.5
  },
  "Compiler.emitAssets": {
    "min": 74.110763,
    "max": 87.199591,
    "mean": 79.087594,
    "median": 78.69002549999999,
    "variance": 15.309872352036486,
    "stdDev": 3.912783197678666,
    "confidence": 6.5433768341055725,
    "low": 75.81590558294721,
    "high": 82.35928241705278,
    "count": 8,
    "base": 38119.5
  },
  "Compiler.emitRecords": {
    "min": 0.063305,
    "max": 0.085607,
    "mean": 0.078231,
    "median": 0.08315600000000001,
    "variance": 0.00007105967549999997,
    "stdDev": 0.008429690118859646,
    "confidence": 0.014097034324610402,
    "low": 0.0711824828376948,
    "high": 0.0852795171623052,
    "count": 8,
    "base": 38119.5
  },
  "FlagDependencyExportsPlugin.restore cached provided exports": {
    "min": 6.72441,
    "max": 21.391438,
    "mean": 8.851209625000001,
    "median": 6.9819345,
    "variance": 22.546375026891237,
    "stdDev": 4.74830233103277,
    "confidence": 7.940621778544288,
    "low": 4.880898735727857,
    "high": 12.821520514272144,
    "count": 8,
    "base": 38119.5
  },
  "FlagDependencyExportsPlugin.figure out provided exports": {
    "min": 70.486498,
    "max": 92.303583,
    "mean": 82.08385662500001,
    "median": 80.971544,
    "variance": 39.946871987386245,
    "stdDev": 6.320353786568141,
    "confidence": 10.56957527698367,
    "low": 76.79906898650817,
    "high": 87.36864426349184,
    "count": 8,
    "base": 38119.5
  },
  "FlagDependencyExportsPlugin.store provided exports into cache": {
    "min": 9.88795,
    "max": 18.221795,
    "mean": 11.726364625,
    "median": 11.201935500000001,
    "variance": 6.404979233052985,
    "stdDev": 2.530806044139492,
    "confidence": 4.232286023580684,
    "low": 9.610221613209658,
    "high": 13.842507636790343,
    "count": 8,
    "base": 38119.5
  },
  "Compilation.finish modules": {
    "min": 95.544239,
    "max": 112.970569,
    "mean": 103.882985875,
    "median": 112.1091445,
    "variance": 36.13449058749734,
    "stdDev": 6.011197101035479,
    "confidence": 10.05257022149695,
    "low": 98.85670076425153,
    "high": 108.90927098574848,
    "count": 8,
    "base": 38119.5
  },
  "Compilation.report dependency errors and warnings": {
    "min": 31.037633,
    "max": 45.119248,
    "mean": 39.560109999999995,
    "median": 41.155905000000004,
    "variance": 25.9563914983185,
    "stdDev": 5.094741553633364,
    "confidence": 8.51997470178705,
    "low": 35.30012264910647,
    "high": 43.82009735089352,
    "count": 8,
    "base": 38119.5
  },
  "Compilation.optimize dependencies": {
    "min": 0.714054,
    "max": 0.890069,
    "mean": 0.788135,
    "median": 0.7724075,
    "variance": 0.0038938371532500006,
    "stdDev": 0.06240061821208184,
    "confidence": 0.10435302418111014,
    "low": 0.735958487909445,
    "high": 0.8403115120905551,
    "count": 8,
    "base": 38119.5
  },
  "Compilation.create chunks": {
    "min": 80.268934,
    "max": 95.349824,
    "mean": 86.640056625,
    "median": 85.9365375,
    "variance": 30.648365291831475,
    "stdDev": 5.536096575370726,
    "confidence": 9.258056031354641,
    "low": 82.01102860932268,
    "high": 91.26908464067732,
    "count": 8,
    "base": 38119.5
  },
  "Compilation.optimize": {
    "min": 29.694332,
    "max": 34.881329,
    "mean": 33.260483625000006,
    "median": 33.7145295,
    "variance": 2.2077143478662364,
    "stdDev": 1.4858379278596425,
    "confidence": 2.4847779662722473,
    "low": 32.01809464186388,
    "high": 34.50287260813613,
    "count": 8,
    "base": 38119.5
  },
  "Compilation.module hashing": {
    "min": 121.440481,
    "max": 136.564056,
    "mean": 127.93388787499998,
    "median": 127.24115499999999,
    "variance": 20.113297061811096,
    "stdDev": 4.484785063056099,
    "confidence": 7.499939865043871,
    "low": 124.18391794247805,
    "high": 131.68385780752192,
    "count": 8,
    "base": 38119.5
  },
  "Compilation.code generation": {
    "min": 245.408693,
    "max": 446.591956,
    "mean": 281.09668362499997,
    "median": 254.14494,
    "variance": 4057.515466095899,
    "stdDev": 63.69863001741795,
    "confidence": 106.52369910694574,
    "low": 227.8348340715271,
    "high": 334.35853317847284,
    "count": 8,
    "base": 38119.5
  },
  "Compilation.runtime requirements": {
    "min": 10.251943,
    "max": 17.068406,
    "mean": 12.244354125,
    "median": 11.583333,
    "variance": 3.983258153844858,
    "stdDev": 1.995810149749935,
    "confidence": 3.3376083568581656,
    "low": 10.575549946570916,
    "high": 13.913158303429082,
    "count": 8,
    "base": 38119.5
  },
  "Compilation.hashing: initialize hash": {
    "min": 0.0053,
    "max": 0.007201,