{
  "stats": {
    "min": 26343,
    "max": 27354,
    "mean": 26932.272727272728,
    "median": 26943,
    "variance": 73147.47107438016,
    "stdDev": 270.45789149954595,
    "confidence": 363.36952193884645,
    "low": 26750.587966303305,
    "high": 27113.95748824215,
    "count": 11,
    "base": 26999.5
  },
  "heap memory": {
    "min": 492266600,
    "max": 674505992,
    "mean": 566164003.6363636,
    "median": 526640072,
    "variance": 5534707322936220,
    "stdDev": 74395613.60010561,
    "confidence": 99953077.34721094,
    "low": 516187464.9627581,
    "high": 616140542.3099691,
    "count": 11,
    "base": 26999.5
  },
  "rss memory": {
    "min": 753778688,
    "max": 850980864,
    "mean": 807929297.4545455,
    "median": 807649280,
    "variance": 770174094574380.5,
    "stdDev": 27752010.640210927,
    "confidence": 37285785.16701269,
    "low": 789286404.8710392,
    "high": 826572190.0380518,
    "count": 11,
    "base": 26999.5
  },
  "external memory": {
    "min": 83244098,
    "max": 83535518,
    "mean": 83332534.81818181,
    "median": 83285058,
    "variance": 7977860414.512396,
    "stdDev": 89318.86930829563,
    "confidence": 120002.98701110482,
    "low": 83272533.32467626,
    "high": 83392536.31168737,
    "count": 11,
    "base": 26999.5
  },
  "array buffers memory": {
    "min": 69256583,
    "max": 69548003,
    "mean": 69345019.81818181,
    "median": 69297543,
    "variance": 7977860414.512396,
    "stdDev": 89318.86930829563,
    "confidence": 120002.98701110482,
    "low": 69285018.32467626,
    "high": 69405021.31168737,
    "count": 11,
    "base": 26999.5
  },
  "Compiler.make hook": {
    "min": 21227.889921,
    "max": 22170.674692,
    "mean": 21710.502919818184,
    "median": 21724.613537,
    "variance": 83003.88435831445,
    "stdDev": 288.10394714115677,
    "confidence": 387.0776073899615,
    "low": 21516.964116123203,
    "high": 21904.041723513164,
    "count": 11,
    "base": 26999.5
  },
  "Compiler.finish make hook": {
    "min": 0.092705,
    "max": 0.107705,
    "mean": 0.10063218181818182,
    "median": 0.101606,
    "variance": 0.000031809734148760325,
    "stdDev": 0.005640011892608058,
    "confidence": 0.007577550848243048,
    "low": 0.09684340639406029,
    "high": 0.10442095724230334,
    "count": 11,
    "base": 26999.5
  },
  "Compiler.finish compilation": {
    "min": 409.980984,
    "max": 435.391312,
    "mean": 427.5341479999999,
    "median": 432.27366,
    "variance": 60.33252798246171,
    "stdDev": 7.767401623610158,
    "confidence": 10.435772456219865,
    "low": 422.31626177188997,
    "high": 432.75203422810984,
    "count": 11,
    "base": 26999.5
  },
  "Compiler.seal compilation": {
    "min": 4157.063394,
    "max": 4829.632949,
    "mean": 4516.495967545455,
    "median": 4670.61723,
    "variance": 70541.30168678868,
    "stdDev": 265.5961251351169,
    "confidence": 356.83757084721765,
    "low": 4338.077182121846,
    "high": 4694.914752969064,
    "count": 11,
    "base": 26999.5
  },
  "Compiler.afterCompile hook": {
    "min": 0.061103,
    "max": 0.084204,
    "mean": 0.07170372727272727,
    "median": 0.072804,
    "variance": 0.0000386293092892562,
    "stdDev": 0.006215248127730396,
    "confidence": 0.008350400605369318,
    "low": 0.06752852697004261,
    "high": 0.07587892757541193,
    "count": 11,
    "base": 26999.5
  },
  "Compiler.emitAssets": {
    "min": 234.28201,
    "max": 303.223157,
    "mean": 261.64049445454543,
    "median": 252.973579,
    "variance": 461.98920006299045,
    "stdDev": 21.493934029464928,
    "confidence": 28.877843014926185,
    "low": 247.20157294708233,
    "high": 276.0794159620085,
    "count": 11,
    "base": 26999.5
  },
  "Compiler.emitRecords": {
    "min": 0.092204,
    "max": 0.118706,
    "mean": 0.10232327272727272,
    "median": 0.099905,
    "variance": 0.0000682701754710744,
    "stdDev": 0.008262576805759472,
    "confidence": 0.01110105742245232,
    "low": 0.09677274401604656,
    "high": 0.10787380143849888,
    "count": 11,
    "base": 26999.5
  },
  "FlagDependencyExportsPlugin.restore cached provided exports": {
    "min": 30.216262,
    "max": 41.147328,
    "mean": 34.143510181818186,
    "median": 32.767594,
    "variance": 14.930708544342336,
    "stdDev": 3.864027503052008,
    "confidence": 5.1914544580590665,
    "low": 31.547782952788655,
    "high": 36.73923741084772,
    "count": 11,
    "base": 26999.5
  },
  "FlagDependencyExportsPlugin.figure out provided exports": {
    "min": 244.324824,
    "max": 274.548692,
    "mean": 260.09054954545456,
    "median": 260.786983,
    "variance": 53.835979534015515,
    "stdDev": 7.337300561788069,
    "confidence": 9.857916819051525,
    "low": 255.1615911359288,
    "high": 265.0195079549803,
    "count": 11,
    "base": 26999.5
  },
  "FlagDependencyExportsPlugin.store provided exports into cache": {
    "min": 33.32362,
    "max": 44.563806,
    "mean": 36.22261754545454,
    "median": 35.282824,
    "variance": 9.46193474545952,
    "stdDev": 3.0760258037701047,
    "confidence": 4.132746948481568,
    "low": 34.156244071213756,
    "high": 38.288991019695324,
    "count": 11,
    "base": 26999.5
  },
  "Compilation.finish modules": {
    "min": 312.391042,
    "max": 344.174904,
    "mean": 333.32405254545455,
    "median": 336.741405,
    "variance": 83.07684730207113,
    "stdDev": 9.11465014699254,
    "confidence": 12.245847396758563,
    "low": 327.20112884707527,
    "high": 339.44697624383383,
    "count": 11,
    "base": 26999.5
  },
  "Compilation.report dependency errors and warnings": {
    "min": 87.895847,
    "max": 97.46884,
    "mean": 94.00238509090909,
    "median": 94.977309,
    "variance": 9.236163062847346,
    "stdDev": 3.0391056353551362,
    "confidence": 4.083143426571127,
    "low": 91.96081337762352,
    "high": 96.04395680419465,
    "count": 11,
    "base": 26999.5
  },
  "Compilation.optimize dependencies": {
    "min": 102.244579,
    "max": 418.38413,
    "mean": 136.5475929090909,
    "median": 106.96263,
    "variance": 7964.191304063311,
    "stdDev": 89.24231789943217,
    "confidence": 119.90013754834695,
    "low": 76.59752413491742,
    "high": 196.49766168326437,
    "count": 11,
    "base": 26999.5
  },
  "Compilation.create chunks": {
    "min": 197.461797,
    "max": 306.162324,
    "mean": 220.2475901818182,
    "median": 213.025495,
    "variance": 846.1859667697319,
    "stdDev": 29.089275803459458,
    "confidence": 39.08244711827217,
    "low": 200.7063666226821,
    "high": 239.78881374095428,
    "count": 11,
    "base": 26999.5
  },
  "Compilation.optimize": {
    "min": 157.944363,
    "max": 188.835363,
    "mean": 171.1201790909091,
    "median": 170.475713,
    "variance": 98.54565529679353,
    "stdDev": 9.927016434800212,
    "confidence": 13.337289572852058,
    "low": 164.45153430448306,
    "high": 177.78882387733512,
    "count": 11,
    "base": 26999.5
  },
  "Compilation.module hashing": {
    "min": 330.978309,
    "max": 355.565979,
    "mean": 342.18162863636366,
    "median": 339.496651,
    "variance": 71.54747612439127,
    "stdDev": 8.458574118868455,
    "confidence": 11.36438658460338,
    "low": 336.49943534406196,
    "high": 347.86382192866535,
    "count": 11,
    "base": 26999.5
  },
  "Compilation.code generation": {
    "min": 2557.802189,
    "max": 3204.957038,
    "mean": 2845.718651727273,
    "median": 2698.42537,
    "variance": 65410.64344581757,
    "stdDev": 255.75504578760038,
    "confidence": 343.6157407203809,
    "low": 2673.9107813670826,
    "high": 3017.5265220874635,
    "count": 11,
    "base": 26999.5
  },
  "Compilation.runtime requirements": {
    "min": 44.932423,
    "max": 52.946336,
    "mean": 46.78547263636364,
    "median": 45.850269,
    "variance": 5.268122352616235,
    "stdDev": 2.29523906219292,
    "confidence": 3.0837329838675203,
    "low": 45.24360614442988,
    "high": 48.3273391282974,
    "count": 11,