{
  "stats": {
    "min": 49422,
    "max": 52565,
    "mean": 50962,
    "median": 51322,
    "variance": 1181823.6666666667,
    "stdDev": 1087.117135669688,
    "confidence": 2282.0901079839095,
    "low": 49820.954946008045,
    "high": 52103.045053991955,
    "count": 6,
    "base": 55459.5
  },
  "heap memory": {
    "min": 280545104,
    "max": 448802488,
    "mean": 354902773.3333333,
    "median": 336133092,
    "variance": 5605861506486479,
    "stdDev": 74872301.33024147,
    "confidence": 157172886.5468371,
    "low": 276316330.05991477,
    "high": 433489216.60675186,
    "count": 6,
    "base": 55459.5
  },
  "rss memory": {
    "min": 929710080,
    "max": 1113034752,
    "mean": 990418261.3333334,
    "median": 941328384,
    "variance": 3826029040995896.5,
    "stdDev": 61854903.128174864,
    "confidence": 129846598.79558802,
    "low": 925494961.9355394,
    "high": 1055341560.7311274,
    "count": 6,
    "base": 55459.5
  },
  "external memory": {
    "min": 122424324,
    "max": 122448900,
    "mean": 122437977.33333333,
    "median": 122440708,
    "variance": 59652323.55555555,
    "stdDev": 7723.491668640263,
    "confidence": 16213.251873016357,
    "low": 122429870.70739682,
    "high": 122446083.95926984,
    "count": 6,
    "base": 55459.5
  },
  "array buffers memory": {
    "min": 121074914,
    "max": 121099490,
    "mean": 121088567.33333333,
    "median": 121091298,
    "variance": 59652323.55555555,
    "stdDev": 7723.491668640263,
    "confidence": 16213.251873016357,
    "low": 121080460.70739682,
    "high": 121096673.95926984,
    "count": 6,
    "base": 55459.5
  },
  "Compiler.make hook": {
    "min": 47348.709444,
    "max": 50373.018718,
    "mean": 48760.28146283332,
    "median": 48899.8940065,
    "variance": 1037130.3290875092,
    "stdDev": 1018.395958891977,
    "confidence": 2137.8297402758617,
    "low": 47691.36659269539,
    "high": 49829.19633297125,
    "count": 6,
    "base": 55459.5
  },
  "Compiler.finish make hook": {
    "min": 0.200501,
    "max": 0.310302,
    "mean": 0.24691833333333335,
    "median": 0.2431015,
    "variance": 0.0013003281335555556,
    "stdDev": 0.03606006286122579,
    "confidence": 0.07569774226600468,
    "low": 0.209069462200331,
    "high": 0.2847672044663357,
    "count": 6,
    "base": 55459.5
  },
  "Compiler.finish compilation": {
    "min": 253.032753,
    "max": 367.582042,
    "mean": 284.22584116666667,
    "median": 270.494647,
    "variance": 1440.854758442939,
    "stdDev": 37.95859268259216,
    "confidence": 79.68316019650547,
    "low": 244.38426106841393,
    "high": 324.0674212649194,
    "count": 6,
    "base": 55459.5
  },
  "Compiler.seal compilation": {
    "min": 1370.963947,
    "max": 1639.274035,
    "mean": 1443.6086851666666,
    "median": 1410.0267374999999,
    "variance": 7924.843198811229,
    "stdDev": 89.02158838625174,
    "confidence": 186.87524976609984,
    "low": 1350.1710602836167,
    "high": 1537.0463100497166,
    "count": 6,
    "base": 55459.5
  },
  "Compiler.afterCompile hook": {
    "min": 0.0741,
    "max": 0.105601,
    "mean": 0.08175049999999999,
    "median": 0.0768005,
    "variance": 0.00012191001691666667,
    "stdDev": 0.0110412869230297,
    "confidence": 0.023178009838779795,
    "low": 0.07016149508061009,
    "high": 0.09333950491938989,
    "count": 6,
    "base": 55459.5
  },
  "Compiler.emitAssets": {
    "min": 277.779704,
    "max": 649.608092,
    "mean": 456.0054566666666,
    "median": 426.73010899999997,
    "variance": 18470.110032326447,
    "stdDev": 135.9047829633911,
    "confidence": 285.29304768744845,
    "low": 313.35893282294234,
    "high": 598.6519805103908,
    "count": 6,
    "base": 55459.5
  },
  "Compiler.emitRecords": {
    "min": 0.085001,
    "max": 2.796619,
    "mean": 0.5492370000000001,
    "median": 0.1030505,
    "variance": 1.0101948451583334,
    "stdDev": 1.0050844965267016,
    "confidence": 1.6041800746478883,
    "low": 0,
    "high": 1.6041800746478883,
    "count": 6,
    "base": 55459.5
  },
  "Compilation.compute affected modules": {
    "min": 0.233601,
    "max": 0.420803,
    "mean": 0.29523516666666666,
    "median": 0.27140200000000003,
    "variance": 0.004179844067138888,
    "stdDev": 0.06465171356691861,
    "confidence": 0.1357176988148434,
    "low": 0.22737631725924495,
    "high": 0.36309401607408837,
    "count": 6,
    "base": 55459.5
  },
  "Compilation.finish modules": {
    "min": 195.03085,
    "max": 297.711859,
    "mean": 229.20881533333332,
    "median": 223.88738899999998,
    "variance": 1054.1780984940199,
    "stdDev": 32.46810894545631,
    "confidence": 68.15746695384891,
    "low": 195.13008185640885,
    "high": 263.28754881025776,
    "count": 6,
    "base": 55459.5
  },
  "Compilation.report dependency errors and warnings": {
    "min": 43.120296,
    "max": 69.098078,
    "mean": 54.22191999999999,
    "median": 53.6193125,
    "variance": 73.53764808810165,
    "stdDev": 8.575409499732455,
    "confidence": 18.00160861156438,
    "low": 45.2211156942178,
    "high": 63.22272430578218,
    "count": 6,
    "base": 55459.5
  },
  "Compilation.optimize dependencies": {
    "min": 1.073707,
    "max": 1.49801,
    "mean": 1.2232416666666666,
    "median": 1.174358,
    "variance": 0.020374969700888892,
    "stdDev": 0.14274091810300538,
    "confidence": 0.2996435494568317,
    "low": 1.0734198919382507,
    "high": 1.3730634413950824,
    "count": 6,
    "base": 55459.5
  },
  "Compilation.create chunks": {
    "min": 92.508026,
    "max": 141.581479,
    "mean": 106.46241083333335,
    "median": 95.5470045,
    "variance": 263.23404424129916,
    "stdDev": 16.224489028665868,
    "confidence": 34.058653575176294,
    "low": 89.4330840457452,
    "high": 123.4917376209215,
    "count": 6,
    "base": 55459.5
  },
  "Compilation.compute affected modules with chunk graph": {
    "min": 0.173501,
    "max": 0.203602,
    "mean": 0.1863515,
    "median": 0.18675150000000001,
    "variance": 0.00009223681691666672,
    "stdDev": 0.009604000047723174,
    "confidence": 0.020160838962845096,
    "low": 0.17627108051857746,
    "high": 0.19643191948142255,
    "count": 6,
    "base": 55459.5
  },
  "Compilation.optimize": {
    "min": 53.495961,
    "max": 81.896267,
    "mean": 62.81067916666666,
    "median": 59.638102,
    "variance": 91.33022718392345,
    "stdDev": 9.556684947403228,
    "confidence": 20.061514502899144,
    "low": 52.77992191521709,
    "high": 72.84143641811623,
    "count": 6,
    "base": 55459.5
  },
  "Compilation.module hashing": {
    "min": 175.728411,
    "max": 229.682788,
    "mean": 196.65005899999997,
    "median": 196.542995,
    "variance": 295.8628000467169,
    "stdDev": 17.200662779286063,
    "confidence": 36.10784991922213,
    "low": 178.5961340403889,
    "high": 214.70398395961104,
    "count": 6,
    "base": 55459.5
  },
  "Compilation.code generation": {
    "min": 606.361279,
    "max": 719.586476,
    "mean": 648.1454236666667,
    "median": 647.431758,
    "variance": 1442.4258452129204,
    "stdDev": 37.97928178906126,
    "confidence": 79.72659103175488,
    "low": 608.2821281507893,
    "high": 688.0087191825442,
    "count": 6,
    "base": 55459.5
  },
  "Compilation.runtime requirements.modules": {
    "min": 13.428292,
    "max": 29.542904,
    "mean": 17.40775216666667,
    "median": 15.450804000000002,
    "variance": 30.057149847106473,
    "stdDev": 5.48244013620819,
    "confidence": 11.508808013358511,
    "low": 11.653348159987413,
    "high": 23.162156173345924,
    "count": 6,
    "base": 55459.5
  },
  "Compilation.runtime requirements.chunks": {
    "min": 4.288429,
    "max": 11.965683,
    "mean": 6.1271249999999995,
    "median": 4.746432,
    "variance": 7.037561094664002,
    "stdDev": 2.652840193955151,
    "confidence": 5.56887585159602,
    "low": 3.342687074201989,
    "high": 8.911562925798009,
    "count": 6,
    "base": 55459.5
  },