{
  "stats": {
    "min": 6643,
    "max": 7337,
    "mean": 6898.4,
    "median": 6842.5,
    "variance": 23363.039999999997,
    "stdDev": 152.8497301273378,
    "confidence": 114.13723748540542,
    "low": 6841.331381257297,
    "high": 6955.468618742702,
    "count": 30,
    "base": 8128
  },
  "heap memory": {
    "min": 211987792,
    "max": 229328104,
    "mean": 219452914.93333334,
    "median": 218985356,
    "variance": 14608297148507.662,
    "stdDev": 3822080.2122022063,
    "confidence": 2854055.9182208776,
    "low": 218025886.9742229,
    "high": 220879942.89244378,
    "count": 30,
    "base": 8128
  },
  "rss memory": {
    "min": 322764800,
    "max": 343482368,
    "mean": 329903718.4,
    "median": 329537536,
    "variance": 16881459945362.771,
    "stdDev": 4108705.3855640185,
    "confidence": 3068087.0810762644,
    "low": 328369674.85946184,
    "high": 331437761.9405381,
    "count": 30,
    "base": 8128
  },
  "external memory": {
    "min": 33825729,
    "max": 33825729,
    "mean": 33825729,
    "median": 33825729,
    "variance": 0,
    "stdDev": 0,
    "confidence": 0,
    "low": 33825729,
    "high": 33825729,
    "count": 30,
    "base": 8128
  },
  "array buffers memory": {
    "min": 13410901,
    "max": 13410901,
    "mean": 13410901,
    "median": 13410901,
    "variance": 0,
    "stdDev": 0,
    "confidence": 0,
    "low": 13410901,
    "high": 13410901,
    "count": 30,
    "base": 8128
  },
  "buildChunkGraph.visitModules.prepare": {
    "min": 30.778574,
    "max": 48.401779,
    "mean": 39.54467983333333,
    "median": 38.8470875,
    "variance": 14.945287251759941,
    "stdDev": 3.8659135080547187,
    "confidence": 2.8867874859790987,
    "low": 38.101286090343784,
    "high": 40.98807357632288,
    "count": 30,
    "base": 8128
  },
  "buildChunkGraph.visitModules.visiting": {
    "min": 12.982312,
    "max": 22.006148,
    "mean": 15.55995463333333,
    "median": 14.991119999999999,
    "variance": 4.218492862223366,
    "stdDev": 2.053896994063569,
    "confidence": 1.533703257354114,
    "low": 14.793103004656272,
    "high": 16.326806262010386,
    "count": 30,
    "base": 8128
  },
  "exec": {
    "min": 7639,
    "max": 8222,
    "mean": 7822.733333333334,
    "median": 7793,
    "variance": 18340.062222222223,
    "stdDev": 135.4254858666648,
    "confidence": 101.12605909779995,
    "low": 7772.170303784434,
    "high": 7873.296362882234,
    "count": 30,
    "base": 8128
  },
  "main.js size": {
    "min": 19249308,
    "max": 19249308,
    "mean": 19249308,
    "median": 19249308,
    "variance": 0,
    "stdDev": 0,
    "confidence": 0,
    "low": 19249308,
    "high": 19249308,
    "count": 30,
    "base": 8128
  },
  "main.js gzip size": {
    "min": 2773633,
    "max": 2773633,
    "mean": 2773633,
    "median": 2773633,
    "variance": 0,
    "stdDev": 0,
    "confidence": 0,
    "low": 2773633,
    "high": 2773633,
    "count": 30,
    "base": 8128
  }
}