{
  "stats": {
    "min": 205.1818181818182,
    "max": 223.54545454545453,
    "mean": 213.00699300699304,
    "median": 211.1818181818182,
    "variance": 35.183040735488234,
    "stdDev": 5.931529375758687,
    "confidence": 7.1693904883462665,
    "low": 209.4222977628199,
    "high": 216.59168825116618,
    "count": 13,
    "base": 354.1363636363636
  },
  "heap memory": {
    "min": 274752092.3636364,
    "max": 280899519.27272725,
    "mean": 277810463.83216786,
    "median": 277656978.90909094,
    "variance": 3150102623469.8613,
    "stdDev": 1774852.8455818137,
    "confidence": 2145249.952117324,
    "low": 276737838.8561092,
    "high": 278883088.8082265,
    "count": 13,
    "base": 354.1363636363636
  },
  "rss memory": {
    "min": 577533021.0909091,
    "max": 622608011.6363636,
    "mean": 590316379.3006994,
    "median": 587195857.4545455,
    "variance": 179952058940655.8,
    "stdDev": 13414621.088225184,
    "confidence": 16214141.537887812,
    "low": 582209308.5317554,
    "high": 598423450.0696433,
    "count": 13,
    "base": 354.1363636363636
  },
  "external memory": {
    "min": 152742333.63636363,
    "max": 152783293.63636363,
    "mean": 152749895.48251742,
    "median": 152742333.63636363,
    "variance": 138982854.43786985,
    "stdDev": 11789.098966327743,
    "confidence": 14249.386396169662,
    "low": 152742770.78931934,
    "high": 152757020.1757155,
    "count": 13,
    "base": 354.1363636363636
  },
  "array buffers memory": {
    "min": 151284216.27272728,
    "max": 151325176.27272728,
    "mean": 151291778.1188811,
    "median": 151284216.27272728,
    "variance": 138982854.43786982,
    "stdDev": 11789.098966327741,
    "confidence": 14249.386396169662,
    "low": 151284653.42568302,
    "high": 151298902.8120792,
    "count": 13,
    "base": 354.1363636363636
  },
  "Compiler.make hook": {
    "min": 75.8102261818182,
    "max": 84.47263000000001,
    "mean": 79.50765320979022,
    "median": 78.37432600000001,
    "variance": 7.891842298044946,
    "stdDev": 2.80924229963258,
    "confidence": 3.3955079283190344,
    "low": 77.8098992456307,
    "high": 81.20540717394974,
    "count": 13,
    "base": 354.1363636363636
  },
  "Compiler.finish make hook": {
    "min": 0.0036909090909090915,
    "max": 0.005572818181818182,
    "mean": 0.004849727272727273,
    "median": 0.004809181818181818,
    "variance": 2.1931042848061016e-7,
    "stdDev": 0.00046830591335217,
    "confidence": 0.0005660374834431173,
    "low": 0.004566708531005714,
    "high": 0.0051327460144488316,
    "count": 13,
    "base": 354.1363636363636
  },
  "Compiler.finish compilation": {
    "min": 2.447922454545455,
    "max": 2.784350272727273,
    "mean": 2.6046426993006992,
    "median": 2.6006106363636365,
    "variance": 0.009329628486716313,
    "stdDev": 0.09659000200184444,
    "confidence": 0.11674753638606017,
    "low": 2.546268931107669,
    "high": 2.6630164674937293,
    "count": 13,
    "base": 354.1363636363636
  },
  "Compiler.seal compilation": {
    "min": 87.04385363636362,
    "max": 95.60885027272728,
    "mean": 91.284397986014,
    "median": 91.55671872727272,
    "variance": 7.673218582436819,
    "stdDev": 2.7700575052581162,
    "confidence": 3.3481455915118943,
    "low": 89.61032519025805,
    "high": 92.95847078176995,
    "count": 13,
    "base": 354.1363636363636
  },
  "Compiler.afterCompile hook": {
    "min": 0.0041364545454545465,
    "max": 0.006536454545454546,
    "mean": 0.004747650349650349,
    "median": 0.004545636363636364,
    "variance": 3.353002235806151e-7,
    "stdDev": 0.0005790511407299144,
    "confidence": 0.0006998943236429835,
    "low": 0.004397703187828858,
    "high": 0.005097597511471841,
    "count": 13,
    "base": 354.1363636363636
  },
  "Compiler.emitAssets": {
    "min": 29.618217454545455,
    "max": 37.59276372727272,
    "mean": 34.74919806993007,
    "median": 35.02224427272727,
    "variance": 4.632084140432152,
    "stdDev": 2.1522277157476046,
    "confidence": 2.601379835881289,
    "low": 33.44850815198942,
    "high": 36.04988798787071,
    "count": 13,
    "base": 354.1363636363636
  },
  "Compiler.emitRecords": {
    "min": 0.006872909090909091,
    "max": 0.011536363636363635,
    "mean": 0.008361643356643357,
    "median": 0.00789090909090909,
    "variance": 0.0000015342723349797042,
    "stdDev": 0.0012386574728227753,
    "confidence": 0.0014971550406995644,
    "low": 0.007613065836293576,
    "high": 0.00911022087699314,
    "count": 13,
    "base": 354.1363636363636
  },
  "Compilation.compute affected modules": {
    "min": 1.0967592727272726,
    "max": 1.3183637272727273,
    "mean": 1.1961856013986014,
    "median": 1.2173533636363636,
    "variance": 0.004650137343131006,
    "stdDev": 0.0681919155261898,
    "confidence": 0.0824230041839833,
    "low": 1.1549740993066098,
    "high": 1.237397103490593,
    "count": 13,
    "base": 354.1363636363636
  },
  "Compilation.finish modules": {
    "min": 0.6131620909090908,
    "max": 0.6754147272727272,
    "mean": 0.6428720419580418,
    "median": 0.6430535454545453,
    "variance": 0.00033370988344515613,
    "stdDev": 0.018267727922354114,
    "confidence": 0.022080051621336194,
    "low": 0.6318320161473737,
    "high": 0.6539120677687099,
    "count": 13,
    "base": 354.1363636363636
  },
  "Compilation.report dependency errors and warnings": {
    "min": 0.6480656363636363,
    "max": 0.8279284545454545,
    "mean": 0.7007202727272726,
    "median": 0.7004395454545455,
    "variance": 0.002009498722710743,
    "stdDev": 0.04482743270265143,
    "confidence": 0.0541825470761097,
    "low": 0.6736289991892177,
    "high": 0.7278115462653274,
    "count": 13,
    "base": 354.1363636363636
  },
  "Compilation.optimize dependencies": {
    "min": 0.030218636363636364,
    "max": 0.03962809090909091,
    "mean": 0.033100510489510494,
    "median": 0.032455,
    "variance": 0.000005868712060443058,
    "stdDev": 0.0024225424785631845,
    "confidence": 0.0029281070535378123,
    "low": 0.03163645696274159,
    "high": 0.0345645640162794,
    "count": 13,
    "base": 354.1363636363636
  },
  "Compilation.create chunks": {
    "min": 16.365533363636366,
    "max": 19.759965545454545,
    "mean": 17.881280986013987,
    "median": 17.719220909090907,
    "variance": 0.7814191173054881,
    "stdDev": 0.883979138501293,
    "confidence": 1.0684582720551887,
    "low": 17.347051849986393,
    "high": 18.41551012204158,
    "count": 13,
    "base": 354.1363636363636
  },
  "Compilation.compute affected modules with chunk graph": {
    "min": 2.5438458181818184,
    "max": 3.686554909090909,
    "mean": 3.008991216783217,
    "median": 2.930902,
    "variance": 0.10759205241089198,
    "stdDev": 0.32801227478692313,
    "confidence": 0.39646572307793804,
    "low": 2.810758355244248,
    "high": 3.207224078322186,
    "count": 13,
    "base": 354.1363636363636
  },
  "Compilation.optimize": {
    "min": 13.896084454545456,
    "max": 19.688852090909094,
    "mean": 16.405893902097905,
    "median": 15.75559490909091,
    "variance": 3.3206731803842144,
    "stdDev": 1.8222714343324966,
    "confidence": 2.2025644080735063,
    "low": 15.304611698061152,
    "high": 17.507176106134658,
    "count": 13,
    "base": 354.1363636363636
  },
  "Compilation.module hashing": {
    "min": 3.626732363636363,
    "max": 6.161328454545455,
    "mean": 4.621000734265734,
    "median": 4.681102363636363,
    "variance": 0.46759351528766374,
    "stdDev": 0.6838080982904954,
    "confidence": 0.82651319165236,
    "low": 4.207744138439554,
    "high": 5.034257330091914,
    "count": 13,
    "base": 354.1363636363636
  },
  "Compilation.code generation": {
    "min": 7.951558181818182,
    "max": 13.170688272727272,
    "mean": 9.891685587412589,
    "median": 8.612329,
    "variance": 1.9046712925374327,
    "stdDev": 1.380098290897222,
    "confidence": 1.6681133874475549,
    "low": 9.057628893688811,