{
  "cache.PackFileCacheStrategy.restore cache container": {
    "min": 23.60136,
    "max": 33.447327,
    "mean": 26.833643909090906,
    "median": 26.095313,
    "variance": 5.962388832340266,
    "stdDev": 2.441800326058678,
    "confidence": 2.1656692874463843,
    "low": 25.750809265367714,
    "high": 27.916478552814098,
    "count": 22,
    "base": 7531
  },
  "stats": {
    "min": 7415,
    "max": 9198,
    "mean": 8333.227272727272,
    "median": 8357,
    "variance": 371263.6301652892,
    "stdDev": 609.3140652941545,
    "confidence": 540.4097720580539,
    "low": 8063.022386698245,
    "high": 8603.432158756299,
    "count": 22,
    "base": 7531
  },
  "heap memory": {
    "min": 225779088,
    "max": 332835888,
    "mean": 285613300,
    "median": 307924208,
    "variance": 1403772639880266.2,
    "stdDev": 37466953.97120329,
    "confidence": 33230002.733504653,
    "low": 268998298.6332477,
    "high": 302228301.3667523,
    "count": 22,
    "base": 7531
  },
  "rss memory": {
    "min": 496349184,
    "max": 681660416,
    "mean": 576696506.1818181,
    "median": 558401536,
    "variance": 5585334605865299,
    "stdDev": 74735096.21232383,
    "confidence": 66283676.365391254,
    "low": 543554667.9991225,
    "high": 609838344.3645138,
    "count": 22,
    "base": 7531
  },
  "external memory": {
    "min": 103861018,
    "max": 103877402,
    "mean": 103868837.63636364,
    "median": 103869210,
    "variance": 21214165.685950425,
    "stdDev": 4605.883811599075,
    "confidence": 4085.027348816395,
    "low": 103866795.12268923,
    "high": 103870880.15003805,
    "count": 22,
    "base": 7531
  },
  "array buffers memory": {
    "min": 102371702,
    "max": 102388086,
    "mean": 102379521.63636364,
    "median": 102379894,
    "variance": 21214165.685950425,
    "stdDev": 4605.883811599075,
    "confidence": 4085.027348816395,
    "low": 102377479.12268923,
    "high": 102381564.15003805,
    "count": 22,
    "base": 7531
  },
  "Compiler.make hook": {
    "min": 5771.819563,
    "max": 7230.74834,
    "mean": 6519.801284545453,
    "median": 6514.816699,
    "variance": 284042.1853613229,
    "stdDev": 532.9560820192626,
    "confidence": 472.68673284595934,
    "low": 6283.4579181224735,
    "high": 6756.144650968433,
    "count": 22,
    "base": 7531
  },
  "Compiler.finish make hook": {
    "min": 0.077201,
    "max": 0.187203,
    "mean": 0.11179286363636365,
    "median": 0.107602,
    "variance": 0.0007113723535723139,
    "stdDev": 0.026671564513022366,
    "confidence": 0.023655410107685182,
    "low": 0.09996515858252106,
    "high": 0.12362056869020624,
    "count": 22,
    "base": 7531
  },
  "Compiler.finish compilation": {
    "min": 239.469397,
    "max": 313.871881,
    "mean": 278.7781154090909,
    "median": 278.54670150000004,
    "variance": 331.0404928144782,
    "stdDev": 18.194518207814085,
    "confidence": 16.136990753108876,
    "low": 270.70962003253646,
    "high": 286.84661078564534,
    "count": 22,
    "base": 7531
  },
  "Compiler.seal compilation": {
    "min": 1153.504806,
    "max": 1521.179218,
    "mean": 1277.4123555909093,
    "median": 1216.5127174999998,
    "variance": 14157.834310574224,
    "stdDev": 118.986698040471,
    "confidence": 105.53108491751118,
    "low": 1224.6468131321537,
    "high": 1330.177898049665,
    "count": 22,
    "base": 7531
  },
  "Compiler.afterCompile hook": {
    "min": 0.070901,
    "max": 0.097201,
    "mean": 0.083256,
    "median": 0.085802,
    "variance": 0.00005073412099999999,
    "stdDev": 0.0071227888498817645,
    "confidence": 0.006317308130617316,
    "low": 0.08009734593469134,
    "high": 0.08641465406530865,
    "count": 22,
    "base": 7531
  },
  "Compiler.emitAssets": {
    "min": 168.860106,
    "max": 373.402105,
    "mean": 233.77230827272732,
    "median": 228.135694,
    "variance": 2272.798021062901,
    "stdDev": 47.67387147130911,
    "confidence": 42.28267076437413,
    "low": 212.63097289054025,
    "high": 254.91364365491438,
    "count": 22,
    "base": 7531
  },
  "Compiler.emitRecords": {
    "min": 0.063001,
    "max": 0.102602,
    "mean": 0.08867863636363636,
    "median": 0.0901515,
    "variance": 0.0000880421457768595,
    "stdDev": 0.009383077628201715,
    "confidence": 0.008321992107324094,
    "low": 0.08451764030997432,
    "high": 0.09283963241729841,
    "count": 22,
    "base": 7531
  },
  "Compilation.compute affected modules": {
    "min": 0.244905,
    "max": 0.443112,
    "mean": 0.2997602272727272,
    "median": 0.293856,
    "variance": 0.0014213290998119834,
    "stdDev": 0.03770051856157927,
    "confidence": 0.033437154667515845,
    "low": 0.2830416499389693,
    "high": 0.31647880460648514,
    "count": 22,
    "base": 7531
  },
  "Compilation.finish modules": {
    "min": 187.599358,
    "max": 255.853289,
    "mean": 224.51865995454546,
    "median": 224.3108875,
    "variance": 258.2220982206696,
    "stdDev": 16.069290532586358,
    "confidence": 14.252094491955177,
    "low": 217.39261270856787,
    "high": 231.64470720052304,
    "count": 22,
    "base": 7531
  },
  "Compilation.report dependency errors and warnings": {
    "min": 45.889019,
    "max": 69.394782,
    "mean": 53.22341281818182,
    "median": 52.720882,
    "variance": 26.377085861494162,
    "stdDev": 5.135862718326314,
    "confidence": 4.55507358030917,
    "low": 50.945876028027236,
    "high": 55.500949608336406,
    "count": 22,
    "base": 7531
  },
  "Compilation.optimize dependencies": {
    "min": 1.03282,
    "max": 1.56281,
    "mean": 1.3706620909090907,
    "median": 1.4198835,
    "variance": 0.013187598295264462,
    "stdDev": 0.1148372687556808,
    "confidence": 0.10185089392621682,
    "low": 1.3197366439459823,
    "high": 1.4215875378721992,
    "count": 22,
    "base": 7531
  },
  "Compilation.create chunks": {
    "min": 96.966734,
    "max": 135.245275,
    "mean": 114.08756540909093,
    "median": 115.8265245,
    "variance": 88.7330656091925,
    "stdDev": 9.41982301368728,
    "confidence": 8.354582140158556,
    "low": 109.91027433901165,
    "high": 118.2648564791702,
    "count": 22,
    "base": 7531
  },
  "Compilation.compute affected modules with chunk graph": {
    "min": 0.169503,
    "max": 0.258204,
    "mean": 0.21625859090909091,
    "median": 0.2238055,
    "variance": 0.0006655859487871902,
    "stdDev": 0.02579895247461009,
    "confidence": 0.022881477419054663,
    "low": 0.20481785219956358,
    "high": 0.22769932961861825,
    "count": 22,
    "base": 7531
  },
  "Compilation.optimize": {
    "min": 63.892519,
    "max": 91.760792,
    "mean": 73.7971276818182,
    "median": 73.6318205,
    "variance": 42.40284877518095,
    "stdDev": 6.511746983351007,
    "confidence": 5.775365945760001,
    "low": 70.9094447089382,
    "high": 76.6848106546982,
    "count": 22,
    "base": 7531
  },
  "Compilation.module hashing": {
    "min": 109.652309,
    "max": 135.569319,
    "mean": 123.93488931818182,
    "median": 124.289826,
    "variance": 45.96497751658013,
    "stdDev": 6.779747599769488,
    "confidence": 6.0130597071213,
    "low": 120.92835946462117,
    "high": 126.94141917174247,
    "count": 22,
    "base": 7531
  },
  "Compilation.code generation": {
    "min": 488.457362,
    "max": 794.217039,
    "mean": 541.8216376363636,
    "median": 527.170055,
    "variance": 3718.4299973739367,
    "stdDev": 60.97893076607638,
    "confidence": 54.08312716321484,
    "low": 514.7800740547561,
    "high": 568.863201217971,
    "count": 22,
    "base": 7531
  },
  "Compilation.runtime requirements.modules": {
    "min": 14.255619,
    "max": 32.179898,
    "mean": 18.37591427272727,
    "median": 16.343685999999998,
    "variance": 21.10327090237329,
    "stdDev": 4.593829655350021,
    "confidence": 4.07433633707889,
    "low": 16.338746104187827,
    "high": 20.413082441266717,
    "count": 22,
    "base": 7531
  },
  "Compilation.runtime requirements.chunks": {
    "min": 4.754734,