{
  "stats": {
    "min": 67,
    "max": 73.18181818181819,
    "mean": 70.69480519480518,
    "median": 71.54545454545455,
    "variance": 3.4871394838927374,
    "stdDev": 1.8673884127017435,
    "confidence": 2.156027960065842,
    "low": 69.61679121477226,
    "high": 71.7728191748381,
    "count": 14,
    "base": 100.68181818181819
  },
  "heap memory": {
    "min": 201830547.63636363,
    "max": 233059257.45454547,
    "mean": 219910629.4025974,
    "median": 219266030.54545456,
    "variance": 60460375164534.29,
    "stdDev": 7775626.994946085,
    "confidence": 8977494.50200969,
    "low": 215421882.15159255,
    "high": 224399376.65360224,
    "count": 14,
    "base": 100.68181818181819
  },
  "rss memory": {
    "min": 567901463.2727273,
    "max": 971567476.3636364,
    "mean": 629705954.0779221,
    "median": 589904430.5454545,
    "variance": 11002505042637506,
    "stdDev": 104892826.45937951,
    "confidence": 121105960.13046885,
    "low": 569152974.0126877,
    "high": 690258934.1431565,
    "count": 14,
    "base": 100.68181818181819
  },
  "external memory": {
    "min": 66689647.90909091,
    "max": 98304513,
    "mean": 76889165.6038961,
    "median": 76244143.72727272,
    "variance": 42937350517793.64,
    "stdDev": 6552659.804826864,
    "confidence": 7565495.028196245,
    "low": 73106418.08979797,
    "high": 80671913.11799422,
    "count": 14,
    "base": 100.68181818181819
  },
  "array buffers memory": {
    "min": 65196427.54545455,
    "max": 96811292.63636364,
    "mean": 75395945.24025974,
    "median": 74750923.36363636,
    "variance": 42937350517793.65,
    "stdDev": 6552659.804826865,
    "confidence": 7565495.028196245,
    "low": 71613197.72616161,
    "high": 79178692.75435786,
    "count": 14,
    "base": 100.68181818181819
  },
  "Compiler.make hook": {
    "min": 19.77244209090909,
    "max": 21.01290818181818,
    "mean": 20.31066274675325,
    "median": 20.14567486363636,
    "variance": 0.1585471177591564,
    "stdDev": 0.3981797555867907,
    "confidence": 0.4597258290444515,
    "low": 20.080799832231023,
    "high": 20.540525661275474,
    "count": 14,
    "base": 100.68181818181819
  },
  "Compiler.finish make hook": {
    "min": 0.002476272727272727,
    "max": 0.002785181818181818,
    "mean": 0.0026041103896103897,
    "median": 0.002573318181818182,
    "variance": 8.990003752740762e-9,
    "stdDev": 0.00009481563031874419,
    "confidence": 0.00010947114624253098,
    "low": 0.0025493748164891242,
    "high": 0.002658845962731655,
    "count": 14,
    "base": 100.68181818181819
  },
  "Compiler.finish compilation": {
    "min": 5.204275454545454,
    "max": 5.830724363636364,
    "mean": 5.448832227272729,
    "median": 5.384390772727272,
    "variance": 0.03868617722095726,
    "stdDev": 0.1966880200239894,
    "confidence": 0.22708980504391896,
    "low": 5.3352873247507695,
    "high": 5.5623771297946885,
    "count": 14,
    "base": 100.68181818181819
  },
  "Compiler.seal compilation": {
    "min": 30.39548545454545,
    "max": 34.412459272727276,
    "mean": 32.79778496103896,
    "median": 33.24431531818182,
    "variance": 1.6439937682159844,
    "stdDev": 1.282183203842565,
    "confidence": 1.4803684218066877,
    "low": 32.05760075013561,
    "high": 33.5379691719423,
    "count": 14,
    "base": 100.68181818181819
  },
  "Compiler.afterCompile hook": {
    "min": 0.001900727272727273,
    "max": 0.0023871818181818187,
    "mean": 0.002133753246753247,
    "median": 0.0021249545454545453,
    "variance": 1.7671243717321632e-8,
    "stdDev": 0.0001329332302974754,
    "confidence": 0.00015348052895356942,
    "low": 0.0020570129822764624,
    "high": 0.002210493511230032,
    "count": 14,
    "base": 100.68181818181819
  },
  "Compiler.emitAssets": {
    "min": 9.657038818181817,
    "max": 10.843704181818183,
    "mean": 10.480232493506493,
    "median": 10.699905772727272,
    "variance": 0.14486044413405422,
    "stdDev": 0.380605365351113,
    "confidence": 0.4394349905282091,
    "low": 10.260514998242389,
    "high": 10.699949988770598,
    "count": 14,
    "base": 100.68181818181819
  },
  "Compiler.emitRecords": {
    "min": 0.003867181818181818,
    "max": 0.005828,
    "mean": 0.004299071428571429,
    "median": 0.004124954545454545,
    "variance": 2.2597456455557433e-7,
    "stdDev": 0.0004753678202777028,
    "confidence": 0.000548844742134522,
    "low": 0.004024649057504168,
    "high": 0.00457349379963869,
    "count": 14,
    "base": 100.68181818181819
  },
  "Compilation.compute affected modules": {
    "min": 0.0016065454545454542,
    "max": 0.0021813636363636362,
    "mean": 0.0019560584415584414,
    "median": 0.0019672272727272724,
    "variance": 1.949209162590656e-8,
    "stdDev": 0.00013961408104452272,
    "confidence": 0.0001611940292139786,
    "low": 0.001875461426951452,
    "high": 0.0020366554561654306,
    "count": 14,
    "base": 100.68181818181819
  },
  "Compilation.finish modules": {
    "min": 0.12518945454545455,
    "max": 0.25191763636363634,
    "mean": 0.16281286363636363,
    "median": 0.1437115,
    "variance": 0.001915191182780106,
    "stdDev": 0.04376289733073104,
    "confidence": 0.05052726557408349,
    "low": 0.13754923084932189,
    "high": 0.18807649642340538,
    "count": 14,
    "base": 100.68181818181819
  },
  "Compilation.report dependency errors and warnings": {
    "min": 5.038430727272727,
    "max": 5.572570181818182,
    "mean": 5.2631033896103885,
    "median": 5.220225545454546,
    "variance": 0.02792195891685295,
    "stdDev": 0.16709865025443188,
    "confidence": 0.1929268488480016,
    "low": 5.166639965186388,
    "high": 5.359566814034389,
    "count": 14,
    "base": 100.68181818181819
  },
  "Compilation.optimize dependencies": {
    "min": 0.014835000000000003,
    "max": 0.01939718181818182,
    "mean": 0.016288344155844157,
    "median": 0.0161865,
    "variance": 9.430878809664372e-7,
    "stdDev": 0.0009711271188502756,
    "confidence": 0.0011212328441034397,
    "low": 0.015727727733792437,
    "high": 0.016848960577895877,
    "count": 14,
    "base": 100.68181818181819
  },
  "Compilation.create chunks": {
    "min": 5.363640181818182,
    "max": 7.685240909090909,
    "mean": 6.645554675324675,
    "median": 6.667370636363636,
    "variance": 0.5386753892424093,
    "stdDev": 0.7339450859855997,
    "confidence": 0.8473899247604599,
    "low": 6.221859712944445,
    "high": 7.069249637704905,
    "count": 14,
    "base": 100.68181818181819
  },
  "Compilation.compute affected modules with chunk graph": {
    "min": 0.0022733636363636363,
    "max": 0.0026884545454545455,
    "mean": 0.002440545454545455,
    "median": 0.0024457727272727274,
    "variance": 1.1622050767414419e-8,
    "stdDev": 0.00010780561565806495,
    "confidence": 0.00012446897497592202,
    "low": 0.0023783109670574938,
    "high": 0.002502779942033416,
    "count": 14,
    "base": 100.68181818181819
  },
  "Compilation.optimize": {
    "min": 2.2068809999999996,
    "max": 3.140624,
    "mean": 2.666680733766234,
    "median": 2.7089935454545455,
    "variance": 0.07411193517565463,
    "stdDev": 0.2722350733752994,
    "confidence": 0.3143140580263788,
    "low": 2.5095237047530445,
    "high": 2.8238377627794233,
    "count": 14,
    "base": 100.68181818181819
  },
  "Compilation.module hashing": {
    "min": 9.680845,
    "max": 11.42243518181818,
    "mean": 10.57263211038961,
    "median": 10.741803500000001,
    "variance": 0.196092375032634,
    "stdDev": 0.44282318709913326,
    "confidence": 0.5112697317050845,
    "low": 10.316997244537069,
    "high": 10.828266976242153,
    "count": 14,
    "base": 100.68181818181819
  },
  "Compilation.code generation": {
    "min": 2.009463181818182,
    "max": 2.6538399090909093,
    "mean": 2.2795086623376624,
    "median": 2.2830601363636362,
    "variance": 0.03770012067144678,
    "stdDev": 0.19416518913401232,
    "confidence": 0.2241770238033851,
    "low": 2.16742015043597,