{
  "stats": {
    "min": 11207,
    "max": 12309,
    "mean": 11687.130434782608,
    "median": 11587,
    "variance": 136105.156899811,
    "stdDev": 368.9243240826105,
    "confidence": 319.08921088153875,
    "low": 11527.585829341839,
    "high": 11846.675040223377,
    "count": 23,
    "base": 12729.5
  },
  "heap memory": {
    "min": 331439688,
    "max": 511917536,
    "mean": 422250006.6086956,
    "median": 482765384,
    "variance": 6815240169687016,
    "stdDev": 82554467.89657733,
    "confidence": 71402827.88717842,
    "low": 386548592.6651064,
    "high": 457951420.55228484,
    "count": 23,
    "base": 12729.5
  },
  "rss memory": {
    "min": 562970624,
    "max": 634916864,
    "mean": 617582770.0869565,
    "median": 620556288,
    "variance": 200494496762998.1,
    "stdDev": 14159607.931118647,
    "confidence": 12246896.792093754,
    "low": 611459321.6909096,
    "high": 623706218.4830034,
    "count": 23,
    "base": 12729.5
  },
  "external memory": {
    "min": 32325446,
    "max": 32325446,
    "mean": 32325446,
    "median": 32325446,
    "variance": 0,
    "stdDev": 0,
    "confidence": 0,
    "low": 32325446,
    "high": 32325446,
    "count": 23,
    "base": 12729.5
  },
  "array buffers memory": {
    "min": 10826957,
    "max": 10826957,
    "mean": 10826957,
    "median": 10826957,
    "variance": 0,
    "stdDev": 0,
    "confidence": 0,
    "low": 10826957,
    "high": 10826957,
    "count": 23,
    "base": 12729.5
  },
  "buildChunkGraph.visitModules.prepare": {
    "min": 63.869106,
    "max": 92.052609,
    "mean": 68.653181,
    "median": 67.481346,
    "variance": 30.50167191671139,
    "stdDev": 5.522831874746088,
    "confidence": 4.776795536933832,
    "low": 66.26478323153309,
    "high": 71.04157876846692,
    "count": 23,
    "base": 12729.5
  },
  "buildChunkGraph.visitModules.visiting": {
    "min": 28.0447,
    "max": 61.97103,
    "mean": 34.02160243478261,
    "median": 31.035717,
    "variance": 54.35786692685512,
    "stdDev": 7.372778779188693,
    "confidence": 6.3768475242328755,
    "low": 30.83317867266617,
    "high": 37.210026196899044,
    "count": 23,
    "base": 12729.5
  },
  "exec": {
    "min": 12213,
    "max": 13438,
    "mean": 12720.91304347826,
    "median": 12698,
    "variance": 148429.90548204156,
    "stdDev": 385.2660191115245,
    "confidence": 333.2234336227739,
    "low": 12554.301326666873,
    "high": 12887.524760289647,
    "count": 23,
    "base": 12729.5
  },
  "main.js size": {
    "min": 20332711,
    "max": 20332711,
    "mean": 20332711,
    "median": 20332711,
    "variance": 0,
    "stdDev": 0,
    "confidence": 0,
    "low": 20332711,
    "high": 20332711,
    "count": 23,
    "base": 12729.5
  },
  "main.js gzip size": {
    "min": 2029139,
    "max": 2029139,
    "mean": 2029139,
    "median": 2029139,
    "variance": 0,
    "stdDev": 0,
    "confidence": 0,
    "low": 2029139,
    "high": 2029139,
    "count": 23,
    "base": 12729.5
  }
}