{
  "stats": {
    "min": 52607,
    "max": 54666,
    "mean": 53743,
    "median": 53754.5,
    "variance": 464664.6666666667,
    "stdDev": 681.6631621751807,
    "confidence": 1430.9559736805386,
    "low": 53027.52201315973,
    "high": 54458.47798684027,
    "count": 6,
    "base": 67163
  },
  "heap memory": {
    "min": 176696872,
    "max": 1480612624,
    "mean": 929410122.6666666,
    "median": 478777172,
    "variance": 190186373129356000,
    "stdDev": 436103626.59505135,
    "confidence": 915474275.6358011,
    "low": 471672984.84876615,
    "high": 1387147260.4845672,
    "count": 6,
    "base": 67163
  },
  "rss memory": {
    "min": 967659520,
    "max": 1886269440,
    "mean": 1462322517.3333333,
    "median": 1643282432,
    "variance": 102513854369031040,
    "stdDev": 320177848.0298583,
    "confidence": 672121407.9055085,
    "low": 1126261813.380579,
    "high": 1798383221.2860875,
    "count": 6,
    "base": 67163
  },
  "external memory": {
    "min": 28553879,
    "max": 28553879,
    "mean": 28553879,
    "median": 28553879,
    "variance": 0,
    "stdDev": 0,
    "confidence": 0,
    "low": 28553879,
    "high": 28553879,
    "count": 6,
    "base": 67163
  },
  "array buffers memory": {
    "min": 14682786,
    "max": 14682786,
    "mean": 14682786,
    "median": 14682786,
    "variance": 0,
    "stdDev": 0,
    "confidence": 0,
    "low": 14682786,
    "high": 14682786,
    "count": 6,
    "base": 67163
  },
  "buildChunkGraph.visitModules.prepare": {
    "min": 26.535581,
    "max": 32.240695,
    "mean": 29.926220333333333,
    "median": 30.4392985,
    "variance": 3.4532310705192244,
    "stdDev": 1.8582871334966575,
    "confidence": 3.9009399686576387,
    "low": 27.975750349004514,
    "high": 31.876690317662153,
    "count": 6,
    "base": 67163
  },
  "buildChunkGraph.visitModules.visiting": {
    "min": 15.467682,
    "max": 19.033586,
    "mean": 16.499025999999997,
    "median": 16.119704,
    "variance": 1.352137770992333,
    "stdDev": 1.1628145901184475,
    "confidence": 2.4409951664444733,
    "low": 15.27852841677776,
    "high": 17.719523583222234,
    "count": 6,
    "base": 67163
  },
  "exec": {
    "min": 53555,
    "max": 55916,
    "mean": 54827.833333333336,
    "median": 54749.5,
    "variance": 658571.8055555555,
    "stdDev": 811.5243715105267,
    "confidence": 1703.562274796801,
    "low": 53976.052195934935,
    "high": 55679.614470731736,
    "count": 6,
    "base": 67163
  },
  "main.js size": {
    "min": 6256729,
    "max": 6256729,
    "mean": 6256729,
    "median": 6256729,
    "variance": 0,
    "stdDev": 0,
    "confidence": 0,
    "low": 6256729,
    "high": 6256729,
    "count": 6,
    "base": 67163
  },
  "main.js gzip size": {
    "min": 1498607,
    "max": 1498607,
    "mean": 1498607,
    "median": 1498607,
    "variance": 0,
    "stdDev": 0,
    "confidence": 0,
    "low": 1498607,
    "high": 1498607,
    "count": 6,
    "base": 67163
  }
}