{
  "stats": {
    "min": 24498,
    "max": 25981,
    "mean": 25287,
    "median": 25397,
    "variance": 187230.9090909091,
    "stdDev": 432.70187091218946,
    "confidence": 581.3499140426138,
    "low": 24996.325042978693,
    "high": 25577.674957021307,
    "count": 11,
    "base": 28710.5
  },
  "heap memory": {
    "min": 626228264,
    "max": 931556240,
    "mean": 847219176,
    "median": 901750120,
    "variance": 11541304315527296,
    "stdDev": 107430462.6980974,
    "confidence": 144336538.51192045,
    "low": 775050906.7440398,
    "high": 919387445.2559602,
    "count": 11,
    "base": 28710.5
  },
  "rss memory": {
    "min": 964730880,
    "max": 1179295744,
    "mean": 1112598341.8181818,
    "median": 1134186496,
    "variance": 2662479783253423.5,
    "stdDev": 51599222.700089425,
    "confidence": 69325338.52494049,
    "low": 1077935672.5557115,
    "high": 1147261011.080652,
    "count": 11,
    "base": 28710.5
  },
  "external memory": {
    "min": 96696715,
    "max": 96713099,
    "mean": 96704374.63636364,
    "median": 96704907,
    "variance": 34049639.68595042,
    "stdDev": 5835.206910294649,
    "confidence": 7839.80209878087,
    "low": 96700454.73531425,
    "high": 96708294.53741303,
    "count": 11,
    "base": 28710.5
  },
  "array buffers memory": {
    "min": 95147253,
    "max": 95163637,
    "mean": 95154912.63636364,
    "median": 95155445,
    "variance": 34049639.68595042,
    "stdDev": 5835.206910294649,
    "confidence": 7839.80209878087,
    "low": 95150992.73531425,
    "high": 95158832.53741303,
    "count": 11,
    "base": 28710.5
  },
  "Compiler.make hook": {
    "min": 21903.72375,
    "max": 23213.983962,
    "mean": 22568.091647363635,
    "median": 22646.755609,
    "variance": 170626.921725325,
    "stdDev": 413.0701172020617,
    "confidence": 554.9739746277264,
    "low": 22290.604660049772,
    "high": 22845.5786346775,
    "count": 11,
    "base": 28710.5
  },
  "Compiler.finish make hook": {
    "min": 0.087701,
    "max": 0.101701,
    "mean": 0.09371018181818182,
    "median": 0.095302,
    "variance": 0.000018675661239669414,
    "stdDev": 0.004321534593135801,
    "confidence": 0.005806131041114743,
    "low": 0.09080711629762445,
    "high": 0.09661324733873919,
    "count": 11,
    "base": 28710.5
  },
  "Compiler.finish compilation": {
    "min": 455.308813,
    "max": 595.019601,
    "mean": 496.86472563636363,
    "median": 488.525832,
    "variance": 1258.98665888884,
    "stdDev": 35.4822020016915,
    "confidence": 47.671564350393396,
    "low": 473.02894346116693,
    "high": 520.7005078115603,
    "count": 11,
    "base": 28710.5
  },
  "Compiler.seal compilation": {
    "min": 1844.614349,
    "max": 2002.994445,
    "mean": 1916.0698830909093,
    "median": 1921.561475,
    "variance": 1873.352468460387,
    "stdDev": 43.28224195279615,
    "confidence": 58.15118752730314,
    "low": 1886.9942893272578,
    "high": 1945.145476854561,
    "count": 11,
    "base": 28710.5
  },
  "Compiler.afterCompile hook": {
    "min": 0.0632,
    "max": 0.075301,
    "mean": 0.06880054545454546,
    "median": 0.068601,
    "variance": 0.000009088582066115711,
    "stdDev": 0.0030147275276740534,
    "confidence": 0.004050390596602893,
    "low": 0.06677535015624401,
    "high": 0.07082574075284691,
    "count": 11,
    "base": 28710.5
  },
  "Compiler.emitAssets": {
    "min": 254.475674,
    "max": 336.769,
    "mean": 284.75912527272726,
    "median": 286.606993,
    "variance": 548.4254726153514,
    "stdDev": 23.41848570286626,
    "confidence": 31.463544684169733,
    "low": 269.0273529306424,
    "high": 300.4908976148121,
    "count": 11,
    "base": 28710.5
  },
  "Compiler.emitRecords": {
    "min": 0.076601,
    "max": 0.090901,
    "mean": 0.08287354545454545,
    "median": 0.082201,
    "variance": 0.00001643742824793388,
    "stdDev": 0.004054309836203183,
    "confidence": 0.00544710534717599,
    "low": 0.08014999278095745,
    "high": 0.08559709812813344,
    "count": 11,
    "base": 28710.5
  },
  "Compilation.compute affected modules": {
    "min": 0.247602,
    "max": 0.383204,
    "mean": 0.2676570909090909,
    "median": 0.255603,
    "variance": 0.00134958974753719,
    "stdDev": 0.03673676288865406,
    "confidence": 0.0493571102489109,
    "low": 0.24297853578463544,
    "high": 0.29233564603354634,
    "count": 11,
    "base": 28710.5
  },
  "Compilation.finish modules": {
    "min": 361.237919,
    "max": 484.965554,
    "mean": 388.0670650909091,
    "median": 376.063173,
    "variance": 1074.0064700464393,
    "stdDev": 32.77203792940621,
    "confidence": 44.03036527921074,
    "low": 366.05188245130375,
    "high": 410.0822477305145,
    "count": 11,
    "base": 28710.5
  },
  "Compilation.report dependency errors and warnings": {
    "min": 93.334786,
    "max": 116.387216,
    "mean": 108.03007945454543,
    "median": 113.481671,
    "variance": 58.81157370177153,
    "stdDev": 7.668870431932693,
    "confidence": 10.303392395806782,
    "low": 102.87838325664204,
    "high": 113.18177565244882,
    "count": 11,
    "base": 28710.5
  },
  "Compilation.optimize dependencies": {
    "min": 99.803855,
    "max": 136.875624,
    "mean": 116.0273388181818,
    "median": 113.990474,
    "variance": 183.48393669119045,
    "stdDev": 13.545624263620724,
    "confidence": 18.199014218978334,
    "low": 106.92783170869264,
    "high": 125.12684592767097,
    "count": 11,
    "base": 28710.5
  },
  "Compilation.create chunks": {
    "min": 155.818147,
    "max": 179.830679,
    "mean": 168.28212436363634,
    "median": 168.216178,
    "variance": 48.093339627523854,
    "stdDev": 6.934936166074195,
    "confidence": 9.317326351141219,
    "low": 163.62346118806573,
    "high": 172.94078753920695,
    "count": 11,
    "base": 28710.5
  },
  "Compilation.compute affected modules with chunk graph": {
    "min": 0.173402,
    "max": 0.216903,
    "mean": 0.20223854545454545,
    "median": 0.204602,
    "variance": 0.00011098650097520666,
    "stdDev": 0.01053501309800831,
    "confidence": 0.014154154097031468,
    "low": 0.19516146840602971,
    "high": 0.20931562250306118,
    "count": 11,
    "base": 28710.5
  },
  "Compilation.optimize": {
    "min": 114.167173,
    "max": 131.349073,
    "mean": 124.21319518181818,
    "median": 124.93791,
    "variance": 26.213796872510315,
    "stdDev": 5.1199411004923014,
    "confidence": 6.8788177698415325,
    "low": 120.77378629689741,
    "high": 127.65260406673895,
    "count": 11,
    "base": 28710.5
  },
  "Compilation.module hashing": {
    "min": 227.771739,
    "max": 255.273345,
    "mean": 242.471053,
    "median": 242.632032,
    "variance": 71.69085984934875,
    "stdDev": 8.467045520684813,
    "confidence": 11.375768205642771,
    "low": 236.78316889717863,
    "high": 248.1589371028214,
    "count": 11,
    "base": 28710.5
  },
  "Compilation.code generation": {
    "min": 690.753795,
    "max": 751.927656,
    "mean": 722.5399706363637,
    "median": 715.668671,
    "variance": 418.88285873837407,
    "stdDev": 20.466627927882357,
    "confidence": 27.49762177254638,
    "low": 708.7911597500905,
    "high": 736.2887815226369,
    "count": 11,
    "base": 28710.5
  },
  "Compilation.runtime requirements.modules": {
    "min": 25.914513,
    "max": 38.203497,
    "mean": 31.951127181818183,
    "median": 35.520465,
    "variance": 27.09299213835378,
    "stdDev": 5.205092903911877,
    "confidence": 6.99322215985304,
    "low": 28.454516101891663,
    "high": 35.4477382617447,
    "count": 11,
    "base": 28710.5
  },
  "Compilation.runtime requirements.chunks": {
    "min": 8.361088,
    "max": 9.627,
    "mean": 8.768519727272727,
    "median": 8.594589,
    "variance": 0.17448924942256205,
    "stdDev": 0.417719103492481,
    "confidence": 0.5612200483380683,
    "low": 8.487909703103693,
    "high": 9.049129751441761,
    "count": 11,
    "base": 28710.5
  },