{
  "cache.PackFileCacheStrategy.restore cache container": {
    "min": 18.24657,
    "max": 20.800775,
    "mean": 19.58719466666667,
    "median": 20.069157500000003,
    "variance": 0.7450737318096886,
    "stdDev": 0.8631765357154286,
    "confidence": 0.6445584507522852,
    "low": 19.264915441290526,
    "high": 19.90947389204281,
    "count": 30,
    "base": 4877
  },
  "stats": {
    "min": 5046,
    "max": 5701,
    "mean": 5230.433333333333,
    "median": 5132.5,
    "variance": 44471.37888888889,
    "stdDev": 210.88238164647348,
    "confidence": 157.4718676664943,
    "low": 5151.697399500086,
    "high": 5309.1692671665805,
    "count": 30,
    "base": 4877
  },
  "heap memory": {
    "min": 212262568,
    "max": 333421384,
    "mean": 261084316.26666668,
    "median": 240310556,
    "variance": 2379798777685643.5,
    "stdDev": 48783181.29935402,
    "confidence": 36427787.89742944,
    "low": 242870422.31795195,
    "high": 279298210.2153814,
    "count": 30,
    "base": 4877
  },
  "rss memory": {
    "min": 497139712,
    "max": 641929216,
    "mean": 528782404.26666665,
    "median": 505544704,
    "variance": 2069297667326753,
    "stdDev": 45489533.60199193,
    "confidence": 33968327.5561263,
    "low": 511798240.48860353,
    "high": 545766568.0447298,
    "count": 30,
    "base": 4877
  },
  "external memory": {
    "min": 103818586,
    "max": 103908698,
    "mean": 103862276.66666667,
    "median": 103863642,
    "variance": 404144492.08888876,
    "stdDev": 20103.345295967254,
    "confidence": 15011.73927089572,
    "low": 103854770.79703122,
    "high": 103869782.53630212,
    "count": 30,
    "base": 4877
  },
  "array buffers memory": {
    "min": 102329270,
    "max": 102419382,
    "mean": 102372960.66666667,
    "median": 102374326,
    "variance": 404144492.08888876,
    "stdDev": 20103.345295967254,
    "confidence": 15011.73927089572,
    "low": 102365454.79703122,
    "high": 102380466.53630212,
    "count": 30,
    "base": 4877
  },
  "Compiler.make hook": {
    "min": 3895.531499,
    "max": 4565.133543,
    "mean": 4061.270692166667,
    "median": 3957.023787,
    "variance": 46634.3511693919,
    "stdDev": 215.94988115160402,
    "confidence": 161.2559135656429,
    "low": 3980.6427353838453,
    "high": 4141.898648949488,
    "count": 30,
    "base": 4877
  },
  "Compiler.finish make hook": {
    "min": 0.078978,
    "max": 0.120005,
    "mean": 0.09073200000000001,
    "median": 0.0845835,
    "variance": 0.00018162304680000002,
    "stdDev": 0.01347675950664699,
    "confidence": 0.010063479333999537,
    "low": 0.08570026033300024,
    "high": 0.09576373966699978,
    "count": 30,
    "base": 4877
  },
  "Compiler.finish compilation": {
    "min": 163.304081,
    "max": 185.369983,
    "mean": 176.38415583333332,
    "median": 177.01194850000002,
    "variance": 30.244810420815277,
    "stdDev": 5.4995281998381715,
    "confidence": 4.106654003770132,
    "low": 174.33082883144826,
    "high": 178.4374828352184,
    "count": 30,
    "base": 4877
  },
  "Compiler.seal compilation": {
    "min": 774.423079,
    "max": 886.89269,
    "mean": 802.3950003333335,
    "median": 798.896443,
    "variance": 703.3115611772879,
    "stdDev": 26.520021892473768,
    "confidence": 19.803254047866176,
    "low": 792.4933733094005,
    "high": 812.2966273572666,
    "count": 30,
    "base": 4877
  },
  "Compiler.afterCompile hook": {
    "min": 0.056105,
    "max": 0.067395,
    "mean": 0.0606166,
    "median": 0.059411,
    "variance": 0.000008117632773333328,
    "stdDev": 0.0028491459726264164,
    "confidence": 0.002127538270674953,
    "low": 0.05955283086466252,
    "high": 0.061680369135337476,
    "count": 30,
    "base": 4877
  },
  "Compiler.emitAssets": {
    "min": 124.751022,
    "max": 204.700824,
    "mean": 173.0975651333333,
    "median": 177.929157,
    "variance": 413.1778667171287,
    "stdDev": 20.326777086324547,
    "confidence": 15.178582138692207,
    "low": 165.5082740639872,
    "high": 180.6868562026794,
    "count": 30,
    "base": 4877
  },
  "Compiler.emitRecords": {
    "min": 0.079108,
    "max": 0.210634,
    "mean": 0.09070639999999998,
    "median": 0.085174,
    "variance": 0.00052418644144,
    "stdDev": 0.02289511828840375,
    "confidence": 0.01709643550670964,
    "low": 0.08215818224664516,
    "high": 0.0992546177533548,
    "count": 30,
    "base": 4877
  },
  "Compilation.compute affected modules": {
    "min": 0.207528,
    "max": 0.252101,
    "mean": 0.2170328333333333,
    "median": 0.2153725,
    "variance": 0.00006832710100555563,
    "stdDev": 0.008266020868928147,
    "confidence": 0.0061724727036821525,
    "low": 0.21394659698149224,
    "high": 0.2201190696851744,
    "count": 30,
    "base": 4877
  },
  "Compilation.finish modules": {
    "min": 130.602713,
    "max": 150.792395,
    "mean": 140.63757050000004,
    "median": 140.824846,
    "variance": 20.10363811852924,
    "stdDev": 4.483708076863305,
    "confidence": 3.3481122482705246,
    "low": 138.96351437586478,
    "high": 142.3116266241353,
    "count": 30,
    "base": 4877
  },
  "Compilation.report dependency errors and warnings": {
    "min": 30.802925,
    "max": 40.075718,
    "mean": 35.1449631,
    "median": 34.8298525,
    "variance": 5.852634271173494,
    "stdDev": 2.4192218317412513,
    "confidence": 1.80650169620381,
    "low": 34.24171225189809,
    "high": 36.0482139481019,
    "count": 30,
    "base": 4877
  },
  "Compilation.optimize dependencies": {
    "min": 0.699798,
    "max": 0.912535,
    "mean": 0.7604085666666666,
    "median": 0.746645,
    "variance": 0.0023202292350455547,
    "stdDev": 0.04816875787318534,
    "confidence": 0.03596898046315533,
    "low": 0.7424240764350889,
    "high": 0.7783930568982442,
    "count": 30,
    "base": 4877
  },
  "Compilation.create chunks": {
    "min": 69.581276,
    "max": 82.873476,
    "mean": 75.51955553333333,
    "median": 75.950563,
    "variance": 8.574113258480315,
    "stdDev": 2.9281586805499997,
    "confidence": 2.186539305227825,
    "low": 74.42628588071942,
    "high": 76.61282518594724,
    "count": 30,
    "base": 4877
  },
  "Compilation.compute affected modules with chunk graph": {
    "min": 0.146353,
    "max": 0.194193,
    "mean": 0.16351246666666666,
    "median": 0.155967,
    "variance": 0.0002398463718488889,
    "stdDev": 0.015486974263841498,
    "confidence": 0.011564563823631524,
    "low": 0.1577301847548509,
    "high": 0.16929474857848242,
    "count": 30,
    "base": 4877
  },
  "Compilation.optimize": {
    "min": 43.725203,
    "max": 52.816023,
    "mean": 47.124104133333354,
    "median": 46.95357,
    "variance": 4.658768433215382,
    "stdDev": 2.1584180394945234,
    "confidence": 1.6117520924723578,
    "low": 46.318228087097175,
    "high": 47.92998017956953,
    "count": 30,
    "base": 4877
  },
  "Compilation.module hashing": {
    "min": 79.251263,
    "max": 91.625595,
    "mean": 85.88530130000001,
    "median": 85.4943625,
    "variance": 9.967343724338615,
    "stdDev": 3.1571100272778927,
    "confidence": 2.3575037826417713,
    "low": 84.70654940867912,
    "high": 87.0640531913209,
    "count": 30,
    "base": 4877
  },
  "Compilation.code generation": {
    "min": 320.330779,
    "max": 365.250177,
    "mean": 337.3773009666666,
    "median": 335.35591999999997,
    "variance": 144.2886255871848,
    "stdDev": 12.012020046069887,
    "confidence": 8.969716750795442,
    "low": 332.8924425912689,
    "high": 341.86215934206433,
    "count": 30,
    "base": 4877
  },
  "Compilation.runtime requirements.modules": {
    "min": 11.046,
    "max": 16.038101,
    "mean": 13.813125466666667,
    "median": 14.833708,
    "variance": 3.623061340954449,
    "stdDev": 1.9034340915709294,
    "confidence": 1.4213483318973346,
    "low": 13.102451300718,
    "high": 14.523799632615335,
    "count": 30,
    "base": 4877
  },
  "Compilation.runtime requirements.chunks": {
    "min": 2.839926,