{
  "stats": {
    "min": 5142,
    "max": 5793,
    "mean": 5599.133333333333,
    "median": 5664,
    "variance": 33770.91555555556,
    "stdDev": 183.76864682408575,
    "confidence": 137.22527130050184,
    "low": 5530.520697683082,
    "high": 5667.745968983584,
    "count": 30,
    "base": 5185
  },
  "heap memory": {
    "min": 227788872,
    "max": 459703208,
    "mean": 274454917.8666667,
    "median": 257731132,
    "variance": 2262161543696166,
    "stdDev": 47562186.069357306,
    "confidence": 35516036.05842662,
    "low": 256696899.83745337,
    "high": 292212935.89588,
    "count": 30,
    "base": 5185
  },
  "rss memory": {
    "min": 519897088,
    "max": 681029632,
    "mean": 632357410.1333333,
    "median": 650366976,
    "variance": 2350091038096243,
    "stdDev": 48477737.55133631,
    "confidence": 36199704.37005329,
    "low": 614257557.9483067,
    "high": 650457262.31836,
    "count": 30,
    "base": 5185
  },
  "external memory": {
    "min": 103664677,
    "max": 103771173,
    "mean": 103719290.33333333,
    "median": 103713829,
    "variance": 511518674.4888887,
    "stdDev": 22616.778605470954,
    "confidence": 16888.59135502577,
    "low": 103710846.03765582,
    "high": 103727734.62901084,
    "count": 30,
    "base": 5185
  },
  "array buffers memory": {
    "min": 102154138,
    "max": 102260634,
    "mean": 102208751.33333333,
    "median": 102203290,
    "variance": 511518674.4888887,
    "stdDev": 22616.778605470954,
    "confidence": 16888.59135502577,
    "low": 102200307.03765582,
    "high": 102217195.62901084,
    "count": 30,
    "base": 5185
  },
  "Compiler.make hook": {
    "min": 3804.275958,
    "max": 4354.226087,
    "mean": 4201.493352933334,
    "median": 4260.9620955,
    "variance": 29848.690841816668,
    "stdDev": 172.7677366924064,
    "confidence": 129.01057905859125,
    "low": 4136.988063404038,
    "high": 4265.9986424626295,
    "count": 30,
    "base": 5185
  },
  "Compiler.finish make hook": {
    "min": 0.080841,
    "max": 0.12882,
    "mean": 0.09341893333333333,
    "median": 0.08681749999999999,
    "variance": 0.00020169678386222216,
    "stdDev": 0.014201999291023153,
    "confidence": 0.010605036492355308,
    "low": 0.08811641508715568,
    "high": 0.09872145157951098,
    "count": 30,
    "base": 5185
  },
  "Compiler.finish compilation": {
    "min": 199.603507,
    "max": 234.201078,
    "mean": 211.63403576666667,
    "median": 211.84735999999998,
    "variance": 38.00856324758881,
    "stdDev": 6.1651085349399,
    "confidence": 4.603661755827261,
    "low": 209.33220488875304,
    "high": 213.9358666445803,
    "count": 30,
    "base": 5185
  },
  "Compiler.seal compilation": {
    "min": 935.781751,
    "max": 1077.619414,
    "mean": 1007.2291636333335,
    "median": 1064.2536424999998,
    "variance": 1862.2295024702325,
    "stdDev": 43.153557240049544,
    "confidence": 32.22398761806289,
    "low": 991.1171698243021,
    "high": 1023.341157442365,
    "count": 30,
    "base": 5185
  },
  "Compiler.afterCompile hook": {
    "min": 0.056646,
    "max": 0.095799,
    "mean": 0.06287843333333334,
    "median": 0.059536500000000006,
    "variance": 0.00009142166004555553,
    "stdDev": 0.009561467462976357,
    "confidence": 0.0071398194921348315,
    "low": 0.059308523587265925,
    "high": 0.06644834307940076,
    "count": 30,
    "base": 5185
  },
  "Compiler.emitAssets": {
    "min": 128.04837,
    "max": 201.15806,
    "mean": 159.55436303333335,
    "median": 148.38223349999998,
    "variance": 647.2224398416282,
    "stdDev": 25.44056681447228,
    "confidence": 18.997194262938535,
    "low": 150.05576590186408,
    "high": 169.0529601648026,
    "count": 30,
    "base": 5185
  },
  "Compiler.emitRecords": {
    "min": 0.063409,
    "max": 0.248654,
    "mean": 0.09278343333333335,
    "median": 0.08835,
    "variance": 0.0009503051199122223,
    "stdDev": 0.03082701931605166,
    "confidence": 0.023019411429200082,
    "low": 0.0812737276187333,
    "high": 0.10429313904793339,
    "count": 30,
    "base": 5185
  },
  "Compilation.compute affected modules": {
    "min": 21.375183,
    "max": 32.786583,
    "mean": 26.943894766666673,
    "median": 27.884967500000002,
    "variance": 9.124786531881512,
    "stdDev": 3.0207261596976167,
    "confidence": 2.2556620726811545,
    "low": 25.816063730326096,
    "high": 28.07172580300725,
    "count": 30,
    "base": 5185
  },
  "Compilation.finish modules": {
    "min": 140.333423,
    "max": 166.385415,
    "mean": 148.33545183333334,
    "median": 147.9955545,
    "variance": 24.809575539000793,
    "stdDev": 4.9809211536623215,
    "confidence": 3.7193953835444518,
    "low": 146.4757541415611,
    "high": 150.19514952510556,
    "count": 30,
    "base": 5185
  },
  "Compilation.report dependency errors and warnings": {
    "min": 32.802921,
    "max": 39.609264,
    "mean": 35.878592666666655,
    "median": 35.0954185,
    "variance": 4.714442627385557,
    "stdDev": 2.1712767275005636,
    "confidence": 1.6213540402512194,
    "low": 35.067915646541046,
    "high": 36.689269686792265,
    "count": 30,
    "base": 5185
  },
  "Compilation.optimize dependencies": {
    "min": 1.162318,
    "max": 1.340381,
    "mean": 1.2184812,
    "median": 1.2044525,
    "variance": 0.0017538132490933335,
    "stdDev": 0.04187855356973702,
    "confidence": 0.031271906141753014,
    "low": 1.2028452469291235,
    "high": 1.2341171530708765,
    "count": 30,
    "base": 5185
  },
  "Compilation.create chunks": {
    "min": 93.338505,
    "max": 106.50999,
    "mean": 98.90885819999998,
    "median": 96.5265785,
    "variance": 9.788554744810888,
    "stdDev": 3.1286666081273165,
    "confidence": 2.336264273198225,
    "low": 97.74072606340087,
    "high": 100.0769903365991,
    "count": 30,
    "base": 5185
  },
  "Compilation.compute affected modules with chunk graph": {
    "min": 14.520679,
    "max": 23.509096,
    "mean": 19.02771323333333,
    "median": 18.7331945,
    "variance": 6.395796225232979,
    "stdDev": 2.5289911477174014,
    "confidence": 1.8884695640943363,
    "low": 18.08347845128616,
    "high": 19.971948015380498,
    "count": 30,
    "base": 5185
  },
  "Compilation.optimize": {
    "min": 60.969641,
    "max": 79.380385,
    "mean": 67.85762803333333,
    "median": 67.602809,
    "variance": 12.89156742435284,
    "stdDev": 3.5904828957053727,
    "confidence": 2.6811156199818242,
    "low": 66.51707022334242,
    "high": 69.19818584332424,
    "count": 30,
    "base": 5185
  },
  "Compilation.module hashing": {
    "min": 86.713378,
    "max": 96.025249,
    "mean": 91.10389759999998,
    "median": 90.774,
    "variance": 6.089180637232638,
    "stdDev": 2.4676265189920126,
    "confidence": 1.8426468518383388,
    "low": 90.18257417408081,
    "high": 92.02522102591915,
    "count": 30,
    "base": 5185
  },
  "Compilation.code generation": {
    "min": 404.116744,
    "max": 512.161064,
    "mean": 444.0139171666667,
    "median": 428.9714975,
    "variance": 1425.6725912048066,
    "stdDev": 37.75807981352874,
    "confidence": 28.195031283858725,
    "low": 429.91640152473735,
    "high": 458.1114328085961,
    "count": 30,
    "base": 5185
  },
  "Compilation.runtime requirements.modules": {
    "min": 15.709371,
    "max": 21.811189,
    "mean": 17.768144399999997,
    "median": 17.185066499999998,
    "variance": 3.5684316871942396,
    "stdDev": 1.889029297600818,
    "confidence": 1.410591862854666,
    "low": 17.062848468572664,
    "high": 18.47344033142733,
    "count": 30,
    "base": 5185
  },
  "Compilation.runtime requirements.chunks": {
    "min": 2.97823,
    "max": 8.778368,
    "mean": 5.037277766666667,
    "median": 3.792104,
    "variance": 3.9186905934013123,
    "stdDev": 1.9795682846018,
    "confidence": 1.47819989757223,
    "low": 4.298177817880552,
    "high": 5.776377715452782,
    "count": 30,
    "base": 5185
  },