{
  "stats": {
    "min": 341.90909090909093,
    "max": 356.1818181818182,
    "mean": 350.4454545454545,
    "median": 350.3636363636364,
    "variance": 13.334628099173532,
    "stdDev": 3.6516610055115373,
    "confidence": 5.224118867555262,
    "low": 347.83339511167685,
    "high": 353.0575139792321,
    "count": 10,
    "base": 354.5909090909091
  },
  "heap memory": {
    "min": 339462892.3636364,
    "max": 356384891.6363636,
    "mean": 353605059.0545454,
    "median": 355015571.6363636,
    "variance": 22782932615792.617,
    "stdDev": 4773147.034797128,
    "confidence": 6828532.945545435,
    "low": 350190792.5817727,
    "high": 357019325.5273181,
    "count": 10,
    "base": 354.5909090909091
  },
  "rss memory": {
    "min": 655118708.3636364,
    "max": 704075962.1818181,
    "mean": 679854638.5454545,
    "median": 680289373.090909,
    "variance": 135939649196349.92,
    "stdDev": 11659315.98321059,
    "confidence": 16679985.496667624,
    "low": 671514645.7971207,
    "high": 688194631.2937883,
    "count": 10,
    "base": 354.5909090909091
  },
  "external memory": {
    "min": 147513772.1818182,
    "max": 152678613.72727272,
    "mean": 152153118.37272727,
    "median": 152670421.72727272,
    "variance": 2391554379930.8643,
    "stdDev": 1546465.124059015,
    "confidence": 2212395.2963923216,
    "low": 151046920.7245311,
    "high": 153259316.02092344,
    "count": 10,
    "base": 354.5909090909091
  },
  "array buffers memory": {
    "min": 146254337.8181818,
    "max": 151419179.36363637,
    "mean": 150893684.00909096,
    "median": 151410987.36363637,
    "variance": 2391554379930.8916,
    "stdDev": 1546465.1240590238,
    "confidence": 2212395.2963923216,
    "low": 149787486.3608948,
    "high": 151999881.65728712,
    "count": 10,
    "base": 354.5909090909091
  },
  "Compiler.make hook": {
    "min": 140.5761012727273,
    "max": 143.6911806363636,
    "mean": 142.59546976363634,
    "median": 142.93862859090908,
    "variance": 1.037148863816689,
    "stdDev": 1.0184050588133824,
    "confidence": 1.4569449558791803,
    "low": 141.86699728569675,
    "high": 143.32394224157593,
    "count": 10,
    "base": 354.5909090909091
  },
  "Compiler.finish make hook": {
    "min": 0.004118272727272727,
    "max": 0.004754636363636363,
    "mean": 0.004378254545454546,
    "median": 0.0043318181818181815,
    "variance": 4.288681785123961e-8,
    "stdDev": 0.0002070913273201937,
    "confidence": 0.0002962678377668674,
    "low": 0.004230120626571112,
    "high": 0.00452638846433798,
    "count": 10,
    "base": 354.5909090909091
  },
  "Compiler.finish compilation": {
    "min": 15.182498727272728,
    "max": 17.523376363636363,
    "mean": 16.253530863636364,
    "median": 16.471130227272724,
    "variance": 0.4667419750994174,
    "stdDev": 0.6831851689691583,
    "confidence": 0.9773745497895021,
    "low": 15.764843588741613,
    "high": 16.742218138531115,
    "count": 10,
    "base": 354.5909090909091
  },
  "Compiler.seal compilation": {
    "min": 143.14086754545454,
    "max": 151.903742,
    "mean": 145.4294906272727,
    "median": 145.0160714090909,
    "variance": 5.080765463606161,
    "stdDev": 2.2540553372990115,
    "confidence": 3.2246840542767927,
    "low": 143.81714860013432,
    "high": 147.0418326544111,
    "count": 10,
    "base": 354.5909090909091
  },
  "Compiler.afterCompile hook": {
    "min": 0.0036637272727272725,
    "max": 0.004281909090909091,
    "mean": 0.003991909090909091,
    "median": 0.00405,
    "variance": 3.544761322314059e-8,
    "stdDev": 0.000188275365417626,
    "confidence": 0.00026934945146593744,
    "low": 0.0038572343651761226,
    "high": 0.00412658381664206,
    "count": 10,
    "base": 354.5909090909091
  },
  "Compiler.emitAssets": {
    "min": 35.58993872727273,
    "max": 43.92888290909091,
    "mean": 39.713052609090916,
    "median": 39.730481454545455,
    "variance": 6.235195304036997,
    "stdDev": 2.497037305295417,
    "confidence": 3.572297559903376,
    "low": 37.92690382913923,
    "high": 41.499201389042604,
    "count": 10,
    "base": 354.5909090909091
  },
  "Compiler.emitRecords": {
    "min": 0.004227272727272727,
    "max": 0.004709181818181818,
    "mean": 0.004460072727272728,
    "median": 0.0044909090909090905,
    "variance": 2.584979140495871e-8,
    "stdDev": 0.0001607787032071061,
    "confidence": 0.0002300123301855212,
    "low": 0.004345066562179967,
    "high": 0.004575078892365489,
    "count": 10,
    "base": 354.5909090909091
  },
  "Compilation.finish modules": {
    "min": 0.6836225454545454,
    "max": 1.5557892727272729,
    "mean": 1.0557948818181817,
    "median": 0.7979522727272728,
    "variance": 0.1387547864195075,
    "stdDev": 0.37249803545724575,
    "confidence": 0.5329010585107349,
    "low": 0.7893443525628142,
    "high": 1.322245411073549,
    "count": 10,
    "base": 354.5909090909091
  },
  "Compilation.report dependency errors and warnings": {
    "min": 14.289848454545456,
    "max": 15.999248181818182,
    "mean": 15.158025281818183,
    "median": 15.081019045454543,
    "variance": 0.35636628836153905,
    "stdDev": 0.596964227036712,
    "confidence": 0.8540256275188334,
    "low": 14.731012468058767,
    "high": 15.5850380955776,
    "count": 10,
    "base": 354.5909090909091
  },
  "Compilation.optimize dependencies": {
    "min": 0.03190963636363637,
    "max": 0.03606454545454545,
    "mean": 0.03414430909090909,
    "median": 0.03400981818181818,
    "variance": 0.000001502214200330573,
    "stdDev": 0.0012256484815519387,
    "confidence": 0.0017534303835437803,
    "low": 0.0332675938991372,
    "high": 0.03502102428268098,
    "count": 10,
    "base": 354.5909090909091
  },
  "Compilation.create chunks": {
    "min": 34.652717090909086,
    "max": 37.34060081818183,
    "mean": 35.78843277272727,
    "median": 35.71530313636364,
    "variance": 0.5357263329988557,
    "stdDev": 0.731933284527255,
    "confidence": 1.0471143065359314,
    "low": 35.2648756194593,
    "high": 36.311989925995235,
    "count": 10,
    "base": 354.5909090909091
  },
  "Compilation.optimize": {
    "min": 12.308581363636364,
    "max": 14.778115181818182,
    "mean": 13.15885659090909,
    "median": 13.040938136363636,
    "variance": 0.4459842125178464,
    "stdDev": 0.6678204942331782,
    "confidence": 0.9553936246540822,
    "low": 12.68115977858205,
    "high": 13.636553403236132,
    "count": 10,
    "base": 354.5909090909091
  },
  "Compilation.module hashing": {
    "min": 50.954795999999995,
    "max": 53.13124436363636,
    "mean": 52.20504258181818,
    "median": 52.33256640909091,
    "variance": 0.3841665720055637,
    "stdDev": 0.619811723030118,
    "confidence": 0.8867115845984728,
    "low": 51.76168678951894,
    "high": 52.64839837411741,
    "count": 10,
    "base": 354.5909090909091
  },
  "Compilation.code generation": {
    "min": 8.753956636363636,
    "max": 10.522059636363636,
    "mean": 9.374328145454545,
    "median": 9.011190636363636,
    "variance": 0.3459372633453107,
    "stdDev": 0.5881643166202033,
    "confidence": 0.8414363488398173,
    "low": 8.953609971034636,
    "high": 9.795046319874453,
    "count": 10,
    "base": 354.5909090909091
  },
  "Compilation.runtime requirements": {
    "min": 6.9945484545454555,
    "max": 8.315316636363637,
    "mean": 7.445774163636363,
    "median": 7.354740954545454,
    "variance": 0.1612038719524742,
    "stdDev": 0.40150201986101414,
    "confidence": 0.5743945766465401,
    "low": 7.158576875313093,
    "high": 7.732971451959633,
    "count": 10,
    "base": 354.5909090909091
  },
  "Compilation.hashing: initialize hash": {
    "min": 0.0022910909090909093,
    "max": 0.0026364545454545456,
    "mean": 0.002424618181818182,
    "median": 0.0024182727272727272,
    "variance": 1.1274945123966919e-8,
    "stdDev": 0.00010618354450651438,
    "confidence": 0.00015190770924330965,
    "low": 0.002348664327196527,