{
  "stats": {
    "min": 29724,
    "max": 30657,
    "mean": 30171.4,
    "median": 30092.5,
    "variance": 102197.04,
    "stdDev": 319.68271770616565,
    "confidence": 457.34270368456055,
    "low": 29942.72864815772,
    "high": 30400.07135184228,
    "count": 10,
    "base": 29058
  },
  "heap memory": {
    "min": 156772648,
    "max": 381475872,
    "mean": 346452365.6,
    "median": 367999620,
    "variance": 4078471612695502.5,
    "stdDev": 63862912.6543372,
    "confidence": 91363203.328843,
    "low": 300770763.9355785,
    "high": 392133967.2644215,
    "count": 10,
    "base": 29058
  },
  "rss memory": {
    "min": 546729984,
    "max": 673378304,
    "mean": 593577164.8,
    "median": 578693120,
    "variance": 1672154416582492,
    "stdDev": 40891984.747410975,
    "confidence": 58500662.774639845,
    "low": 564326833.41268,
    "high": 622827496.1873199,
    "count": 10,
    "base": 29058
  },
  "external memory": {
    "min": 13149202,
    "max": 13157394,
    "mean": 13156574.8,
    "median": 13157394,
    "variance": 6039797.76,
    "stdDev": 2457.6,
    "confidence": 3515.877982519567,
    "low": 13154816.861008741,
    "high": 13158332.73899126,
    "count": 10,
    "base": 29058
  },
  "array buffers memory": {
    "min": 11811993,
    "max": 11820185,
    "mean": 11819365.8,
    "median": 11820185,
    "variance": 6039797.76,
    "stdDev": 2457.6,
    "confidence": 3515.877982519567,
    "low": 11817607.861008741,
    "high": 11821123.73899126,
    "count": 10,
    "base": 29058
  },
  "Compiler.make hook": {
    "min": 17268.36192,
    "max": 18211.23838,
    "mean": 17651.6729284,
    "median": 17588.820802,
    "variance": 71774.02497700772,
    "stdDev": 267.9067467926251,
    "confidence": 383.27125342475483,
    "low": 17460.037301687622,
    "high": 17843.308555112377,
    "count": 10,
    "base": 29058
  },
  "Compiler.finish make hook": {
    "min": 0.100201,
    "max": 0.168601,
    "mean": 0.11108120000000002,
    "median": 0.10555149999999999,
    "variance": 0.00037783626816,
    "stdDev": 0.019438010910584447,
    "confidence": 0.027808298577678248,
    "low": 0.0971770507111609,
    "high": 0.12498534928883914,
    "count": 10,
    "base": 29058
  },
  "Compiler.finish compilation": {
    "min": 110.12371,
    "max": 127.336123,
    "mean": 116.4727938,
    "median": 115.597633,
    "variance": 26.83861674816756,
    "stdDev": 5.180600037463572,
    "confidence": 7.411441083967702,
    "low": 112.76707325801615,
    "high": 120.17851434198386,
    "count": 10,
    "base": 29058
  },
  "Compiler.seal compilation": {
    "min": 12186.949272,
    "max": 12729.872426,
    "mean": 12379.5915538,
    "median": 12348.483291,
    "variance": 22712.64966898708,
    "stdDev": 150.70716528747755,
    "confidence": 215.60384287199122,
    "low": 12271.789632364005,
    "high": 12487.393475235996,
    "count": 10,
    "base": 29058
  },
  "Compiler.afterCompile hook": {
    "min": 0.0646,
    "max": 0.080301,
    "mean": 0.0701805,
    "median": 0.06850049999999999,
    "variance": 0.000021817660249999996,
    "stdDev": 0.004670937834097131,
    "confidence": 0.0066823109898357935,
    "low": 0.06683934450508211,
    "high": 0.0735216554949179,
    "count": 10,
    "base": 29058
  },
  "Compiler.emitAssets": {
    "min": 7.076685,
    "max": 8.446554,
    "mean": 7.5410248,
    "median": 7.419337499999999,
    "variance": 0.19605543037816003,
    "stdDev": 0.4427814702290059,
    "confidence": 0.6334495533227038,
    "low": 7.224300023338648,
    "high": 7.857749576661352,
    "count": 10,
    "base": 29058
  },
  "Compiler.emitRecords": {
    "min": 0.077801,
    "max": 0.084501,
    "mean": 0.079811,
    "median": 0.079651,
    "variance": 0.00000312490000000001,
    "stdDev": 0.0017677386684688465,
    "confidence": 0.0025289524183424172,
    "low": 0.0785465237908288,
    "high": 0.08107547620917122,
    "count": 10,
    "base": 29058
  },
  "FlagDependencyExportsPlugin.restore cached provided exports": {
    "min": 4.111849,
    "max": 4.245218,
    "mean": 4.1887945,
    "median": 4.19635,
    "variance": 0.0019510402710499846,
    "stdDev": 0.04417058151134061,
    "confidence": 0.06319107056104123,
    "low": 4.15719896471948,
    "high": 4.220390035280521,
    "count": 10,
    "base": 29058
  },
  "FlagDependencyExportsPlugin.figure out provided exports": {
    "min": 58.165735,
    "max": 65.224779,
    "mean": 60.0954075,
    "median": 59.489159,
    "variance": 4.050301599505448,
    "stdDev": 2.0125361113543896,
    "confidence": 2.879163168512676,
    "low": 58.65582591574366,
    "high": 61.53498908425634,
    "count": 10,
    "base": 29058
  },
  "FlagDependencyExportsPlugin.store provided exports into cache": {
    "min": 17.960013,
    "max": 22.940573,
    "mean": 19.781751300000003,
    "median": 18.549947500000002,
    "variance": 3.9378662938814104,
    "stdDev": 1.9844057785345743,
    "confidence": 2.8389195089252226,
    "low": 18.362291545537392,
    "high": 21.201211054462615,
    "count": 10,
    "base": 29058
  },
  "InnerGraphPlugin.infer dependency usage": {
    "min": 18.187891,
    "max": 33.971805,
    "mean": 25.8427818,
    "median": 27.303342,
    "variance": 38.96124704655877,
    "stdDev": 6.241894507804402,
    "confidence": 8.929744250162884,
    "low": 21.37790967491856,
    "high": 30.307653925081443,
    "count": 10,
    "base": 29058
  },
  "Compilation.finish modules": {
    "min": 82.308879,
    "max": 93.976122,
    "mean": 85.8328023,
    "median": 85.057265,
    "variance": 11.890990878534808,
    "stdDev": 3.448331607971427,
    "confidence": 4.933232900754234,
    "low": 83.36618584962288,
    "high": 88.29941875037711,
    "count": 10,
    "base": 29058
  },
  "Compilation.report dependency errors and warnings": {
    "min": 27.178524,
    "max": 38.780564,
    "mean": 30.150566500000004,
    "median": 28.338238,
    "variance": 15.043715788820048,
    "stdDev": 3.8786229242889863,
    "confidence": 5.548813859864879,
    "low": 27.376159570067564,
    "high": 32.92497342993244,
    "count": 10,
    "base": 29058
  },
  "Compilation.optimize dependencies": {
    "min": 207.438366,
    "max": 218.058501,
    "mean": 213.27467170000006,
    "median": 213.546199,
    "variance": 7.02692138184121,
    "stdDev": 2.650834091723058,
    "confidence": 3.7923214593106422,
    "low": 211.37851097034473,
    "high": 215.17083242965538,
    "count": 10,
    "base": 29058
  },
  "Compilation.create chunks": {
    "min": 56.872879,
    "max": 62.790749,
    "mean": 59.049216,
    "median": 58.9591565,
    "variance": 2.479108592664801,
    "stdDev": 1.5745185272535858,
    "confidence": 2.2525288993490733,
    "low": 57.922951550325465,
    "high": 60.17548044967454,
    "count": 10,
    "base": 29058
  },
  "Compilation.optimize": {
    "min": 70.259935,
    "max": 78.020895,
    "mean": 72.43705630000001,
    "median": 72.001013,
    "variance": 4.822877328306603,
    "stdDev": 2.196105035809217,
    "confidence": 3.1417795177011385,
    "low": 70.86616654114944,
    "high": 74.00794605885058,
    "count": 10,
    "base": 29058
  },
  "Compilation.module hashing": {
    "min": 94.981268,
    "max": 105.937773,
    "mean": 99.15892670000001,
    "median": 96.677268,
    "variance": 14.102684939349604,
    "stdDev": 3.7553541696289585,
    "confidence": 5.372463802718954,
    "low": 96.47269479864053,
    "high": 101.84515860135949,
    "count": 10,
    "base": 29058
  },
  "Compilation.code generation": {
    "min": 174.35178,
    "max": 193.53701,
    "mean": 183.7065743,
    "median": 184.1516005,
    "variance": 23.01282549673544,
    "stdDev": 4.797168487424164,
    "confidence": 6.86289838190595,
    "low": 180.27512510904702,
    "high": 187.13802349095297,
    "count": 10,
    "base": 29058
  },
  "Compilation.runtime requirements": {
    "min": 10.520042,
    "max": 13.108357,
    "mean": 11.5694017,
    "median": 11.4178055,
    "variance": 0.7759156586728096,