{
  "stats": {
    "min": 5015,
    "max": 5677,
    "mean": 5414.366666666667,
    "median": 5544,
    "variance": 57421.432222222225,
    "stdDev": 239.62769502338878,
    "confidence": 178.93681010872388,
    "low": 5324.898261612305,
    "high": 5503.835071721029,
    "count": 30,
    "base": 4760.5
  },
  "heap memory": {
    "min": 201750760,
    "max": 439810296,
    "mean": 255693178.13333333,
    "median": 213842076,
    "variance": 4446565732518255,
    "stdDev": 66682574.42929341,
    "confidence": 49793773.44947815,
    "low": 230796291.40859425,
    "high": 280590064.8580724,
    "count": 30,
    "base": 4760.5
  },
  "rss memory": {
    "min": 401866752,
    "max": 596934656,
    "mean": 523891507.2,
    "median": 559114240,
    "variance": 4916690446933033,
    "stdDev": 70119116.13057478,
    "confidence": 52359936.804564774,
    "low": 497711538.79771763,
    "high": 550071475.6022824,
    "count": 30,
    "base": 4760.5
  },
  "external memory": {
    "min": 43207651,
    "max": 43289571,
    "mean": 43253526.2,
    "median": 43256803,
    "variance": 467972478.2933335,
    "stdDev": 21632.671547761583,
    "confidence": 16153.730646654963,
    "low": 43245449.334676675,
    "high": 43261603.06532333,
    "count": 30,
    "base": 4760.5
  },
  "array buffers memory": {
    "min": 41747698,
    "max": 41829618,
    "mean": 41793573.2,
    "median": 41796850,
    "variance": 467972478.2933335,
    "stdDev": 21632.671547761583,
    "confidence": 16153.730646654963,
    "low": 41785496.334676675,
    "high": 41801650.06532333,
    "count": 30,
    "base": 4760.5
  },
  "Compiler.make hook": {
    "min": 3911.917106,
    "max": 4489.8406780000005,
    "mean": 4264.893144166666,
    "median": 4370.7821175,
    "variance": 44533.58115216472,
    "stdDev": 211.0298110508672,
    "confidence": 157.58195739270923,
    "low": 4186.102165470312,
    "high": 4343.684122863021,
    "count": 30,
    "base": 4760.5
  },
  "Compiler.finish make hook": {
    "min": 0.090319,
    "max": 0.127278,
    "mean": 0.09749106666666667,
    "median": 0.093915,
    "variance": 0.00008416452146222221,
    "stdDev": 0.009174122381035814,
    "confidence": 0.0068505779110772935,
    "low": 0.09406577771112802,
    "high": 0.10091635562220531,
    "count": 30,
    "base": 4760.5
  },
  "Compiler.finish compilation": {
    "min": 156.835406,
    "max": 210.95074,
    "mean": 167.89408573333336,
    "median": 166.9930825,
    "variance": 93.01231774560716,
    "stdDev": 9.64428938520652,
    "confidence": 7.201664975268557,
    "low": 164.29325324569908,
    "high": 171.49491822096763,
    "count": 30,
    "base": 4760.5
  },
  "Compiler.seal compilation": {
    "min": 847.078719,
    "max": 954.484064,
    "mean": 897.4591273000002,
    "median": 898.4478225,
    "variance": 1047.2046412585946,
    "stdDev": 32.3605414240645,
    "confidence": 24.16453597005193,
    "low": 885.3768593149742,
    "high": 909.5413952850262,
    "count": 30,
    "base": 4760.5
  },
  "Compiler.afterCompile hook": {
    "min": 0.055733,
    "max": 0.190426,
    "mean": 0.06719773333333333,
    "median": 0.059897,
    "variance": 0.0005798305616622223,
    "stdDev": 0.024079671128614324,
    "confidence": 0.01798097477756403,
    "low": 0.05820724594455131,
    "high": 0.07618822072211534,
    "count": 30,
    "base": 4760.5
  },
  "Compiler.emitAssets": {
    "min": 60.332255,
    "max": 104.274289,
    "mean": 66.3754857,
    "median": 62.182986,
    "variance": 111.43699769107533,
    "stdDev": 10.556372373645946,
    "confidence": 7.882743264194431,
    "low": 62.43411406790278,
    "high": 70.31685733209721,
    "count": 30,
    "base": 4760.5
  },
  "Compiler.emitRecords": {
    "min": 0.060763,
    "max": 1.326727,
    "mean": 0.10993996666666667,
    "median": 0.0636845,
    "variance": 0.05112113631643222,
    "stdDev": 0.2260998370552978,
    "confidence": 0.16883517410134158,
    "low": 0.025522379615995877,
    "high": 0.19435755371733746,
    "count": 30,
    "base": 4760.5
  },
  "Compilation.compute affected modules": {
    "min": 0.208078,
    "max": 0.287777,
    "mean": 0.22133136666666664,
    "median": 0.21624349999999998,
    "variance": 0.00026501494456555554,
    "stdDev": 0.016279279608310545,
    "confidence": 0.01215620074171625,
    "low": 0.21525326629580852,
    "high": 0.22740946703752477,
    "count": 30,
    "base": 4760.5
  },
  "Compilation.finish modules": {
    "min": 124.973228,
    "max": 176.299575,
    "mean": 133.93306986666667,
    "median": 132.62902350000002,
    "variance": 78.67094483504653,
    "stdDev": 8.869664302274721,
    "confidence": 6.623230410947883,
    "low": 130.62145466119273,
    "high": 137.2446850721406,
    "count": 30,
    "base": 4760.5
  },
  "Compilation.report dependency errors and warnings": {
    "min": 28.611634,
    "max": 42.10291,
    "mean": 33.349355633333325,
    "median": 33.067781499999995,
    "variance": 6.544285147317966,
    "stdDev": 2.5581800459150577,
    "confidence": 1.9102657439289175,
    "low": 32.394222761368866,
    "high": 34.30448850529778,
    "count": 30,
    "base": 4760.5
  },
  "Compilation.optimize dependencies": {
    "min": 133.134426,
    "max": 161.826975,
    "mean": 144.24431006666666,
    "median": 144.07782550000002,
    "variance": 34.42127007346148,
    "stdDev": 5.86696429795354,
    "confidence": 4.381028980790802,
    "low": 142.05379557627126,
    "high": 146.43482455706206,
    "count": 30,
    "base": 4760.5
  },
  "Compilation.create chunks": {
    "min": 57.66398,
    "max": 72.694457,
    "mean": 65.32368956666667,
    "median": 65.366439,
    "variance": 19.604698260353715,
    "stdDev": 4.427719306861459,
    "confidence": 3.3063038425056277,
    "low": 63.67053764541386,
    "high": 66.97684148791949,
    "count": 30,
    "base": 4760.5
  },
  "Compilation.compute affected modules with chunk graph": {
    "min": 0.121907,
    "max": 0.197489,
    "mean": 0.14207803333333333,
    "median": 0.1291405,
    "variance": 0.00043533439163222226,
    "stdDev": 0.020864668500415295,
    "confidence": 0.015580240944502943,
    "low": 0.13428791286108185,
    "high": 0.1498681538055848,
    "count": 30,
    "base": 4760.5
  },
  "Compilation.optimize": {
    "min": 94.771592,
    "max": 146.866049,
    "mean": 103.21896836666669,
    "median": 117.3388665,
    "variance": 100.09014153663402,
    "stdDev": 10.004506061602143,
    "confidence": 7.470649004914662,
    "low": 99.48364386420936,
    "high": 106.95429286912402,
    "count": 30,
    "base": 4760.5
  },
  "Compilation.module hashing": {
    "min": 88.04633,
    "max": 157.637797,
    "mean": 97.87233583333335,
    "median": 92.549034,
    "variance": 245.2505884449145,
    "stdDev": 15.660478550954773,
    "confidence": 11.69412440582218,
    "low": 92.02527363042226,
    "high": 103.71939803624444,
    "count": 30,
    "base": 4760.5
  },
  "Compilation.code generation": {
    "min": 303.56637,
    "max": 391.688875,
    "mean": 325.6587463333334,
    "median": 313.2663505,
    "variance": 690.176944688254,
    "stdDev": 26.271218941805003,
    "confidence": 19.61746581360569,
    "low": 315.85001342653055,
    "high": 335.46747924013624,
    "count": 30,
    "base": 4760.5
  },
  "Compilation.runtime requirements.modules": {
    "min": 9.786285,
    "max": 16.745225,
    "mean": 11.736149733333336,
    "median": 13.895724999999999,
    "variance": 4.363682485031796,
    "stdDev": 2.0889429109077624,
    "confidence": 1.559873039468922,
    "low": 10.956213213598875,
    "high": 12.516086253067797,
    "count": 30,
    "base": 4760.5
  },
  "Compilation.runtime requirements.chunks": {
    "min": 2.703528,
    "max": 7.110373,
    "mean": 3.4545999,
    "median": 3.3475175,
    "variance": 0.6389566679663566,
    "stdDev": 0.7993476515048734,
    "confidence": 0.5968956088912032,
    "low": 3.1561520955543982,
    "high": 3.7530477044456014,
    "count": 30,
    "base": 4760.5
  },