{
  "stats": {
    "min": 233.36363636363637,
    "max": 256.8181818181818,
    "mean": 242.0495867768595,
    "median": 239.63636363636363,
    "variance": 39.74660200805952,
    "stdDev": 6.3044906224103086,
    "confidence": 8.470300980428362,
    "low": 237.81443628664533,
    "high": 246.2847372670737,
    "count": 11,
    "base": 404.4545454545455
  },
  "heap memory": {
    "min": 274737336.72727275,
    "max": 280996002.1818182,
    "mean": 278683795.57024795,
    "median": 279262800.72727275,
    "variance": 4645435042627.171,
    "stdDev": 2155327.1312325587,
    "confidence": 2895756.4704637527,
    "low": 277235917.3350161,
    "high": 280131673.8054798,
    "count": 11,
    "base": 404.4545454545455
  },
  "rss memory": {
    "min": 586099246.5454545,
    "max": 635027828.3636364,
    "mean": 611771417.3884298,
    "median": 618434187.6363636,
    "variance": 236008271676348.1,
    "stdDev": 15362560.713512188,
    "confidence": 20640131.11717558,
    "low": 601451351.829842,
    "high": 622091482.9470176,
    "count": 11,
    "base": 404.4545454545455
  },
  "external memory": {
    "min": 152657777.63636363,
    "max": 152674161.63636363,
    "mean": 152666714.3636363,
    "median": 152665969.63636363,
    "variance": 54352633.652892545,
    "stdDev": 7372.42386552025,
    "confidence": 9905.106191158295,
    "low": 152661761.81054074,
    "high": 152671666.9167319,
    "count": 11,
    "base": 404.4545454545455
  },
  "array buffers memory": {
    "min": 151203104.27272728,
    "max": 151219488.27272728,
    "mean": 151212041,
    "median": 151211296.27272728,
    "variance": 54352633.65289257,
    "stdDev": 7372.423865520252,
    "confidence": 9905.106191158295,
    "low": 151207088.44690442,
    "high": 151216993.55309558,
    "count": 11,
    "base": 404.4545454545455
  },
  "Compiler.make hook": {
    "min": 86.46853063636364,
    "max": 90.90561227272725,
    "mean": 89.22026702479339,
    "median": 89.71333081818183,
    "variance": 1.764859137710029,
    "stdDev": 1.3284800102786751,
    "confidence": 1.7848587947048031,
    "low": 88.32783762744099,
    "high": 90.11269642214579,
    "count": 11,
    "base": 404.4545454545455
  },
  "Compiler.finish make hook": {
    "min": 0.004691454545454546,
    "max": 0.005218545454545456,
    "mean": 0.0049442396694214874,
    "median": 0.0049366363636363635,
    "variance": 3.6047713407554076e-8,
    "stdDev": 0.0001898623538449739,
    "confidence": 0.00025508663240816735,
    "low": 0.004816696353217404,
    "high": 0.005071782985625571,
    "count": 11,
    "base": 404.4545454545455
  },
  "Compiler.finish compilation": {
    "min": 2.766174545454545,
    "max": 2.9895982727272723,
    "mean": 2.8830510826446276,
    "median": 2.8768549999999995,
    "variance": 0.005831533662546144,
    "stdDev": 0.07636447906288724,
    "confidence": 0.10259831612359172,
    "low": 2.8317519245828318,
    "high": 2.9343502407064235,
    "count": 11,
    "base": 404.4545454545455
  },
  "Compiler.seal compilation": {
    "min": 97.815816,
    "max": 106.60627954545454,
    "mean": 102.679523,
    "median": 105.18478090909093,
    "variance": 7.539515572649373,
    "stdDev": 2.745817833114457,
    "confidence": 3.689101130745314,
    "low": 100.83497243462735,
    "high": 104.52407356537266,
    "count": 11,
    "base": 404.4545454545455
  },
  "Compiler.afterCompile hook": {
    "min": 0.0042819090909090906,
    "max": 0.0051733636363636365,
    "mean": 0.004719338842975205,
    "median": 0.004645727272727273,
    "variance": 6.506641486237276e-8,
    "stdDev": 0.0002550811926865106,
    "confidence": 0.00034271039579647153,
    "low": 0.0045479836450769695,
    "high": 0.004890694040873441,
    "count": 11,
    "base": 404.4545454545455
  },
  "Compiler.emitAssets": {
    "min": 39.071341090909094,
    "max": 53.72978081818181,
    "mean": 42.859121991735535,
    "median": 41.77601572727272,
    "variance": 15.63072388529205,
    "stdDev": 3.953571029498781,
    "confidence": 5.311759279697952,
    "low": 40.20324235188656,
    "high": 45.51500163158451,
    "count": 11,
    "base": 404.4545454545455
  },
  "Compiler.emitRecords": {
    "min": 0.005536636363636363,
    "max": 0.006582545454545455,
    "mean": 0.006087239669421487,
    "median": 0.006127909090909092,
    "variance": 9.510324909500727e-8,
    "stdDev": 0.0003083881468134067,
    "confidence": 0.0004143301304979051,
    "low": 0.005880074604172535,
    "high": 0.00629440473467044,
    "count": 11,
    "base": 404.4545454545455
  },
  "Compilation.compute affected modules": {
    "min": 1.2214941818181817,
    "max": 1.361366909090909,
    "mean": 1.3072720661157025,
    "median": 1.3067363636363636,
    "variance": 0.001778027736371287,
    "stdDev": 0.04216666617568061,
    "confidence": 0.05665237292600045,
    "low": 1.2789458796527022,
    "high": 1.3355982525787027,
    "count": 11,
    "base": 404.4545454545455
  },
  "Compilation.finish modules": {
    "min": 0.6679828181818183,
    "max": 0.7552524545454545,
    "mean": 0.7128463966942149,
    "median": 0.7190317272727272,
    "variance": 0.0005170960815015356,
    "stdDev": 0.022739746733451884,
    "confidence": 0.03055163542735362,
    "low": 0.6975705789805381,
    "high": 0.7281222144078917,
    "count": 11,
    "base": 404.4545454545455
  },
  "Compilation.report dependency errors and warnings": {
    "min": 0.7360598181818182,
    "max": 0.873788,
    "mean": 0.7929027520661157,
    "median": 0.7929369999999999,
    "variance": 0.0014297094700647494,
    "stdDev": 0.03781149917769394,
    "confidence": 0.05080105558692072,
    "low": 0.7675022242726554,
    "high": 0.8183032798595761,
    "count": 11,
    "base": 404.4545454545455
  },
  "Compilation.optimize dependencies": {
    "min": 0.033874909090909094,
    "max": 0.04056645454545454,
    "mean": 0.036245619834710745,
    "median": 0.036084363636363644,
    "variance": 0.000004541377789358641,
    "stdDev": 0.002131050865033174,
    "confidence": 0.0028631404680450057,
    "low": 0.03481404960068824,
    "high": 0.03767719006873325,
    "count": 11,
    "base": 404.4545454545455
  },
  "Compilation.create chunks": {
    "min": 18.550247545454543,
    "max": 20.706151272727272,
    "mean": 19.67570423966942,
    "median": 19.813755909090904,
    "variance": 0.330051339572682,
    "stdDev": 0.574500948278314,
    "confidence": 0.771861873846106,
    "low": 19.28977330274637,
    "high": 20.061635176592475,
    "count": 11,
    "base": 404.4545454545455
  },
  "Compilation.compute affected modules with chunk graph": {
    "min": 2.8494800909090903,
    "max": 4.3862819090909095,
    "mean": 3.837372958677686,
    "median": 3.8914054545454557,
    "variance": 0.1618978232719556,
    "stdDev": 0.40236528586839543,
    "confidence": 0.5405916638636246,
    "low": 3.5670771267458736,
    "high": 4.107668790609498,
    "count": 11,
    "base": 404.4545454545455
  },
  "Compilation.optimize": {
    "min": 18.773242000000003,
    "max": 22.494086999999997,
    "mean": 20.797322256198346,
    "median": 20.784407,
    "variance": 1.0754476764591285,
    "stdDev": 1.0370379339537819,
    "confidence": 1.3932962954193187,
    "low": 20.100674108488686,
    "high": 21.493970403908005,
    "count": 11,
    "base": 404.4545454545455
  },
  "Compilation.module hashing": {
    "min": 3.7938642727272724,
    "max": 4.701870181818181,
    "mean": 4.246656429752066,
    "median": 4.243567454545455,
    "variance": 0.08464671175490461,
    "stdDev": 0.29094107952453985,
    "confidence": 0.39088939277404045,
    "low": 4.0512117333650455,
    "high": 4.442101126139086,
    "count": 11,
    "base": 404.4545454545455
  },
  "Compilation.code generation": {
    "min": 7.790893636363637,
    "max": 9.887082363636363,
    "mean": 8.855047983471076,
    "median": 8.752536909090908,
    "variance": 0.3536314271461578,
    "stdDev": 0.5946691745383796,
    "confidence": 0.7989585826677335,
    "low": 8.45556869213721,