{
  "stats": {
    "min": 7169,
    "max": 7653,
    "mean": 7474.933333333333,
    "median": 7483.5,
    "variance": 6663.128888888887,
    "stdDev": 81.6279908419219,
    "confidence": 60.953940634499304,
    "low": 7444.456363016084,
    "high": 7505.410303650583,
    "count": 30,
    "base": 8197
  },
  "heap memory": {
    "min": 308624736,
    "max": 614946752,
    "mean": 501830962.4,
    "median": 574015832,
    "variance": 14630973760293864,
    "stdDev": 120958562.16198118,
    "confidence": 90323196.01659584,
    "low": 456669364.39170206,
    "high": 546992560.4082979,
    "count": 30,
    "base": 8197
  },
  "rss memory": {
    "min": 622505984,
    "max": 817643520,
    "mean": 782059246.9333333,
    "median": 788443136,
    "variance": 1126368333070045,
    "stdDev": 33561411.36886298,
    "confidence": 25061259.686635256,
    "low": 769528617.0900156,
    "high": 794589876.7766509,
    "count": 30,
    "base": 8197
  },
  "external memory": {
    "min": 107606195,
    "max": 107655347,
    "mean": 107631317.13333334,
    "median": 107630771,
    "variance": 116023769.31555562,
    "stdDev": 10771.433020520326,
    "confidence": 8043.335161238909,
    "low": 107627295.46575272,
    "high": 107635338.80091396,
    "count": 30,
    "base": 8197
  },
  "array buffers memory": {
    "min": 106146242,
    "max": 106195394,
    "mean": 106171364.13333334,
    "median": 106170818,
    "variance": 116023769.31555562,
    "stdDev": 10771.433020520326,
    "confidence": 8043.335161238909,
    "low": 106167342.46575272,
    "high": 106175385.80091396,
    "count": 30,
    "base": 8197
  },
  "Compiler.make hook": {
    "min": 5357.652641,
    "max": 5771.6473320000005,
    "mean": 5658.0016672,
    "median": 5669.8718645,
    "variance": 5174.25067265281,
    "stdDev": 71.93226447605282,
    "confidence": 53.713866203926955,
    "low": 5631.144734098037,
    "high": 5684.858600301964,
    "count": 30,
    "base": 8197
  },
  "Compiler.finish make hook": {
    "min": 0.078387,
    "max": 0.116739,
    "mean": 0.08472843333333333,
    "median": 0.08240449999999999,
    "variance": 0.000055601141978888876,
    "stdDev": 0.007456617328178299,
    "confidence": 0.005568068076502702,
    "low": 0.08194439929508197,
    "high": 0.08751246737158468,
    "count": 30,
    "base": 8197
  },
  "Compiler.finish compilation": {
    "min": 65.422708,
    "max": 78.44304,
    "mean": 71.35732293333334,
    "median": 70.6312865,
    "variance": 15.233704732058328,
    "stdDev": 3.903037885040104,
    "confidence": 2.914509313351317,
    "low": 69.90006827665768,
    "high": 72.814577590009,
    "count": 30,
    "base": 8197
  },
  "Compiler.seal compilation": {
    "min": 1412.892059,
    "max": 1521.26102,
    "mean": 1452.2792999333333,
    "median": 1449.9870555,
    "variance": 533.6044284958092,
    "stdDev": 23.099879404356404,
    "confidence": 17.249336451315685,
    "low": 1443.6546317076754,
    "high": 1460.9039681589911,
    "count": 30,
    "base": 8197
  },
  "Compiler.afterCompile hook": {
    "min": 0.052568,
    "max": 0.152476,
    "mean": 0.06754866666666666,
    "median": 0.0556445,
    "variance": 0.0005260221447555555,
    "stdDev": 0.022935172655891553,
    "confidence": 0.017126345241260527,
    "low": 0.058985494046036396,
    "high": 0.07611183928729692,
    "count": 30,
    "base": 8197
  },
  "Compiler.emitAssets": {
    "min": 207.989392,
    "max": 308.8127,
    "mean": 276.8961302999999,
    "median": 277.6217095,
    "variance": 471.931071592546,
    "stdDev": 21.723974580922018,
    "confidence": 16.221909216352287,
    "low": 268.7851756918238,
    "high": 285.00708490817607,
    "count": 30,
    "base": 8197
  },
  "Compiler.emitRecords": {
    "min": 0.082675,
    "max": 0.110136,
    "mean": 0.09200720000000001,
    "median": 0.0909105,
    "variance": 0.00003564776756,
    "stdDev": 0.005970575144824827,
    "confidence": 0.004458398144776637,
    "low": 0.08977800092761169,
    "high": 0.09423639907238833,
    "count": 30,
    "base": 8197
  },
  "Compilation.compute affected modules": {
    "min": 0.209834,
    "max": 0.357641,
    "mean": 0.22572706666666661,
    "median": 0.21808450000000001,
    "variance": 0.0006979817529955554,
    "stdDev": 0.026419344295336995,
    "confidence": 0.01972807522482023,
    "low": 0.2158630290542565,
    "high": 0.23559110427907673,
    "count": 30,
    "base": 8197
  },
  "Compilation.finish modules": {
    "min": 1.368115,
    "max": 1.900173,
    "mean": 1.570768066666667,
    "median": 1.5606815,
    "variance": 0.009691025586262222,
    "stdDev": 0.0984430067920633,
    "confidence": 0.07351019092832267,
    "low": 1.5340129712025057,
    "high": 1.6075231621308284,
    "count": 30,
    "base": 8197
  },
  "Compilation.report dependency errors and warnings": {
    "min": 63.32718,
    "max": 76.165659,
    "mean": 69.12816496666665,
    "median": 68.3902995,
    "variance": 14.904513594749773,
    "stdDev": 3.8606364235381934,
    "confidence": 2.88284693699552,
    "low": 67.68674149816889,
    "high": 70.5695884351644,
    "count": 30,
    "base": 8197
  },
  "Compilation.optimize dependencies": {
    "min": 0.085711,
    "max": 0.15993,
    "mean": 0.11205590000000001,
    "median": 0.1128715,
    "variance": 0.0004424928317566667,
    "stdDev": 0.021035513584333202,
    "confidence": 0.01570781582409289,
    "low": 0.10420199208795357,
    "high": 0.11990980791204646,
    "count": 30,
    "base": 8197
  },
  "Compilation.create chunks": {
    "min": 132.322304,
    "max": 154.129607,
    "mean": 141.68887613333334,
    "median": 141.4497415,
    "variance": 36.22827923715577,
    "stdDev": 6.018993207934012,
    "confidence": 4.494553288544807,
    "low": 139.44159948906093,
    "high": 143.93615277760574,
    "count": 30,
    "base": 8197
  },
  "Compilation.compute affected modules with chunk graph": {
    "min": 0.127869,
    "max": 0.187682,
    "mean": 0.15161709999999998,
    "median": 0.14645999999999998,
    "variance": 0.00032155835455666663,
    "stdDev": 0.017932048253243873,
    "confidence": 0.01339037006068089,
    "low": 0.14492191496965953,
    "high": 0.15831228503034042,
    "count": 30,
    "base": 8197
  },
  "Compilation.optimize": {
    "min": 84.905215,
    "max": 187.902776,
    "mean": 93.56105383333335,
    "median": 89.914961,
    "variance": 313.6553772309804,
    "stdDev": 17.710318383105946,
    "confidence": 13.224798065071496,
    "low": 86.9486548007976,
    "high": 100.1734528658691,
    "count": 30,
    "base": 8197
  },
  "Compilation.module hashing": {
    "min": 144.723589,
    "max": 163.246097,
    "mean": 152.27398486666667,
    "median": 151.9775295,
    "variance": 18.40857624425626,
    "stdDev": 4.290521675071257,
    "confidence": 3.2038544716822344,
    "low": 150.67205763082555,
    "high": 153.87591210250778,
    "count": 30,
    "base": 8197
  },
  "Compilation.code generation": {
    "min": 660.217241,
    "max": 709.413722,
    "mean": 684.4520154666667,
    "median": 685.60122,
    "variance": 160.7284045938439,
    "stdDev": 12.677870664817648,
    "confidence": 9.466926331332388,
    "low": 679.7185523010005,
    "high": 689.1854786323329,
    "count": 30,
    "base": 8197
  },
  "Compilation.runtime requirements.modules": {
    "min": 23.281971,
    "max": 29.996398,
    "mean": 27.18144536666666,
    "median": 27.1618815,
    "variance": 1.2877399676532986,
    "stdDev": 1.1347863092465025,
    "confidence": 0.8473771878154608,
    "low": 26.75775677275893,
    "high": 27.605133960574392,
    "count": 30,
    "base": 8197
  },
  "Compilation.runtime requirements.chunks": {
    "min": 5.725737,
    "max": 9.129099,
    "mean": 6.467178799999998,
    "median": 6.411357000000001,
    "variance": 0.49285156533656005,
    "stdDev": 0.7020338776273978,
    "confidence": 0.5242286482730769,
    "low": 6.20506447586346,
    "high": 6.729293124136537,
    "count": 30,
    "base": 8197
  },