{
  "stats": {
    "min": 1297.2727272727273,
    "max": 1320.1818181818182,
    "mean": 1303.6545454545453,
    "median": 1299.909090909091,
    "variance": 71.74347107438037,
    "stdDev": 8.47015177398731,
    "confidence": 21.030792946536167,
    "low": 1293.1391489812772,
    "high": 1314.1699419278134,
    "count": 5,
    "base": 1024.409090909091
  },
  "heap memory": {
    "min": 461228735.2,
    "max": 471353197.2,
    "mean": 464311908,
    "median": 463079698.4,
    "variance": 12916967753877.955,
    "stdDev": 3594018.3296524733,
    "confidence": 8923695.507925415,
    "low": 459850060.2460373,
    "high": 468773755.7539627,
    "count": 5,
    "base": 1024.409090909091
  },
  "rss memory": {
    "min": 636288000,
    "max": 655176089.6,
    "mean": 644019896.3199999,
    "median": 642777088,
    "variance": 38562930879994.266,
    "stdDev": 6209905.867241005,
    "confidence": 15418760.843519783,
    "low": 636310515.8982401,
    "high": 651729276.7417599,
    "count": 5,
    "base": 1024.409090909091
  },
  "external memory": {
    "min": 79161649.65,
    "max": 80728059.65,
    "mean": 79497864.71000001,
    "median": 79206275.15,
    "variance": 378748140733.68646,
    "stdDev": 615425.1707020818,
    "confidence": 1528057.5466039418,
    "low": 78733835.93669803,
    "high": 80261893.48330197,
    "count": 5,
    "base": 1024.409090909091
  },
  "array buffers memory": {
    "min": 69875276.8,
    "max": 71384146.45,
    "mean": 70199984.01,
    "median": 69919902.3,
    "variance": 350963426124.5964,
    "stdDev": 592421.6624369811,
    "confidence": 1470941.44853673,
    "low": 69464513.28573164,
    "high": 70935454.73426837,
    "count": 5,
    "base": 1024.409090909091
  },
  "Compiler.make hook": {
    "min": 362.5672486363637,
    "max": 366.6752898181818,
    "mean": 364.7283085454545,
    "median": 364.98404545454554,
    "variance": 2.3842208833894403,
    "stdDev": 1.5440922522276446,
    "confidence": 3.8338727939539012,
    "low": 362.8113721484776,
    "high": 366.6452449424315,
    "count": 5,
    "base": 1024.409090909091
  },
  "Compiler.finish make hook": {
    "min": 0.004082090909090909,
    "max": 0.004491181818181819,
    "mean": 0.004314763636363636,
    "median": 0.004427363636363636,
    "variance": 3.377746644628096e-8,
    "stdDev": 0.0001837864697040589,
    "confidence": 0.0004563289175751502,
    "low": 0.004086599177576061,
    "high": 0.0045429280951512115,
    "count": 5,
    "base": 1024.409090909091
  },
  "Compiler.finish compilation": {
    "min": 136.18499172727272,
    "max": 141.82185645454544,
    "mean": 139.42486941818183,
    "median": 139.10909845454543,
    "variance": 4.536240543708675,
    "stdDev": 2.1298451924280024,
    "confidence": 5.288256272773083,
    "low": 136.7807412817953,
    "high": 142.06899755456837,
    "count": 5,
    "base": 1024.409090909091
  },
  "Compiler.seal compilation": {
    "min": 681.3456053636363,
    "max": 705.1043060000001,
    "mean": 691.6721444909092,
    "median": 688.2944986363636,
    "variance": 64.84100528631309,
    "stdDev": 8.052391277522045,
    "confidence": 19.993522926253036,
    "low": 681.6753830277827,
    "high": 701.6689059540357,
    "count": 5,
    "base": 1024.409090909091
  },
  "Compiler.afterCompile hook": {
    "min": 0.004791272727272728,
    "max": 0.0055274545454545455,
    "mean": 0.0050493636363636366,
    "median": 0.0049728181818181815,
    "variance": 7.12661289256197e-8,
    "stdDev": 0.000266957166836966,
    "confidence": 0.000662835926811163,
    "low": 0.004717945672958055,
    "high": 0.005380781599769218,
    "count": 5,
    "base": 1024.409090909091
  },
  "Compiler.emitAssets": {
    "min": 90.77391345454548,
    "max": 100.06092618181816,
    "mean": 93.90492585454547,
    "median": 90.93938245454545,
    "variance": 13.106770511644584,
    "stdDev": 3.6203274039297306,
    "confidence": 8.989019094621767,
    "low": 89.41041630723458,
    "high": 98.39943540185635,
    "count": 5,
    "base": 1024.409090909091
  },
  "Compiler.emitRecords": {
    "min": 0.005427636363636364,
    "max": 0.006554818181818182,
    "mean": 0.005867636363636364,
    "median": 0.005727454545454546,
    "variance": 1.4518447933884296e-7,
    "stdDev": 0.00038103081153476677,
    "confidence": 0.0009460727880045965,
    "low": 0.005394599969634066,
    "high": 0.006340672757638662,
    "count": 5,
    "base": 1024.409090909091
  },
  "FlagDependencyExportsPlugin.restore cached provided exports": {
    "min": 20.151231272727273,
    "max": 23.168728818181815,
    "mean": 21.486051036363637,
    "median": 21.148228000000003,
    "variance": 1.2378613078716567,
    "stdDev": 1.1125921570241526,
    "confidence": 2.762488313394165,
    "low": 20.104806879666555,
    "high": 22.86729519306072,
    "count": 5,
    "base": 1024.409090909091
  },
  "FlagDependencyExportsPlugin.figure out provided exports": {
    "min": 59.935503999999995,
    "max": 61.359035636363636,
    "mean": 60.49829520000001,
    "median": 60.547683181818186,
    "variance": 0.24620933488624602,
    "stdDev": 0.49619485576358613,
    "confidence": 1.2320170347771437,
    "low": 59.882286682611436,
    "high": 61.11430371738858,
    "count": 5,
    "base": 1024.409090909091
  },
  "FlagDependencyExportsPlugin.store provided exports into cache": {
    "min": 0.03525690909090909,
    "max": 0.03766690909090909,
    "mean": 0.03649687272727272,
    "median": 0.036266454545454546,
    "variance": 9.791700052892613e-7,
    "stdDev": 0.0009895301942281808,
    "confidence": 0.0024569340886039237,
    "low": 0.03526840568297076,
    "high": 0.03772533977157468,
    "count": 5,
    "base": 1024.409090909091
  },
  "Compilation.finish modules": {
    "min": 82.55864672727273,
    "max": 85.48972563636363,
    "mean": 83.76215776363637,
    "median": 83.02616790909092,
    "variance": 1.4749796335746879,
    "stdDev": 1.2144873953955586,
    "confidence": 3.015487045602015,
    "low": 82.25441424083536,
    "high": 85.26990128643737,
    "count": 5,
    "base": 1024.409090909091
  },
  "Compilation.report dependency errors and warnings": {
    "min": 53.54604127272727,
    "max": 56.677023454545456,
    "mean": 55.60709549090909,
    "median": 56.03552772727273,
    "variance": 1.2090866346889952,
    "stdDev": 1.0995847555732097,
    "confidence": 2.7301918476416347,
    "low": 54.24199956708827,
    "high": 56.972191414729906,
    "count": 5,
    "base": 1024.409090909091
  },
  "Compilation.optimize dependencies": {
    "min": 46.115452636363635,
    "max": 51.40347709090909,
    "mean": 49.46719649090909,
    "median": 50.05103490909091,
    "variance": 3.295641339108119,
    "stdDev": 1.8153901341331893,
    "confidence": 4.50748641191899,
    "low": 47.213453284949594,
    "high": 51.720939696868584,
    "count": 5,
    "base": 1024.409090909091
  },
  "Compilation.create chunks": {
    "min": 100.18128418181821,
    "max": 103.66921618181819,
    "mean": 101.32070187272727,
    "median": 100.42578618181818,
    "variance": 1.756287059122975,
    "stdDev": 1.3252498100822256,
    "confidence": 3.2905023548539134,
    "low": 99.67545069530031,
    "high": 102.96595305015423,
    "count": 5,
    "base": 1024.409090909091
  },
  "Compilation.optimize": {
    "min": 62.120932181818176,
    "max": 64.6117501818182,
    "mean": 63.80657103636363,
    "median": 64.13108945454545,
    "variance": 0.8067161747164204,
    "stdDev": 0.8981737998385504,
    "confidence": 2.2301025670424153,
    "low": 62.69151975284242,
    "high": 64.92162231988483,
    "count": 5,
    "base": 1024.409090909091
  },
  "Compilation.module hashing": {
    "min": 236.52104881818178,
    "max": 239.46552154545455,
    "mean": 238.0817594909091,
    "median": 237.94852936363634,
    "variance": 1.3363795046302083,
    "stdDev": 1.1560188167284338,
    "confidence": 2.870313664458763,
    "low": 236.6466026586797,
    "high": 239.51691632313847,
    "count": 5,
    "base": 1024.409090909091
  },