{
  "cache.PackFileCacheStrategy.restore cache container": {
    "min": 18.634636,
    "max": 26.626348,
    "mean": 21.3865442,
    "median": 21.07923,
    "variance": 3.8282944017760276,
    "stdDev": 1.9566027705633118,
    "confidence": 2.167276524423009,
    "low": 20.302905937788495,
    "high": 22.470182462211504,
    "count": 15,
    "base": 12698
  },
  "stats": {
    "min": 12211,
    "max": 13577,
    "mean": 12767.466666666667,
    "median": 12600,
    "variance": 226685.71555555557,
    "stdDev": 476.1152334840333,
    "confidence": 527.3801018655649,
    "low": 12503.776615733885,
    "high": 13031.15671759945,
    "count": 15,
    "base": 12698
  },
  "heap memory": {
    "min": 428079160,
    "max": 630310736,
    "mean": 549277866.6666666,
    "median": 585905808,
    "variance": 5038365532146763,
    "stdDev": 70981444.98491675,
    "confidence": 78624246.93446761,
    "low": 509965743.1994328,
    "high": 588589990.1339004,
    "count": 15,
    "base": 12698
  },
  "rss memory": {
    "min": 670781440,
    "max": 818032640,
    "mean": 756743645.8666667,
    "median": 773906432,
    "variance": 2034258194236411.8,
    "stdDev": 45102751.51513942,
    "confidence": 49959110.769072056,
    "low": 731764090.4821306,
    "high": 781723201.2512027,
    "count": 15,
    "base": 12698
  },
  "external memory": {
    "min": 99400565,
    "max": 99441525,
    "mean": 99424594.86666666,
    "median": 99425141,
    "variance": 174184784.78222227,
    "stdDev": 13197.908348758234,
    "confidence": 14618.969862490892,
    "low": 99417285.38173541,
    "high": 99431904.3515979,
    "count": 15,
    "base": 12698
  },
  "array buffers memory": {
    "min": 85872558,
    "max": 85913518,
    "mean": 85896587.86666666,
    "median": 85897134,
    "variance": 174184784.78222227,
    "stdDev": 13197.908348758234,
    "confidence": 14618.969862490892,
    "low": 85889278.38173541,
    "high": 85903897.3515979,
    "count": 15,
    "base": 12698
  },
  "Compiler.make hook": {
    "min": 7435.84543,
    "max": 8338.556445,
    "mean": 7802.1693068,
    "median": 7631.825065,
    "variance": 93692.77522034176,
    "stdDev": 306.0927559096127,
    "confidence": 339.05075376534114,
    "low": 7632.64392991733,
    "high": 7971.694683682671,
    "count": 15,
    "base": 12698
  },
  "Compiler.finish make hook": {
    "min": 0.081904,
    "max": 0.117305,
    "mean": 0.10147066666666667,
    "median": 0.101204,
    "variance": 0.00007733936915555556,
    "stdDev": 0.008794280479695627,
    "confidence": 0.009741189126165117,
    "low": 0.09660007210358411,
    "high": 0.10634126122974923,
    "count": 15,
    "base": 12698
  },
  "Compiler.finish compilation": {
    "min": 387.250556,
    "max": 593.924333,
    "mean": 424.166057,
    "median": 418.366775,
    "variance": 2267.28926816783,
    "stdDev": 47.61606103162913,
    "confidence": 52.74303645682369,
    "low": 397.7945387715882,
    "high": 450.53757522841187,
    "count": 15,
    "base": 12698
  },
  "Compiler.seal compilation": {
    "min": 3827.46371,
    "max": 4643.071618,
    "mean": 4197.483071866667,
    "median": 4235.161772,
    "variance": 50869.003113385224,
    "stdDev": 225.54157734968786,
    "confidence": 249.82636906447033,
    "low": 4072.569887334432,
    "high": 4322.396256398903,
    "count": 15,
    "base": 12698
  },
  "Compiler.afterCompile hook": {
    "min": 0.063803,
    "max": 0.076803,
    "mean": 0.07258266666666667,
    "median": 0.072802,
    "variance": 0.00000791722688888889,
    "stdDev": 0.0028137567216959055,
    "confidence": 0.0031167230160945303,
    "low": 0.0710243051586194,
    "high": 0.07414102817471394,
    "count": 15,
    "base": 12698
  },
  "Compiler.emitAssets": {
    "min": 251.91935,
    "max": 481.496533,
    "mean": 328.21809573333337,
    "median": 304.209665,
    "variance": 3526.1670037200447,
    "stdDev": 59.381537566149674,
    "confidence": 65.77533993484394,
    "low": 295.3304257659114,
    "high": 361.10576570075534,
    "count": 15,
    "base": 12698
  },
  "Compiler.emitRecords": {
    "min": 0.065803,
    "max": 0.103404,
    "mean": 0.0965506,
    "median": 0.100204,
    "variance": 0.00009025325517333338,
    "stdDev": 0.009500171323367458,
    "confidence": 0.01052308552195455,
    "low": 0.09128905723902273,
    "high": 0.10181214276097728,
    "count": 15,
    "base": 12698
  },
  "FlagDependencyExportsPlugin.restore cached provided exports": {
    "min": 46.122911,
    "max": 145.838911,
    "mean": 59.35846573333333,
    "median": 54.169234,
    "variance": 546.286355968094,
    "stdDev": 23.372769539960256,
    "confidence": 25.889391294340875,
    "low": 46.41377008616289,
    "high": 72.30316138050377,
    "count": 15,
    "base": 12698
  },
  "FlagDependencyExportsPlugin.figure out provided exports": {
    "min": 216.925846,
    "max": 267.574426,
    "mean": 237.97699673333332,
    "median": 240.568123,
    "variance": 154.04332352923743,
    "stdDev": 12.411419077979659,
    "confidence": 13.747796746059464,
    "low": 231.1030983603036,
    "high": 244.85089510636305,
    "count": 15,
    "base": 12698
  },
  "FlagDependencyExportsPlugin.store provided exports into cache": {
    "min": 24.510564,
    "max": 36.92257,
    "mean": 28.230337933333335,
    "median": 26.621839,
    "variance": 15.778081138139662,
    "stdDev": 3.9721632819081925,
    "confidence": 4.399858960424652,
    "low": 26.03040845312101,
    "high": 30.43026741354566,
    "count": 15,
    "base": 12698
  },
  "Compilation.finish modules": {
    "min": 299.404295,
    "max": 501.711613,
    "mean": 331.3818081333333,
    "median": 323.894321,
    "variance": 2211.351682272484,
    "stdDev": 47.0250112415987,
    "confidence": 52.08834642266345,
    "low": 305.3376349220016,
    "high": 357.42598134466505,
    "count": 15,
    "base": 12698
  },
  "Compilation.report dependency errors and warnings": {
    "min": 83.451096,
    "max": 98.617876,
    "mean": 92.58247453333335,
    "median": 92.382834,
    "variance": 17.130042714053694,
    "stdDev": 4.138845577459214,
    "confidence": 4.584488478290808,
    "low": 90.29023029418795,
    "high": 94.87471877247876,
    "count": 15,
    "base": 12698
  },
  "Compilation.optimize dependencies": {
    "min": 106.612466,
    "max": 145.18131,
    "mean": 119.97859393333333,
    "median": 117.69533,
    "variance": 97.0870020410018,
    "stdDev": 9.853273671273005,
    "confidence": 10.914207542656811,
    "low": 114.52149016200492,
    "high": 125.43569770466173,
    "count": 15,
    "base": 12698
  },
  "Compilation.create chunks": {
    "min": 180.124684,
    "max": 214.815503,
    "mean": 199.72970479999998,
    "median": 203.742415,
    "variance": 123.73128656624749,
    "stdDev": 11.12345659254566,
    "confidence": 12.32115517066444,
    "low": 193.56912721466776,
    "high": 205.8902823853322,
    "count": 15,
    "base": 12698
  },
  "Compilation.optimize": {
    "min": 156.093339,
    "max": 208.873068,
    "mean": 174.12264666666667,
    "median": 169.541208,
    "variance": 163.0136949294678,
    "stdDev": 12.76768165836961,
    "confidence": 14.14241927170741,
    "low": 167.05143703081296,
    "high": 181.19385630252037,
    "count": 15,
    "base": 12698
  },
  "Compilation.module hashing": {
    "min": 313.211798,
    "max": 689.842749,
    "mean": 361.7967204666667,
    "median": 341.179441,
    "variance": 7971.3535305830055,
    "stdDev": 89.28243685396924,
    "confidence": 98.8957658386521,
    "low": 312.3488375473407,
    "high": 411.2446033859928,
    "count": 15,
    "base": 12698
  },
  "Compilation.code generation": {
    "min": 2467.046664,
    "max": 2890.436757,
    "mean": 2744.7645934666666,
    "median": 2794.721924,
    "variance": 17127.94265084876,
    "stdDev": 130.87376609102665,
    "confidence": 144.96536812643353,
    "low": 2672.28190940345,
    "high": 2817.2472775298834,
    "count": 15,
    "base": 12698
  },