{
  "stats": {
    "min": 197.1818181818182,
    "max": 204.63636363636363,
    "mean": 199.69886363636365,
    "median": 199.77272727272725,
    "variance": 3.5461970557851172,
    "stdDev": 1.8831349011117384,
    "confidence": 2.0064802371345536,
    "low": 198.69562351779638,
    "high": 200.70210375493093,
    "count": 16,
    "base": 249.13636363636363
  },
  "heap memory": {
    "min": 280286490.1818182,
    "max": 292689669.09090906,
    "mean": 289476929.04545456,
    "median": 291446881.8181818,
    "variance": 17348881829115.57,
    "stdDev": 4165198.8943045167,
    "confidence": 4438019.421881437,
    "low": 287257919.33451384,
    "high": 291695938.7563953,
    "count": 16,
    "base": 249.13636363636363
  },
  "rss memory": {
    "min": 604632901.8181819,
    "max": 663777280,
    "mean": 630262341.8181818,
    "median": 613287936,
    "variance": 605985267317701,
    "stdDev": 24616768.011209372,
    "confidence": 26229166.31594348,
    "low": 617147758.66021,
    "high": 643376924.9761535,
    "count": 16,
    "base": 249.13636363636363
  },
  "external memory": {
    "min": 147919715.72727272,
    "max": 153086910.1818182,
    "mean": 151988907.32954547,
    "median": 153058238.1818182,
    "variance": 3990428197756.7476,
    "stdDev": 1997605.6161707065,
    "confidence": 2128448.784029901,
    "low": 150924682.93753052,
    "high": 153053131.72156042,
    "count": 16,
    "base": 249.13636363636363
  },
  "array buffers memory": {
    "min": 146409140.36363637,
    "max": 151576334.8181818,
    "mean": 150478331.96590906,
    "median": 151547662.8181818,
    "variance": 3990428197756.702,
    "stdDev": 1997605.616170695,
    "confidence": 2128448.784029901,
    "low": 149414107.5738941,
    "high": 151542556.357924,
    "count": 16,
    "base": 249.13636363636363
  },
  "Compiler.make hook": {
    "min": 49.98688036363637,
    "max": 54.33341372727272,
    "mean": 51.930682312500004,
    "median": 51.862137000000004,
    "variance": 1.162607542048396,
    "stdDev": 1.0782428029198228,
    "confidence": 1.1488677065110693,
    "low": 51.35624845924447,
    "high": 52.50511616575554,
    "count": 16,
    "base": 249.13636363636363
  },
  "Compiler.finish make hook": {
    "min": 0.0027033636363636366,
    "max": 0.004156272727272727,
    "mean": 0.0030155568181818183,
    "median": 0.002919090909090909,
    "variance": 1.2927947094524794e-7,
    "stdDev": 0.00035955454516004655,
    "confidence": 0.00038310536786802935,
    "low": 0.0028240041342478036,
    "high": 0.003207109502115833,
    "count": 16,
    "base": 249.13636363636363
  },
  "Compiler.finish compilation": {
    "min": 14.43835618181818,
    "max": 15.452071000000002,
    "mean": 14.806216306818179,
    "median": 14.751271863636363,
    "variance": 0.07500581474565832,
    "stdDev": 0.27387189477136625,
    "confidence": 0.2918105038788923,
    "low": 14.660311054878733,
    "high": 14.952121558757625,
    "count": 16,
    "base": 249.13636363636363
  },
  "Compiler.seal compilation": {
    "min": 95.33531945454546,
    "max": 99.6317009090909,
    "mean": 97.35221596022728,
    "median": 97.39173677272728,
    "variance": 1.4390418867688022,
    "stdDev": 1.199600719726694,
    "confidence": 1.2781745668687847,
    "low": 96.71312867679289,
    "high": 97.99130324366168,
    "count": 16,
    "base": 249.13636363636363
  },
  "Compiler.afterCompile hook": {
    "min": 0.002124909090909091,
    "max": 0.002940818181818182,
    "mean": 0.002453375,
    "median": 0.0025215000000000003,
    "variance": 4.383967135847111e-8,
    "stdDev": 0.0002093792524546573,
    "confidence": 0.00022309359349043708,
    "low": 0.0023418282032547813,
    "high": 0.0025649217967452184,
    "count": 16,
    "base": 249.13636363636363
  },
  "Compiler.emitAssets": {
    "min": 29.159730000000003,
    "max": 34.15720345454545,
    "mean": 32.22488980681818,
    "median": 32.488146954545456,
    "variance": 2.321075228400445,
    "stdDev": 1.523507541300812,
    "confidence": 1.6232972852560152,
    "low": 31.413241164190175,
    "high": 33.03653844944619,
    "count": 16,
    "base": 249.13636363636363
  },
  "Compiler.emitRecords": {
    "min": 0.004143090909090909,
    "max": 0.0075860909090909095,
    "mean": 0.0050621079545454545,
    "median": 0.004838772727272728,
    "variance": 5.934209940276346e-7,
    "stdDev": 0.0007703382335231937,
    "confidence": 0.0008207953878189636,
    "low": 0.004651710260635973,
    "high": 0.005472505648454936,
    "count": 16,
    "base": 249.13636363636363
  },
  "Compilation.compute affected modules": {
    "min": 0.0017142727272727273,
    "max": 0.0043672727272727275,
    "mean": 0.002235323863636364,
    "median": 0.002130727272727273,
    "variance": 3.199158098850723e-7,
    "stdDev": 0.0005656110058026385,
    "confidence": 0.0006026585266827112,
    "low": 0.0019339946002950082,
    "high": 0.0025366531269777194,
    "count": 16,
    "base": 249.13636363636363
  },
  "Compilation.finish modules": {
    "min": 0.4558872727272728,
    "max": 0.6576644545454546,
    "mean": 0.5776687784090908,
    "median": 0.5751839545454545,
    "variance": 0.003390371832444183,
    "stdDev": 0.0582268995606342,
    "confidence": 0.062040761481855666,
    "low": 0.546648397668163,
    "high": 0.6086891591500186,
    "count": 16,
    "base": 249.13636363636363
  },
  "Compilation.report dependency errors and warnings": {
    "min": 13.768891636363636,
    "max": 14.761902181818185,
    "mean": 14.191897727272726,
    "median": 14.10487290909091,
    "variance": 0.07557884963425737,
    "stdDev": 0.2749160774386565,
    "confidence": 0.29292308051088867,
    "low": 14.045436187017282,
    "high": 14.33835926752817,
    "count": 16,
    "base": 249.13636363636363
  },
  "Compilation.optimize dependencies": {
    "min": 0.020436363636363638,
    "max": 0.04870154545454546,
    "mean": 0.023467238636363637,
    "median": 0.021694454545454545,
    "variance": 0.000043596113678589905,
    "stdDev": 0.006602735317926193,
    "confidence": 0.007035214481250357,
    "low": 0.01994963139573846,
    "high": 0.026984845876988815,
    "count": 16,
    "base": 249.13636363636363
  },
  "Compilation.create chunks": {
    "min": 25.048355545454545,
    "max": 27.99635681818182,
    "mean": 25.940230505681818,
    "median": 25.869921045454547,
    "variance": 0.4934025731273568,
    "stdDev": 0.7024262047556005,
    "confidence": 0.7484351211670912,
    "low": 25.566012945098272,
    "high": 26.314448066265363,
    "count": 16,
    "base": 249.13636363636363
  },
  "Compilation.compute affected modules with chunk graph": {
    "min": 0.0027505454545454547,
    "max": 0.0035996363636363643,
    "mean": 0.0031203181818181824,
    "median": 0.003098045454545455,
    "variance": 4.901192458677689e-8,
    "stdDev": 0.00022138636946925365,
    "confidence": 0.00023588717666948953,
    "low": 0.0030023745934834377,
    "high": 0.003238261770152927,
    "count": 16,
    "base": 249.13636363636363
  },
  "Compilation.optimize": {
    "min": 7.280445818181819,
    "max": 9.229432000000001,
    "mean": 8.180196710227273,
    "median": 8.132526136363637,
    "variance": 0.2294255189229641,
    "stdDev": 0.4789838399392657,
    "confidence": 0.5103572814552884,
    "low": 7.925018069499629,
    "high": 8.435375350954917,
    "count": 16,
    "base": 249.13636363636363
  },
  "Compilation.module hashing": {
    "min": 30.348155181818182,
    "max": 33.50390309090909,
    "mean": 32.01865613068182,
    "median": 32.14226736363637,
    "variance": 0.6098287655318061,
    "stdDev": 0.7809153382613291,
    "confidence": 0.8320652929174486,
    "low": 31.602623484223095,
    "high": 32.43468877714054,
    "count": 16,
    "base": 249.13636363636363
  },
  "Compilation.code generation": {
    "min": 6.272074545454546,
    "max": 7.699048727272728,
    "mean": 6.791559579545455,
    "median": 6.684671181818182,
    "variance": 0.12402908505652274,
    "stdDev": 0.35217763281691067,