{
  "stats": {
    "min": 500.72727272727275,
    "max": 540.6363636363636,
    "mean": 521.9727272727274,
    "median": 521.6818181818181,
    "variance": 164.7356198347108,
    "stdDev": 12.834937469061188,
    "confidence": 18.361846539098906,
    "low": 512.791804003178,
    "high": 531.1536505422769,
    "count": 10,
    "base": 641
  },
  "heap memory": {
    "min": 557475738.1818181,
    "max": 564651161.4545455,
    "mean": 560698517.9636364,
    "median": 561038859.6363636,
    "variance": 4532303865861.134,
    "stdDev": 2128920.8218863225,
    "confidence": 3045664.812906027,
    "low": 559175685.5571834,
    "high": 562221350.3700894,
    "count": 10,
    "base": 641
  },
  "rss memory": {
    "min": 946023330.9090909,
    "max": 955441152,
    "mean": 951834214.4,
    "median": 953303226.1818182,
    "variance": 11690230478967.86,
    "stdDev": 3419097.904267712,
    "confidence": 4891410.742876768,
    "low": 949388509.0285616,
    "high": 954279919.7714384,
    "count": 10,
    "base": 641
  },
  "external memory": {
    "min": 153344892.72727272,
    "max": 153369468.72727272,
    "mean": 153356361.52727273,
    "median": 153357180.72727272,
    "variance": 83214991.36000001,
    "stdDev": 9122.225132060708,
    "confidence": 13050.386756777763,
    "low": 153349836.33389434,
    "high": 153362886.72065112,
    "count": 10,
    "base": 641
  },
  "array buffers memory": {
    "min": 151884903.36363637,
    "max": 151909479.36363637,
    "mean": 151896372.1636364,
    "median": 151897191.36363637,
    "variance": 83214991.36000001,
    "stdDev": 9122.225132060708,
    "confidence": 13050.386756777763,
    "low": 151889846.970258,
    "high": 151902897.35701478,
    "count": 10,
    "base": 641
  },
  "Compiler.make hook": {
    "min": 105.99940663636366,
    "max": 115.41457836363638,
    "mean": 111.04084943636363,
    "median": 110.60439740909091,
    "variance": 10.563643944241274,
    "stdDev": 3.2501759866569184,
    "confidence": 4.64974861279353,
    "low": 108.71597512996686,
    "high": 113.3657237427604,
    "count": 10,
    "base": 641
  },
  "Compiler.finish make hook": {
    "min": 0.002571,
    "max": 0.0036367272727272724,
    "mean": 0.003164290909090909,
    "median": 0.003143636363636363,
    "variance": 8.568782280991732e-8,
    "stdDev": 0.0002927248243827594,
    "confidence": 0.0004187763529395743,
    "low": 0.002954902732621122,
    "high": 0.003373679085560696,
    "count": 10,
    "base": 641
  },
  "Compiler.finish compilation": {
    "min": 91.18187163636364,
    "max": 98.99485354545455,
    "mean": 94.70467022727273,
    "median": 94.59380763636364,
    "variance": 6.556357615866612,
    "stdDev": 2.5605385402033325,
    "confidence": 3.663143341835166,
    "low": 92.87309855635515,
    "high": 96.53624189819031,
    "count": 10,
    "base": 641
  },
  "Compiler.seal compilation": {
    "min": 255.2684649090909,
    "max": 278.03448027272725,
    "mean": 266.4930501727273,
    "median": 267.5040060909091,
    "variance": 57.76515938115491,
    "stdDev": 7.600339425391139,
    "confidence": 10.873155129154156,
    "low": 261.0564726081502,
    "high": 271.9296277373044,
    "count": 10,
    "base": 641
  },
  "Compiler.afterCompile hook": {
    "min": 0.0027039090909090906,
    "max": 0.003786272727272727,
    "mean": 0.0033019545454545454,
    "median": 0.0033011818181818186,
    "variance": 1.0124903842975217e-7,
    "stdDev": 0.000318196540568486,
    "confidence": 0.0004552165572504416,
    "low": 0.0030743462668293246,
    "high": 0.003529562824079766,
    "count": 10,
    "base": 641
  },
  "Compiler.emitAssets": {
    "min": 41.863656636363636,
    "max": 46.253944272727274,
    "mean": 43.75239869090909,
    "median": 43.48843122727272,
    "variance": 1.8705274114449058,
    "stdDev": 1.367672260245453,
    "confidence": 1.9566116483968017,
    "low": 42.77409286671069,
    "high": 44.73070451510749,
    "count": 10,
    "base": 641
  },
  "Compiler.emitRecords": {
    "min": 0.006075272727272729,
    "max": 0.009067090909090908,
    "mean": 0.006938609090909091,
    "median": 0.006805045454545454,
    "variance": 6.947077868595037e-7,
    "stdDev": 0.0008334913238057753,
    "confidence": 0.0011924047013305433,
    "low": 0.0063424067402438195,
    "high": 0.007534811441574363,
    "count": 10,
    "base": 641
  },
  "Compilation.compute affected modules": {
    "min": 0.001762272727272727,
    "max": 0.0024829090909090907,
    "mean": 0.0021077272727272724,
    "median": 0.002139409090909091,
    "variance": 3.6189276033057866e-8,
    "stdDev": 0.0001902347918574777,
    "confidence": 0.0002721526351729042,
    "low": 0.0019716509551408203,
    "high": 0.0022438035903137245,
    "count": 10,
    "base": 641
  },
  "Compilation.finish modules": {
    "min": 52.392934272727274,
    "max": 56.606680363636364,
    "mean": 54.46995680909091,
    "median": 54.17007904545454,
    "variance": 1.8287715156170088,
    "stdDev": 1.3523207887247053,
    "confidence": 1.9346496119713947,
    "low": 53.50263200310521,
    "high": 55.43728161507661,
    "count": 10,
    "base": 641
  },
  "Compilation.report dependency errors and warnings": {
    "min": 37.99790672727273,
    "max": 43.03146763636364,
    "mean": 40.19742745454545,
    "median": 39.960663454545454,
    "variance": 1.985387948280027,
    "stdDev": 1.4090379513270843,
    "confidence": 2.015790002280923,
    "low": 39.189532453404986,
    "high": 41.20532245568591,
    "count": 10,
    "base": 641
  },
  "Compilation.optimize dependencies": {
    "min": 25.31891972727273,
    "max": 29.368837727272727,
    "mean": 27.592850790909097,
    "median": 27.253414090909097,
    "variance": 1.4815445629100055,
    "stdDev": 1.2171871519655495,
    "confidence": 1.741325483480452,
    "low": 26.72218804916887,
    "high": 28.463513532649323,
    "count": 10,
    "base": 641
  },
  "Compilation.create chunks": {
    "min": 56.12064872727274,
    "max": 61.132043545454536,
    "mean": 57.80023146363635,
    "median": 57.663104227272726,
    "variance": 2.3591358092026695,
    "stdDev": 1.5359478536729916,
    "confidence": 2.1973491377877963,
    "low": 56.70155689474245,
    "high": 58.89890603253025,
    "count": 10,
    "base": 641
  },
  "Compilation.compute affected modules with chunk graph": {
    "min": 0.004270454545454546,
    "max": 0.008344727272727273,
    "mean": 0.005840527272727273,
    "median": 0.005663181818181817,
    "variance": 0.0000011774402228099172,
    "stdDev": 0.0010850991764856876,
    "confidence": 0.001552358521914191,
    "low": 0.0050643480117701775,
    "high": 0.006616706533684368,
    "count": 10,
    "base": 641
  },
  "Compilation.optimize": {
    "min": 17.689531818181816,
    "max": 22.293444545454545,
    "mean": 20.811761645454546,
    "median": 21.18999468181818,
    "variance": 1.7146539268944392,
    "stdDev": 1.3094479473787568,
    "confidence": 1.873315107195893,
    "low": 19.8751040918566,
    "high": 21.748419199052492,
    "count": 10,
    "base": 641
  },
  "Compilation.module hashing": {
    "min": 82.83009927272727,
    "max": 88.92589836363635,
    "mean": 86.21653457272728,
    "median": 86.75106118181819,
    "variance": 3.2861776405756316,
    "stdDev": 1.8127817410200355,
    "confidence": 2.593391687160704,
    "low": 84.91983872914693,
    "high": 87.51323041630764,
    "count": 10,
    "base": 641
  },
  "Compilation.code generation": {
    "min": 15.445129454545453,
    "max": 18.327697000000004,
    "mean": 16.783881372727272,
    "median": 16.449658999999997,
    "variance": 0.8083966668084095,
    "stdDev": 0.8991088181129187,
    "confidence": 1.286278034461482,
    "low": 16.14074235549653,
    "high": 17.427020389958013,
    "count": 10,
    "base": 641
  },
  "Compilation.runtime requirements.modules": {
    "min": 9.83094909090909,
    "max": 12.434824636363635,
    "mean": 11.300857009090908,
    "median": 11.81973259090909,
    "variance": 0.6397832174371411,