{
  "stats": {
    "min": 205.8181818181818,
    "max": 227,
    "mean": 213.65151515151516,
    "median": 212.22727272727275,
    "variance": 45.549357208448136,
    "stdDev": 6.749026389668967,
    "confidence": 8.576311398458017,
    "low": 209.36335945228615,
    "high": 217.93967085074416,
    "count": 12,
    "base": 361.77272727272725
  },
  "heap memory": {
    "min": 273407838.54545456,
    "max": 280801731.6363636,
    "mean": 277181078.42424244,
    "median": 277727012.3636364,
    "variance": 5659788008027.531,
    "stdDev": 2379030.896820706,
    "confidence": 3023148.6172463894,
    "low": 275669504.11561924,
    "high": 278692652.73286563,
    "count": 12,
    "base": 361.77272727272725
  },
  "rss memory": {
    "min": 587522792.7272727,
    "max": 630618670.5454545,
    "mean": 616427302.7878789,
    "median": 622497233.4545455,
    "variance": 219709421367314.38,
    "stdDev": 14822598.333872316,
    "confidence": 18835786.335070133,
    "low": 607009409.6203438,
    "high": 625845195.9554139,
    "count": 12,
    "base": 361.77272727272725
  },
  "external memory": {
    "min": 150972895.72727272,
    "max": 152689625.63636363,
    "mean": 152531546.14393935,
    "median": 152669145.63636363,
    "variance": 220920847170.83313,
    "stdDev": 470022.17731808475,
    "confidence": 597279.7147499323,
    "low": 152232906.28656438,
    "high": 152830186.0013143,
    "count": 12,
    "base": 361.77272727272725
  },
  "array buffers memory": {
    "min": 149516022.36363637,
    "max": 151232752.27272728,
    "mean": 151074672.78030303,
    "median": 151212272.27272728,
    "variance": 220920847170.83325,
    "stdDev": 470022.1773180849,
    "confidence": 597279.7147499323,
    "low": 150776032.92292807,
    "high": 151373312.637678,
    "count": 12,
    "base": 361.77272727272725
  },
  "Compiler.make hook": {
    "min": 74.68347500000002,
    "max": 83.36762872727273,
    "mean": 78.87335719696969,
    "median": 78.91277309090908,
    "variance": 4.293912644066608,
    "stdDev": 2.072175823637224,
    "confidence": 2.633213164356988,
    "low": 77.5567506147912,
    "high": 80.18996377914819,
    "count": 12,
    "base": 361.77272727272725
  },
  "Compiler.finish make hook": {
    "min": 0.0034273636363636355,
    "max": 0.0050363636363636366,
    "mean": 0.004498545454545455,
    "median": 0.00473640909090909,
    "variance": 2.6660698209366404e-7,
    "stdDev": 0.0005163399869210829,
    "confidence": 0.0006561379760034042,
    "low": 0.004170476466543753,
    "high": 0.004826614442547157,
    "count": 12,
    "base": 361.77272727272725
  },
  "Compiler.finish compilation": {
    "min": 2.428282454545455,
    "max": 2.803963545454545,
    "mean": 2.6276323939393946,
    "median": 2.643975,
    "variance": 0.011450472447421922,
    "stdDev": 0.1070068803742167,
    "confidence": 0.13597877306742046,
    "low": 2.5596430074056844,
    "high": 2.695621780473105,
    "count": 12,
    "base": 361.77272727272725
  },
  "Compiler.seal compilation": {
    "min": 86.71295827272728,
    "max": 96.48560081818182,
    "mean": 90.66873293939396,
    "median": 90.1413,
    "variance": 8.3861691060892,
    "stdDev": 2.895888310361641,
    "confidence": 3.6799441120623726,
    "low": 88.82876088336278,
    "high": 92.50870499542515,
    "count": 12,
    "base": 361.77272727272725
  },
  "Compiler.afterCompile hook": {
    "min": 0.0036363636363636364,
    "max": 0.005391,
    "mean": 0.004489469696969697,
    "median": 0.004468227272727272,
    "variance": 2.0659036202938478e-7,
    "stdDev": 0.0004545221249063513,
    "confidence": 0.0005775830550392765,
    "low": 0.004200678169450058,
    "high": 0.004778261224489335,
    "count": 12,
    "base": 361.77272727272725
  },
  "Compiler.emitAssets": {
    "min": 32.79822172727273,
    "max": 43.756291999999995,
    "mean": 36.46450992424243,
    "median": 36.19990940909091,
    "variance": 8.67039236637053,
    "stdDev": 2.9445529994161306,
    "confidence": 3.7417846655500995,
    "low": 34.59361759146738,
    "high": 38.33540225701748,
    "count": 12,
    "base": 361.77272727272725
  },
  "Compiler.emitRecords": {
    "min": 0.004172909090909091,
    "max": 0.012400272727272727,
    "mean": 0.0057660303030303015,
    "median": 0.0051273636363636365,
    "variance": 0.000004617414675390266,
    "stdDev": 0.0021488170409297916,
    "confidence": 0.0027306048335411746,
    "low": 0.004400727886259714,
    "high": 0.007131332719800889,
    "count": 12,
    "base": 361.77272727272725
  },
  "Compilation.compute affected modules": {
    "min": 1.1199576363636365,
    "max": 1.4365279999999998,
    "mean": 1.2195655454545455,
    "median": 1.2088053636363636,
    "variance": 0.006048721043042687,
    "stdDev": 0.07777352404927199,
    "confidence": 0.09883054566552651,
    "low": 1.1701502726217823,
    "high": 1.2689808182873088,
    "count": 12,
    "base": 361.77272727272725
  },
  "Compilation.finish modules": {
    "min": 0.5984662727272728,
    "max": 0.8506438181818182,
    "mean": 0.6464375606060606,
    "median": 0.631966909090909,
    "variance": 0.004043258053485997,
    "stdDev": 0.06358661850960465,
    "confidence": 0.08080256464074553,
    "low": 0.6060362782856878,
    "high": 0.6868388429264334,
    "count": 12,
    "base": 361.77272727272725
  },
  "Compilation.report dependency errors and warnings": {
    "min": 0.6239027272727271,
    "max": 0.7996154545454545,
    "mean": 0.6996227424242424,
    "median": 0.6957953636363636,
    "variance": 0.0017925091426926065,
    "stdDev": 0.04233803423273932,
    "confidence": 0.05380096989017091,
    "low": 0.6727222574791569,
    "high": 0.7265232273693278,
    "count": 12,
    "base": 361.77272727272725
  },
  "Compilation.optimize dependencies": {
    "min": 0.031645999999999994,
    "max": 0.03549172727272728,
    "mean": 0.03307943181818181,
    "median": 0.03308240909090909,
    "variance": 0.0000014008560359848538,
    "stdDev": 0.0011835776425671676,
    "confidence": 0.001504028854065087,
    "low": 0.03232741739114927,
    "high": 0.03383144624521436,
    "count": 12,
    "base": 361.77272727272725
  },
  "Compilation.create chunks": {
    "min": 16.225544727272727,
    "max": 18.82792681818182,
    "mean": 17.454399924242427,
    "median": 17.24447222727273,
    "variance": 0.6155715916755162,
    "stdDev": 0.7845837059712089,
    "confidence": 0.9970081300712437,
    "low": 16.955895859206805,
    "high": 17.95290398927805,
    "count": 12,
    "base": 361.77272727272725
  },
  "Compilation.compute affected modules with chunk graph": {
    "min": 2.8953926363636366,
    "max": 4.346153636363637,
    "mean": 3.6542425227272735,
    "median": 3.5953646363636365,
    "variance": 0.157600621251605,
    "stdDev": 0.3969894472799057,
    "confidence": 0.5044735233197404,
    "low": 3.4020057610674033,
    "high": 3.9064792843871436,
    "count": 12,
    "base": 361.77272727272725
  },
  "Compilation.optimize": {
    "min": 17.442859181818182,
    "max": 18.941762363636368,
    "mean": 18.255787386363636,
    "median": 18.292294818181816,
    "variance": 0.21205744546371252,
    "stdDev": 0.46049695489081416,
    "confidence": 0.5851755579487374,
    "low": 17.963199607389267,
    "high": 18.548375165338005,
    "count": 12,
    "base": 361.77272727272725
  },
  "Compilation.module hashing": {
    "min": 3.523312636363636,
    "max": 4.8045266363636365,
    "mean": 4.1316821818181815,
    "median": 4.2442340454545455,
    "variance": 0.1610604983981735,
    "stdDev": 0.401323433651928,
    "confidence": 0.5099809275847509,
    "low": 3.876691718025806,
    "high": 4.386672645610557,
    "count": 12,
    "base": 361.77272727272725
  },
  "Compilation.code generation": {
    "min": 7.465671454545454,
    "max": 9.69820618181818,
    "mean": 8.011379742424241,
    "median": 7.8978246818181805,
    "variance": 0.30409741854507805,
    "stdDev": 0.5514502865581612,
    "confidence": 0.7007543170273003,
    "low": 7.661002583910591,