{
  "cache.PackFileCacheStrategy.restore cache container": {
    "min": 17.64615,
    "max": 18.73722,
    "mean": 18.134552523809525,
    "median": 18.14197,
    "variance": 0.0939310627749162,
    "stdDev": 0.3064817494972844,
    "confidence": 0.2790225288171655,
    "low": 17.995041259400942,
    "high": 18.274063788218108,
    "count": 21,
    "base": 11962
  },
  "stats": {
    "min": 12161,
    "max": 13180,
    "mean": 12654.047619047618,
    "median": 12712,
    "variance": 78344.80725623583,
    "stdDev": 279.90142417686235,
    "confidence": 254.8236667320598,
    "low": 12526.635785681588,
    "high": 12781.459452413648,
    "count": 21,
    "base": 11962
  },
  "heap memory": {
    "min": 168803568,
    "max": 411107888,
    "mean": 288409303.2380952,
    "median": 291842504,
    "variance": 4392385367678647,
    "stdDev": 66275073.50187284,
    "confidence": 60337160.8142041,
    "low": 258240722.83099318,
    "high": 318577883.6451973,
    "count": 21,
    "base": 11962
  },
  "rss memory": {
    "min": 463556608,
    "max": 767655936,
    "mean": 551740952.3809524,
    "median": 528306176,
    "variance": 4328077618277220.5,
    "stdDev": 65788126.72722351,
    "confidence": 59893842.01729399,
    "low": 521794031.37230533,
    "high": 581687873.3895993,
    "count": 21,
    "base": 11962
  },
  "external memory": {
    "min": 33579637,
    "max": 33604213,
    "mean": 33588999.28571428,
    "median": 33587829,
    "variance": 65739295.34693878,
    "stdDev": 8107.977266059567,
    "confidence": 7381.543351531029,
    "low": 33585308.51403852,
    "high": 33592690.05739005,
    "count": 21,
    "base": 11962
  },
  "array buffers memory": {
    "min": 32057090,
    "max": 32081666,
    "mean": 32066452.285714287,
    "median": 32065282,
    "variance": 65739295.34693878,
    "stdDev": 8107.977266059567,
    "confidence": 7381.543351531029,
    "low": 32062761.51403852,
    "high": 32070143.057390053,
    "count": 21,
    "base": 11962
  },
  "Compiler.make hook": {
    "min": 11610.866308,
    "max": 12614.936655,
    "mean": 12091.89573647619,
    "median": 12157.096456,
    "variance": 76924.70090505578,
    "stdDev": 277.3530257723102,
    "confidence": 252.5035919855618,
    "low": 11965.64394048341,
    "high": 12218.14753246897,
    "count": 21,
    "base": 11962
  },
  "Compiler.finish make hook": {
    "min": 0.081531,
    "max": 0.200713,
    "mean": 0.1320658095238095,
    "median": 0.126555,
    "variance": 0.001069237655201814,
    "stdDev": 0.032699199611027394,
    "confidence": 0.029769516066558033,
    "low": 0.11718105149053049,
    "high": 0.14695056755708852,
    "count": 21,
    "base": 11962
  },
  "Compiler.finish compilation": {
    "min": 80.936818,
    "max": 113.25801,
    "mean": 99.8928626190476,
    "median": 113.25801,
    "variance": 49.67081220479698,
    "stdDev": 7.047752280322924,
    "confidence": 6.4163091830369865,
    "low": 96.68470802752911,
    "high": 103.1010172105661,
    "count": 21,
    "base": 11962
  },
  "Compiler.seal compilation": {
    "min": 377.247127,
    "max": 426.155565,
    "mean": 400.8763954285714,
    "median": 402.430247,
    "variance": 123.31256440358551,
    "stdDev": 11.104619057112473,
    "confidence": 10.10970113538292,
    "low": 395.82154486087995,
    "high": 405.9312459962629,
    "count": 21,
    "base": 11962
  },
  "Compiler.afterCompile hook": {
    "min": 0.052858,
    "max": 0.08626,
    "mean": 0.06125799999999999,
    "median": 0.05915,
    "variance": 0.0000613666318095238,
    "stdDev": 0.00783368571041268,
    "confidence": 0.007131826937374054,
    "low": 0.05769208653131296,
    "high": 0.06482391346868702,
    "count": 21,
    "base": 11962
  },
  "Compiler.emitAssets": {
    "min": 43.15468,
    "max": 50.30649,
    "mean": 45.931014047619044,
    "median": 46.013154,
    "variance": 3.5196222877680454,
    "stdDev": 1.8760656405808527,
    "confidence": 1.7079796109246246,
    "low": 45.07702424215673,
    "high": 46.785003853081356,
    "count": 21,
    "base": 11962
  },
  "Compiler.emitRecords": {
    "min": 0.060743,
    "max": 0.090818,
    "mean": 0.07218509523809524,
    "median": 0.073838,
    "variance": 0.0000768505906575964,
    "stdDev": 0.00876644686618224,
    "confidence": 0.007981017392897582,
    "low": 0.06819458654164645,
    "high": 0.07617560393454403,
    "count": 21,
    "base": 11962
  },
  "Compilation.compute affected modules": {
    "min": 0.204289,
    "max": 0.331175,
    "mean": 0.23990966666666663,
    "median": 0.213627,
    "variance": 0.0018077379772698415,
    "stdDev": 0.04251750201116996,
    "confidence": 0.038708148036889184,
    "low": 0.22055559264822203,
    "high": 0.2592637406851112,
    "count": 21,
    "base": 11962
  },
  "Compilation.finish modules": {
    "min": 56.077542,
    "max": 81.357007,
    "mean": 70.38436528571428,
    "median": 70.307828,
    "variance": 34.36165844747687,
    "stdDev": 5.861881817938406,
    "confidence": 5.336686739590164,
    "low": 67.7160219159192,
    "high": 73.05270865550936,
    "count": 21,
    "base": 11962
  },
  "Compilation.report dependency errors and warnings": {
    "min": 24.290179,
    "max": 35.402135,
    "mean": 28.885086857142856,
    "median": 28.316756,
    "variance": 9.084949770166025,
    "stdDev": 3.014125042224696,
    "confidence": 2.744074623797921,
    "low": 27.513049545243895,
    "high": 30.257124169041816,
    "count": 21,
    "base": 11962
  },
  "Compilation.optimize dependencies": {
    "min": 0.430851,
    "max": 0.796028,
    "mean": 0.5588840476190478,
    "median": 0.530505,
    "variance": 0.008989357611188208,
    "stdDev": 0.09481222289973064,
    "confidence": 0.08631752539801485,
    "low": 0.5157252849200403,
    "high": 0.6020428103180552,
    "count": 21,
    "base": 11962
  },
  "Compilation.create chunks": {
    "min": 24.36086,
    "max": 38.701123,
    "mean": 30.630118904761915,
    "median": 30.196928,
    "variance": 12.623919570181513,
    "stdDev": 3.5530155600815365,
    "confidence": 3.234683266220003,
    "low": 29.012777271651913,
    "high": 32.247460537871916,
    "count": 21,
    "base": 11962
  },
  "Compilation.compute affected modules with chunk graph": {
    "min": 0.116416,
    "max": 0.170748,
    "mean": 0.12610414285714291,
    "median": 0.121084,
    "variance": 0.00019468861221768707,
    "stdDev": 0.013953086118048835,
    "confidence": 0.012702959898420338,
    "low": 0.11975266290793275,
    "high": 0.1324556228063531,
    "count": 21,
    "base": 11962
  },
  "Compilation.optimize": {
    "min": 20.229822,
    "max": 30.859195,
    "mean": 23.60851776190476,
    "median": 22.883147,
    "variance": 7.636627425435991,
    "stdDev": 2.763444847547349,
    "confidence": 2.515854111620655,
    "low": 22.350590706094433,
    "high": 24.866444817715088,
    "count": 21,
    "base": 11962
  },
  "Compilation.module hashing": {
    "min": 49.836601,
    "max": 61.341683,
    "mean": 56.718308047619054,
    "median": 56.695443,
    "variance": 5.292731217188807,
    "stdDev": 2.3005936662498243,
    "confidence": 2.0944720642932566,
    "low": 55.671072015472426,
    "high": 57.76554407976568,
    "count": 21,
    "base": 11962
  },
  "Compilation.code generation": {
    "min": 160.541906,
    "max": 184.922203,
    "mean": 172.64493566666667,
    "median": 172.272032,
    "variance": 38.155022611231566,
    "stdDev": 6.176975199175691,
    "confidence": 5.623549341329408,
    "low": 169.83316099600196,
    "high": 175.45671033733137,
    "count": 21,
    "base": 11962
  },
  "Compilation.runtime requirements.modules": {
    "min": 5.019141,
    "max": 10.036198,
    "mean": 5.759292476190476,
    "median": 5.315621,
    "variance": 1.369234307217869,
    "stdDev": 1.1701428576109283,
    "confidence": 1.0653039528242498,
    "low": 5.226640499778351,
    "high": 6.291944452602601,
    "count": 21,
    "base": 11962
  },
  "Compilation.runtime requirements.chunks": {
    "min": 1.674039,