{
  "cache.PackFileCacheStrategy.restore cache container": {
    "min": 31.887343,
    "max": 33.045952,
    "mean": 32.38242523333334,
    "median": 32.3882245,
    "variance": 0.10386117130357925,
    "stdDev": 0.3222749932954452,
    "confidence": 0.24065189657008546,
    "low": 32.2620992850483,
    "high": 32.502751181618386,
    "count": 30,
    "base": 946
  },
  "cache.PackFileCacheStrategy.check build dependencies": {
    "min": 14.578811,
    "max": 17.246125,
    "mean": 15.907368233333337,
    "median": 16.133924999999998,
    "variance": 0.5180078212708455,
    "stdDev": 0.7197276021321161,
    "confidence": 0.5374410552175561,
    "low": 15.638647705724559,
    "high": 16.176088760942115,
    "count": 30,
    "base": 946
  },
  "cache.PackFileCacheStrategy.restore cache content metadata": {
    "min": 34.047328,
    "max": 40.110269,
    "mean": 36.2292946,
    "median": 35.9726155,
    "variance": 1.9708519310288404,
    "stdDev": 1.403870339820897,
    "confidence": 1.0483098808310984,
    "low": 35.705139659584454,
    "high": 36.75344954041555,
    "count": 30,
    "base": 946
  },
  "cache.PackFileCacheStrategy.restore cache content": {
    "min": 210.577184,
    "max": 233.683456,
    "mean": 220.2799692333333,
    "median": 220.1341505,
    "variance": 23.076307405963668,
    "stdDev": 4.803780532660049,
    "confidence": 3.5871194474940467,
    "low": 218.48640950958628,
    "high": 222.07352895708033,
    "count": 30,
    "base": 946
  },
  "stats": {
    "min": 875,
    "max": 909,
    "mean": 893.1666666666666,
    "median": 894,
    "variance": 92.93888888888893,
    "stdDev": 9.640481776803943,
    "confidence": 7.198821725861762,
    "low": 889.5672558037357,
    "high": 896.7660775295975,
    "count": 30,
    "base": 946
  },
  "heap memory": {
    "min": 83243832,
    "max": 124369960,
    "mean": 86482702.66666667,
    "median": 83763632,
    "variance": 62180239514978.49,
    "stdDev": 7885444.78865831,
    "confidence": 5888285.728547573,
    "low": 83538559.80239289,
    "high": 89426845.53094046,
    "count": 30,
    "base": 946
  },
  "rss memory": {
    "min": 207835136,
    "max": 287920128,
    "mean": 213892983.46666667,
    "median": 209235968,
    "variance": 289742093600831.75,
    "stdDev": 17021812.28896711,
    "confidence": 12710670.99718982,
    "low": 207537647.96807176,
    "high": 220248318.96526158,
    "count": 30,
    "base": 946
  },
  "external memory": {
    "min": 45677009,
    "max": 85799752,
    "mean": 48290586.6,
    "median": 45677009,
    "variance": 95687343944320.7,
    "stdDev": 9781990.796577182,
    "confidence": 7304490.532622129,
    "low": 44638341.33368894,
    "high": 51942831.866311066,
    "count": 30,
    "base": 946
  },
  "array buffers memory": {
    "min": 44187693,
    "max": 84310436,
    "mean": 46801270.6,
    "median": 44187693,
    "variance": 95687343944320.7,
    "stdDev": 9781990.796577182,
    "confidence": 7304490.532622129,
    "low": 43149025.33368894,
    "high": 50453515.866311066,
    "count": 30,
    "base": 946
  },
  "Compiler.make hook": {
    "min": 658.049884,
    "max": 688.05236,
    "mean": 673.9607443333333,
    "median": 674.3524695,
    "variance": 63.193329806175065,
    "stdDev": 7.949423237328294,
    "confidence": 5.936060254441145,
    "low": 670.9927142061127,
    "high": 676.9287744605539,
    "count": 30,
    "base": 946
  },
  "Compiler.finish make hook": {
    "min": 0.08032,
    "max": 0.123199,
    "mean": 0.09231396666666666,
    "median": 0.0906545,
    "variance": 0.00008909197663222221,
    "stdDev": 0.009438854625017921,
    "confidence": 0.007048261001366407,
    "low": 0.08878983616598346,
    "high": 0.09583809716734987,
    "count": 30,
    "base": 946
  },
  "Compiler.finish compilation": {
    "min": 53.452055,
    "max": 68.098985,
    "mean": 62.31509793333335,
    "median": 62.274620999999996,
    "variance": 14.094941963951726,
    "stdDev": 3.754323103297281,
    "confidence": 2.8034597593401145,
    "low": 60.91336805366329,
    "high": 63.716827813003405,
    "count": 30,
    "base": 946
  },
  "Compiler.seal compilation": {
    "min": 128.073915,
    "max": 146.991662,
    "mean": 135.56310283333332,
    "median": 134.2198875,
    "variance": 18.637346725295593,
    "stdDev": 4.317099341606074,
    "confidence": 3.22370077062277,
    "low": 133.95125244802193,
    "high": 137.1749532186447,
    "count": 30,
    "base": 946
  },
  "Compiler.afterCompile hook": {
    "min": 0.050554,
    "max": 0.05931,
    "mean": 0.052830499999999996,
    "median": 0.0520765,
    "variance": 0.00000454095145,
    "stdDev": 0.002130950832375069,
    "confidence": 0.0015912415482964293,
    "low": 0.05203487922585178,
    "high": 0.05362612077414821,
    "count": 30,
    "base": 946
  },
  "Compiler.emitAssets": {
    "min": 5.264191,
    "max": 9.284887,
    "mean": 5.938914466666665,
    "median": 5.9203075,
    "variance": 0.4537569982616487,
    "stdDev": 0.6736148738423526,
    "confidence": 0.503007370476837,
    "low": 5.687410781428246,
    "high": 6.190418151905083,
    "count": 30,
    "base": 946
  },
  "Compiler.emitRecords": {
    "min": 0.05886,
    "max": 0.085729,
    "mean": 0.06193833333333334,
    "median": 0.0604985,
    "variance": 0.000024272484288888882,
    "stdDev": 0.004926711305616444,
    "confidence": 0.0036789153493611976,
    "low": 0.06009887565865274,
    "high": 0.06377779100801394,
    "count": 30,
    "base": 946
  },
  "Compilation.compute affected modules": {
    "min": 0.207267,
    "max": 0.290903,
    "mean": 0.21667026666666667,
    "median": 0.211224,
    "variance": 0.000369358851728889,
    "stdDev": 0.019218710979898964,
    "confidence": 0.014351157685713045,
    "low": 0.20949468782381014,
    "high": 0.2238458455095232,
    "count": 30,
    "base": 946
  },
  "Compilation.finish modules": {
    "min": 30.390737,
    "max": 41.64627,
    "mean": 36.572687733333325,
    "median": 36.094473,
    "variance": 9.997194468490063,
    "stdDev": 3.1618340355701884,
    "confidence": 2.361031333890253,
    "low": 35.3921720663882,
    "high": 37.75320340027845,
    "count": 30,
    "base": 946
  },
  "Compilation.report dependency errors and warnings": {
    "min": 22.326125,
    "max": 30.088562,
    "mean": 25.1695607,
    "median": 24.870064499999998,
    "variance": 4.252431431800209,
    "stdDev": 2.0621424373210036,
    "confidence": 1.5398603641704796,
    "low": 24.399630517914762,
    "high": 25.93949088208524,
    "count": 30,
    "base": 946
  },
  "Compilation.optimize dependencies": {
    "min": 0.443167,
    "max": 0.56847,
    "mean": 0.47899933333333333,
    "median": 0.474515,
    "variance": 0.0008229034840888892,
    "stdDev": 0.028686294359657003,
    "confidence": 0.021420871264717034,
    "low": 0.4682888977009748,
    "high": 0.48970976896569185,
    "count": 30,
    "base": 946
  },
  "Compilation.create chunks": {
    "min": 23.614949,
    "max": 32.412153,
    "mean": 26.86576966666667,
    "median": 26.5797175,
    "variance": 5.971331789435157,
    "stdDev": 2.44363086194195,
    "confidence": 1.8247286127609073,
    "low": 25.953405360286215,
    "high": 27.778133973047122,
    "count": 30,
    "base": 946
  },
  "Compilation.compute affected modules with chunk graph": {
    "min": 0.115546,
    "max": 0.151453,
    "mean": 0.1222566,
    "median": 0.121146,
    "variance": 0.00005270527324,
    "stdDev": 0.007259839753052405,
    "confidence": 0.0054211286687246285,
    "low": 0.11954603566563769,
    "high": 0.12496716433436232,
    "count": 30,
    "base": 946
  },
  "Compilation.optimize": {
    "min": 20.48146,
    "max": 24.157166,
    "mean": 21.695258766666665,
    "median": 21.1798835,
    "variance": 1.2020515693653118,
    "stdDev": 1.0963811241376384,
    "confidence": 0.8186989446167985,
    "low": 21.285909294358266,
    "high": 22.104608238975064,
    "count": 30,
    "base": 946
  },
  "Compilation.module hashing": {
    "min": 46.302332,