{
  "stats": {
    "min": 13626,
    "max": 14717,
    "mean": 14157.666666666666,
    "median": 14124.5,
    "variance": 91972.66666666669,
    "stdDev": 303.26995674920835,
    "confidence": 301.65156841283897,
    "low": 14006.840882460247,
    "high": 14308.492450873086,
    "count": 18,
    "base": 14354
  },
  "heap memory": {
    "min": 453405880,
    "max": 659165480,
    "mean": 582812394.2222222,
    "median": 594072620,
    "variance": 3673937751593976,
    "stdDev": 60613016.3545255,
    "confidence": 60289557.348721504,
    "low": 552667615.5478615,
    "high": 612957172.896583,
    "count": 18,
    "base": 14354
  },
  "rss memory": {
    "min": 750809088,
    "max": 922640384,
    "mean": 851381589.3333334,
    "median": 858071040,
    "variance": 2660109067426930,
    "stdDev": 51576245.18542359,
    "confidence": 51301010.557712555,
    "low": 825731084.0544771,
    "high": 877032094.6121897,
    "count": 18,
    "base": 14354
  },
  "external memory": {
    "min": 98629506,
    "max": 98719618,
    "mean": 98685939.77777778,
    "median": 98690946,
    "variance": 811934403.950617,
    "stdDev": 28494.462689277316,
    "confidence": 28342.403096675873,
    "low": 98671768.57622944,
    "high": 98700110.97932611,
    "count": 18,
    "base": 14354
  },
  "array buffers memory": {
    "min": 84163120,
    "max": 84253232,
    "mean": 84219553.77777778,
    "median": 84224560,
    "variance": 811934403.950617,
    "stdDev": 28494.462689277316,
    "confidence": 28342.403096675873,
    "low": 84205382.57622944,
    "high": 84233724.97932611,
    "count": 18,
    "base": 14354
  },
  "Compiler.make hook": {
    "min": 10664.985903,
    "max": 11661.943413,
    "mean": 11089.755056611111,
    "median": 11088.423061000001,
    "variance": 77279.2268721154,
    "stdDev": 277.9914151050629,
    "confidence": 276.50792472362446,
    "low": 10951.501094249299,
    "high": 11228.009018972924,
    "count": 18,
    "base": 14354
  },
  "Compiler.finish make hook": {
    "min": 0.094799,
    "max": 0.1319,
    "mean": 0.1130106111111111,
    "median": 0.1104,
    "variance": 0.00010441727679320984,
    "stdDev": 0.010218477224773261,
    "confidence": 0.010163946718246025,
    "low": 0.10792863775198809,
    "high": 0.11809258447023412,
    "count": 18,
    "base": 14354
  },
  "Compiler.finish compilation": {
    "min": 438.014486,
    "max": 516.520736,
    "mean": 468.7675221666666,
    "median": 463.3017545,
    "variance": 457.7534499979951,
    "stdDev": 21.395173521100386,
    "confidence": 21.280999009215634,
    "low": 458.1270226620588,
    "high": 479.4080216712744,
    "count": 18,
    "base": 14354
  },
  "Compiler.seal compilation": {
    "min": 2124.126148,
    "max": 2673.148118,
    "mean": 2280.938702277778,
    "median": 2253.1798695,
    "variance": 13713.361707186123,
    "stdDev": 117.1040635810138,
    "confidence": 116.47914229744038,
    "low": 2222.6991311290576,
    "high": 2339.178273426498,
    "count": 18,
    "base": 14354
  },
  "Compiler.afterCompile hook": {
    "min": 0.078799,
    "max": 0.188899,
    "mean": 0.09959955555555555,
    "median": 0.08625,
    "variance": 0.0009342414335802469,
    "stdDev": 0.030565363298679225,
    "confidence": 0.030402252425483278,
    "low": 0.08439842934281391,
    "high": 0.11480068176829719,
    "count": 18,
    "base": 14354
  },
  "Compiler.emitAssets": {
    "min": 260.872468,
    "max": 376.797,
    "mean": 298.31060205555565,
    "median": 289.937595,
    "variance": 668.1164296623714,
    "stdDev": 25.847948267945203,
    "confidence": 25.710011696699212,
    "low": 285.45559620720604,
    "high": 311.16560790390525,
    "count": 18,
    "base": 14354
  },
  "Compiler.emitRecords": {
    "min": 0.095899,
    "max": 0.274898,
    "mean": 0.1313771111111111,
    "median": 0.1168,
    "variance": 0.001962960710209876,
    "stdDev": 0.044305312437786466,
    "confidence": 0.04406887886006883,
    "low": 0.1093426716810767,
    "high": 0.15341155054114552,
    "count": 18,
    "base": 14354
  },
  "FlagDependencyExportsPlugin.restore cached provided exports": {
    "min": 26.894271,
    "max": 40.485707,
    "mean": 32.15253688888889,
    "median": 32.971363499999995,
    "variance": 18.029208020620544,
    "stdDev": 4.246081490105971,
    "confidence": 4.223422441275289,
    "low": 30.040825668251244,
    "high": 34.264248109526534,
    "count": 18,
    "base": 14354
  },
  "FlagDependencyExportsPlugin.figure out provided exports": {
    "min": 286.18388,
    "max": 336.438604,
    "mean": 313.100003,
    "median": 309.81577400000003,
    "variance": 206.35462944001367,
    "stdDev": 14.365048884010582,
    "confidence": 14.288390358997276,
    "low": 305.9558078205014,
    "high": 320.24419817949865,
    "count": 18,
    "base": 14354
  },
  "FlagDependencyExportsPlugin.store provided exports into cache": {
    "min": 27.343863,
    "max": 51.456955,
    "mean": 34.87989483333334,
    "median": 32.224396999999996,
    "variance": 40.231056036035476,
    "stdDev": 6.342795600997676,
    "confidence": 6.308947518811564,
    "low": 31.725421073927556,
    "high": 38.03436859273912,
    "count": 18,
    "base": 14354
  },
  "Compilation.finish modules": {
    "min": 354.943313,
    "max": 422.314586,
    "mean": 382.89192705555564,
    "median": 380.1743065,
    "variance": 297.9803640050129,
    "stdDev": 17.262107750938554,
    "confidence": 17.16998918388788,
    "low": 374.3069324636117,
    "high": 391.4769216474996,
    "count": 18,
    "base": 14354
  },
  "Compilation.report dependency errors and warnings": {
    "min": 76.161602,
    "max": 101.655415,
    "mean": 85.3857973888889,
    "median": 83.2304925,
    "variance": 42.57814754630868,
    "stdDev": 6.525193295704632,
    "confidence": 6.490371855310343,
    "low": 82.14061146123373,
    "high": 88.63098331654408,
    "count": 18,
    "base": 14354
  },
  "Compilation.optimize dependencies": {
    "min": 97.483619,
    "max": 158.261387,
    "mean": 133.39578400000002,
    "median": 141.5327575,
    "variance": 386.7761261224739,
    "stdDev": 19.6666246753853,
    "confidence": 19.56167449722865,
    "low": 123.61494675138569,
    "high": 143.17662124861434,
    "count": 18,
    "base": 14354
  },
  "Compilation.create chunks": {
    "min": 208.818062,
    "max": 242.944261,
    "mean": 225.66410611111112,
    "median": 225.047208,
    "variance": 101.4493605847161,
    "stdDev": 10.072207334279616,
    "confidence": 10.01845739133762,
    "low": 220.65487741544231,
    "high": 230.67333480677993,
    "count": 18,
    "base": 14354
  },
  "Compilation.optimize": {
    "min": 132.559874,
    "max": 180.214293,
    "mean": 150.4636568888889,
    "median": 147.10699,
    "variance": 137.04194331715163,
    "stdDev": 11.70649150331352,
    "confidence": 11.644020266426594,
    "low": 144.6416467556756,
    "high": 156.2856670221022,
    "count": 18,
    "base": 14354
  },
  "Compilation.module hashing": {
    "min": 324.439908,
    "max": 735.357797,
    "mean": 369.8607520555556,
    "median": 347.4392535,
    "variance": 8074.065934067359,
    "stdDev": 89.85580634587483,
    "confidence": 89.37629432792232,
    "low": 325.17260489159446,
    "high": 414.5488992195168,
    "count": 18,
    "base": 14354
  },
  "Compilation.code generation": {
    "min": 757.12536,
    "max": 853.990244,
    "mean": 808.5325106111112,
    "median": 810.776574,
    "variance": 456.5728774731432,
    "stdDev": 21.367566016585585,
    "confidence": 21.25353883107573,
    "low": 797.9057411955733,
    "high": 819.1592800266491,
    "count": 18,
    "base": 14354
  },
  "Compilation.runtime requirements": {
    "min": 36.998223,
    "max": 51.300157,
    "mean": 45.074856,
    "median": 46.0502625,
    "variance": 24.836557883409217,
    "stdDev": 4.983628987335355,
    "confidence": 4.957034044953502,
    "low": 42.596338977523246,
    "high": 47.55337302247675,
    "count": 18,
    "base": 14354
  },