{
  "stats": {
    "min": 8176,
    "max": 9951,
    "mean": 8776.74074074074,
    "median": 8459,
    "variance": 374752.41426611796,
    "stdDev": 612.1702494127903,
    "confidence": 484.44384629390333,
    "low": 8534.51881759379,
    "high": 9018.962663887693,
    "count": 27,
    "base": 8621.5
  },
  "heap memory": {
    "min": 214253872,
    "max": 312267752,
    "mean": 273298956.4444444,
    "median": 290110296,
    "variance": 952280896322703.9,
    "stdDev": 30859048.856416553,
    "confidence": 24420455.478380203,
    "low": 261088728.70525432,
    "high": 285509184.1836345,
    "count": 27,
    "base": 8621.5
  },
  "rss memory": {
    "min": 472629248,
    "max": 660168704,
    "mean": 533921792,
    "median": 483868672,
    "variance": 5485777484765715,
    "stdDev": 74066034.62293439,
    "confidence": 58612509.71750045,
    "low": 504615537.1412498,
    "high": 563228046.8587502,
    "count": 27,
    "base": 8621.5
  },
  "external memory": {
    "min": 103457448,
    "max": 103498408,
    "mean": 103473832,
    "median": 103473832,
    "variance": 79536431.4074074,
    "stdDev": 8918.319987946576,
    "confidence": 7057.555053651333,
    "low": 103470303.22247317,
    "high": 103477360.77752683,
    "count": 27,
    "base": 8621.5
  },
  "array buffers memory": {
    "min": 102199419,
    "max": 102240379,
    "mean": 102215803,
    "median": 102215803,
    "variance": 79536431.4074074,
    "stdDev": 8918.319987946576,
    "confidence": 7057.555053651333,
    "low": 102212274.22247317,
    "high": 102219331.77752683,
    "count": 27,
    "base": 8621.5
  },
  "Compiler.make hook": {
    "min": 6280.396619,
    "max": 7805.493737,
    "mean": 6794.081215851853,
    "median": 6489.079286,
    "variance": 277413.749072064,
    "stdDev": 526.7008155224976,
    "confidence": 416.8072021837197,
    "low": 6585.677614759993,
    "high": 7002.484816943713,
    "count": 27,
    "base": 8621.5
  },
  "Compiler.finish make hook": {
    "min": 0.1154,
    "max": 0.2349,
    "mean": 0.14372585185185183,
    "median": 0.132201,
    "variance": 0.0007805645762743484,
    "stdDev": 0.02793858579589075,
    "confidence": 0.022109333107834583,
    "low": 0.13267118529793454,
    "high": 0.15478051840576912,
    "count": 27,
    "base": 8621.5
  },
  "Compiler.finish compilation": {
    "min": 249.860055,
    "max": 293.433013,
    "mean": 266.5738897037037,
    "median": 264.184121,
    "variance": 113.79408258343166,
    "stdDev": 10.667430927052289,
    "confidence": 8.441722336772841,
    "low": 262.35302853531726,
    "high": 270.7947508720901,
    "count": 27,
    "base": 8621.5
  },
  "Compiler.seal compilation": {
    "min": 1348.700943,
    "max": 1649.513798,
    "mean": 1406.5766464444446,
    "median": 1396.585818,
    "variance": 4070.6412140649863,
    "stdDev": 63.8015768932476,
    "confidence": 50.48968214222941,
    "low": 1381.3318053733299,
    "high": 1431.8214875155593,
    "count": 27,
    "base": 8621.5
  },
  "Compiler.afterCompile hook": {
    "min": 0.0846,
    "max": 0.175801,
    "mean": 0.10400000000000001,
    "median": 0.0919,
    "variance": 0.0006443080371111111,
    "stdDev": 0.025383223536641502,
    "confidence": 0.0200871349975337,
    "low": 0.09395643250123316,
    "high": 0.11404356749876686,
    "count": 27,
    "base": 8621.5
  },
  "Compiler.emitAssets": {
    "min": 207.648249,
    "max": 433.754271,
    "mean": 290.1725221851852,
    "median": 255.583481,
    "variance": 5478.783718437933,
    "stdDev": 74.01880651859994,
    "confidence": 58.575135531906085,
    "low": 260.88495441923214,
    "high": 319.46008995113823,
    "count": 27,
    "base": 8621.5
  },
  "Compiler.emitRecords": {
    "min": 0.094999,
    "max": 0.2275,
    "mean": 0.1238703703703704,
    "median": 0.1169,
    "variance": 0.000769857922159122,
    "stdDev": 0.02774631366792933,
    "confidence": 0.021957177642432463,
    "low": 0.11289178154915416,
    "high": 0.13484895919158663,
    "count": 27,
    "base": 8621.5
  },
  "FlagDependencyExportsPlugin.restore cached provided exports": {
    "min": 13.142815,
    "max": 21.727884,
    "mean": 16.152420814814818,
    "median": 15.421013,
    "variance": 4.707503888736668,
    "stdDev": 2.1696782915300297,
    "confidence": 1.7169852631313365,
    "low": 15.293928183249148,
    "high": 17.010913446380485,
    "count": 27,
    "base": 8621.5
  },
  "FlagDependencyExportsPlugin.figure out provided exports": {
    "min": 170.621848,
    "max": 206.59145,
    "mean": 184.53468388888885,
    "median": 183.743651,
    "variance": 63.638796789119745,
    "stdDev": 7.9773928566367935,
    "confidence": 6.312947881040714,
    "low": 181.3782099483685,
    "high": 187.6911578294092,
    "count": 27,
    "base": 8621.5
  },
  "FlagDependencyExportsPlugin.store provided exports into cache": {
    "min": 13.749473,
    "max": 32.982556,
    "mean": 16.811483999999997,
    "median": 15.683896,
    "variance": 15.769317037221633,
    "stdDev": 3.9710599387596295,
    "confidence": 3.1425172204001584,
    "low": 15.240225389799917,
    "high": 18.382742610200076,
    "count": 27,
    "base": 8621.5
  },
  "Compilation.finish modules": {
    "min": 206.203551,
    "max": 245.384378,
    "mean": 220.50843411111111,
    "median": 219.721423,
    "variance": 93.09088633974362,
    "stdDev": 9.648361847471499,
    "confidence": 7.63527716073753,
    "low": 216.69079553074235,
    "high": 224.32607269147988,
    "count": 27,
    "base": 8621.5
  },
  "Compilation.report dependency errors and warnings": {
    "min": 39.703495,
    "max": 55.151837,
    "mean": 45.578522222222226,
    "median": 44.888868,
    "variance": 16.83985482678684,
    "stdDev": 4.103639217424802,
    "confidence": 3.2474344648383493,
    "low": 43.95480498980305,
    "high": 47.2022394546414,
    "count": 27,
    "base": 8621.5
  },
  "Compilation.optimize dependencies": {
    "min": 1.053804,
    "max": 2.528001,
    "mean": 1.3373782592592593,
    "median": 1.262401,
    "variance": 0.07198227301196984,
    "stdDev": 0.26829512297462627,
    "confidence": 0.2123166250571611,
    "low": 1.2312199467306788,
    "high": 1.44353657178784,
    "count": 27,
    "base": 8621.5
  },
  "Compilation.create chunks": {
    "min": 117.035646,
    "max": 153.056196,
    "mean": 135.30796866666665,
    "median": 133.930359,
    "variance": 84.69726760907008,
    "stdDev": 9.203111843777087,
    "confidence": 7.2829264469303325,
    "low": 131.6665054432015,
    "high": 138.94943189013182,
    "count": 27,
    "base": 8621.5
  },
  "Compilation.optimize": {
    "min": 72.453058,
    "max": 93.424273,
    "mean": 81.07274096296295,
    "median": 79.382579,
    "variance": 38.20843762579662,
    "stdDev": 6.181297406353833,
    "confidence": 4.891599180935344,
    "low": 78.62694137249528,
    "high": 83.51854055343063,
    "count": 27,
    "base": 8621.5
  },
  "Compilation.module hashing": {
    "min": 168.755574,
    "max": 195.04573,
    "mean": 183.0677988888889,
    "median": 182.107493,
    "variance": 34.66512697475395,
    "stdDev": 5.887709824265625,
    "confidence": 4.659267247739706,
    "low": 180.73816526501903,
    "high": 185.39743251275874,
    "count": 27,
    "base": 8621.5
  },
  "Compilation.code generation": {
    "min": 522.935067,
    "max": 746.918377,
    "mean": 570.3694531481482,
    "median": 559.725064,
    "variance": 1879.4129909267212,
    "stdDev": 43.35219707150632,
    "confidence": 34.3069678978311,
    "low": 553.2159691992326,
    "high": 587.5229370970637,
    "count": 27,
    "base": 8621.5
  },
  "Compilation.runtime requirements": {
    "min": 22.677185,
    "max": 107.285678,
    "mean": 31.41657762962963,
    "median": 26.508367,
    "variance": 243.35075798346293,
    "stdDev": 15.599703778708841,
    "confidence": 12.34489997978882,
    "low": 25.24412763973522,
    "high": 37.58902761952404,
    "count": 27,
    "base": 8621.5
  },
  "Compilation.hashing: initialize hash": {
    "min": 0.0056,