{
  "stats": {
    "min": 70855,
    "max": 74896,
    "mean": 72821.8,
    "median": 72989,
    "variance": 2795785.36,
    "stdDev": 1672.0602142267485,
    "confidence": 4151.608270767698,
    "low": 70745.99586461615,
    "high": 74897.60413538385,
    "count": 5,
    "base": 71497
  },
  "heap memory": {
    "min": 353724968,
    "max": 1118993072,
    "mean": 962683584,
    "median": 1115876216,
    "variance": 92714104362691070,
    "stdDev": 304489908.4743057,
    "confidence": 756027092.5839972,
    "low": 584670037.7080014,
    "high": 1340697130.2919986,
    "count": 5,
    "base": 71497
  },
  "rss memory": {
    "min": 687398912,
    "max": 1403584512,
    "mean": 1259344691.2,
    "median": 1402880000,
    "variance": 81781403079053150,
    "stdDev": 285974479.76883036,
    "confidence": 710054581.3691372,
    "low": 904317400.5154315,
    "high": 1614371981.8845687,
    "count": 5,
    "base": 71497
  },
  "external memory": {
    "min": 42546117,
    "max": 42644421,
    "mean": 42582161.8,
    "median": 42562501,
    "variance": 1358283407.3600001,
    "stdDev": 36854.896653769094,
    "confidence": 91508.12420761585,
    "low": 42536407.73789619,
    "high": 42627915.862103805,
    "count": 5,
    "base": 71497
  },
  "array buffers memory": {
    "min": 25226343,
    "max": 25324647,
    "mean": 25262387.8,
    "median": 25242727,
    "variance": 1358283407.3600001,
    "stdDev": 36854.896653769094,
    "confidence": 91508.12420761585,
    "low": 25216633.737896193,
    "high": 25308141.86210381,
    "count": 5,
    "base": 71497
  },
  "Compiler.make hook": {
    "min": 9954.080178,
    "max": 10323.20873,
    "mean": 10052.8039854,
    "median": 9954.080178,
    "variance": 18999.52090723336,
    "stdDev": 137.83874965782795,
    "confidence": 342.243950452681,
    "low": 9881.68201017366,
    "high": 10223.92596062634,
    "count": 5,
    "base": 71497
  },
  "Compiler.finish make hook": {
    "min": 0.140206,
    "max": 0.551225,
    "mean": 0.2260104,
    "median": 0.146807,
    "variance": 0.026447427813439995,
    "stdDev": 0.16262665160864623,
    "confidence": 0.4037905729238004,
    "low": 0.02411511353809981,
    "high": 0.4279056864619002,
    "count": 5,
    "base": 71497
  },
  "Compiler.finish compilation": {
    "min": 241.151523,
    "max": 276.772773,
    "mean": 259.8169596,
    "median": 256.906984,
    "variance": 148.13032870406442,
    "stdDev": 12.170880358629134,
    "confidence": 30.219442535313192,
    "low": 244.70723833234342,
    "high": 274.9266808676566,
    "count": 5,
    "base": 71497
  },
  "Compiler.seal compilation": {
    "min": 60206.523468,
    "max": 64563.051699,
    "mean": 62460.0156322,
    "median": 62726.623907,
    "variance": 3101390.6794757196,
    "stdDev": 1761.0765683171528,
    "confidence": 4372.62963634466,
    "low": 60273.70081402767,
    "high": 64646.33045037233,
    "count": 5,
    "base": 71497
  },
  "Compiler.afterCompile hook": {
    "min": 0.092905,
    "max": 0.263912,
    "mean": 0.1311462,
    "median": 0.099805,
    "variance": 0.004415179592559999,
    "stdDev": 0.06644681777602295,
    "confidence": 0.16498278943423317,
    "low": 0.04865480528288342,
    "high": 0.21363759471711657,
    "count": 5,
    "base": 71497
  },
  "Compiler.emitAssets": {
    "min": 25.75636,
    "max": 29.140508,
    "mean": 27.623843,
    "median": 27.615743,
    "variance": 1.5933232363415992,
    "stdDev": 1.2622690823836251,
    "confidence": 3.1341256240473783,
    "low": 26.05678018797631,
    "high": 29.19090581202369,
    "count": 5,
    "base": 71497
  },
  "Compiler.emitRecords": {
    "min": 0.110405,
    "max": 0.179508,
    "mean": 0.1278256,
    "median": 0.114105,
    "variance": 0.00068797961744,
    "stdDev": 0.0262293655554228,
    "confidence": 0.06512567552912023,
    "low": 0.0952627622354399,
    "high": 0.16038843776456013,
    "count": 5,
    "base": 71497
  },
  "FlagDependencyExportsPlugin.restore cached provided exports": {
    "min": 12.796977,
    "max": 14.022132,
    "mean": 13.294018599999998,
    "median": 13.001186,
    "variance": 0.2303424504538397,
    "stdDev": 0.47994004881218205,
    "confidence": 1.191657488867861,
    "low": 12.698189855566067,
    "high": 13.889847344433928,
    "count": 5,
    "base": 71497
  },
  "FlagDependencyExportsPlugin.figure out provided exports": {
    "min": 167.543319,
    "max": 192.930395,
    "mean": 179.19704919999998,
    "median": 180.169624,
    "variance": 72.15560261138778,
    "stdDev": 8.494445397516413,
    "confidence": 21.091112310343703,
    "low": 168.65149304482813,
    "high": 189.74260535517183,
    "count": 5,
    "base": 71497
  },
  "FlagDependencyExportsPlugin.store provided exports into cache": {
    "min": 11.99304,
    "max": 14.833168,
    "mean": 13.32654,
    "median": 12.974185,
    "variance": 0.9169797605196003,
    "stdDev": 0.9575906017289436,
    "confidence": 2.3776303199617708,
    "low": 12.137724840019114,
    "high": 14.515355159980885,
    "count": 5,
    "base": 71497
  },
  "InnerGraphPlugin.infer dependency usage": {
    "min": 32.006026,
    "max": 34.256549,
    "mean": 33.453398,
    "median": 33.66467,
    "variance": 0.691609141654,
    "stdDev": 0.8316304116938005,
    "confidence": 2.0648800001539342,
    "low": 32.42095799992303,
    "high": 34.48583800007697,
    "count": 5,
    "base": 71497
  },
  "Compilation.finish modules": {
    "min": 197.588067,
    "max": 222.724438,
    "mean": 209.8436294,
    "median": 211.937557,
    "variance": 75.74093122777063,
    "stdDev": 8.702926589818544,
    "confidence": 21.6087564925906,
    "low": 199.0392511537047,
    "high": 220.6480076462953,
    "count": 5,
    "base": 71497
  },
  "Compilation.report dependency errors and warnings": {
    "min": 42.982329,
    "max": 54.384352,
    "mean": 49.406145,
    "median": 51.775931,
    "variance": 22.7292524719412,
    "stdDev": 4.7675205790789414,
    "confidence": 11.83741930987371,
    "low": 43.48743534506315,
    "high": 55.32485465493686,
    "count": 5,
    "base": 71497
  },
  "Compilation.optimize dependencies": {
    "min": 178.74506,
    "max": 204.413915,
    "mean": 195.6329088,
    "median": 199.173976,
    "variance": 79.15746881025024,
    "stdDev": 8.897048320103147,
    "confidence": 22.090747137501694,
    "low": 184.58753523124915,
    "high": 206.67828236875084,
    "count": 5,
    "base": 71497
  },
  "Compilation.create chunks": {
    "min": 129.651118,
    "max": 166.043087,
    "mean": 139.3624754,
    "median": 131.518628,
    "variance": 192.424121285654,
    "stdDev": 13.871702176937552,
    "confidence": 34.442463852315754,
    "low": 122.14124347384212,
    "high": 156.58370732615788,
    "count": 5,
    "base": 71497
  },
  "Compilation.optimize": {
    "min": 364.331151,
    "max": 394.259273,
    "mean": 377.54872059999997,
    "median": 373.762227,
    "variance": 115.74498022790638,
    "stdDev": 10.758484104552387,
    "confidence": 26.712561670536502,
    "low": 364.1924397647317,
    "high": 390.9050014352682,
    "count": 5,
    "base": 71497
  },
  "Compilation.module hashing": {
    "min": 227.086091,
    "max": 414.463791,
    "mean": 267.2006742,
    "median": 230.309082,
    "variance": 5431.4903706511195,
    "stdDev": 73.69864565004652,
    "confidence": 182.98856956333145,
    "low": 175.70638941833425,
    "high": 358.6949589816657,
    "count": 5,
    "base": 71497
  },
  "Compilation.code generation": {
    "min": 5145.661241,
    "max": 6257.248391,
    "mean": 5931.959465,
    "median": 6122.249959,
    "variance": 163818.63623005274,
    "stdDev": 404.7451497301144,
    "confidence": 1004.9538269467957,
    "low": 5429.482551526602,
    "high": 6434.436378473398,
    "count": 5,
    "base": 71497
  },
  "Compilation.runtime requirements": {
    "min": 5.180233,
    "max": 10.356167,
    "mean": 6.3992282000000005,
    "median": 5.288137,
    "variance": 3.966767670533359,
    "stdDev": 1.991674589518418,