{
  "stats": {
    "min": 9981,
    "max": 11191,
    "mean": 10539.916666666666,
    "median": 10552.5,
    "variance": 103363.24305555556,
    "stdDev": 321.5015444061748,
    "confidence": 271.56133122671235,
    "low": 10404.13600105331,
    "high": 10675.697332280022,
    "count": 24,
    "base": 12593.5
  },
  "heap memory": {
    "min": 375410520,
    "max": 619342360,
    "mean": 541263875.6666666,
    "median": 602638880,
    "variance": 9777795235869984,
    "stdDev": 98882734.77139467,
    "confidence": 83522855.66607708,
    "low": 499502447.8336281,
    "high": 583025303.4997052,
    "count": 24,
    "base": 12593.5
  },
  "rss memory": {
    "min": 703516672,
    "max": 817983488,
    "mean": 795403605.3333334,
    "median": 802764800,
    "variance": 693351227821625.1,
    "stdDev": 26331563.337971885,
    "confidence": 22241368.720475674,
    "low": 784282920.9730955,
    "high": 806524289.6935712,
    "count": 24,
    "base": 12593.5
  },
  "external memory": {
    "min": 106826311,
    "max": 106850887,
    "mean": 106839281.66666667,
    "median": 106838599,
    "variance": 38680803.555555575,
    "stdDev": 6219.3893233625095,
    "confidence": 5253.304917067289,
    "low": 106836655.01420814,
    "high": 106841908.3191252,
    "count": 24,
    "base": 12593.5
  },
  "array buffers memory": {
    "min": 92582789,
    "max": 92607365,
    "mean": 92595759.66666667,
    "median": 92595077,
    "variance": 38680803.555555575,
    "stdDev": 6219.3893233625095,
    "confidence": 5253.304917067289,
    "low": 92593133.01420814,
    "high": 92598386.3191252,
    "count": 24,
    "base": 12593.5
  },
  "Compiler.make hook": {
    "min": 7577.694872,
    "max": 8436.97537,
    "mean": 7991.864573666669,
    "median": 7987.888412,
    "variance": 49180.392554897386,
    "stdDev": 221.76652712908995,
    "confidence": 187.31858175031448,
    "low": 7898.205282791511,
    "high": 8085.523864541826,
    "count": 24,
    "base": 12593.5
  },
  "Compiler.finish make hook": {
    "min": 0.083402,
    "max": 0.186903,
    "mean": 0.10398529166666669,
    "median": 0.100852,
    "variance": 0.0003865822043732639,
    "stdDev": 0.019661693832761812,
    "confidence": 0.016607558639442355,
    "low": 0.09568151234694551,
    "high": 0.11228907098638786,
    "count": 24,
    "base": 12593.5
  },
  "Compiler.finish compilation": {
    "min": 69.202481,
    "max": 90.527619,
    "mean": 78.05738024999998,
    "median": 77.6758835,
    "variance": 29.464156459893776,
    "stdDev": 5.4280895773645605,
    "confidence": 4.584921152928217,
    "low": 75.76491967353587,
    "high": 80.34984082646409,
    "count": 24,
    "base": 12593.5
  },
  "Compiler.seal compilation": {
    "min": 1871.435105,
    "max": 2080.651665,
    "mean": 1973.8743565416662,
    "median": 1981.9896815000002,
    "variance": 2232.5117382515587,
    "stdDev": 47.24946283558744,
    "confidence": 39.910001213458145,
    "low": 1953.9193559349371,
    "high": 1993.8293571483953,
    "count": 24,
    "base": 12593.5
  },
  "Compiler.afterCompile hook": {
    "min": 0.056401,
    "max": 0.114999,
    "mean": 0.07278879166666666,
    "median": 0.071101,
    "variance": 0.00011717075149826389,
    "stdDev": 0.010824543939504513,
    "confidence": 0.009143121124233766,
    "low": 0.06821723110454977,
    "high": 0.07736035222878354,
    "count": 24,
    "base": 12593.5
  },
  "Compiler.emitAssets": {
    "min": 280.827551,
    "max": 700.270322,
    "mean": 480.5698150833334,
    "median": 454.3115915,
    "variance": 23504.35653729703,
    "stdDev": 153.31130596696718,
    "confidence": 129.4968035609092,
    "low": 415.82141330287885,
    "high": 545.318216863788,
    "count": 24,
    "base": 12593.5
  },
  "Compiler.emitRecords": {
    "min": 0.078102,
    "max": 0.133003,
    "mean": 0.09698525000000001,
    "median": 0.0956515,
    "variance": 0.0001415719617708334,
    "stdDev": 0.011898401647735438,
    "confidence": 0.010050171910984701,
    "low": 0.09196016404450766,
    "high": 0.10201033595549236,
    "count": 24,
    "base": 12593.5
  },
  "Compilation.finish modules": {
    "min": 1.965941,
    "max": 2.346945,
    "mean": 2.1074236249999996,
    "median": 2.0789395,
    "variance": 0.01014670958348437,
    "stdDev": 0.10073087701139294,
    "confidence": 0.0850839180488947,
    "low": 2.0648816659755522,
    "high": 2.149965584024447,
    "count": 24,
    "base": 12593.5
  },
  "Compilation.report dependency errors and warnings": {
    "min": 66.653364,
    "max": 87.846468,
    "mean": 75.48082708333334,
    "median": 75.0527835,
    "variance": 29.539592616032916,
    "stdDev": 5.435033819217035,
    "confidence": 4.590786715923571,
    "low": 73.18543372537155,
    "high": 77.77622044129512,
    "count": 24,
    "base": 12593.5
  },
  "Compilation.optimize dependencies": {
    "min": 0.1012,
    "max": 0.50311,
    "mean": 0.18260766666666664,
    "median": 0.15835349999999998,
    "variance": 0.00976425613263889,
    "stdDev": 0.0988142506556564,
    "confidence": 0.08346500948162988,
    "low": 0.1408751619258517,
    "high": 0.22434017140748158,
    "count": 24,
    "base": 12593.5
  },
  "Compilation.create chunks": {
    "min": 190.300117,
    "max": 233.138031,
    "mean": 206.35301233333337,
    "median": 205.19149499999997,
    "variance": 82.27083879220548,
    "stdDev": 9.070327380652007,
    "confidence": 7.6613945438473365,
    "low": 202.5223150614097,
    "high": 210.18370960525704,
    "count": 24,
    "base": 12593.5
  },
  "Compilation.optimize": {
    "min": 129.52848,
    "max": 161.850907,
    "mean": 146.94495908333334,
    "median": 147.9024925,
    "variance": 80.59251637795404,
    "stdDev": 8.977333478152298,
    "confidence": 7.582845782890558,
    "low": 143.15353619188807,
    "high": 150.73638197477862,
    "count": 24,
    "base": 12593.5
  },
  "Compilation.module hashing": {
    "min": 280.91808,
    "max": 329.08099,
    "mean": 299.35772149999997,
    "median": 298.6133225,
    "variance": 164.16181931216974,
    "stdDev": 12.81256489982274,
    "confidence": 10.822334266079793,
    "low": 293.9465543669601,
    "high": 304.76888863303986,
    "count": 24,
    "base": 12593.5
  },
  "Compilation.code generation": {
    "min": 736.310522,
    "max": 826.965405,
    "mean": 771.8038496249998,
    "median": 774.5688655,
    "variance": 483.68747158560535,
    "stdDev": 21.992895934496786,
    "confidence": 18.576645124780953,
    "low": 762.5155270626093,
    "high": 781.0921721873902,
    "count": 24,
    "base": 12593.5
  },
  "Compilation.runtime requirements": {
    "min": 49.747793,
    "max": 74.58454,
    "mean": 53.96762083333332,
    "median": 53.322542,
    "variance": 25.729098913547137,
    "stdDev": 5.072385919224516,
    "confidence": 4.284470468919409,
    "low": 51.825385598873616,
    "high": 56.109856067793025,
    "count": 24,
    "base": 12593.5
  },
  "Compilation.hashing: initialize hash": {
    "min": 0.005501,
    "max": 0.0226,
    "mean": 0.007254291666666667,
    "median": 0.0067,
    "variance": 0.000010529810873263888,
    "stdDev": 0.003244967006498508,
    "confidence": 0.0027409123701073205,
    "low": 0.005883835481613006,
    "high": 0.008624747851720327,
    "count": 24,
    "base": 12593.5
  },
  "Compilation.hashing: sort chunks": {
    "min": 0.078202,
    "max": 0.124802,
    "mean": 0.1039645,
    "median": 0.103352,
    "variance": 0.00009439565225,
    "stdDev": 0.009715742496073062,
    "confidence": 0.008206554562475876,
    "low": 0.09986122271876206,
    "high": 0.10806777728123794,
    "count": 24,
    "base": 12593.5
  },
  "Compilation.hashing: hash runtime modules": {
    "min": 5.416403,
    "max": 6.976591,
    "mean": 6.179636083333334,
    "median": 6.1202675,
    "variance": 0.21196312683149307,
    "stdDev": 0.460394533885333,
    "confidence": 0.3888794772116224,
    "low": 5.985196344727523,
    "high": 6.374075821939146,
    "count": 24,
    "base": 12593.5
  },