{
  "stats": {
    "min": 18954,
    "max": 19933,
    "mean": 19456.6,
    "median": 19443,
    "variance": 60361.17333333333,
    "stdDev": 245.68511011726642,
    "confidence": 272.13882121005736,
    "low": 19320.53058939497,
    "high": 19592.669410605027,
    "count": 15,
    "base": 21546
  },
  "heap memory": {
    "min": 135197824,
    "max": 386547968,
    "mean": 247076121.06666666,
    "median": 236204792,
    "variance": 8627396953310112,
    "stdDev": 92883781.97139752,
    "confidence": 102884879.44248319,
    "low": 195633681.34542507,
    "high": 298518560.78790826,
    "count": 15,
    "base": 21546
  },
  "rss memory": {
    "min": 548978688,
    "max": 690405376,
    "mean": 593477085.8666667,
    "median": 572084224,
    "variance": 1599985660092889.2,
    "stdDev": 39999820.75075949,
    "confidence": 44306730.93102646,
    "low": 571323720.4011534,
    "high": 615630451.3321799,
    "count": 15,
    "base": 21546
  },
  "external memory": {
    "min": 14428112,
    "max": 14444496,
    "mean": 14437770.133333333,
    "median": 14436304,
    "variance": 28573602.915555548,
    "stdDev": 5345.428225648115,
    "confidence": 5920.987785935402,
    "low": 14434809.639440365,
    "high": 14440730.6272263,
    "count": 15,
    "base": 21546
  },
  "array buffers memory": {
    "min": 12837747,
    "max": 12854131,
    "mean": 12847577.4,
    "median": 12845939,
    "variance": 28633115.306666676,
    "stdDev": 5350.991992767947,
    "confidence": 5927.150621872395,
    "low": 12844613.824689064,
    "high": 12850540.975310937,
    "count": 15,
    "base": 21546
  },
  "Compiler.make hook": {
    "min": 8874.353193,
    "max": 9547.895641,
    "mean": 9175.052294466666,
    "median": 9161.204144,
    "variance": 38450.72616619324,
    "stdDev": 196.0885671480957,
    "confidence": 217.2020579146265,
    "low": 9066.451265509353,
    "high": 9283.65332342398,
    "count": 15,
    "base": 21546
  },
  "Compiler.finish make hook": {
    "min": 0.086802,
    "max": 0.17662,
    "mean": 0.14009619999999998,
    "median": 0.141845,
    "variance": 0.0002907556356266666,
    "stdDev": 0.017051558158322853,
    "confidence": 0.018887554621384472,
    "low": 0.13065242268930774,
    "high": 0.1495399773106922,
    "count": 15,
    "base": 21546
  },
  "Compiler.finish compilation": {
    "min": 81.291007,
    "max": 94.214898,
    "mean": 85.62240440000001,
    "median": 84.443356,
    "variance": 16.52525786941757,
    "stdDev": 4.0651270422235966,
    "confidence": 4.5028324297383335,
    "low": 83.37098818513084,
    "high": 87.87382061486917,
    "count": 15,
    "base": 21546
  },
  "Compiler.seal compilation": {
    "min": 9929.763103,
    "max": 10286.349577,
    "mean": 10169.882151066668,
    "median": 10206.343997,
    "variance": 8973.752281444979,
    "stdDev": 94.72989117192618,
    "confidence": 104.92976519651711,
    "low": 10117.417268468409,
    "high": 10222.347033664926,
    "count": 15,
    "base": 21546
  },
  "Compiler.afterCompile hook": {
    "min": 0.053049,
    "max": 0.062527,
    "mean": 0.0578546,
    "median": 0.057779,
    "variance": 0.000003856860373333334,
    "stdDev": 0.0019638890939493846,
    "confidence": 0.0021753473898340064,
    "low": 0.056766926305082996,
    "high": 0.058942273694917,
    "count": 15,
    "base": 21546
  },
  "Compiler.emitAssets": {
    "min": 6.298486,
    "max": 8.538918,
    "mean": 6.721810666666666,
    "median": 6.520039,
    "variance": 0.3490518798506225,
    "stdDev": 0.5908061271268457,
    "confidence": 0.654420135283079,
    "low": 6.394600599025127,
    "high": 7.049020734308206,
    "count": 15,
    "base": 21546
  },
  "Compiler.emitRecords": {
    "min": 0.060202,
    "max": 0.114343,
    "mean": 0.06647326666666666,
    "median": 0.062297,
    "variance": 0.00017582320912888888,
    "stdDev": 0.013259834430674045,
    "confidence": 0.014687563726111935,
    "low": 0.05912948480361069,
    "high": 0.07381704852972262,
    "count": 15,
    "base": 21546
  },
  "Compilation.compute affected modules": {
    "min": 0.208299,
    "max": 0.221594,
    "mean": 0.2133848666666667,
    "median": 0.213117,
    "variance": 0.000016002282915555543,
    "stdDev": 0.004000285354266061,
    "confidence": 0.00443100902734489,
    "low": 0.21116936215299426,
    "high": 0.21560037118033915,
    "count": 15,
    "base": 21546
  },
  "Compilation.finish modules": {
    "min": 52.35141,
    "max": 64.888299,
    "mean": 58.43010946666666,
    "median": 57.974636,
    "variance": 12.769867668547978,
    "stdDev": 3.573495161399827,
    "confidence": 3.9582649528863385,
    "low": 56.45097699022349,
    "high": 60.409241943109826,
    "count": 15,
    "base": 21546
  },
  "Compilation.report dependency errors and warnings": {
    "min": 23.241698,
    "max": 29.082391,
    "mean": 26.599302933333334,
    "median": 26.668425,
    "variance": 3.0326539162153963,
    "stdDev": 1.7414516692160584,
    "confidence": 1.9289594075462873,
    "low": 25.63482322956019,
    "high": 27.563782637106478,
    "count": 15,
    "base": 21546
  },
  "Compilation.optimize dependencies": {
    "min": 153.848496,
    "max": 172.217519,
    "mean": 160.801152,
    "median": 159.657798,
    "variance": 23.22628004085666,
    "stdDev": 4.81936510765232,
    "confidence": 5.338281749151918,
    "low": 158.13201112542404,
    "high": 163.47029287457596,
    "count": 15,
    "base": 21546
  },
  "Compilation.create chunks": {
    "min": 33.204865,
    "max": 45.614248,
    "mean": 38.92959926666666,
    "median": 38.95729,
    "variance": 14.275624819443264,
    "stdDev": 3.778309783414174,
    "confidence": 4.1851326282410355,
    "low": 36.837032952546146,
    "high": 41.02216558078718,
    "count": 15,
    "base": 21546
  },
  "Compilation.compute affected modules with chunk graph": {
    "min": 0.114875,
    "max": 0.164788,
    "mean": 0.1230344,
    "median": 0.120735,
    "variance": 0.00013704991117333327,
    "stdDev": 0.011706831816223092,
    "confidence": 0.012967344293069796,
    "low": 0.11655072785346511,
    "high": 0.1295180721465349,
    "count": 15,
    "base": 21546
  },
  "Compilation.optimize": {
    "min": 48.023151,
    "max": 56.846569,
    "mean": 51.232924000000004,
    "median": 50.352101,
    "variance": 5.72608769376387,
    "stdDev": 2.392924506490723,
    "confidence": 2.650578434037868,
    "low": 49.90763478298107,
    "high": 52.55821321701894,
    "count": 15,
    "base": 21546
  },
  "Compilation.module hashing": {
    "min": 54.753734,
    "max": 63.994259,
    "mean": 59.61929746666668,
    "median": 59.322019,
    "variance": 7.461424332728781,
    "stdDev": 2.731560786936432,
    "confidence": 3.025676778969995,
    "low": 58.10645907718168,
    "high": 61.13213585615168,
    "count": 15,
    "base": 21546
  },
  "Compilation.code generation": {
    "min": 178.827494,
    "max": 198.365425,
    "mean": 188.4103594,
    "median": 187.0659,
    "variance": 33.01229588055021,
    "stdDev": 5.745632765897088,
    "confidence": 6.364283644502507,
    "low": 185.22821757774875,
    "high": 191.59250122225126,
    "count": 15,
    "base": 21546
  },
  "Compilation.runtime requirements.modules": {
    "min": 4.534523,
    "max": 8.854464,
    "mean": 5.668635666666668,
    "median": 5.066641,
    "variance": 2.0610271623914227,
    "stdDev": 1.4356277938210247,
    "confidence": 1.5902064855308975,
    "low": 4.873532423901219,
    "high": 6.4637389094321165,
    "count": 15,
    "base": 21546
  },
  "Compilation.runtime requirements.chunks": {
    "min": 1.636695,
    "max": 2.433302,
    "mean": 2.068355533333334,
    "median": 2.116198,
    "variance": 0.07462359058491555,
    "stdDev": 0.27317318789536343,
    "confidence": 0.302586629301852,
    "low": 1.917062218682408,
    "high": 2.21964884798426,
    "count": 15,
    "base": 21546
  },
  "Compilation.runtime requirements.entries": {
    "min": 1.151739,
    "max": 1.673132,
    "mean": 1.5269948666666664,