{
  "stats": {
    "min": 8669,
    "max": 9277,
    "mean": 8936.133333333333,
    "median": 8961,
    "variance": 26207.248888888884,
    "stdDev": 161.8865309063385,
    "confidence": 120.88527345355396,
    "low": 8875.690696606556,
    "high": 8996.57597006011,
    "count": 30,
    "base": 11413
  },
  "heap memory": {
    "min": 123184992,
    "max": 368353728,
    "mean": 272634469.8666667,
    "median": 289263484,
    "variance": 4517251062449616,
    "stdDev": 67210498.15653516,
    "confidence": 50187989.100236416,
    "low": 247540475.31654847,
    "high": 297728464.4167849,
    "count": 30,
    "base": 11413
  },
  "rss memory": {
    "min": 458301440,
    "max": 620462080,
    "mean": 523318749.8666667,
    "median": 530327552,
    "variance": 2222929310260628.8,
    "stdDev": 47147951.283811145,
    "confidence": 35206715.17147964,
    "low": 505715392.2809269,
    "high": 540922107.4524065,
    "count": 30,
    "base": 11413
  },
  "external memory": {
    "min": 34581956,
    "max": 34614724,
    "mean": 34594517.06666667,
    "median": 34594244,
    "variance": 101707211.66222222,
    "stdDev": 10084.999338731868,
    "confidence": 7530.755622565746,
    "low": 34590751.68885539,
    "high": 34598282.44447795,
    "count": 30,
    "base": 11413
  },
  "array buffers memory": {
    "min": 33038186,
    "max": 33070954,
    "mean": 33050747.066666666,
    "median": 33050474,
    "variance": 101707211.66222216,
    "stdDev": 10084.999338731865,
    "confidence": 7530.755622573197,
    "low": 33046981.68885538,
    "high": 33054512.444477953,
    "count": 30,
    "base": 11413
  },
  "Compiler.make hook": {
    "min": 8182.796827,
    "max": 8720.8533,
    "mean": 8437.821244166667,
    "median": 8471.6326845,
    "variance": 23306.228179894173,
    "stdDev": 152.66377494315464,
    "confidence": 113.99837946451953,
    "low": 8380.822054434408,
    "high": 8494.820433898927,
    "count": 30,
    "base": 11413
  },
  "Compiler.finish make hook": {
    "min": 0.081101,
    "max": 0.142716,
    "mean": 0.12033859999999999,
    "median": 0.130959,
    "variance": 0.00047888202570666653,
    "stdDev": 0.02188337327074294,
    "confidence": 0.016340936748162768,
    "low": 0.11216813162591861,
    "high": 0.12850906837408138,
    "count": 30,
    "base": 11413
  },
  "Compiler.finish compilation": {
    "min": 19.031884,
    "max": 26.934852,
    "mean": 20.780255266666664,
    "median": 20.2697135,
    "variance": 2.381412290019195,
    "stdDev": 1.5431825199953488,
    "confidence": 1.1523382450286306,
    "low": 20.20408614415235,
    "high": 21.35642438918098,
    "count": 30,
    "base": 11413
  },
  "Compiler.seal compilation": {
    "min": 395.537068,
    "max": 455.527408,
    "mean": 413.49121170000006,
    "median": 413.0101535,
    "variance": 103.56927405124655,
    "stdDev": 10.176899039061288,
    "confidence": 7.599379740603126,
    "low": 409.6915218296985,
    "high": 417.2909015703016,
    "count": 30,
    "base": 11413
  },
  "Compiler.afterCompile hook": {
    "min": 0.04862,
    "max": 0.074619,
    "mean": 0.056171500000000006,
    "median": 0.055393,
    "variance": 0.00003642130631666668,
    "stdDev": 0.006035006737085443,
    "confidence": 0.004506511045867717,
    "low": 0.05391824447706615,
    "high": 0.058424755522933865,
    "count": 30,
    "base": 11413
  },
  "Compiler.emitAssets": {
    "min": 39.440994,
    "max": 91.874324,
    "mean": 47.27796266666666,
    "median": 43.1971895,
    "variance": 155.94509075211553,
    "stdDev": 12.487797674214438,
    "confidence": 9.32499342736223,
    "low": 42.615465952985545,
    "high": 51.940459380347775,
    "count": 30,
    "base": 11413
  },
  "Compiler.emitRecords": {
    "min": 0.059681,
    "max": 0.093965,
    "mean": 0.0694674,
    "median": 0.0621755,
    "variance": 0.00012456927497333338,
    "stdDev": 0.011161060656287707,
    "confidence": 0.008334281190123555,
    "low": 0.06530025940493822,
    "high": 0.07363454059506178,
    "count": 30,
    "base": 11413
  },
  "Compilation.compute affected modules": {
    "min": 0.206274,
    "max": 0.237431,
    "mean": 0.2151288,
    "median": 0.21077200000000001,
    "variance": 0.00008305275202666661,
    "stdDev": 0.009113328262861303,
    "confidence": 0.006805181215263578,
    "low": 0.21172620939236822,
    "high": 0.2185313906076318,
    "count": 30,
    "base": 11413
  },
  "Compilation.finish modules": {
    "min": 0.589447,
    "max": 0.8008,
    "mean": 0.6443142999999999,
    "median": 0.6439090000000001,
    "variance": 0.0013006630824099995,
    "stdDev": 0.036064706880966045,
    "confidence": 0.026930541589344603,
    "low": 0.6308490292053276,
    "high": 0.6577795707946722,
    "count": 30,
    "base": 11413
  },
  "Compilation.report dependency errors and warnings": {
    "min": 17.741222,
    "max": 25.674667,
    "mean": 19.513063066666668,
    "median": 19.0297115,
    "variance": 2.3488062382883954,
    "stdDev": 1.5325815600771122,
    "confidence": 1.1444222069777084,
    "low": 18.940851963177813,
    "high": 20.08527417015552,
    "count": 30,
    "base": 11413
  },
  "Compilation.optimize dependencies": {
    "min": 0.06477,
    "max": 0.087903,
    "mean": 0.07359063333333331,
    "median": 0.0717535,
    "variance": 0.00003519695149888887,
    "stdDev": 0.005932701871735076,
    "confidence": 0.004430117095399644,
    "low": 0.07137557478563349,
    "high": 0.07580569188103313,
    "count": 30,
    "base": 11413
  },
  "Compilation.create chunks": {
    "min": 25.925956,
    "max": 40.037614,
    "mean": 34.46027183333333,
    "median": 34.9697055,
    "variance": 13.316027562261674,
    "stdDev": 3.6491132569792453,
    "confidence": 2.7248965770237277,
    "low": 33.097823544821466,
    "high": 35.822720121845194,
    "count": 30,
    "base": 11413
  },
  "Compilation.compute affected modules with chunk graph": {
    "min": 0.114814,
    "max": 0.140181,
    "mean": 0.12214710000000002,
    "median": 0.1173035,
    "variance": 0.00007394205242333334,
    "stdDev": 0.008598956472929336,
    "confidence": 0.006421085181241473,
    "low": 0.11893655740937929,
    "high": 0.12535764259062077,
    "count": 30,
    "base": 11413
  },
  "Compilation.optimize": {
    "min": 18.174548,
    "max": 25.388741,
    "mean": 20.48169653333333,
    "median": 21.169407,
    "variance": 3.9109616992426477,
    "stdDev": 1.9776151544834621,
    "confidence": 1.4767414398047833,
    "low": 19.74332581343094,
    "high": 21.220067253235722,
    "count": 30,
    "base": 11413
  },
  "Compilation.module hashing": {
    "min": 42.558701,
    "max": 57.348575,
    "mean": 47.93496,
    "median": 47.4678945,
    "variance": 9.60082547523693,
    "stdDev": 3.0985198845960196,
    "confidence": 2.3137528579655395,
    "low": 46.77808357101723,
    "high": 49.09183642898277,
    "count": 30,
    "base": 11413
  },
  "Compilation.code generation": {
    "min": 186.834815,
    "max": 214.604145,
    "mean": 196.47166613333334,
    "median": 195.822341,
    "variance": 29.25402596048969,
    "stdDev": 5.408699100568425,
    "confidence": 4.03882933397648,
    "low": 194.4522514663451,
    "high": 198.49108080032158,
    "count": 30,
    "base": 11413
  },
  "Compilation.runtime requirements.modules": {
    "min": 4.874364,
    "max": 14.349005,
    "mean": 5.948836066666666,
    "median": 5.163931,
    "variance": 3.7655383529255264,
    "stdDev": 1.9404995111892005,
    "confidence": 1.449026134127946,
    "low": 5.224322999602693,
    "high": 6.673349133730639,
    "count": 30,
    "base": 11413
  },
  "Compilation.runtime requirements.chunks": {
    "min": 1.579059,
    "max": 5.192275,
    "mean": 2.329094666666667,
    "median": 2.1052834999999996,
    "variance": 0.6254119017749556,
    "stdDev": 0.7908298816907184,
    "confidence": 0.5905351480953991,
    "low": 2.0338270926189677,
    "high": 2.6243622407143667,
    "count": 30,
    "base": 11413
  },