{
  "cache.PackFileCacheStrategy.restore cache container": {
    "min": 32.853924,
    "max": 40.166636,
    "mean": 36.0531836,
    "median": 35.8736055,
    "variance": 4.044698503499107,
    "stdDev": 2.01114358102526,
    "confidence": 1.5017780687836222,
    "low": 35.302294565608186,
    "high": 36.80407263439181,
    "count": 30,
    "base": 3798
  },
  "cache.PackFileCacheStrategy.check build dependencies": {
    "min": 14.388097,
    "max": 17.679329,
    "mean": 15.977018466666667,
    "median": 16.022683999999998,
    "variance": 0.4055970836293155,
    "stdDev": 0.6368650434976907,
    "confidence": 0.4755652277258964,
    "low": 15.739235852803718,
    "high": 16.214801080529615,
    "count": 30,
    "base": 3798
  },
  "cache.PackFileCacheStrategy.restore cache content metadata": {
    "min": 115.774388,
    "max": 136.765753,
    "mean": 124.92362920000004,
    "median": 125.1800935,
    "variance": 25.640119135774157,
    "stdDev": 5.063607324405612,
    "confidence": 3.7811394971848813,
    "low": 123.0330594514076,
    "high": 126.81419894859248,
    "count": 30,
    "base": 3798
  },
  "cache.PackFileCacheStrategy.restore cache content": {
    "min": 1087.044346,
    "max": 1182.614052,
    "mean": 1132.4889240999998,
    "median": 1129.8486125,
    "variance": 731.6445150502237,
    "stdDev": 27.04892816823291,
    "confidence": 20.198203395526434,
    "low": 1122.3898224022366,
    "high": 1142.588025797763,
    "count": 30,
    "base": 3798
  },
  "stats": {
    "min": 3870,
    "max": 4204,
    "mean": 4045.5,
    "median": 4049.5,
    "variance": 6583.85,
    "stdDev": 81.14092678790402,
    "confidence": 60.5902360629716,
    "low": 4015.204881968514,
    "high": 4075.795118031486,
    "count": 30,
    "base": 3798
  },
  "heap memory": {
    "min": 344889952,
    "max": 367717320,
    "mean": 352572076.53333336,
    "median": 351618364,
    "variance": 33248524317353.316,
    "stdDev": 5766153.338002148,
    "confidence": 4305750.571941018,
    "low": 350419201.24736285,
    "high": 354724951.8193039,
    "count": 30,
    "base": 3798
  },
  "rss memory": {
    "min": 744275968,
    "max": 763265024,
    "mean": 755109341.8666667,
    "median": 755232768,
    "variance": 17733226208661.047,
    "stdDev": 4211083.733275918,
    "confidence": 3144535.90291214,
    "low": 753537073.9152106,
    "high": 756681609.8181227,
    "count": 30,
    "base": 3798
  },
  "external memory": {
    "min": 290408961,
    "max": 290408961,
    "mean": 290408961,
    "median": 290408961,
    "variance": 0,
    "stdDev": 0,
    "confidence": 0,
    "low": 290408961,
    "high": 290408961,
    "count": 30,
    "base": 3798
  },
  "array buffers memory": {
    "min": 289182628,
    "max": 289182628,
    "mean": 289182628,
    "median": 289182628,
    "variance": 0,
    "stdDev": 0,
    "confidence": 0,
    "low": 289182628,
    "high": 289182628,
    "count": 30,
    "base": 3798
  },
  "Compiler.make hook": {
    "min": 2446.890914,
    "max": 2747.702455,
    "mean": 2571.2454191,
    "median": 2568.7805635,
    "variance": 4516.469439276486,
    "stdDev": 67.20468316476529,
    "confidence": 50.18364688061956,
    "low": 2546.1535956596904,
    "high": 2596.33724254031,
    "count": 30,
    "base": 3798
  },
  "Compiler.finish make hook": {
    "min": 0.065901,
    "max": 0.104101,
    "mean": 0.08393723333333332,
    "median": 0.08495,
    "variance": 0.00009111250757888888,
    "stdDev": 0.009545287192059172,
    "confidence": 0.007127737223996622,
    "low": 0.08037336472133501,
    "high": 0.08750110194533163,
    "count": 30,
    "base": 3798
  },
  "Compiler.finish compilation": {
    "min": 277.93612,
    "max": 537.538636,
    "mean": 342.5486678666667,
    "median": 302.78123500000004,
    "variance": 8034.975602830132,
    "stdDev": 89.638025429112,
    "confidence": 66.93526110646087,
    "low": 309.08103731343624,
    "high": 376.0162984198971,
    "count": 30,
    "base": 3798
  },
  "Compiler.seal compilation": {
    "min": 893.725368,
    "max": 1194.577577,
    "mean": 1102.3266119666664,
    "median": 1159.078316,
    "variance": 8823.353502065533,
    "stdDev": 93.9327073072289,
    "confidence": 70.14222211999049,
    "low": 1067.2555009066712,
    "high": 1137.3977230266617,
    "count": 30,
    "base": 3798
  },
  "Compiler.afterCompile hook": {
    "min": 0.048601,
    "max": 0.143001,
    "mean": 0.0661072,
    "median": 0.0626005,
    "variance": 0.00039508698202666664,
    "stdDev": 0.01987679506426191,
    "confidence": 0.01484256777429957,
    "low": 0.05868591611285022,
    "high": 0.07352848388714979,
    "count": 30,
    "base": 3798
  },
  "Compiler.emitAssets": {
    "min": 13.48422,
    "max": 20.715052,
    "mean": 15.595360966666666,
    "median": 14.209092,
    "variance": 6.462955172042365,
    "stdDev": 2.542234287402002,
    "confidence": 1.8983585928677265,
    "low": 14.646181670232803,
    "high": 16.54454026310053,
    "count": 30,
    "base": 3798
  },
  "Compiler.emitRecords": {
    "min": 0.0631,
    "max": 0.100001,
    "mean": 0.08083723333333331,
    "median": 0.0838005,
    "variance": 0.00010805740091222224,
    "stdDev": 0.010395066181233396,
    "confidence": 0.007762291345987438,
    "low": 0.0769560876603396,
    "high": 0.08471837900632703,
    "count": 30,
    "base": 3798
  },
  "FlagDependencyExportsPlugin.restore cached provided exports": {
    "min": 67.509652,
    "max": 293.784348,
    "mean": 102.81220690000002,
    "median": 73.111828,
    "variance": 3797.8726007549744,
    "stdDev": 61.62688212748536,
    "confidence": 46.01854432461232,
    "low": 79.80293473769386,
    "high": 125.82147906230618,
    "count": 30,
    "base": 3798
  },
  "FlagDependencyExportsPlugin.figure out provided exports": {
    "min": 115.273537,
    "max": 293.840451,
    "mean": 148.57193370000002,
    "median": 133.544396,
    "variance": 1938.6108911362364,
    "stdDev": 44.02965922121402,
    "confidence": 32.87819786627409,
    "low": 132.13283476686297,
    "high": 165.01103263313706,
    "count": 30,
    "base": 3798
  },
  "FlagDependencyExportsPlugin.store provided exports into cache": {
    "min": 0.0669,
    "max": 0.117301,
    "mean": 0.08532053333333332,
    "median": 0.0843,
    "variance": 0.00012249821898222224,
    "stdDev": 0.01106789135211501,
    "confidence": 0.008264709022820088,
    "low": 0.08118817882192328,
    "high": 0.08945288784474337,
    "count": 30,
    "base": 3798
  },
  "Compilation.finish modules": {
    "min": 189.051874,
    "max": 450.300797,
    "mean": 254.36656720000002,
    "median": 211.969404,
    "variance": 8225.397735542312,
    "stdDev": 90.69397849660314,
    "confidence": 67.7237712722117,
    "low": 220.50468156389417,
    "high": 288.2284528361059,
    "count": 30,
    "base": 3798
  },
  "Compilation.report dependency errors and warnings": {
    "min": 78.165349,
    "max": 99.128487,
    "mean": 87.80303156666666,
    "median": 87.05074300000001,
    "variance": 23.978828962971775,
    "stdDev": 4.896818248921617,
    "confidence": 3.6565933543645315,
    "low": 85.9747348894844,
    "high": 89.63132824384893,
    "count": 30,
    "base": 3798
  },
  "Compilation.optimize dependencies": {
    "min": 106.295011,
    "max": 215.656762,
    "mean": 121.56626199999998,
    "median": 115.31141249999999,
    "variance": 432.25513712128196,
    "stdDev": 20.790746430113614,
    "confidence": 15.52504123373862,
    "low": 113.80374138313067,
    "high": 129.3287826168693,
    "count": 30,
    "base": 3798
  },
  "Compilation.create chunks": {
    "min": 173.365553,
    "max": 424.747261,
    "mean": 330.76475250000004,
    "median": 358.2205565,
    "variance": 6912.176772480087,
    "stdDev": 83.13950187774815,
    "confidence": 62.08262888219326,
    "low": 299.7234380589034,
    "high": 361.8060669410967,
    "count": 30,
    "base": 3798
  },
  "Compilation.optimize": {
    "min": 140.010088,
    "max": 281.650341,
    "mean": 189.99360583333333,