{
  "stats": {
    "min": 18087,
    "max": 18641,
    "mean": 18391.6875,
    "median": 18419,
    "variance": 26627.96484375,
    "stdDev": 163.18077351131168,
    "confidence": 173.86911417630472,
    "low": 18304.752942911848,
    "high": 18478.622057088152,
    "count": 16,
    "base": 19944.5
  },
  "heap memory": {
    "min": 445809864,
    "max": 943855584,
    "mean": 729713197.5,
    "median": 744527388,
    "variance": 15882691854534036,
    "stdDev": 126026552.18061802,
    "confidence": 134281291.34844851,
    "low": 662572551.8257757,
    "high": 796853843.1742243,
    "count": 16,
    "base": 19944.5
  },
  "rss memory": {
    "min": 914681856,
    "max": 1150472192,
    "mean": 997752832,
    "median": 949671936,
    "variance": 5278442796875776,
    "stdDev": 72652892.55684027,
    "confidence": 77411657.01931334,
    "low": 959047003.4903433,
    "high": 1036458660.5096567,
    "count": 16,
    "base": 19944.5
  },
  "external memory": {
    "min": 95592551,
    "max": 95634311,
    "mean": 95620519.375,
    "median": 95621863,
    "variance": 112168575.234375,
    "stdDev": 10590.966680826401,
    "confidence": 11284.674998432398,
    "low": 95614877.03750078,
    "high": 95626161.71249922,
    "count": 16,
    "base": 19944.5
  },
  "array buffers memory": {
    "min": 94237825,
    "max": 94279585,
    "mean": 94265793.375,
    "median": 94267137,
    "variance": 112168575.234375,
    "stdDev": 10590.966680826401,
    "confidence": 11284.674998432398,
    "low": 94260151.03750078,
    "high": 94271435.71249922,
    "count": 16,
    "base": 19944.5
  },
  "Compiler.make hook": {
    "min": 16204.145192,
    "max": 16701.521126,
    "mean": 16469.081058124997,
    "median": 16456.9565505,
    "variance": 22112.795937169467,
    "stdDev": 148.70371863934494,
    "confidence": 158.44381221022195,
    "low": 16389.859152019886,
    "high": 16548.302964230108,
    "count": 16,
    "base": 19944.5
  },
  "Compiler.finish make hook": {
    "min": 0.076554,
    "max": 0.133519,
    "mean": 0.087395875,
    "median": 0.080095,
    "variance": 0.00024277440910937497,
    "stdDev": 0.015581219756789742,
    "confidence": 0.016601789650859483,
    "low": 0.07909498017457026,
    "high": 0.09569676982542974,
    "count": 16,
    "base": 19944.5
  },
  "Compiler.finish compilation": {
    "min": 289.671077,
    "max": 323.356414,
    "mean": 305.26091937499996,
    "median": 304.2269475,
    "variance": 90.92716475874329,
    "stdDev": 9.535573646023781,
    "confidence": 10.160153719838377,
    "low": 300.18084251508077,
    "high": 310.34099623491915,
    "count": 16,
    "base": 19944.5
  },
  "Compiler.seal compilation": {
    "min": 1364.2183420000001,
    "max": 1601.525968,
    "mean": 1408.2248991875,
    "median": 1395.0092375,
    "variance": 2778.1748119714744,
    "stdDev": 52.70839413197365,
    "confidence": 56.160793947618004,
    "low": 1380.1445022136909,
    "high": 1436.305296161309,
    "count": 16,
    "base": 19944.5
  },
  "Compiler.afterCompile hook": {
    "min": 0.052528,
    "max": 0.061175,
    "mean": 0.0549660625,
    "median": 0.054388,
    "variance": 0.0000055494494335937504,
    "stdDev": 0.0023557269437678363,
    "confidence": 0.002510027058584635,
    "low": 0.053711048970707685,
    "high": 0.05622107602929232,
    "count": 16,
    "base": 19944.5
  },
  "Compiler.emitAssets": {
    "min": 183.93462,
    "max": 217.695406,
    "mean": 196.59216368749998,
    "median": 192.6785205,
    "variance": 117.22082120560434,
    "stdDev": 10.82685647848,
    "confidence": 11.536015577820422,
    "low": 190.82415589858977,
    "high": 202.3601714764102,
    "count": 16,
    "base": 19944.5
  },
  "Compiler.emitRecords": {
    "min": 0.087554,
    "max": 0.103668,
    "mean": 0.09520262500000001,
    "median": 0.094522,
    "variance": 0.000017923234609374995,
    "stdDev": 0.004233584132785718,
    "confidence": 0.00451088389348317,
    "low": 0.09294718305325843,
    "high": 0.0974580669467416,
    "count": 16,
    "base": 19944.5
  },
  "FlagDependencyExportsPlugin.restore cached provided exports": {
    "min": 18.149438,
    "max": 25.468942,
    "mean": 20.854432062500003,
    "median": 19.590466999999997,
    "variance": 4.976713194318058,
    "stdDev": 2.2308548124694396,
    "confidence": 2.3769758026861894,
    "low": 19.665944161156908,
    "high": 22.042919963843097,
    "count": 16,
    "base": 19944.5
  },
  "FlagDependencyExportsPlugin.figure out provided exports": {
    "min": 190.763284,
    "max": 213.870744,
    "mean": 201.79510674999997,
    "median": 202.65326299999998,
    "variance": 48.84095227308332,
    "stdDev": 6.988630214361275,
    "confidence": 7.44638549340192,
    "low": 198.071914003299,
    "high": 205.51829949670093,
    "count": 16,
    "base": 19944.5
  },
  "FlagDependencyExportsPlugin.store provided exports into cache": {
    "min": 19.065137,
    "max": 31.398236,
    "mean": 23.0187545,
    "median": 22.1283185,
    "variance": 14.236861792852874,
    "stdDev": 3.7731766182956337,
    "confidence": 4.0203196867939965,
    "low": 21.008594656603,
    "high": 25.028914343397,
    "count": 16,
    "base": 19944.5
  },
  "Compilation.finish modules": {
    "min": 233.526434,
    "max": 262.961216,
    "mean": 247.8162743125,
    "median": 249.34643599999998,
    "variance": 85.73807099227785,
    "stdDev": 9.259485460449618,
    "confidence": 9.865981758109058,
    "low": 242.88328343344548,
    "high": 252.74926519155454,
    "count": 16,
    "base": 19944.5
  },
  "Compilation.report dependency errors and warnings": {
    "min": 52.194283,
    "max": 63.655357,
    "mean": 57.037523,
    "median": 55.913751500000004,
    "variance": 12.052656635699124,
    "stdDev": 3.4716936264162372,
    "confidence": 3.699089558946497,
    "low": 55.18797822052675,
    "high": 58.88706777947325,
    "count": 16,
    "base": 19944.5
  },
  "Compilation.optimize dependencies": {
    "min": 94.236412,
    "max": 100.400853,
    "mean": 96.715120875,
    "median": 96.391878,
    "variance": 2.9205215978777335,
    "stdDev": 1.708953363283426,
    "confidence": 1.8208898085784995,
    "low": 95.80467597071075,
    "high": 97.62556577928925,
    "count": 16,
    "base": 19944.5
  },
  "Compilation.create chunks": {
    "min": 125.693196,
    "max": 145.19886,
    "mean": 140.2459475625,
    "median": 141.3101125,
    "variance": 26.474403364794604,
    "stdDev": 5.145328304860109,
    "confidence": 5.482347308828423,
    "low": 137.50477390808578,
    "high": 142.9871212169142,
    "count": 16,
    "base": 19944.5
  },
  "Compilation.optimize": {
    "min": 89.320818,
    "max": 103.820859,
    "mean": 95.2016905,
    "median": 94.88109,
    "variance": 12.901369745418624,
    "stdDev": 3.5918476784822913,
    "confidence": 3.8271137014228884,
    "low": 93.28813364928855,
    "high": 97.11524735071144,
    "count": 16,
    "base": 19944.5
  },
  "Compilation.module hashing": {
    "min": 202.696039,
    "max": 222.657801,
    "mean": 212.83870249999998,
    "median": 213.21332,
    "variance": 25.96897921284649,
    "stdDev": 5.095976767298541,
    "confidence": 5.4297632455566145,
    "low": 210.12382087722168,
    "high": 215.5535841227783,
    "count": 16,
    "base": 19944.5
  },
  "Compilation.code generation": {
    "min": 467.514646,
    "max": 631.506654,
    "mean": 492.38118275000005,
    "median": 483.4563215,
    "variance": 1387.8469148452239,
    "stdDev": 37.253817453319115,
    "confidence": 39.69394249651157,
    "low": 472.53421150174427,
    "high": 512.2281539982558,
    "count": 16,
    "base": 19944.5
  },
  "Compilation.runtime requirements": {
    "min": 25.889931,
    "max": 105.721619,
    "mean": 37.034245000000006,
    "median": 33.2203535,
    "variance": 320.580908563812,
    "stdDev": 17.90477334578162,
    "confidence": 19.07753599993032,
    "low": 27.495477000034846,
    "high": 46.573012999965165,
    "count": 16,
    "base": 19944.5
  },