{
  "cache.PackFileCacheStrategy.restore cache container": {
    "min": 4.172804909090909,
    "max": 5.734309636363637,
    "mean": 4.778648511363636,
    "median": 4.797457,
    "variance": 0.20132410620153918,
    "stdDev": 0.44869154906409725,
    "confidence": 0.7503502595152156,
    "low": 4.4034733816060285,
    "high": 5.153823641121244,
    "count": 8,
    "base": 686.8636363636364
  },
  "cache.PackFileCacheStrategy.check build dependencies": {
    "min": 1.2164590000000002,
    "max": 1.5897414545454545,
    "mean": 1.3533612272727271,
    "median": 1.3166997727272727,
    "variance": 0.011994521636283043,
    "stdDev": 0.10951950345159095,
    "confidence": 0.18315029112603032,
    "low": 1.261786081709712,
    "high": 1.4449363728357423,
    "count": 8,
    "base": 686.8636363636364
  },
  "cache.PackFileCacheStrategy.restore cache content metadata": {
    "min": 19.00739327272727,
    "max": 37.56807681818182,
    "mean": 33.82307544318182,
    "median": 35.845267500000006,
    "variance": 33.81785192845829,
    "stdDev": 5.815311851350561,
    "confidence": 9.724989841962586,
    "low": 28.960580522200527,
    "high": 38.68557036416311,
    "count": 8,
    "base": 686.8636363636364
  },
  "cache.PackFileCacheStrategy.restore cache content": {
    "min": 86.36592518181818,
    "max": 95.07300736363639,
    "mean": 88.10300735227273,
    "median": 87.11346936363637,
    "variance": 7.27128931553492,
    "stdDev": 2.6965328322746083,
    "confidence": 4.50943218054573,
    "low": 85.84829126199986,
    "high": 90.35772344254559,
    "count": 8,
    "base": 686.8636363636364
  },
  "stats": {
    "min": 644,
    "max": 683.2727272727273,
    "mean": 667.9204545454545,
    "median": 666.2272727272727,
    "variance": 136.72404442148746,
    "stdDev": 11.6929057304627,
    "confidence": 19.554134388401962,
    "low": 658.1433873512535,
    "high": 677.6975217396555,
    "count": 8,
    "base": 686.8636363636364
  },
  "heap memory": {
    "min": 621080380.3636364,
    "max": 806575857.4545455,
    "mean": 710877529.5454545,
    "median": 750037661.8181818,
    "variance": 4645835729479912,
    "stdDev": 68160367.73286887,
    "confidence": 113985096.71886992,
    "low": 653884981.1860195,
    "high": 767870077.9048895,
    "count": 8,
    "base": 686.8636363636364
  },
  "rss memory": {
    "min": 1008469085.0909091,
    "max": 1211115333.8181818,
    "mean": 1118937413.8181818,
    "median": 1158992802.909091,
    "variance": 5029010836519062,
    "stdDev": 70915519.01043284,
    "confidence": 118592556.96730995,
    "low": 1059641135.3345268,
    "high": 1178233692.3018367,
    "count": 8,
    "base": 686.8636363636364
  },
  "external memory": {
    "min": 206681124.54545453,
    "max": 210575574.36363637,
    "mean": 210066014.6818182,
    "median": 210545355.0909091,
    "variance": 1637571982052.757,
    "stdDev": 1279676.5146132663,
    "confidence": 2140012.6809574366,
    "low": 208996008.34133947,
    "high": 211136021.0222969,
    "count": 8,
    "base": 686.8636363636364
  },
  "array buffers memory": {
    "min": 205417743.1818182,
    "max": 209312193,
    "mean": 208802633.3181818,
    "median": 209281973.72727275,
    "variance": 1637571982052.742,
    "stdDev": 1279676.5146132603,
    "confidence": 2140012.680957377,
    "low": 207732626.97770312,
    "high": 209872639.6586605,
    "count": 8,
    "base": 686.8636363636364
  },
  "Compiler.make hook": {
    "min": 263.571316,
    "max": 278.52610972727274,
    "mean": 272.94953749999996,
    "median": 274.0424883636363,
    "variance": 18.545028441194543,
    "stdDev": 4.3063939022335775,
    "confidence": 7.201614982175897,
    "low": 269.348730008912,
    "high": 276.5503449910879,
    "count": 8,
    "base": 686.8636363636364
  },
  "Compiler.finish make hook": {
    "min": 0.0038727272727272725,
    "max": 0.004781818181818182,
    "mean": 0.004274999999999999,
    "median": 0.004227272727272727,
    "variance": 7.206095041322325e-8,
    "stdDev": 0.0002684417076633645,
    "confidence": 0.0004489170911064766,
    "low": 0.004050541454446761,
    "high": 0.004499458545553238,
    "count": 8,
    "base": 686.8636363636364
  },
  "Compiler.finish compilation": {
    "min": 22.57662936363636,
    "max": 23.967949181818184,
    "mean": 23.265467829545457,
    "median": 23.27247940909091,
    "variance": 0.17828748617319534,
    "stdDev": 0.42224102852896156,
    "confidence": 0.7061168546533452,
    "low": 22.912409402218785,
    "high": 23.61852625687213,
    "count": 8,
    "base": 686.8636363636364
  },
  "Compiler.seal compilation": {
    "min": 303.14420618181816,
    "max": 324.5995,
    "mean": 312.24379632954543,
    "median": 310.27803850000004,
    "variance": 49.22948916473116,
    "stdDev": 7.0163729351233295,
    "confidence": 11.733533345361138,
    "low": 306.37702965686486,
    "high": 318.110563002226,
    "count": 8,
    "base": 686.8636363636364
  },
  "Compiler.afterCompile hook": {
    "min": 0.004299999999999999,
    "max": 0.004990909090909091,
    "mean": 0.004556852272727273,
    "median": 0.004468318181818183,
    "variance": 5.5112452350206615e-8,
    "stdDev": 0.00023476041478538628,
    "confidence": 0.0003925916111536792,
    "low": 0.004360556467150434,
    "high": 0.004753148078304113,
    "count": 8,
    "base": 686.8636363636364
  },
  "Compiler.emitAssets": {
    "min": 39.70290881818182,
    "max": 55.45873754545455,
    "mean": 44.37509128409091,
    "median": 42.65551613636364,
    "variance": 21.41338985246637,
    "stdDev": 4.627460410686013,
    "confidence": 7.738536924301684,
    "low": 40.505822821940065,
    "high": 48.24435974624175,
    "count": 8,
    "base": 686.8636363636364
  },
  "Compiler.emitRecords": {
    "min": 0.004936363636363635,
    "max": 0.006772727272727274,
    "mean": 0.00579546590909091,
    "median": 0.0057136363636363634,
    "variance": 2.8449659181301696e-7,
    "stdDev": 0.0005333822192509017,
    "confidence": 0.0008919791056250601,
    "low": 0.00534947635627838,
    "high": 0.00624145546190344,
    "count": 8,
    "base": 686.8636363636364
  },
  "Compilation.finish modules": {
    "min": 0.6747750909090908,
    "max": 0.9742848181818181,
    "mean": 0.8285880681818181,
    "median": 0.8382299545454546,
    "variance": 0.009764740417889977,
    "stdDev": 0.09881670110811216,
    "confidence": 0.16525191409459183,
    "low": 0.7459621111345222,
    "high": 0.911214025229114,
    "count": 8,
    "base": 686.8636363636364
  },
  "Compilation.report dependency errors and warnings": {
    "min": 21.844425727272725,
    "max": 22.925873272727276,
    "mean": 22.372243204545452,
    "median": 22.370858272727276,
    "variance": 0.12896778274656823,
    "stdDev": 0.35912084699522556,
    "confidence": 0.6005604993057219,
    "low": 22.07196295489259,
    "high": 22.672523454198313,
    "count": 8,
    "base": 686.8636363636364
  },
  "Compilation.optimize dependencies": {
    "min": 0.043654727272727276,
    "max": 0.06228218181818182,
    "mean": 0.04904679545454546,
    "median": 0.04768204545454545,
    "variance": 0.00002970717180940084,
    "stdDev": 0.00545042858951485,
    "confidence": 0.009114792812884881,
    "low": 0.04448939904810302,
    "high": 0.0536041918609879,
    "count": 8,
    "base": 686.8636363636364
  },
  "Compilation.create chunks": {
    "min": 65.75151118181819,
    "max": 72.93312690909092,
    "mean": 68.60926786363638,
    "median": 68.04657581818182,
    "variance": 5.785957664963517,
    "stdDev": 2.405401767888998,
    "confidence": 4.022571507171477,
    "low": 66.59798211005064,
    "high": 70.62055361722211,
    "count": 8,
    "base": 686.8636363636364
  },
  "Compilation.optimize": {
    "min": 26.2501989090909,
    "max": 29.31187672727273,
    "mean": 27.498048363636364,
    "median": 26.77828254545454,
    "variance": 1.548715751282028,
    "stdDev": 1.2444740862235855,
    "confidence": 2.0811433946228277,
    "low": 26.45747666632495,