{
  "stats": {
    "min": 121898,
    "max": 124266,
    "mean": 123214.33333333333,
    "median": 123479,
    "variance": 969594.888888889,
    "stdDev": 984.68009469517,
    "confidence": 4892.556764452573,
    "low": 120768.05495110704,
    "high": 125660.61171555961,
    "count": 3,
    "base": 125427
  },
  "heap memory": {
    "min": 1141919576,
    "max": 1147413328,
    "mean": 1144053978.6666667,
    "median": 1142829032,
    "variance": 5780465674339.556,
    "stdDev": 2404259.9015787696,
    "confidence": 11945989.4724617,
    "low": 1138080983.930436,
    "high": 1150026973.4028976,
    "count": 3,
    "base": 125427
  },
  "rss memory": {
    "min": 1371062272,
    "max": 1384247296,
    "mean": 1375558314.6666667,
    "median": 1371365376,
    "variance": 37764510311310.23,
    "stdDev": 6145283.582659976,
    "confidence": 30533925.610764027,
    "low": 1360291351.8612847,
    "high": 1390825277.4720488,
    "count": 3,
    "base": 125427
  },
  "external memory": {
    "min": 43278736,
    "max": 43494410,
    "mean": 43355837,
    "median": 43294365,
    "variance": 9641949104.666666,
    "stdDev": 98193.42699318864,
    "confidence": 487891.36497069895,
    "low": 43111891.31751465,
    "high": 43599782.68248535,
    "count": 3,
    "base": 125427
  },
  "array buffers memory": {
    "min": 41861578,
    "max": 42077252,
    "mean": 41938679,
    "median": 41877207,
    "variance": 9641949104.666666,
    "stdDev": 98193.42699318864,
    "confidence": 487891.36497069895,
    "low": 41694733.31751465,
    "high": 42182624.68248535,
    "count": 3,
    "base": 125427
  },
  "Compiler.make hook": {
    "min": 62468.597298,
    "max": 63753.419313,
    "mean": 63264.39567433333,
    "median": 63571.170412,
    "variance": 322183.3048733352,
    "stdDev": 567.611931581195,
    "confidence": 2820.280018254314,
    "low": 61854.255665206176,
    "high": 64674.53568346049,
    "count": 3,
    "base": 125427
  },
  "Compiler.finish make hook": {
    "min": 0.153102,
    "max": 0.160502,
    "mean": 0.1567356666666667,
    "median": 0.156603,
    "variance": 0.000009135466888888934,
    "stdDev": 0.003022493488642934,
    "confidence": 0.015017792116486017,
    "low": 0.14922677060842368,
    "high": 0.1642445627249097,
    "count": 3,
    "base": 125427
  },
  "Compiler.finish compilation": {
    "min": 274.378311,
    "max": 282.591475,
    "mean": 277.44629566666663,
    "median": 275.369101,
    "variance": 13.400045990096904,
    "stdDev": 3.6606073253077698,
    "confidence": 18.188373287857985,
    "low": 268.35210902273764,
    "high": 286.5404823105956,
    "count": 3,
    "base": 125427
  },
  "Compiler.seal compilation": {
    "min": 59097.084921,
    "max": 60191.074673,
    "mean": 59622.607645000004,
    "median": 59579.663341,
    "variance": 200391.036203193,
    "stdDev": 447.65057377735263,
    "confidence": 2224.230848825551,
    "low": 58510.49222058723,
    "high": 60734.72306941278,
    "count": 3,
    "base": 125427
  },
  "Compiler.afterCompile hook": {
    "min": 0.090002,
    "max": 0.1186,
    "mean": 0.09966799999999999,
    "median": 0.090402,
    "variance": 0.00017923697866666666,
    "stdDev": 0.013387941539559644,
    "confidence": 0.06652034939504428,
    "low": 0.06640782530247785,
    "high": 0.13292817469752213,
    "count": 3,
    "base": 125427
  },
  "Compiler.emitAssets": {
    "min": 28.012688,
    "max": 29.885705,
    "mean": 28.740895333333338,
    "median": 28.324293,
    "variance": 0.6714775324508895,
    "stdDev": 0.8194373267376154,
    "confidence": 4.0715189202805675,
    "low": 26.705135873193054,
    "high": 30.77665479347362,
    "count": 3,
    "base": 125427
  },
  "Compiler.emitRecords": {
    "min": 0.094401,
    "max": 0.095901,
    "mean": 0.09503433333333333,
    "median": 0.094801,
    "variance": 4.022222222222234e-7,
    "stdDev": 0.0006342099196813493,
    "confidence": 0.0031511838711236195,
    "low": 0.09345874139777152,
    "high": 0.09660992526889514,
    "count": 3,
    "base": 125427
  },
  "FlagDependencyExportsPlugin.restore cached provided exports": {
    "min": 13.830591,
    "max": 14.105596,
    "mean": 13.923490333333334,
    "median": 13.834284,
    "variance": 0.016583509957555562,
    "stdDev": 0.1287769775913209,
    "confidence": 0.6398511315649351,
    "low": 13.603564767550866,
    "high": 14.243415899115801,
    "count": 3,
    "base": 125427
  },
  "FlagDependencyExportsPlugin.figure out provided exports": {
    "min": 180.769296,
    "max": 193.929991,
    "mean": 187.18802733333334,
    "median": 186.864795,
    "variance": 28.919555051160245,
    "stdDev": 5.377690494176868,
    "confidence": 26.720003934437557,
    "low": 173.82802536611456,
    "high": 200.54802930055212,
    "count": 3,
    "base": 125427
  },
  "FlagDependencyExportsPlugin.store provided exports into cache": {
    "min": 12.487967,
    "max": 18.738861,
    "mean": 15.428678666666665,
    "median": 15.059208,
    "variance": 6.580533586636224,
    "stdDev": 2.565255072431633,
    "confidence": 12.745922381072374,
    "low": 9.055717476130477,
    "high": 21.80163985720285,
    "count": 3,
    "base": 125427
  },
  "InnerGraphPlugin.infer dependency usage": {
    "min": 41.010881,
    "max": 57.963689,
    "mean": 48.96604366666666,
    "median": 47.923561,
    "variance": 48.443001569294246,
    "stdDev": 6.960100686721008,
    "confidence": 34.582488139591746,
    "low": 31.674799596870788,
    "high": 66.25728773646253,
    "count": 3,
    "base": 125427
  },
  "Compilation.finish modules": {
    "min": 215.419174,
    "max": 225.222009,
    "mean": 221.80093499999998,
    "median": 224.761622,
    "variance": 20.39876276218868,
    "stdDev": 4.516498949649903,
    "confidence": 22.44102181693154,
    "low": 210.5804240915342,
    "high": 233.02144590846575,
    "count": 3,
    "base": 125427
  },
  "Compilation.report dependency errors and warnings": {
    "min": 49.072282,
    "max": 59.42572,
    "mean": 55.089819999999996,
    "median": 56.771458,
    "variance": 19.279566251495993,
    "stdDev": 4.390850287984776,
    "confidence": 21.81671427493289,
    "low": 44.18146286253355,
    "high": 65.99817713746644,
    "count": 3,
    "base": 125427
  },
  "Compilation.optimize dependencies": {
    "min": 234.216729,
    "max": 239.401605,
    "mean": 236.4238356666667,
    "median": 235.653173,
    "variance": 4.777450328792883,
    "stdDev": 2.1857379368974867,
    "confidence": 10.860224540030856,
    "low": 230.99372339665126,
    "high": 241.85394793668212,
    "count": 3,
    "base": 125427
  },
  "Compilation.create chunks": {
    "min": 144.980901,
    "max": 169.87567,
    "mean": 157.02441366666667,
    "median": 156.21667,
    "variance": 103.61781217608045,
    "stdDev": 10.179283480485276,
    "confidence": 50.57756576784061,
    "low": 131.73563078274637,
    "high": 182.31319655058698,
    "count": 3,
    "base": 125427
  },
  "Compilation.optimize": {
    "min": 418.743794,
    "max": 437.650741,
    "mean": 431.31830399999996,
    "median": 437.560377,
    "variance": 79.06051181213283,
    "stdDev": 8.89159782109677,
    "confidence": 44.17947239998375,
    "low": 409.2285678000081,
    "high": 453.40804019999183,
    "count": 3,
    "base": 125427
  },
  "Compilation.module hashing": {
    "min": 282.800029,
    "max": 292.849612,
    "mean": 287.76567033333333,
    "median": 287.64737,
    "variance": 16.839350563414833,
    "stdDev": 4.103577775967556,
    "confidence": 20.38935011932233,
    "low": 277.57099527367217,
    "high": 297.9603453929945,
    "count": 3,
    "base": 125427
  },
  "Compilation.code generation": {
    "min": 5243.76675,
    "max": 5737.336555,
    "mean": 5572.813141,
    "median": 5737.336118,
    "variance": 54135.76371509433,
    "stdDev": 232.67093440112868,
    "confidence": 1156.0665845978583,
    "low": 4994.7798487010705,
    "high": 6150.846433298929,
    "count": 3,
    "base": 125427
  },