{
  "stats": {
    "min": 15194,
    "max": 16356,
    "mean": 15563.0625,
    "median": 15497.5,
    "variance": 87177.80859375,
    "stdDev": 295.25888402171745,
    "confidence": 314.5983409251385,
    "low": 15405.76332953743,
    "high": 15720.36167046257,
    "count": 16,
    "base": 15170.5
  },
  "heap memory": {
    "min": 431957856,
    "max": 454369760,
    "mean": 443000105.5,
    "median": 441401888,
    "variance": 78138842271913.75,
    "stdDev": 8839617.767297054,
    "confidence": 9418612.731055021,
    "low": 438290799.1344725,
    "high": 447709411.8655275,
    "count": 16,
    "base": 15170.5
  },
  "rss memory": {
    "min": 811376640,
    "max": 822902784,
    "mean": 817929984,
    "median": 817463296,
    "variance": 11850279223296,
    "stdDev": 3442423.452060481,
    "confidence": 3667902.188170433,
    "low": 816096032.9059148,
    "high": 819763935.0940852,
    "count": 16,
    "base": 15170.5
  },
  "external memory": {
    "min": 258838891,
    "max": 259322219,
    "mean": 259088235,
    "median": 259092843,
    "variance": 19108986880,
    "stdDev": 138235.25917796805,
    "confidence": 147289.6686541438,
    "low": 259014590.16567293,
    "high": 259161879.83432707,
    "count": 16,
    "base": 15170.5
  },
  "array buffers memory": {
    "min": 227407014,
    "max": 227890342,
    "mean": 227656358,
    "median": 227660966,
    "variance": 19108986880,
    "stdDev": 138235.25917796805,
    "confidence": 147289.6686541438,
    "low": 227582713.16567293,
    "high": 227730002.83432707,
    "count": 16,
    "base": 15170.5
  },
  "Compiler.make hook": {
    "min": 9972.943838,
    "max": 10781.378406,
    "mean": 10332.2602071875,
    "median": 10352.49148,
    "variance": 40412.61110005113,
    "stdDev": 201.02888125851752,
    "confidence": 214.1962729809493,
    "low": 10225.162070697026,
    "high": 10439.358343677975,
    "count": 16,
    "base": 15170.5
  },
  "Compiler.finish make hook": {
    "min": 0.117,
    "max": 0.1714,
    "mean": 0.1325436875,
    "median": 0.12735000000000002,
    "variance": 0.00018123697933984374,
    "stdDev": 0.013462428433972964,
    "confidence": 0.014344217496398193,
    "low": 0.1253715787518009,
    "high": 0.1397157962481991,
    "count": 16,
    "base": 15170.5
  },
  "Compiler.finish compilation": {
    "min": 357.292543,
    "max": 415.782686,
    "mean": 374.005757,
    "median": 369.71331250000003,
    "variance": 215.73176450783663,
    "stdDev": 14.687810065079022,
    "confidence": 15.649861624341725,
    "low": 366.18082618782915,
    "high": 381.8306878121709,
    "count": 16,
    "base": 15170.5
  },
  "Compiler.seal compilation": {
    "min": 3898.835148,
    "max": 4807.396742,
    "mean": 4085.81851975,
    "median": 4042.7179085,
    "variance": 39153.436091037074,
    "stdDev": 197.8722721632242,
    "confidence": 210.83290598991562,
    "low": 3980.4020667550426,
    "high": 4191.234972744958,
    "count": 16,
    "base": 15170.5
  },
  "Compiler.afterCompile hook": {
    "min": 0.0784,
    "max": 0.1037,
    "mean": 0.084131125,
    "median": 0.0813505,
    "variance": 0.000040252043984375,
    "stdDev": 0.006344449856715316,
    "confidence": 0.006760011322330173,
    "low": 0.08075111933883491,
    "high": 0.08751113066116509,
    "count": 16,
    "base": 15170.5
  },
  "Compiler.emitAssets": {
    "min": 710.803255,
    "max": 821.695766,
    "mean": 753.4637787500002,
    "median": 748.3423045,
    "variance": 1146.9514095126538,
    "stdDev": 33.866671072200965,
    "confidence": 36.0849380274301,
    "low": 735.4213097362851,
    "high": 771.5062477637152,
    "count": 16,
    "base": 15170.5
  },
  "Compiler.emitRecords": {
    "min": 0.095199,
    "max": 0.127699,
    "mean": 0.10697487500000001,
    "median": 0.1065995,
    "variance": 0.00008979516948437504,
    "stdDev": 0.009476031315079908,
    "confidence": 0.010096711366217648,
    "low": 0.10192651931689119,
    "high": 0.11202323068310883,
    "count": 16,
    "base": 15170.5
  },
  "FlagDependencyExportsPlugin.restore cached provided exports": {
    "min": 25.394683,
    "max": 34.343876,
    "mean": 28.5176629375,
    "median": 27.8600325,
    "variance": 7.349714570892809,
    "stdDev": 2.71103570077799,
    "confidence": 2.8886085391789464,
    "low": 27.073358667910526,
    "high": 29.961967207089472,
    "count": 16,
    "base": 15170.5
  },
  "FlagDependencyExportsPlugin.figure out provided exports": {
    "min": 223.02874,
    "max": 262.642702,
    "mean": 236.76974093750002,
    "median": 231.791572,
    "variance": 105.97670249960073,
    "stdDev": 10.294498652173438,
    "confidence": 10.968788313890798,
    "low": 231.28534678055462,
    "high": 242.25413509444542,
    "count": 16,
    "base": 15170.5
  },
  "FlagDependencyExportsPlugin.store provided exports into cache": {
    "min": 23.753082,
    "max": 34.575574,
    "mean": 29.3785034375,
    "median": 29.891616999999997,
    "variance": 11.014150425424749,
    "stdDev": 3.3187573616377484,
    "confidence": 3.536135968825022,
    "low": 27.61043545308749,
    "high": 31.146571421912512,
    "count": 16,
    "base": 15170.5
  },
  "Compilation.finish modules": {
    "min": 284.388796,
    "max": 328.249352,
    "mean": 297.356383125,
    "median": 294.3400395,
    "variance": 141.42901615990667,
    "stdDev": 11.89239320573898,
    "confidence": 12.671344960714919,
    "low": 291.0207106446425,
    "high": 303.69205560535744,
    "count": 16,
    "base": 15170.5
  },
  "Compilation.report dependency errors and warnings": {
    "min": 69.783053,
    "max": 88.10684,
    "mean": 76.19399881249998,
    "median": 74.947877,
    "variance": 26.096531555622665,
    "stdDev": 5.108476441721413,
    "confidence": 5.443081648654157,
    "low": 73.4724579881729,
    "high": 78.91553963682706,
    "count": 16,
    "base": 15170.5
  },
  "Compilation.optimize dependencies": {
    "min": 90.073732,
    "max": 146.4626,
    "mean": 103.630307125,
    "median": 91.1693295,
    "variance": 207.94920468884476,
    "stdDev": 14.42044398376294,
    "confidence": 15.364983064699402,
    "low": 95.9478155926503,
    "high": 111.3127986573497,
    "count": 16,
    "base": 15170.5
  },
  "Compilation.create chunks": {
    "min": 188.280927,
    "max": 221.452953,
    "mean": 198.55842637499998,
    "median": 197.83930900000001,
    "variance": 55.161938794859125,
    "stdDev": 7.427108373711746,
    "confidence": 7.913583972189883,
    "low": 194.60163438890504,
    "high": 202.51521836109492,
    "count": 16,
    "base": 15170.5
  },
  "Compilation.optimize": {
    "min": 158.612909,
    "max": 193.613653,
    "mean": 171.75485425,
    "median": 171.352774,
    "variance": 90.84512866308698,
    "stdDev": 9.531271093777942,
    "confidence": 10.155569350420421,
    "low": 166.67706957478978,
    "high": 176.8326389252102,
    "count": 16,
    "base": 15170.5
  },
  "Compilation.module hashing": {
    "min": 347.846387,
    "max": 383.389461,
    "mean": 365.4769168125,
    "median": 366.22583399999996,
    "variance": 102.35632227417214,
    "stdDev": 10.117130140221196,
    "confidence": 10.779802164405737,
    "low": 360.08701573029714,
    "high": 370.8668178947029,
    "count": 16,
    "base": 15170.5
  },
  "Compilation.code generation": {
    "min": 2511.643984,
    "max": 3308.319897,
    "mean": 2639.9479538125,
    "median": 2595.308134,
    "variance": 32802.073019454496,
    "stdDev": 181.11342583987113,
    "confidence": 192.97635523238296,
    "low": 2543.4597761963087,
    "high": 2736.4361314286916,
    "count": 16,
    "base": 15170.5
  },
  "Compilation.runtime requirements": {
    "min": 35.684376,
    "max": 49.936964,
    "mean": 44.710246375,
    "median": 45.052175,
    "variance": 14.082599136749364,
    "stdDev": 3.7526789280125423,
    "confidence": 3.998479397797368,
    "low": 42.71100667610131,
    "high": 46.70948607389868,
    "count": 16,
    "base": 15170.5
  },