{
  "stats": {
    "min": 34213,
    "max": 35702,
    "mean": 34867.666666666664,
    "median": 34586,
    "variance": 251607.55555555556,
    "stdDev": 501.6049795960518,
    "confidence": 771.1340552990005,
    "low": 34482.099639017164,
    "high": 35253.233694316164,
    "count": 9,
    "base": 37327.5
  },
  "heap memory": {
    "min": 308995168,
    "max": 750546336,
    "mean": 499694239.1111111,
    "median": 489100920,
    "variance": 16177760484603228,
    "stdDev": 127191825.54159378,
    "confidence": 195536233.1326102,
    "low": 401926122.544806,
    "high": 597462355.6774162,
    "count": 9,
    "base": 37327.5
  },
  "rss memory": {
    "min": 935063552,
    "max": 1081532416,
    "mean": 991093646.2222222,
    "median": 962416640,
    "variance": 1672324749067858.2,
    "stdDev": 40894067.40675056,
    "confidence": 62867812.959977865,
    "low": 959659739.7422333,
    "high": 1022527552.7022111,
    "count": 9,
    "base": 37327.5
  },
  "external memory": {
    "min": 122461826,
    "max": 122502786,
    "mean": 122480940.66666667,
    "median": 122478210,
    "variance": 164043889.7777778,
    "stdDev": 12807.961968157846,
    "confidence": 19690.10686570406,
    "low": 122471095.61323382,
    "high": 122490785.72009952,
    "count": 9,
    "base": 37327.5
  },
  "array buffers memory": {
    "min": 121107100,
    "max": 121148060,
    "mean": 121126214.66666667,
    "median": 121123484,
    "variance": 164043889.7777778,
    "stdDev": 12807.961968157846,
    "confidence": 19690.10686570406,
    "low": 121116369.61323382,
    "high": 121136059.72009952,
    "count": 9,
    "base": 37327.5
  },
  "Compiler.make hook": {
    "min": 32738.045262,
    "max": 34308.512571,
    "mean": 33438.05850522223,
    "median": 33189.604804,
    "variance": 252693.8838428527,
    "stdDev": 502.68666567042806,
    "confidence": 772.7969673573389,
    "low": 33051.66002154356,
    "high": 33824.4569889009,
    "count": 9,
    "base": 37327.5
  },
  "Compiler.finish make hook": {
    "min": 0.136534,
    "max": 0.168834,
    "mean": 0.14947955555555556,
    "median": 0.150731,
    "variance": 0.00014142127269135816,
    "stdDev": 0.011892067637352143,
    "confidence": 0.018282071981156,
    "low": 0.14033851956497756,
    "high": 0.15862059154613356,
    "count": 9,
    "base": 37327.5
  },
  "Compiler.finish compilation": {
    "min": 171.395903,
    "max": 192.437937,
    "mean": 179.56584477777776,
    "median": 178.240771,
    "variance": 47.68728350127911,
    "stdDev": 6.9055979828888905,
    "confidence": 10.616205965694519,
    "low": 174.2577417949305,
    "high": 184.87394776062501,
    "count": 9,
    "base": 37327.5
  },
  "Compiler.seal compilation": {
    "min": 945.33826,
    "max": 1091.175958,
    "mean": 1001.9158642222222,
    "median": 1091.175958,
    "variance": 1582.5420478860403,
    "stdDev": 39.781177055060105,
    "confidence": 61.15692952597897,
    "low": 971.3373994592328,
    "high": 1032.4943289852117,
    "count": 9,
    "base": 37327.5
  },
  "Compiler.afterCompile hook": {
    "min": 0.056585,
    "max": 0.078126,
    "mean": 0.0601498888888889,
    "median": 0.058028,
    "variance": 0.00004170470832098766,
    "stdDev": 0.006457918265276176,
    "confidence": 0.009927973013151244,
    "low": 0.05518590238231328,
    "high": 0.06511387539546452,
    "count": 9,
    "base": 37327.5
  },
  "Compiler.emitAssets": {
    "min": 195.174645,
    "max": 315.451393,
    "mean": 235.479463,
    "median": 232.763189,
    "variance": 1328.0209284395698,
    "stdDev": 36.44202146478115,
    "confidence": 56.023534331856894,
    "low": 207.46769583407158,
    "high": 263.49123016592847,
    "count": 9,
    "base": 37327.5
  },
  "Compiler.emitRecords": {
    "min": 0.088796,
    "max": 0.099956,
    "mean": 0.09144244444444445,
    "median": 0.090729,
    "variance": 0.00001030695402469136,
    "stdDev": 0.003210444521353914,
    "confidence": 0.004935523377494755,
    "low": 0.08897468275569707,
    "high": 0.09391020613319183,
    "count": 9,
    "base": 37327.5
  },
  "FlagDependencyExportsPlugin.restore cached provided exports": {
    "min": 11.474603,
    "max": 14.463424,
    "mean": 12.282431444444445,
    "median": 12.010493,
    "variance": 0.7141131565664691,
    "stdDev": 0.8450521620388112,
    "confidence": 1.299126857107666,
    "low": 11.632868015890612,
    "high": 12.931994872998278,
    "count": 9,
    "base": 37327.5
  },
  "FlagDependencyExportsPlugin.figure out provided exports": {
    "min": 108.755846,
    "max": 127.354364,
    "mean": 116.7645331111111,
    "median": 116.235471,
    "variance": 29.199783680138758,
    "stdDev": 5.403682418512283,
    "confidence": 8.307261104726223,
    "low": 112.610902558748,
    "high": 120.91816366347422,
    "count": 9,
    "base": 37327.5
  },
  "FlagDependencyExportsPlugin.store provided exports into cache": {
    "min": 11.449949,
    "max": 16.572526,
    "mean": 13.75816677777778,
    "median": 13.064064,
    "variance": 3.9056001037066164,
    "stdDev": 1.9762591185638123,
    "confidence": 3.0381690182721,
    "low": 12.239082268641729,
    "high": 15.27725128691383,
    "count": 9,
    "base": 37327.5
  },
  "Compilation.finish modules": {
    "min": 135.759283,
    "max": 157.674645,
    "mean": 145.57379177777779,
    "median": 143.953178,
    "variance": 52.15384734331277,
    "stdDev": 7.221762066373605,
    "confidence": 11.102255550038365,
    "low": 140.0226640027586,
    "high": 151.12491955279697,
    "count": 9,
    "base": 37327.5
  },
  "Compilation.report dependency errors and warnings": {
    "min": 31.266558,
    "max": 35.273895,
    "mean": 33.60885622222222,
    "median": 34.392843,
    "variance": 2.12457941637484,
    "stdDev": 1.4575937075793242,
    "confidence": 2.240807393118615,
    "low": 32.488452525662915,
    "high": 34.72925991878153,
    "count": 9,
    "base": 37327.5
  },
  "Compilation.optimize dependencies": {
    "min": 0.773901,
    "max": 1.077946,
    "mean": 0.8843287777777777,
    "median": 0.896469,
    "variance": 0.007293012643283954,
    "stdDev": 0.08539913725140291,
    "confidence": 0.13128694033449007,
    "low": 0.8186853076105327,
    "high": 0.9499722479450228,
    "count": 9,
    "base": 37327.5
  },
  "Compilation.create chunks": {
    "min": 82.664341,
    "max": 104.382095,
    "mean": 91.54231966666667,
    "median": 87.222065,
    "variance": 47.187193801805364,
    "stdDev": 6.869293544594332,
    "confidence": 10.560393942556345,
    "low": 86.2621226953885,
    "high": 96.82251663794484,
    "count": 9,
    "base": 37327.5
  },
  "Compilation.optimize": {
    "min": 45.369765,
    "max": 55.118244,
    "mean": 49.581428,
    "median": 50.324868,
    "variance": 7.543395273575107,
    "stdDev": 2.7465242168193433,
    "confidence": 4.222323229323607,
    "low": 47.4702663853382,
    "high": 51.692589614661806,
    "count": 9,
    "base": 37327.5
  },
  "Compilation.module hashing": {
    "min": 127.567542,
    "max": 143.224788,
    "mean": 135.3297457777778,
    "median": 136.967148,
    "variance": 24.60015059657017,
    "stdDev": 4.959853888631214,
    "confidence": 7.6249487114557155,
    "low": 131.51727142204993,
    "high": 139.14222013350565,
    "count": 9,
    "base": 37327.5
  },
  "Compilation.code generation": {
    "min": 383.413934,
    "max": 423.624948,
    "mean": 403.56663333333336,
    "median": 402.994729,
    "variance": 185.5930745097244,
    "stdDev": 13.623254916125015,
    "confidence": 20.94348389105619,
    "low": 393.09489138780526,
    "high": 414.03837527886145,
    "count": 9,
    "base": 37327.5
  },
  "Compilation.runtime requirements": {
    "min": 17.83168,
    "max": 23.82206,
    "mean": 20.548773444444443,
    "median": 20.059197,
    "variance": 4.857045912623137,
    "stdDev": 2.203870666038082,
    "confidence": 3.388083837255877,
    "low": 18.854731525816504,
    "high": 22.24281536307238,
    "count": 9,
    "base": 37327.5
  },