{
  "stats": {
    "min": 69.0909090909091,
    "max": 79.0909090909091,
    "mean": 75.19886363636364,
    "median": 75.31818181818181,
    "variance": 7.9041516012396755,
    "stdDev": 2.811432304224961,
    "confidence": 2.9955811201516838,
    "low": 73.7010730762878,
    "high": 76.69665419643948,
    "count": 16,
    "base": 100.95454545454545
  },
  "heap memory": {
    "min": 213076013.0909091,
    "max": 262579619.63636363,
    "mean": 233846134.40909088,
    "median": 233157068.72727272,
    "variance": 192108784800511.56,
    "stdDev": 13860331.338049302,
    "confidence": 14768183.040691555,
    "low": 226462042.8887451,
    "high": 241230225.92943665,
    "count": 16,
    "base": 100.95454545454545
  },
  "rss memory": {
    "min": 556228608,
    "max": 807600128,
    "mean": 754905739.6363637,
    "median": 789722949.8181818,
    "variance": 5729029286479313,
    "stdDev": 75690351.34334701,
    "confidence": 80648069.35633612,
    "low": 714581704.9581957,
    "high": 795229774.3145318,
    "count": 16,
    "base": 100.95454545454545
  },
  "external memory": {
    "min": 67953161.45454545,
    "max": 99586197.81818181,
    "mean": 74068164.63636363,
    "median": 71950273.27272727,
    "variance": 53552126910213.41,
    "stdDev": 7317931.873843416,
    "confidence": 7797256.411580145,
    "low": 70169536.43057355,
    "high": 77966792.8421537,
    "count": 16,
    "base": 100.95454545454545
  },
  "array buffers memory": {
    "min": 66409355.09090909,
    "max": 98042391.45454545,
    "mean": 72524358.27272727,
    "median": 70406466.9090909,
    "variance": 53552126910213.41,
    "stdDev": 7317931.873843416,
    "confidence": 7797256.411580145,
    "low": 68625730.0669372,
    "high": 76422986.47851734,
    "count": 16,
    "base": 100.95454545454545
  },
  "Compiler.make hook": {
    "min": 20.881250636363635,
    "max": 23.574927181818182,
    "mean": 22.20697031818182,
    "median": 22.176018863636365,
    "variance": 0.6139221650682557,
    "stdDev": 0.7835318532569405,
    "confidence": 0.8348531896452727,
    "low": 21.789543723359184,
    "high": 22.624396913004457,
    "count": 16,
    "base": 100.95454545454545
  },
  "Compiler.finish make hook": {
    "min": 0.0025084545454545455,
    "max": 0.0028816363636363636,
    "mean": 0.002723323863636364,
    "median": 0.0027641818181818184,
    "variance": 1.2896723108212797e-8,
    "stdDev": 0.00011356374028805496,
    "confidence": 0.00012100216527692262,
    "low": 0.0026628227809979027,
    "high": 0.0027838249462748253,
    "count": 16,
    "base": 100.95454545454545
  },
  "Compiler.finish compilation": {
    "min": 5.430095181818182,
    "max": 6.641624545454547,
    "mean": 5.793435892045455,
    "median": 5.737760409090909,
    "variance": 0.1006077324420066,
    "stdDev": 0.31718721985919707,
    "confidence": 0.33796298275997394,
    "low": 5.624454400665468,
    "high": 5.962417383425442,
    "count": 16,
    "base": 100.95454545454545
  },
  "Compiler.seal compilation": {
    "min": 32.15272372727273,
    "max": 37.71230754545456,
    "mean": 35.150551590909096,
    "median": 35.20143904545455,
    "variance": 3.4147557515543716,
    "stdDev": 1.8479057745335317,
    "confidence": 1.9689436027654779,
    "low": 34.16607978952636,
    "high": 36.135023392291835,
    "count": 16,
    "base": 100.95454545454545
  },
  "Compiler.afterCompile hook": {
    "min": 0.0019699090909090907,
    "max": 0.0037608181818181816,
    "mean": 0.0024098409090909097,
    "median": 0.002277909090909091,
    "variance": 1.5889864307851236e-7,
    "stdDev": 0.0003986209265436429,
    "confidence": 0.0004247305972322514,
    "low": 0.002197475610474784,
    "high": 0.0026222062077070354,
    "count": 16,
    "base": 100.95454545454545
  },
  "Compiler.emitAssets": {
    "min": 8.591671545454545,
    "max": 11.11195990909091,
    "mean": 10.206186619318181,
    "median": 10.852639954545454,
    "variance": 0.5823344654494523,
    "stdDev": 0.7631084231283601,
    "confidence": 0.813092024843268,
    "low": 9.799640606896547,
    "high": 10.612732631739815,
    "count": 16,
    "base": 100.95454545454545
  },
  "Compiler.emitRecords": {
    "min": 0.0036193636363636363,
    "max": 0.005580545454545455,
    "mean": 0.004081698863636363,
    "median": 0.004065954545454545,
    "variance": 1.9737333545325432e-7,
    "stdDev": 0.000444267189260308,
    "confidence": 0.0004733666901568581,
    "low": 0.003845015518557934,
    "high": 0.004318382208714792,
    "count": 16,
    "base": 100.95454545454545
  },
  "Compilation.compute affected modules": {
    "min": 0.0017576363636363633,
    "max": 0.002328818181818182,
    "mean": 0.0020452045454545454,
    "median": 0.002032545454545455,
    "variance": 1.9145817665289276e-8,
    "stdDev": 0.00013836841281625396,
    "confidence": 0.00014743154385571822,
    "low": 0.0019714887735266863,
    "high": 0.0021189203173824045,
    "count": 16,
    "base": 100.95454545454545
  },
  "Compilation.finish modules": {
    "min": 0.14027190909090906,
    "max": 0.2661118181818182,
    "mean": 0.20548359659090912,
    "median": 0.2075813181818182,
    "variance": 0.002913513162990671,
    "stdDev": 0.05397696881995756,
    "confidence": 0.05751246027766477,
    "low": 0.17672736645207673,
    "high": 0.2342398267297415,
    "count": 16,
    "base": 100.95454545454545
  },
  "Compilation.report dependency errors and warnings": {
    "min": 5.255907545454546,
    "max": 6.359096545454546,
    "mean": 5.563579142045455,
    "median": 5.47520609090909,
    "variance": 0.09251524552466112,
    "stdDev": 0.3041631889704294,
    "confidence": 0.3240858778479918,
    "low": 5.401536203121459,
    "high": 5.725622080969451,
    "count": 16,
    "base": 100.95454545454545
  },
  "Compilation.optimize dependencies": {
    "min": 0.015537181818181822,
    "max": 0.01835327272727273,
    "mean": 0.01695297159090909,
    "median": 0.01707522727272727,
    "variance": 5.552511639656502e-7,
    "stdDev": 0.0007451517724367635,
    "confidence": 0.00079395921353137,
    "low": 0.016555991984143405,
    "high": 0.017349951197674775,
    "count": 16,
    "base": 100.95454545454545
  },
  "Compilation.create chunks": {
    "min": 6.616131909090909,
    "max": 9.433226818181819,
    "mean": 7.7979760738636354,
    "median": 7.607039045454544,
    "variance": 0.6365912308111918,
    "stdDev": 0.7978666748343308,
    "confidence": 0.8501269420359803,
    "low": 7.372912602845646,
    "high": 8.223039544881626,
    "count": 16,
    "base": 100.95454545454545
  },
  "Compilation.compute affected modules with chunk graph": {
    "min": 0.0025084545454545455,
    "max": 0.003110363636363636,
    "mean": 0.002739323863636363,
    "median": 0.0027082727272727276,
    "variance": 3.057839976110536e-8,
    "stdDev": 0.00017486680577258042,
    "confidence": 0.00018632058155068458,
    "low": 0.0026461635728610208,
    "high": 0.0028324841544117053,
    "count": 16,
    "base": 100.95454545454545
  },
  "Compilation.optimize": {
    "min": 2.8340859999999997,
    "max": 3.803901,
    "mean": 3.261196903409091,
    "median": 3.2740043636363634,
    "variance": 0.09299008827617208,
    "stdDev": 0.3049427622951102,
    "confidence": 0.3249165132254399,
    "low": 3.098738646796371,
    "high": 3.423655160021811,
    "count": 16,
    "base": 100.95454545454545
  },
  "Compilation.module hashing": {
    "min": 9.68392790909091,
    "max": 11.983963090909093,
    "mean": 10.770442846590909,
    "median": 11.300822272727274,
    "variance": 0.47256816258223244,
    "stdDev": 0.6874359334383332,
    "confidence": 0.7324629870785451,
    "low": 10.404211353051636,
    "high": 11.136674340130181,
    "count": 16,
    "base": 100.95454545454545
  },
  "Compilation.code generation": {
    "min": 3.0631281818181817,
    "max": 3.9098306363636364,
    "mean": 3.411888357954546,
    "median": 3.379289045454546,
    "variance": 0.06296748625955734,
    "stdDev": 0.2509332306801101,