{
  "stats": {
    "min": 5838,
    "max": 6480,
    "mean": 6084.7,
    "median": 5937.5,
    "variance": 57616.61,
    "stdDev": 240.03460167234223,
    "confidence": 179.24065886780954,
    "low": 5995.079670566095,
    "high": 6174.320329433905,
    "count": 30,
    "base": 6251.5
  },
  "heap memory": {
    "min": 222867616,
    "max": 256113272,
    "mean": 234272466.93333334,
    "median": 225548780,
    "variance": 145795532171816.44,
    "stdDev": 12074582.070275411,
    "confidence": 9016433.592286468,
    "low": 229764250.1371901,
    "high": 238780683.72947657,
    "count": 30,
    "base": 6251.5
  },
  "rss memory": {
    "min": 616689664,
    "max": 782331904,
    "mean": 684304110.9333333,
    "median": 630609920,
    "variance": 4753070461423597,
    "stdDev": 68942515.6302234,
    "confidence": 51481335.77188921,
    "low": 658563443.0473887,
    "high": 710044778.8192779,
    "count": 30,
    "base": 6251.5
  },
  "external memory": {
    "min": 108216855,
    "max": 108413463,
    "mean": 108316251.26666667,
    "median": 108315159,
    "variance": 1287297142.3288877,
    "stdDev": 35878.923371930876,
    "confidence": 26791.81176316738,
    "low": 108302855.36078508,
    "high": 108329647.17254825,
    "count": 30,
    "base": 6251.5
  },
  "array buffers memory": {
    "min": 106706316,
    "max": 106902924,
    "mean": 106805712.26666667,
    "median": 106804620,
    "variance": 1287297142.3288877,
    "stdDev": 35878.923371930876,
    "confidence": 26791.81176316738,
    "low": 106792316.36078508,
    "high": 106819108.17254825,
    "count": 30,
    "base": 6251.5
  },
  "Compiler.make hook": {
    "min": 4557.154417,
    "max": 5141.364171,
    "mean": 4790.6995953666665,
    "median": 4643.4774305,
    "variance": 52836.99756644758,
    "stdDev": 229.86299738419748,
    "confidence": 171.6452328681935,
    "low": 4704.87697893257,
    "high": 4876.522211800763,
    "count": 30,
    "base": 6251.5
  },
  "Compiler.finish make hook": {
    "min": 0.081312,
    "max": 0.130905,
    "mean": 0.09021019999999999,
    "median": 0.0878395,
    "variance": 0.00011927620422666667,
    "stdDev": 0.010921364577133512,
    "confidence": 0.008155293315640882,
    "low": 0.08613255334217955,
    "high": 0.09428784665782043,
    "count": 30,
    "base": 6251.5
  },
  "Compiler.finish compilation": {
    "min": 166.58105,
    "max": 184.860982,
    "mean": 173.31983046666667,
    "median": 172.5833305,
    "variance": 19.595492426147064,
    "stdDev": 4.426679616388232,
    "confidence": 3.3055274760811812,
    "low": 171.66706672862608,
    "high": 174.97259420470726,
    "count": 30,
    "base": 6251.5
  },
  "Compiler.seal compilation": {
    "min": 882.694033,
    "max": 1002.497885,
    "mean": 917.6322616666667,
    "median": 900.617141,
    "variance": 1201.3046785832785,
    "stdDev": 34.65984244891022,
    "confidence": 25.88148939158964,
    "low": 904.6915169708719,
    "high": 930.5730063624616,
    "count": 30,
    "base": 6251.5
  },
  "Compiler.afterCompile hook": {
    "min": 0.051808,
    "max": 0.082825,
    "mean": 0.05718676666666666,
    "median": 0.054587,
    "variance": 0.000042856328712222214,
    "stdDev": 0.0065464745254390335,
    "confidence": 0.004888438579379331,
    "low": 0.054742547376976994,
    "high": 0.059630985956356325,
    "count": 30,
    "base": 6251.5
  },
  "Compiler.emitAssets": {
    "min": 129.383103,
    "max": 205.487285,
    "mean": 184.6423422,
    "median": 197.1071545,
    "variance": 548.7706386531943,
    "stdDev": 23.425854064541472,
    "confidence": 17.492750994297126,
    "low": 175.89596670285144,
    "high": 193.38871769714856,
    "count": 30,
    "base": 6251.5
  },
  "Compiler.emitRecords": {
    "min": 0.065252,
    "max": 0.100298,
    "mean": 0.07365516666666667,
    "median": 0.067717,
    "variance": 0.0001080286398722222,
    "stdDev": 0.01039368269056845,
    "confidence": 0.007761258254189024,
    "low": 0.06977453753957216,
    "high": 0.07753579579376119,
    "count": 30,
    "base": 6251.5
  },
  "Compilation.compute affected modules": {
    "min": 0.212858,
    "max": 0.246641,
    "mean": 0.22222656666666663,
    "median": 0.2173775,
    "variance": 0.00011030229851222223,
    "stdDev": 0.010502490110074954,
    "confidence": 0.007842507846648528,
    "low": 0.21830531274334236,
    "high": 0.2261478205899909,
    "count": 30,
    "base": 6251.5
  },
  "Compilation.finish modules": {
    "min": 132.305133,
    "max": 150.236325,
    "mean": 139.58541969999996,
    "median": 139.7269635,
    "variance": 13.063431422027204,
    "stdDev": 3.6143369270209442,
    "confidence": 2.6989281030982966,
    "low": 138.2359556484508,
    "high": 140.9348837515491,
    "count": 30,
    "base": 6251.5
  },
  "Compilation.report dependency errors and warnings": {
    "min": 29.713397,
    "max": 42.032939,
    "mean": 33.13825443333334,
    "median": 32.348273500000005,
    "variance": 7.165729012873443,
    "stdDev": 2.676887934313546,
    "confidence": 1.998908297882025,
    "low": 32.138800284392325,
    "high": 34.13770858227435,
    "count": 30,
    "base": 6251.5
  },
  "Compilation.optimize dependencies": {
    "min": 1.161063,
    "max": 1.358123,
    "mean": 1.2333071666666666,
    "median": 1.231405,
    "variance": 0.002056134304005555,
    "stdDev": 0.04534461714476763,
    "confidence": 0.033860114318981616,
    "low": 1.2163771095071758,
    "high": 1.2502372238261574,
    "count": 30,
    "base": 6251.5
  },
  "Compilation.create chunks": {
    "min": 73.65443,
    "max": 90.966927,
    "mean": 84.41610063333333,
    "median": 84.7528405,
    "variance": 15.871360347408027,
    "stdDev": 3.983887592215426,
    "confidence": 2.9748820874530963,
    "low": 82.92865958960678,
    "high": 85.90354167705988,
    "count": 30,
    "base": 6251.5
  },
  "Compilation.compute affected modules with chunk graph": {
    "min": 0.121918,
    "max": 0.203241,
    "mean": 0.1657933,
    "median": 0.1566635,
    "variance": 0.00037937426120999995,
    "stdDev": 0.01947753221560678,
    "confidence": 0.014544426858132509,
    "low": 0.15852108657093375,
    "high": 0.17306551342906626,
    "count": 30,
    "base": 6251.5
  },
  "Compilation.optimize": {
    "min": 45.138638,
    "max": 55.13702,
    "mean": 48.22063596666667,
    "median": 48.080741,
    "variance": 3.6398334767167655,
    "stdDev": 1.9078347613765625,
    "confidence": 1.4246344371085229,
    "low": 47.50831874811241,
    "high": 48.93295318522093,
    "count": 30,
    "base": 6251.5
  },
  "Compilation.module hashing": {
    "min": 79.886615,
    "max": 94.433791,
    "mean": 85.39679913333336,
    "median": 85.7390605,
    "variance": 8.067372743722576,
    "stdDev": 2.8403120856206234,
    "confidence": 2.120941756188074,
    "low": 84.33632825523932,
    "high": 86.4572700114274,
    "count": 30,
    "base": 6251.5
  },
  "Compilation.code generation": {
    "min": 396.039019,
    "max": 437.231749,
    "mean": 408.889125,
    "median": 407.401499,
    "variance": 79.46634266261017,
    "stdDev": 8.914389640497557,
    "confidence": 6.656628092095843,
    "low": 405.56081095395206,
    "high": 412.2174390460479,
    "count": 30,
    "base": 6251.5
  },
  "Compilation.runtime requirements.modules": {
    "min": 11.35996,
    "max": 16.217918,
    "mean": 13.578674833333334,
    "median": 13.215482999999999,
    "variance": 2.224893431893006,
    "stdDev": 1.4916076668792655,
    "confidence": 1.113825836446157,
    "low": 13.021761915110256,
    "high": 14.135587751556413,
    "count": 30,
    "base": 6251.5
  },
  "Compilation.runtime requirements.chunks": {
    "min": 2.861655,
    "max": 6.600188,
    "mean": 3.653235699999999,
    "median": 3.5876445,
    "variance": 0.3757326462452767,
    "stdDev": 0.6129703469543014,
    "confidence": 0.4577223787281115,
    "low": 3.424374510635943,
    "high": 3.8820968893640546,
    "count": 30,
    "base": 6251.5
  },