{
  "stats": {
    "min": 11947,
    "max": 13176,
    "mean": 12436.285714285714,
    "median": 12338,
    "variance": 100726.1088435374,
    "stdDev": 317.3737683608042,
    "confidence": 288.93867766521,
    "low": 12291.816375453109,
    "high": 12580.755053118319,
    "count": 21,
    "base": 13633.5
  },
  "heap memory": {
    "min": 363118440,
    "max": 603662744,
    "mean": 513733553.52380955,
    "median": 547624992,
    "variance": 7821778492608102,
    "stdDev": 88440819.15387319,
    "confidence": 80516967.32824278,
    "low": 473475069.85968816,
    "high": 553992037.187931,
    "count": 21,
    "base": 13633.5
  },
  "rss memory": {
    "min": 679800832,
    "max": 801497088,
    "mean": 765030790.0952381,
    "median": 767156224,
    "variance": 835392337331699.4,
    "stdDev": 28903154.452960655,
    "confidence": 26313577.429933548,
    "low": 751874001.3802713,
    "high": 778187578.8102049,
    "count": 21,
    "base": 13633.5
  },
  "external memory": {
    "min": 107338536,
    "max": 107363112,
    "mean": 107348678.47619048,
    "median": 107346728,
    "variance": 37739225.10657595,
    "stdDev": 6143.225952752833,
    "confidence": 5592.823857367039,
    "low": 107345882.0642618,
    "high": 107351474.88811916,
    "count": 21,
    "base": 13633.5
  },
  "array buffers memory": {
    "min": 106087863,
    "max": 106112439,
    "mean": 106098005.47619048,
    "median": 106096055,
    "variance": 37739225.10657595,
    "stdDev": 6143.225952752833,
    "confidence": 5592.823857367039,
    "low": 106095209.0642618,
    "high": 106100801.88811916,
    "count": 21,
    "base": 13633.5
  },
  "Compiler.make hook": {
    "min": 9334.185758,
    "max": 10049.259238,
    "mean": 9713.298664190477,
    "median": 9688.396072,
    "variance": 37331.41493992215,
    "stdDev": 193.21339223750033,
    "confidence": 175.90244571456424,
    "low": 9625.347441333195,
    "high": 9801.24988704776,
    "count": 21,
    "base": 13633.5
  },
  "Compiler.finish make hook": {
    "min": 0.1092,
    "max": 0.1456,
    "mean": 0.12304304761904762,
    "median": 0.1223,
    "variance": 0.00011034049033106573,
    "stdDev": 0.010504308179554982,
    "confidence": 0.00956317508804963,
    "low": 0.1182614600750228,
    "high": 0.12782463516307244,
    "count": 21,
    "base": 13633.5
  },
  "Compiler.finish compilation": {
    "min": 70.353002,
    "max": 104.255493,
    "mean": 79.99697028571428,
    "median": 78.084369,
    "variance": 52.48632869510667,
    "stdDev": 7.244744902003567,
    "confidence": 6.595652258276573,
    "low": 76.699144156576,
    "high": 83.29479641485257,
    "count": 21,
    "base": 13633.5
  },
  "Compiler.seal compilation": {
    "min": 2087.168726,
    "max": 2328.6830529999997,
    "mean": 2180.7747255714285,
    "median": 2170.539453,
    "variance": 5231.585641096142,
    "stdDev": 72.3297009609202,
    "confidence": 65.84932415652474,
    "low": 2147.850063493166,
    "high": 2213.699387649691,
    "count": 21,
    "base": 13633.5
  },
  "Compiler.afterCompile hook": {
    "min": 0.0808,
    "max": 0.2029,
    "mean": 0.10102866666666668,
    "median": 0.095,
    "variance": 0.0006069754354603175,
    "stdDev": 0.02463687146251158,
    "confidence": 0.02242953190161953,
    "low": 0.08981390071585692,
    "high": 0.11224343261747645,
    "count": 21,
    "base": 13633.5
  },
  "Compiler.emitAssets": {
    "min": 314.443041,
    "max": 711.718877,
    "mean": 444.88788380952377,
    "median": 376.575844,
    "variance": 21406.950625487054,
    "stdDev": 146.3111432034042,
    "confidence": 133.20240189736455,
    "low": 378.2866828608415,
    "high": 511.48908475820605,
    "count": 21,
    "base": 13633.5
  },
  "Compiler.emitRecords": {
    "min": 0.099601,
    "max": 0.167301,
    "mean": 0.11857176190476194,
    "median": 0.115401,
    "variance": 0.00027123974580045345,
    "stdDev": 0.01646935778348547,
    "confidence": 0.014993786299772965,
    "low": 0.11107486875487546,
    "high": 0.12606865505464843,
    "count": 21,
    "base": 13633.5
  },
  "Compilation.compute affected modules": {
    "min": 0.1479,
    "max": 0.2347,
    "mean": 0.17227180952380955,
    "median": 0.1731,
    "variance": 0.0005135698157732425,
    "stdDev": 0.022662078805203253,
    "confidence": 0.02063167071727312,
    "low": 0.161955974165173,
    "high": 0.1825876448824461,
    "count": 21,
    "base": 13633.5
  },
  "Compilation.finish modules": {
    "min": 1.9143,
    "max": 2.369704,
    "mean": 2.1638907142857144,
    "median": 2.199805,
    "variance": 0.014972012032108847,
    "stdDev": 0.12236017339031866,
    "confidence": 0.11139731831299926,
    "low": 2.108192055129215,
    "high": 2.219589373442214,
    "count": 21,
    "base": 13633.5
  },
  "Compilation.report dependency errors and warnings": {
    "min": 67.569798,
    "max": 101.228696,
    "mean": 76.98549671428572,
    "median": 74.921493,
    "variance": 51.88001296318963,
    "stdDev": 7.202778142021981,
    "confidence": 6.557445508558089,
    "low": 73.70677396000667,
    "high": 80.26421946856476,
    "count": 21,
    "base": 13633.5
  },
  "Compilation.optimize dependencies": {
    "min": 0.1112,
    "max": 0.259601,
    "mean": 0.15947661904761903,
    "median": 0.1519,
    "variance": 0.0016826386163310658,
    "stdDev": 0.041019978258539654,
    "confidence": 0.03734479486787323,
    "low": 0.14080422161368242,
    "high": 0.17814901648155565,
    "count": 21,
    "base": 13633.5
  },
  "Compilation.create chunks": {
    "min": 197.208033,
    "max": 222.263572,
    "mean": 206.1987501904762,
    "median": 203.943178,
    "variance": 48.771622741699545,
    "stdDev": 6.983668286917667,
    "confidence": 6.3579667925815215,
    "low": 203.01976679418544,
    "high": 209.37773358676696,
    "count": 21,
    "base": 13633.5
  },
  "Compilation.optimize": {
    "min": 124.824982,
    "max": 153.025917,
    "mean": 141.85647657142857,
    "median": 142.674888,
    "variance": 58.2497894514727,
    "stdDev": 7.6321549677317675,
    "confidence": 6.948352333912453,
    "low": 138.38230040447235,
    "high": 145.3306527383848,
    "count": 21,
    "base": 13633.5
  },
  "Compilation.module hashing": {
    "min": 305.409071,
    "max": 371.007202,
    "mean": 331.5688096190476,
    "median": 332.35695,
    "variance": 201.92507048417679,
    "stdDev": 14.210034147889187,
    "confidence": 12.936886679307804,
    "low": 325.1003662793937,
    "high": 338.0372529587015,
    "count": 21,
    "base": 13633.5
  },
  "Compilation.code generation": {
    "min": 844.477562,
    "max": 962.790721,
    "mean": 893.0509625238096,
    "median": 895.819156,
    "variance": 1093.9851550009114,
    "stdDev": 33.07544640667623,
    "confidence": 30.112053044872482,
    "low": 877.9949360013734,
    "high": 908.1069890462459,
    "count": 21,
    "base": 13633.5
  },
  "Compilation.runtime requirements.modules": {
    "min": 30.215542,
    "max": 57.40558,
    "mean": 40.18061519047619,
    "median": 39.872008,
    "variance": 30.714801494185767,
    "stdDev": 5.542093602077266,
    "confidence": 5.045549936756515,
    "low": 37.65784022209793,
    "high": 42.70339015885445,
    "count": 21,
    "base": 13633.5
  },
  "Compilation.runtime requirements.chunks": {
    "min": 8.370109,
    "max": 18.527217,
    "mean": 10.713468333333333,
    "median": 8.58571,
    "variance": 8.489933598440702,
    "stdDev": 2.913749062366336,
    "confidence": 2.6526918260342,
    "low": 9.387122420316233,
    "high": 12.039814246350433,
    "count": 21,
    "base": 13633.5
  },
  "Compilation.runtime requirements.entries": {
    "min": 3.138303,
    "max": 6.276509,
    "mean": 3.6747007619047616,
    "median": 3.582218,
    "variance": 0.39750279349122897,
    "stdDev": 0.6304782260246812,
    "confidence": 0.5739905533628766,
    "low": 3.3877054852233233,
    "high": 3.9616960385862,
    "count": 21,
    "base": 13633.5
  },
  "Compilation.runtime requirements": {
    "min": 49.376152,