{
  "stats": {
    "min": 41833,
    "max": 43025,
    "mean": 42458.57142857143,
    "median": 42384,
    "variance": 164506.81632653062,
    "stdDev": 405.5943987859431,
    "confidence": 750.251537004704,
    "low": 42083.445660069076,
    "high": 42833.69719707378,
    "count": 7,
    "base": 45037
  },
  "heap memory": {
    "min": 285947160,
    "max": 329690872,
    "mean": 299573660.5714286,
    "median": 290681792,
    "variance": 277674684855037.34,
    "stdDev": 16663573.591971122,
    "confidence": 30823580.74171841,
    "low": 284161870.2005694,
    "high": 314985450.9422878,
    "count": 7,
    "base": 45037
  },
  "rss memory": {
    "min": 948895744,
    "max": 1112649728,
    "mean": 1036254646.8571428,
    "median": 1095901184,
    "variance": 3656496101714713.5,
    "stdDev": 60468968.08872063,
    "confidence": 111852965.38967633,
    "low": 980328164.1623046,
    "high": 1092181129.551981,
    "count": 7,
    "base": 45037
  },
  "external memory": {
    "min": 124597216,
    "max": 124613600,
    "mean": 124606578.28571428,
    "median": 124605408,
    "variance": 46565334.20408164,
    "stdDev": 6823.879703224672,
    "confidence": 12622.526965379715,
    "low": 124600267.0222316,
    "high": 124612889.54919697,
    "count": 7,
    "base": 45037
  },
  "array buffers memory": {
    "min": 123045882,
    "max": 123062266,
    "mean": 123055244.28571428,
    "median": 123054074,
    "variance": 46565334.20408164,
    "stdDev": 6823.879703224672,
    "confidence": 12622.526965379715,
    "low": 123048933.0222316,
    "high": 123061555.54919697,
    "count": 7,
    "base": 45037
  },
  "Compiler.make hook": {
    "min": 39984.276957,
    "max": 41124.20381,
    "mean": 40538.619765714284,
    "median": 40412.962783,
    "variance": 146542.6480559364,
    "stdDev": 382.80889234177465,
    "confidence": 708.1038611927652,
    "low": 40184.5678351179,
    "high": 40892.67169631067,
    "count": 7,
    "base": 45037
  },
  "Compiler.finish make hook": {
    "min": 0.149999,
    "max": 0.174,
    "mean": 0.1650994285714286,
    "median": 0.166999,
    "variance": 0.00005973780024489797,
    "stdDev": 0.007729023240028327,
    "confidence": 0.014296823582212792,
    "low": 0.1579510167803222,
    "high": 0.172247840362535,
    "count": 7,
    "base": 45037
  },
  "Compiler.finish compilation": {
    "min": 227.82572,
    "max": 245.396419,
    "mean": 236.6405942857143,
    "median": 240.890495,
    "variance": 52.39136091322651,
    "stdDev": 7.23818768154201,
    "confidence": 13.388896516964337,
    "low": 229.94614602723212,
    "high": 243.33504254419645,
    "count": 7,
    "base": 45037
  },
  "Compiler.seal compilation": {
    "min": 1177.151553,
    "max": 1572.091637,
    "mean": 1300.9048852857143,
    "median": 1212.010481,
    "variance": 25083.508254546305,
    "stdDev": 158.37773913825865,
    "confidence": 292.9605107256866,
    "low": 1154.424629922871,
    "high": 1447.3851406485576,
    "count": 7,
    "base": 45037
  },
  "Compiler.afterCompile hook": {
    "min": 0.0618,
    "max": 0.0802,
    "mean": 0.06724285714285713,
    "median": 0.0645,
    "variance": 0.00004215102040816325,
    "stdDev": 0.006492381720768061,
    "confidence": 0.012009335876943722,
    "low": 0.06123818920438527,
    "high": 0.07324752508132899,
    "count": 7,
    "base": 45037
  },
  "Compiler.emitAssets": {
    "min": 194.848303,
    "max": 443.773929,
    "mean": 361.3357571428572,
    "median": 413.344003,
    "variance": 10171.296552914506,
    "stdDev": 100.85284603279426,
    "confidence": 186.5533719742889,
    "low": 268.05907115571273,
    "high": 454.6124431300016,
    "count": 7,
    "base": 45037
  },
  "Compiler.emitRecords": {
    "min": 0.0717,
    "max": 0.0821,
    "mean": 0.0760427142857143,
    "median": 0.0739,
    "variance": 0.000013829147061224517,
    "stdDev": 0.0037187561174705334,
    "confidence": 0.006878799365151844,
    "low": 0.07260331460313837,
    "high": 0.07948211396829022,
    "count": 7,
    "base": 45037
  },
  "Compilation.compute affected modules": {
    "min": 0.258799,
    "max": 0.268499,
    "mean": 0.26197057142857144,
    "median": 0.261399,
    "variance": 0.000009065077673469385,
    "stdDev": 0.003010826742519301,
    "confidence": 0.005569301247727809,
    "low": 0.25918592080470754,
    "high": 0.26475522205243535,
    "count": 7,
    "base": 45037
  },
  "Compilation.finish modules": {
    "min": 176.06092,
    "max": 201.473559,
    "mean": 186.74615785714286,
    "median": 181.309547,
    "variance": 99.38620924783318,
    "stdDev": 9.969263224924557,
    "confidence": 18.440725709457922,
    "low": 177.5257950024139,
    "high": 195.96652071187182,
    "count": 7,
    "base": 45037
  },
  "Compilation.report dependency errors and warnings": {
    "min": 43.197262,
    "max": 60.667408,
    "mean": 49.14716714285714,
    "median": 46.133246,
    "variance": 30.909117549002982,
    "stdDev": 5.55959688727546,
    "confidence": 10.283909546803912,
    "low": 44.00521236945519,
    "high": 54.2891219162591,
    "count": 7,
    "base": 45037
  },
  "Compilation.optimize dependencies": {
    "min": 1.104797,
    "max": 1.298896,
    "mean": 1.1575389999999999,
    "median": 1.136996,
    "variance": 0.004057235951142857,
    "stdDev": 0.0636964359375221,
    "confidence": 0.11782300028523851,
    "low": 1.0986274998573806,
    "high": 1.2164505001426191,
    "count": 7,
    "base": 45037
  },
  "Compilation.create chunks": {
    "min": 92.086166,
    "max": 114.775986,
    "mean": 99.21742957142858,
    "median": 93.342303,
    "variance": 51.7279625030551,
    "stdDev": 7.192215409945332,
    "confidence": 13.303858933782152,
    "low": 92.5655001045375,
    "high": 105.86935903831966,
    "count": 7,
    "base": 45037
  },
  "Compilation.compute affected modules with chunk graph": {
    "min": 0.1544,
    "max": 0.201099,
    "mean": 0.186628,
    "median": 0.193499,
    "variance": 0.00023164893085714282,
    "stdDev": 0.015220017439449365,
    "confidence": 0.028153351011170225,
    "low": 0.17255132449441488,
    "high": 0.2007046755055851,
    "count": 7,
    "base": 45037
  },
  "Compilation.optimize": {
    "min": 54.123329,
    "max": 65.368147,
    "mean": 60.491929714285725,
    "median": 61.212997,
    "variance": 11.962007921966771,
    "stdDev": 3.4586135837885634,
    "confidence": 6.397598598278833,
    "low": 57.29313041514631,
    "high": 63.69072901342514,
    "count": 7,
    "base": 45037
  },
  "Compilation.module hashing": {
    "min": 124.392608,
    "max": 142.627787,
    "mean": 135.7155102857143,
    "median": 136.853947,
    "variance": 36.51847285825164,
    "stdDev": 6.043051618036341,
    "confidence": 11.178183865954395,
    "low": 130.1264183527371,
    "high": 141.30460221869149,
    "count": 7,
    "base": 45037
  },
  "Compilation.code generation": {
    "min": 513.432065,
    "max": 864.019999,
    "mean": 582.1548488571428,
    "median": 531.465525,
    "variance": 13500.018961872556,
    "stdDev": 116.18958198510121,
    "confidence": 214.92262400364484,
    "low": 474.6935368553204,
    "high": 689.6161608589653,
    "count": 7,
    "base": 45037
  },
  "Compilation.runtime requirements.modules": {
    "min": 13.944654,
    "max": 27.567213,
    "mean": 21.407487142857143,
    "median": 23.082841,
    "variance": 22.817823249113548,
    "stdDev": 4.7768005243168306,
    "confidence": 8.835925609576634,
    "low": 16.989524338068826,
    "high": 25.82544994764546,
    "count": 7,
    "base": 45037
  },
  "Compilation.runtime requirements.chunks": {
    "min": 4.302286,
    "max": 15.603844,
    "mean": 6.305464571428572,
    "median": 4.600885,
    "variance": 14.506073495598532,
    "stdDev": 3.8086839584820544,
    "confidence": 7.045144120257841,
    "low": 2.782892511299651,
    "high": 9.828036631557492,
    "count": 7,
    "base": 45037
  },
  "Compilation.runtime requirements.entries": {
    "min": 2.747591,
    "max": 3.385888,