{
  "stats": {
    "min": 11910,
    "max": 12689,
    "mean": 12209.809523809523,
    "median": 12231,
    "variance": 35338.53514739229,
    "stdDev": 187.9854652556742,
    "confidence": 171.1429146516748,
    "low": 12124.238066483686,
    "high": 12295.38098113536,
    "count": 21,
    "base": 11420.5
  },
  "heap memory": {
    "min": 325803184,
    "max": 645550816,
    "mean": 538276776,
    "median": 551067520,
    "variance": 6950111089995441,
    "stdDev": 83367326.27351941,
    "confidence": 75898033.84938407,
    "low": 500327759.07530797,
    "high": 576225792.924692,
    "count": 21,
    "base": 11420.5
  },
  "rss memory": {
    "min": 776486912,
    "max": 928022528,
    "mean": 854130688,
    "median": 862150656,
    "variance": 1998441009506206.5,
    "stdDev": 44703926.108410284,
    "confidence": 40698679.55036259,
    "low": 833781348.2248187,
    "high": 874480027.7751813,
    "count": 21,
    "base": 11420.5
  },
  "external memory": {
    "min": 100983750,
    "max": 101139398,
    "mean": 101075422.38095239,
    "median": 101082054,
    "variance": 2164222820.426304,
    "stdDev": 46521.208286396686,
    "confidence": 42353.14240080118,
    "low": 101054245.80975199,
    "high": 101096598.95215279,
    "count": 21,
    "base": 11420.5
  },
  "array buffers memory": {
    "min": 99475189,
    "max": 99630837,
    "mean": 99566861.38095239,
    "median": 99573493,
    "variance": 2164222820.426304,
    "stdDev": 46521.208286396686,
    "confidence": 42353.14240080118,
    "low": 99545684.80975199,
    "high": 99588037.95215279,
    "count": 21,
    "base": 11420.5
  },
  "Compiler.make hook": {
    "min": 9315.462296,
    "max": 9817.269295,
    "mean": 9588.510096619048,
    "median": 9538.139833,
    "variance": 28771.513919580157,
    "stdDev": 169.6216788019154,
    "confidence": 154.42443094623377,
    "low": 9511.29788114593,
    "high": 9665.722312092164,
    "count": 21,
    "base": 11420.5
  },
  "Compiler.finish make hook": {
    "min": 0.084101,
    "max": 0.125701,
    "mean": 0.09286266666666668,
    "median": 0.088501,
    "variance": 0.00011205045460317464,
    "stdDev": 0.010585388731793209,
    "confidence": 0.009636991231296355,
    "low": 0.0880441710510185,
    "high": 0.09768116228231485,
    "count": 21,
    "base": 11420.5
  },
  "Compiler.finish compilation": {
    "min": 426.831408,
    "max": 484.223832,
    "mean": 458.2198926190475,
    "median": 456.740275,
    "variance": 217.0158062776113,
    "stdDev": 14.731456352907248,
    "confidence": 13.411592081714957,
    "low": 451.51409657819005,
    "high": 464.925688659905,
    "count": 21,
    "base": 11420.5
  },
  "Compiler.seal compilation": {
    "min": 1772.202493,
    "max": 2093.358395,
    "mean": 1858.1641778095238,
    "median": 1842.505576,
    "variance": 6577.941471666537,
    "stdDev": 81.10450956430559,
    "confidence": 73.83795411709934,
    "low": 1821.2452007509742,
    "high": 1895.0831548680735,
    "count": 21,
    "base": 11420.5
  },
  "Compiler.afterCompile hook": {
    "min": 0.060801,
    "max": 0.091501,
    "mean": 0.06797204761904763,
    "median": 0.065101,
    "variance": 0.00007409707642630382,
    "stdDev": 0.008607965870419319,
    "confidence": 0.00783673549591754,
    "low": 0.06405367987108886,
    "high": 0.0718904153670064,
    "count": 21,
    "base": 11420.5
  },
  "Compiler.emitAssets": {
    "min": 247.422199,
    "max": 543.800643,
    "mean": 283.96558014285716,
    "median": 270.713743,
    "variance": 3690.526580784278,
    "stdDev": 60.74970436787555,
    "confidence": 55.3068369174465,
    "low": 256.3121616841339,
    "high": 311.6189986015804,
    "count": 21,
    "base": 11420.5
  },
  "Compiler.emitRecords": {
    "min": 0.0712,
    "max": 0.262402,
    "mean": 0.09092919047619046,
    "median": 0.0798,
    "variance": 0.0015675645486303857,
    "stdDev": 0.03959248096078832,
    "confidence": 0.03604519413617688,
    "low": 0.07290659340810202,
    "high": 0.1089517875442789,
    "count": 21,
    "base": 11420.5
  },
  "Compilation.compute affected modules": {
    "min": 0.249702,
    "max": 0.294602,
    "mean": 0.2567494761904762,
    "median": 0.254802,
    "variance": 0.00008175559377324255,
    "stdDev": 0.009041879991088277,
    "confidence": 0.008231773097461925,
    "low": 0.25263358964174526,
    "high": 0.2608653627392072,
    "count": 21,
    "base": 11420.5
  },
  "Compilation.finish modules": {
    "min": 332.38932,
    "max": 380.708129,
    "mean": 358.03265028571434,
    "median": 356.940911,
    "variance": 167.37632902690586,
    "stdDev": 12.937400396791693,
    "confidence": 11.778274500697648,
    "low": 352.1435130353655,
    "high": 363.92178753606316,
    "count": 21,
    "base": 11420.5
  },
  "Compilation.report dependency errors and warnings": {
    "min": 90.623561,
    "max": 112.977524,
    "mean": 99.44079871428572,
    "median": 91.939059,
    "variance": 44.034724404676695,
    "stdDev": 6.635866514983307,
    "confidence": 6.041326307164724,
    "low": 96.42013556070336,
    "high": 102.46146186786808,
    "count": 21,
    "base": 11420.5
  },
  "Compilation.optimize dependencies": {
    "min": 93.971584,
    "max": 148.048973,
    "mean": 124.97750385714285,
    "median": 132.516578,
    "variance": 212.18964824783086,
    "stdDev": 14.566730870302742,
    "confidence": 13.261625172454174,
    "low": 118.34669127091577,
    "high": 131.60831644336994,
    "count": 21,
    "base": 11420.5
  },
  "Compilation.create chunks": {
    "min": 148.05668,
    "max": 209.490125,
    "mean": 161.71269057142854,
    "median": 154.908463,
    "variance": 197.57158753356998,
    "stdDev": 14.056016061941946,
    "confidence": 12.79666783790833,
    "low": 155.31435665247437,
    "high": 168.1110244903827,
    "count": 21,
    "base": 11420.5
  },
  "Compilation.compute affected modules with chunk graph": {
    "min": 0.159001,
    "max": 0.205602,
    "mean": 0.18006338095238095,
    "median": 0.168702,
    "variance": 0.00030209153766439894,
    "stdDev": 0.01738078069778222,
    "confidence": 0.015823550312756174,
    "low": 0.17215160579600286,
    "high": 0.18797515610875903,
    "count": 21,
    "base": 11420.5
  },
  "Compilation.optimize": {
    "min": 115.225442,
    "max": 310.115358,
    "mean": 131.42287033333332,
    "median": 122.604505,
    "variance": 1617.1548331042086,
    "stdDev": 40.21386369281381,
    "confidence": 36.6109041059792,
    "low": 113.11741828034373,
    "high": 149.72832238632293,
    "count": 21,
    "base": 11420.5
  },
  "Compilation.module hashing": {
    "min": 219.804182,
    "max": 243.718792,
    "mean": 228.72537319047612,
    "median": 227.651632,
    "variance": 35.67692470477495,
    "stdDev": 5.973016382429814,
    "confidence": 5.437864207006271,
    "low": 226.00644108697298,
    "high": 231.44430529397926,
    "count": 21,
    "base": 11420.5
  },
  "Compilation.code generation": {
    "min": 649.936262,
    "max": 951.394851,
    "mean": 697.7286392380953,
    "median": 688.254334,
    "variance": 3619.6411371019217,
    "stdDev": 60.16345350045924,
    "confidence": 54.77311117418094,
    "low": 670.3420836510048,
    "high": 725.1151948251858,
    "count": 21,
    "base": 11420.5
  },
  "Compilation.runtime requirements.modules": {
    "min": 25.052882,
    "max": 37.252368,
    "mean": 31.94282447619048,
    "median": 34.515751,
    "variance": 22.80429684583539,
    "stdDev": 4.775384470996591,
    "confidence": 4.347534081090558,
    "low": 29.769057435645202,
    "high": 34.11659151673576,
    "count": 21,
    "base": 11420.5
  },
  "Compilation.runtime requirements.chunks": {
    "min": 7.958359,
    "max": 19.254138,
    "mean": 9.912677285714283,
    "median": 8.547461,
    "variance": 10.975305839814492,
    "stdDev": 3.3128999139446536,
    "confidence": 3.01608077225886,
    "low": 8.404636899584853,
    "high": 11.420717671843713,
    "count": 21,
    "base": 11420.5
  },