{
  "stats": {
    "min": 21763,
    "max": 22082,
    "mean": 21912.30769230769,
    "median": 21883,
    "variance": 9821.75147928994,
    "stdDev": 99.10475003394106,
    "confidence": 119.78709152938973,
    "low": 21852.414146542997,
    "high": 21972.201238072386,
    "count": 13,
    "base": 22706.5
  },
  "heap memory": {
    "min": 256456040,
    "max": 292828032,
    "mean": 268871758.7692308,
    "median": 263945640,
    "variance": 144381021547144.3,
    "stdDev": 12015865.409829801,
    "confidence": 14523477.120513171,
    "low": 261610020.2089742,
    "high": 276133497.3294874,
    "count": 13,
    "base": 22706.5
  },
  "rss memory": {
    "min": 579031040,
    "max": 644415488,
    "mean": 607216876.3076923,
    "median": 603181056,
    "variance": 446233596097699.6,
    "stdDev": 21124241.905869655,
    "confidence": 25532696.442913055,
    "low": 594450528.0862358,
    "high": 619983224.5291488,
    "count": 13,
    "base": 22706.5
  },
  "external memory": {
    "min": 116826094,
    "max": 117014078,
    "mean": 116897268.15384616,
    "median": 116891630,
    "variance": 2752819969.5147934,
    "stdDev": 52467.3228735257,
    "confidence": 63416.81912523508,
    "low": 116865559.74428354,
    "high": 116928976.56340878,
    "count": 13,
    "base": 22706.5
  },
  "array buffers memory": {
    "min": 115366141,
    "max": 115489021,
    "mean": 115426635.76923077,
    "median": 115423485,
    "variance": 1626496490.7928996,
    "stdDev": 40329.846153846156,
    "confidence": 48746.351420521736,
    "low": 115402262.5935205,
    "high": 115451008.94494103,
    "count": 13,
    "base": 22706.5
  },
  "Compiler.make hook": {
    "min": 20352.815345,
    "max": 20659.915793,
    "mean": 20496.54375923077,
    "median": 20473.990859,
    "variance": 10093.469943760148,
    "stdDev": 100.46626271420745,
    "confidence": 121.43274064301659,
    "low": 20435.827388909263,
    "high": 20557.26012955228,
    "count": 13,
    "base": 22706.5
  },
  "Compiler.finish make hook": {
    "min": 0.080742,
    "max": 0.126417,
    "mean": 0.09012738461538462,
    "median": 0.088266,
    "variance": 0.00011813294177514797,
    "stdDev": 0.01086889790986869,
    "confidence": 0.013137146991513055,
    "low": 0.0835588111196281,
    "high": 0.09669595811114115,
    "count": 13,
    "base": 22706.5
  },
  "Compiler.finish compilation": {
    "min": 177.156631,
    "max": 202.588194,
    "mean": 189.38288307692306,
    "median": 189.495168,
    "variance": 40.412674036180164,
    "stdDev": 6.357096352595276,
    "confidence": 7.68376977277768,
    "low": 185.54099819053422,
    "high": 193.2247679633119,
    "count": 13,
    "base": 22706.5
  },
  "Compiler.seal compilation": {
    "min": 945.130677,
    "max": 1063.054282,
    "mean": 971.1956549230769,
    "median": 951.714428,
    "variance": 1255.6869001505859,
    "stdDev": 35.43567270633628,
    "confidence": 42.83080446119584,
    "low": 949.7802526924789,
    "high": 992.6110571536748,
    "count": 13,
    "base": 22706.5
  },
  "Compiler.afterCompile hook": {
    "min": 0.055884,
    "max": 0.099687,
    "mean": 0.07061092307692306,
    "median": 0.061125,
    "variance": 0.00025446677422485205,
    "stdDev": 0.015952014738736045,
    "confidence": 0.019281068252861133,
    "low": 0.06097038895049249,
    "high": 0.08025145720335362,
    "count": 13,
    "base": 22706.5
  },
  "Compiler.emitAssets": {
    "min": 176.733229,
    "max": 269.218505,
    "mean": 238.13986215384614,
    "median": 244.880134,
    "variance": 618.7785302651508,
    "stdDev": 24.87525940096205,
    "confidence": 30.066520259219487,
    "low": 223.1066020242364,
    "high": 253.17312228345588,
    "count": 13,
    "base": 22706.5
  },
  "Compiler.emitRecords": {
    "min": 0.060744,
    "max": 0.095138,
    "mean": 0.07324023076923075,
    "median": 0.065072,
    "variance": 0.00014737467556213016,
    "stdDev": 0.012139797179612605,
    "confidence": 0.014673272425433342,
    "low": 0.06590359455651408,
    "high": 0.08057686698194742,
    "count": 13,
    "base": 22706.5
  },
  "Compilation.compute affected modules": {
    "min": 0.210213,
    "max": 0.236684,
    "mean": 0.21765153846153845,
    "median": 0.214321,
    "variance": 0.00006809855624852073,
    "stdDev": 0.008252184937852564,
    "confidence": 0.009974347668799566,
    "low": 0.21266436462713867,
    "high": 0.22263871229593823,
    "count": 13,
    "base": 22706.5
  },
  "Compilation.finish modules": {
    "min": 140.858498,
    "max": 156.495836,
    "mean": 149.20865646153848,
    "median": 150.402951,
    "variance": 23.53475023611901,
    "stdDev": 4.851262746555685,
    "confidence": 5.863681150053537,
    "low": 146.2768158865117,
    "high": 152.14049703656525,
    "count": 13,
    "base": 22706.5
  },
  "Compilation.report dependency errors and warnings": {
    "min": 32.895568,
    "max": 52.886777,
    "mean": 39.56853730769231,
    "median": 38.177056,
    "variance": 21.110054017037303,
    "stdDev": 4.594567881426642,
    "confidence": 5.553416190061142,
    "low": 36.79182921266174,
    "high": 42.34524540272288,
    "count": 13,
    "base": 22706.5
  },
  "Compilation.optimize dependencies": {
    "min": 0.746057,
    "max": 2.173682,
    "mean": 0.9363973846153845,
    "median": 0.84281,
    "variance": 0.12905720018085207,
    "stdDev": 0.3592453203325717,
    "confidence": 0.4342168468559293,
    "low": 0.7192889611874198,
    "high": 1.1535058080433491,
    "count": 13,
    "base": 22706.5
  },
  "Compilation.create chunks": {
    "min": 71.386692,
    "max": 83.184966,
    "mean": 77.75750876923077,
    "median": 78.001888,
    "variance": 12.482977640309722,
    "stdDev": 3.533125760613358,
    "confidence": 4.270459879334709,
    "low": 75.62227882956341,
    "high": 79.89273870889812,
    "count": 13,
    "base": 22706.5
  },
  "Compilation.compute affected modules with chunk graph": {
    "min": 0.150161,
    "max": 0.719398,
    "mean": 0.20459623076923078,
    "median": 0.153778,
    "variance": 0.02230796718186982,
    "stdDev": 0.14935851894642574,
    "confidence": 0.18052840629336497,
    "low": 0.1143320276225483,
    "high": 0.29486043391591327,
    "count": 13,
    "base": 22706.5
  },
  "Compilation.optimize": {
    "min": 45.882344,
    "max": 53.726168,
    "mean": 50.148755692307695,
    "median": 50.5065,
    "variance": 4.174603748600674,
    "stdDev": 2.043184707411612,
    "confidence": 2.4695804537556967,
    "low": 48.91396546542985,
    "high": 51.38354591918554,
    "count": 13,
    "base": 22706.5
  },
  "Compilation.module hashing": {
    "min": 109.286873,
    "max": 123.629021,
    "mean": 114.29945176923077,
    "median": 113.30093,
    "variance": 17.661445079936474,
    "stdDev": 4.202552210257057,
    "confidence": 5.079590091238799,
    "low": 111.75965672361137,
    "high": 116.83924681485017,
    "count": 13,
    "base": 22706.5
  },
  "Compilation.code generation": {
    "min": 403.535587,
    "max": 506.210107,
    "mean": 425.942790076923,
    "median": 412.369479,
    "variance": 911.662389173509,
    "stdDev": 30.193747517880404,
    "confidence": 36.4949328493434,
    "low": 407.6953236522513,
    "high": 444.1902565015947,
    "count": 13,
    "base": 22706.5
  },
  "Compilation.runtime requirements.modules": {
    "min": 11.514409,
    "max": 56.070774,
    "mean": 17.398579230769233,
    "median": 13.273586,
    "variance": 128.04029337591467,
    "stdDev": 11.315489091325865,
    "confidence": 13.676938058148174,
    "low": 10.560110201695146,
    "high": 24.23704825984332,
    "count": 13,
    "base": 22706.5
  },
  "Compilation.runtime requirements.chunks": {
    "min": 3.116818,
    "max": 5.832749,
    "mean": 3.9012019999999996,
    "median": 3.727434,
    "variance": 0.461553483074,
    "stdDev": 0.6793772759476137,
    "confidence": 0.8211576933401652,
    "low": 3.490623153329917,
    "high": 4.311780846670082,
    "count": 13,
    "base": 22706.5
  },