{
  "stats": {
    "min": 8770,
    "max": 10568,
    "mean": 9181.384615384615,
    "median": 8917,
    "variance": 277407.1597633137,
    "stdDev": 526.6945602180772,
    "confidence": 425.56840237889264,
    "low": 8968.600414195169,
    "high": 9394.168816574062,
    "count": 26,
    "base": 8663.5
  },
  "heap memory": {
    "min": 205732472,
    "max": 316783024,
    "mean": 288074731.0769231,
    "median": 297078572,
    "variance": 851370355157637.5,
    "stdDev": 29178251.406786487,
    "confidence": 23575982.69147575,
    "low": 276286739.7311852,
    "high": 299862722.42266095,
    "count": 26,
    "base": 8663.5
  },
  "rss memory": {
    "min": 479887360,
    "max": 646742016,
    "mean": 511750459.0769231,
    "median": 488386560,
    "variance": 2890259352157238,
    "stdDev": 53761132.355608344,
    "confidence": 43438913.052725196,
    "low": 490031002.5505605,
    "high": 533469915.6032857,
    "count": 26,
    "base": 8663.5
  },
  "external memory": {
    "min": 103785399,
    "max": 103809975,
    "mean": 103796111.61538461,
    "median": 103793591,
    "variance": 55593141.77514793,
    "stdDev": 7456.08085894647,
    "confidence": 6024.501976698637,
    "low": 103793099.36439626,
    "high": 103799123.86637296,
    "count": 26,
    "base": 8663.5
  },
  "array buffers memory": {
    "min": 102328562,
    "max": 102353138,
    "mean": 102339274.61538461,
    "median": 102336754,
    "variance": 55593141.77514793,
    "stdDev": 7456.08085894647,
    "confidence": 6024.501976698637,
    "low": 102336262.36439626,
    "high": 102342286.86637296,
    "count": 26,
    "base": 8663.5
  },
  "Compiler.make hook": {
    "min": 6860.5533510000005,
    "max": 8319.754885,
    "mean": 7215.195783192307,
    "median": 7043.7542495,
    "variance": 192964.0620943729,
    "stdDev": 439.27674886610254,
    "confidence": 354.93494396399,
    "low": 7037.728311210312,
    "high": 7392.663255174302,
    "count": 26,
    "base": 8663.5
  },
  "Compiler.finish make hook": {
    "min": 0.116401,
    "max": 0.251102,
    "mean": 0.14916273076923076,
    "median": 0.137601,
    "variance": 0.0010893867510428994,
    "stdDev": 0.033005859344105846,
    "confidence": 0.026668684074499904,
    "low": 0.1358283887319808,
    "high": 0.1624970728064807,
    "count": 26,
    "base": 8663.5
  },
  "Compiler.finish compilation": {
    "min": 261.610034,
    "max": 361.080685,
    "mean": 286.10147030769235,
    "median": 281.294615,
    "variance": 414.048240570497,
    "stdDev": 20.348175362191494,
    "confidence": 16.44129469768575,
    "low": 277.8808229588495,
    "high": 294.3221176565352,
    "count": 26,
    "base": 8663.5
  },
  "Compiler.seal compilation": {
    "min": 1308.632689,
    "max": 1603.512201,
    "mean": 1379.173972576923,
    "median": 1359.684834,
    "variance": 4624.414907795672,
    "stdDev": 68.00305072418202,
    "confidence": 54.94636140080593,
    "low": 1351.70079187652,
    "high": 1406.647153277326,
    "count": 26,
    "base": 8663.5
  },
  "Compiler.afterCompile hook": {
    "min": 0.086101,
    "max": 0.167301,
    "mean": 0.10691626923076925,
    "median": 0.0980005,
    "variance": 0.0004347337131967457,
    "stdDev": 0.020850268899866634,
    "confidence": 0.016846985511322937,
    "low": 0.09849277647510778,
    "high": 0.11533976198643071,
    "count": 26,
    "base": 8663.5
  },
  "Compiler.emitAssets": {
    "min": 226.067399,
    "max": 469.194749,
    "mean": 270.5083437692308,
    "median": 252.33988549999998,
    "variance": 3245.4538729425994,
    "stdDev": 56.968885129889976,
    "confidence": 46.03077240819735,
    "low": 247.49295756513212,
    "high": 293.52372997332947,
    "count": 26,
    "base": 8663.5
  },
  "Compiler.emitRecords": {
    "min": 0.102701,
    "max": 0.183101,
    "mean": 0.1272395,
    "median": 0.117751,
    "variance": 0.00046290206401923084,
    "stdDev": 0.02151515893548618,
    "confidence": 0.01738421564732262,
    "low": 0.1185473921763387,
    "high": 0.13593160782366132,
    "count": 26,
    "base": 8663.5
  },
  "Compilation.compute affected modules": {
    "min": 0.267302,
    "max": 1.086209,
    "mean": 0.3668530769230769,
    "median": 0.328653,
    "variance": 0.024248147940224854,
    "stdDev": 0.1557181683048733,
    "confidence": 0.12582004279564596,
    "low": 0.3039430555252539,
    "high": 0.4297630983208999,
    "count": 26,
    "base": 8663.5
  },
  "Compilation.finish modules": {
    "min": 203.907685,
    "max": 305.598642,
    "mean": 229.63869834615386,
    "median": 224.4214805,
    "variance": 417.6776515724635,
    "stdDev": 20.437163491357197,
    "confidence": 16.513196970502122,
    "low": 221.3820998609028,
    "high": 237.89529683140492,
    "count": 26,
    "base": 8663.5
  },
  "Compilation.report dependency errors and warnings": {
    "min": 47.825089,
    "max": 64.240411,
    "mean": 55.46984080769231,
    "median": 56.3661035,
    "variance": 14.996378584536696,
    "stdDev": 3.8725157952598073,
    "confidence": 3.1289868638350526,
    "low": 53.90534737577478,
    "high": 57.034334239609834,
    "count": 26,
    "base": 8663.5
  },
  "Compilation.optimize dependencies": {
    "min": 1.131509,
    "max": 1.848315,
    "mean": 1.432573,
    "median": 1.3805605,
    "variance": 0.03405470488176923,
    "stdDev": 0.18453916896358136,
    "confidence": 0.1491073674268497,
    "low": 1.3580193162865752,
    "high": 1.507126683713425,
    "count": 26,
    "base": 8663.5
  },
  "Compilation.create chunks": {
    "min": 98.310785,
    "max": 130.818938,
    "mean": 111.3690778846154,
    "median": 111.6409365,
    "variance": 43.55775049495042,
    "stdDev": 6.599829580750583,
    "confidence": 5.332652248183564,
    "low": 108.70275176052361,
    "high": 114.03540400870718,
    "count": 26,
    "base": 8663.5
  },
  "Compilation.compute affected modules with chunk graph": {
    "min": 0.207601,
    "max": 0.350903,
    "mean": 0.2611175769230769,
    "median": 0.257452,
    "variance": 0.0012866688115517751,
    "stdDev": 0.03587016603741576,
    "confidence": 0.028983039519694498,
    "low": 0.24662605716322966,
    "high": 0.27560909668292416,
    "count": 26,
    "base": 8663.5
  },
  "Compilation.optimize": {
    "min": 71.224384,
    "max": 93.111845,
    "mean": 78.39737473076924,
    "median": 76.93327550000001,
    "variance": 40.40356834309081,
    "stdDev": 6.356380128901261,
    "confidence": 5.135945461918993,
    "low": 75.82940199980975,
    "high": 80.96534746172874,
    "count": 26,
    "base": 8663.5
  },
  "Compilation.module hashing": {
    "min": 130.249599,
    "max": 159.069797,
    "mean": 138.57307273076924,
    "median": 137.478541,
    "variance": 39.35580538054874,
    "stdDev": 6.273420548675877,
    "confidence": 5.068914247463454,
    "low": 136.0386156070375,
    "high": 141.10752985450097,
    "count": 26,
    "base": 8663.5
  },
  "Compilation.code generation": {
    "min": 566.699944,
    "max": 654.787496,
    "mean": 596.405489,
    "median": 596.279897,
    "variance": 412.43001262947706,
    "stdDev": 20.308372968543715,
    "confidence": 16.40913442424653,
    "low": 588.2009217878767,
    "high": 604.6100562121233,
    "count": 26,
    "base": 8663.5
  },
  "Compilation.runtime requirements.modules": {
    "min": 15.730725,
    "max": 41.151229,
    "mean": 20.514479615384623,
    "median": 17.499595499999998,
    "variance": 40.46171715061485,
    "stdDev": 6.360952534850017,
    "confidence": 5.13963995896075,
    "low": 17.944659635904248,
    "high": 23.084299594864998,
    "count": 26,
    "base": 8663.5
  },
  "Compilation.runtime requirements.chunks": {
    "min": 4.343533,
    "max": 16.988136,
    "mean": 5.960443807692308,
    "median": 5.1076915,
    "variance": 7.808109834123616,
    "stdDev": 2.794299524768885,
    "confidence": 2.257789759650489,
    "low": 4.831548927867064,
    "high": 7.089338687517553,
    "count": 26,
    "base": 8663.5
  },