{
  "stats": {
    "min": 35766,
    "max": 36777,
    "mean": 36151.88888888889,
    "median": 36059,
    "variance": 102196.98765432098,
    "stdDev": 319.6826358348557,
    "confidence": 491.45877215678047,
    "low": 35906.1595028105,
    "high": 36397.61827496728,
    "count": 9,
    "base": 34317.5
  },
  "heap memory": {
    "min": 255625840,
    "max": 492354272,
    "mean": 317096426.6666667,
    "median": 255702528,
    "variance": 8179293134897664,
    "stdDev": 90439444.57424352,
    "confidence": 139035572.79213703,
    "low": 247578640.27059817,
    "high": 386614213.0627352,
    "count": 9,
    "base": 34317.5
  },
  "rss memory": {
    "min": 414961664,
    "max": 755322880,
    "mean": 521428992,
    "median": 423313408,
    "variance": 20584974550244464,
    "stdDev": 143474647.76135352,
    "confidence": 220568358.49178743,
    "low": 411144812.7541063,
    "high": 631713171.2458937,
    "count": 9,
    "base": 34317.5
  },
  "external memory": {
    "min": 41849809,
    "max": 41915345,
    "mean": 41880756.55555555,
    "median": 41874385,
    "variance": 578296136.6913581,
    "stdDev": 24047.78860293308,
    "confidence": 36969.46701224148,
    "low": 41862271.82204943,
    "high": 41899241.28906167,
    "count": 9,
    "base": 34317.5
  },
  "array buffers memory": {
    "min": 40271522,
    "max": 40337058,
    "mean": 40302469.55555555,
    "median": 40296098,
    "variance": 578296136.6913581,
    "stdDev": 24047.78860293308,
    "confidence": 36969.46701224148,
    "low": 40283984.82204943,
    "high": 40320954.28906167,
    "count": 9,
    "base": 34317.5
  },
  "Compiler.make hook": {
    "min": 3788.366375,
    "max": 4284.556314,
    "mean": 3980.288090888889,
    "median": 3852.05941,
    "variance": 38093.751180195264,
    "stdDev": 195.17620546622803,
    "confidence": 300.0508865367483,
    "low": 3830.262647620515,
    "high": 4130.313534157263,
    "count": 9,
    "base": 34317.5
  },
  "Compiler.finish make hook": {
    "min": 0.079981,
    "max": 0.119295,
    "mean": 0.09378111111111112,
    "median": 0.084009,
    "variance": 0.0002765666829876543,
    "stdDev": 0.016630294134129267,
    "confidence": 0.025566305515534737,
    "low": 0.08099795835334375,
    "high": 0.10656426386887849,
    "count": 9,
    "base": 34317.5
  },
  "Compiler.finish compilation": {
    "min": 32.219975,
    "max": 55.179045,
    "mean": 35.330087444444445,
    "median": 32.906518,
    "variance": 49.422143833716035,
    "stdDev": 7.03008846556827,
    "confidence": 10.80758933440029,
    "low": 29.9262927772443,
    "high": 40.73388211164459,
    "count": 9,
    "base": 34317.5
  },
  "Compiler.seal compilation": {
    "min": 31837.505126,
    "max": 32765.28374,
    "mean": 32086.089104444443,
    "median": 32054.154885,
    "variance": 70875.10743087372,
    "stdDev": 266.2237920075396,
    "confidence": 409.27470957959304,
    "low": 31881.451749654647,
    "high": 32290.72645923424,
    "count": 9,
    "base": 34317.5
  },
  "Compiler.afterCompile hook": {
    "min": 0.055816,
    "max": 0.092004,
    "mean": 0.07032922222222222,
    "median": 0.072977,
    "variance": 0.00012859867861728395,
    "stdDev": 0.011340135740690406,
    "confidence": 0.017433568678688054,
    "low": 0.0616124378828782,
    "high": 0.07904600656156625,
    "count": 9,
    "base": 34317.5
  },
  "Compiler.emitAssets": {
    "min": 25.382376,
    "max": 45.959606,
    "mean": 32.46632555555556,
    "median": 28.93656,
    "variance": 55.221289053908244,
    "stdDev": 7.431102815458029,
    "confidence": 11.424082061630813,
    "low": 26.75428452474015,
    "high": 38.17836658637096,
    "count": 9,
    "base": 34317.5
  },
  "Compiler.emitRecords": {
    "min": 0.061696,
    "max": 0.098526,
    "mean": 0.08569144444444446,
    "median": 0.094317,
    "variance": 0.00018120536891358028,
    "stdDev": 0.013461254358847109,
    "confidence": 0.020694435034334296,
    "low": 0.07534422692727731,
    "high": 0.09603866196161161,
    "count": 9,
    "base": 34317.5
  },
  "Compilation.compute affected modules": {
    "min": 0.208433,
    "max": 0.290868,
    "mean": 0.2233461111111111,
    "median": 0.215805,
    "variance": 0.0005881693054320989,
    "stdDev": 0.02425220207387566,
    "confidence": 0.03728371865490482,
    "low": 0.2047042517836587,
    "high": 0.24198797043856352,
    "count": 9,
    "base": 34317.5
  },
  "Compilation.finish modules": {
    "min": 1.595767,
    "max": 3.024768,
    "mean": 1.8273166666666667,
    "median": 1.689964,
    "variance": 0.18281720641466664,
    "stdDev": 0.42757128810838857,
    "confidence": 0.6573195935852962,
    "low": 1.4986568698740186,
    "high": 2.155976463459315,
    "count": 9,
    "base": 34317.5
  },
  "Compilation.report dependency errors and warnings": {
    "min": 29.815966,
    "max": 51.177977,
    "mean": 32.734584111111104,
    "median": 30.4823,
    "variance": 42.67979316273276,
    "stdDev": 6.532977358198385,
    "confidence": 10.043363858670318,
    "low": 27.712902181775945,
    "high": 37.75626604044626,
    "count": 9,
    "base": 34317.5
  },
  "Compilation.optimize dependencies": {
    "min": 0.066285,
    "max": 0.080792,
    "mean": 0.07317566666666667,
    "median": 0.073909,
    "variance": 0.000026278748444444467,
    "stdDev": 0.005126280176155461,
    "confidence": 0.007880801390809655,
    "low": 0.06923526597126184,
    "high": 0.0771160673620715,
    "count": 9,
    "base": 34317.5
  },
  "Compilation.create chunks": {
    "min": 65.832698,
    "max": 96.162626,
    "mean": 74.80947855555556,
    "median": 73.009009,
    "variance": 70.83946773477786,
    "stdDev": 8.41661854516277,
    "confidence": 12.939148243430225,
    "low": 68.33990443384045,
    "high": 81.27905267727067,
    "count": 9,
    "base": 34317.5
  },
  "Compilation.compute affected modules with chunk graph": {
    "min": 0.118754,
    "max": 0.126499,
    "mean": 0.12130400000000001,
    "median": 0.120597,
    "variance": 0.000005300603111111106,
    "stdDev": 0.0023023038702810507,
    "confidence": 0.00353940848324541,
    "low": 0.1195342957583773,
    "high": 0.12307370424162271,
    "count": 9,
    "base": 34317.5
  },
  "Compilation.optimize": {
    "min": 74.935552,
    "max": 81.426657,
    "mean": 78.73669522222222,
    "median": 79.010628,
    "variance": 4.619658589448177,
    "stdDev": 2.1493391052712405,
    "confidence": 3.304250651170321,
    "low": 77.08456989663706,
    "high": 80.38882054780738,
    "count": 9,
    "base": 34317.5
  },
  "Compilation.module hashing": {
    "min": 83.416684,
    "max": 89.98307,
    "mean": 87.12299188888889,
    "median": 86.823766,
    "variance": 4.240611540686761,
    "stdDev": 2.059274518049199,
    "confidence": 3.16579135908097,
    "low": 85.5400962093484,
    "high": 88.70588756842938,
    "count": 9,
    "base": 34317.5
  },
  "Compilation.code generation": {
    "min": 277.016862,
    "max": 312.802857,
    "mean": 287.21249788888895,
    "median": 282.436995,
    "variance": 109.10865194789774,
    "stdDev": 10.445508697421,
    "confidence": 16.058228704168528,
    "low": 279.1833835368047,
    "high": 295.2416122409732,
    "count": 9,
    "base": 34317.5
  },
  "Compilation.runtime requirements.modules": {
    "min": 10.375736,
    "max": 14.76804,
    "mean": 11.49280911111111,
    "median": 10.835023,
    "variance": 2.3804069490229867,
    "stdDev": 1.5428567493526373,
    "confidence": 2.3718851093381197,
    "low": 10.306866556442051,
    "high": 12.67875166578017,
    "count": 9,
    "base": 34317.5
  },
  "Compilation.runtime requirements.chunks": {
    "min": 2.841873,
    "max": 3.930535,
    "mean": 3.2959983333333334,
    "median": 3.198646,
    "variance": 0.10069824437911107,
    "stdDev": 0.3173298668249036,
    "confidence": 0.48784178193215144,
    "low": 3.0520774423672576,
    "high": 3.539919224299409,
    "count": 9,
    "base": 34317.5
  },
  "Compilation.runtime requirements.entries": {
    "min": 1.8118,