{
  "cache.PackFileCacheStrategy.restore cache container": {
    "min": 38.124575,
    "max": 46.059932,
    "mean": 41.14351059999999,
    "median": 40.8158015,
    "variance": 3.647136409035773,
    "stdDev": 1.90974773439734,
    "confidence": 1.4260629084299552,
    "low": 40.430479145785014,
    "high": 41.85654205421497,
    "count": 30,
    "base": 4741.5
  },
  "cache.PackFileCacheStrategy.check build dependencies": {
    "min": 17.600461,
    "max": 26.965426,
    "mean": 21.4920457,
    "median": 21.7245565,
    "variance": 3.7813464805598764,
    "stdDev": 1.9445684561259027,
    "confidence": 1.4520645309518656,
    "low": 20.766013434524066,
    "high": 22.21807796547593,
    "count": 30,
    "base": 4741.5
  },
  "cache.PackFileCacheStrategy.restore cache content metadata": {
    "min": 129.398069,
    "max": 158.139725,
    "mean": 144.07720183333333,
    "median": 143.3867885,
    "variance": 36.69648493510069,
    "stdDev": 6.057762370306439,
    "confidence": 4.523503323910404,
    "low": 141.81545017137813,
    "high": 146.33895349528854,
    "count": 30,
    "base": 4741.5
  },
  "cache.PackFileCacheStrategy.restore cache content": {
    "min": 1059.4960440000002,
    "max": 1168.470742,
    "mean": 1123.3516123666666,
    "median": 1128.9160835,
    "variance": 796.3358138107294,
    "stdDev": 28.219422634255462,
    "confidence": 21.07224487883468,
    "low": 1112.8154899272492,
    "high": 1133.887734806084,
    "count": 30,
    "base": 4741.5
  },
  "stats": {
    "min": 4707,
    "max": 5082,
    "mean": 4923.533333333334,
    "median": 4932,
    "variance": 7024.0488888888885,
    "stdDev": 83.80959902594027,
    "confidence": 62.58300946695272,
    "low": 4892.241828599857,
    "high": 4954.82483806681,
    "count": 30,
    "base": 4741.5
  },
  "heap memory": {
    "min": 348977632,
    "max": 359497896,
    "mean": 354026976,
    "median": 354401044,
    "variance": 6408572107921.066,
    "stdDev": 2531515.772797212,
    "confidence": 1890354.7733914852,
    "low": 353081798.61330426,
    "high": 354972153.38669574,
    "count": 30,
    "base": 4741.5
  },
  "rss memory": {
    "min": 637296640,
    "max": 660688896,
    "mean": 649168213.3333334,
    "median": 649164800,
    "variance": 39619642022661.695,
    "stdDev": 6294413.556691497,
    "confidence": 4700217.490426302,
    "low": 646818104.5881202,
    "high": 651518322.0785465,
    "count": 30,
    "base": 4741.5
  },
  "external memory": {
    "min": 165998364,
    "max": 166047516,
    "mean": 166006282.93333334,
    "median": 165998364,
    "variance": 203488988.7288889,
    "stdDev": 14264.95666761343,
    "confidence": 10652.048554718494,
    "low": 166000956.90905598,
    "high": 166011608.9576107,
    "count": 30,
    "base": 4741.5
  },
  "array buffers memory": {
    "min": 164772031,
    "max": 164821183,
    "mean": 164779949.93333334,
    "median": 164772031,
    "variance": 203488988.7288889,
    "stdDev": 14264.95666761343,
    "confidence": 10652.048554718494,
    "low": 164774623.90905598,
    "high": 164785275.9576107,
    "count": 30,
    "base": 4741.5
  },
  "Compiler.make hook": {
    "min": 3003.235394,
    "max": 3229.302952,
    "mean": 3116.848524866666,
    "median": 3122.3391995,
    "variance": 2532.129230944158,
    "stdDev": 50.32026660247497,
    "confidence": 37.57557317733426,
    "low": 3098.060738277999,
    "high": 3135.6363114553333,
    "count": 30,
    "base": 4741.5
  },
  "Compiler.finish make hook": {
    "min": 0.099005,
    "max": 0.136807,
    "mean": 0.11029870000000001,
    "median": 0.1095055,
    "variance": 0.00006374380081000003,
    "stdDev": 0.007983971493561337,
    "confidence": 0.005961858419234051,
    "low": 0.10731777079038299,
    "high": 0.11327962920961704,
    "count": 30,
    "base": 4741.5
  },
  "Compiler.finish compilation": {
    "min": 309.825332,
    "max": 362.860736,
    "mean": 332.01279199999993,
    "median": 331.746219,
    "variance": 141.941324009093,
    "stdDev": 11.913913043542538,
    "confidence": 8.896457463800857,
    "low": 327.5645632680995,
    "high": 336.46102073190036,
    "count": 30,
    "base": 4741.5
  },
  "Compiler.seal compilation": {
    "min": 1353.139844,
    "max": 1504.771776,
    "mean": 1438.2561410333337,
    "median": 1444.6025705,
    "variance": 1529.2579822689938,
    "stdDev": 39.105728253914336,
    "confidence": 29.201358674551557,
    "low": 1423.655461696058,
    "high": 1452.8568203706095,
    "count": 30,
    "base": 4741.5
  },
  "Compiler.afterCompile hook": {
    "min": 0.080504,
    "max": 7.689977,
    "mean": 0.3475333666666666,
    "median": 0.087405,
    "variance": 1.8601166065431656,
    "stdDev": 1.3638609190614583,
    "confidence": 0.8567502213065041,
    "low": 0,
    "high": 0.8567502213065041,
    "count": 30,
    "base": 4741.5
  },
  "Compiler.emitAssets": {
    "min": 15.86198,
    "max": 25.153439,
    "mean": 19.275871133333332,
    "median": 17.5129435,
    "variance": 10.803705875462782,
    "stdDev": 3.2868991276677146,
    "confidence": 2.4544209925175764,
    "low": 18.048660637074544,
    "high": 20.50308162959212,
    "count": 30,
    "base": 4741.5
  },
  "Compiler.emitRecords": {
    "min": 0.098804,
    "max": 0.593228,
    "mean": 0.13887633333333332,
    "median": 0.1100985,
    "variance": 0.010897918099422222,
    "stdDev": 0.10439309411748567,
    "confidence": 0.07795329023608621,
    "low": 0.09989968821529022,
    "high": 0.17785297845137643,
    "count": 30,
    "base": 4741.5
  },
  "FlagDependencyExportsPlugin.restore cached provided exports": {
    "min": 79.1812,
    "max": 97.793617,
    "mean": 88.84754326666665,
    "median": 88.76410899999999,
    "variance": 23.27138811388434,
    "stdDev": 4.824042714765732,
    "confidence": 3.602249794724912,
    "low": 87.04641836930419,
    "high": 90.6486681640291,
    "count": 30,
    "base": 4741.5
  },
  "FlagDependencyExportsPlugin.figure out provided exports": {
    "min": 129.673075,
    "max": 161.69657,
    "mean": 145.68064653333334,
    "median": 144.691518,
    "variance": 46.59897450746292,
    "stdDev": 6.826344153898404,
    "confidence": 5.097425184863084,
    "low": 143.1319339409018,
    "high": 148.2293591257649,
    "count": 30,
    "base": 4741.5
  },
  "FlagDependencyExportsPlugin.store provided exports into cache": {
    "min": 0.109206,
    "max": 0.308016,
    "mean": 0.14761403333333334,
    "median": 0.137007,
    "variance": 0.0016430693285655557,
    "stdDev": 0.04053479158162227,
    "confidence": 0.03026848087542411,
    "low": 0.13247979289562128,
    "high": 0.1627482737710454,
    "count": 30,
    "base": 4741.5
  },
  "Compilation.finish modules": {
    "min": 213.891815,
    "max": 254.469928,
    "mean": 237.92293399999997,
    "median": 239.281028,
    "variance": 90.98814597754257,
    "stdDev": 9.538770674334433,
    "confidence": 7.122871155011694,
    "low": 234.36149842249412,
    "high": 241.48436957750582,
    "count": 30,
    "base": 4741.5
  },
  "Compilation.report dependency errors and warnings": {
    "min": 83.16909,
    "max": 107.947387,
    "mean": 93.63465253333335,
    "median": 92.4988315,
    "variance": 23.521983194923184,
    "stdDev": 4.849946720833455,
    "confidence": 3.62159305224921,
    "low": 91.82385600720875,
    "high": 95.44544905945796,
    "count": 30,
    "base": 4741.5
  },
  "Compilation.optimize dependencies": {
    "min": 118.247616,
    "max": 138.525793,
    "mean": 130.20891569999998,
    "median": 130.195964,
    "variance": 27.86418864215601,
    "stdDev": 5.278654055927136,
    "confidence": 3.9417210032541448,
    "low": 128.2380551983729,
    "high": 132.17977620162705,
    "count": 30,
    "base": 4741.5
  },
  "Compilation.create chunks": {
    "min": 180.622083,
    "max": 221.369803,
    "mean": 199.83057923333328,
    "median": 197.800703,
    "variance": 81.06688529928027,
    "stdDev": 9.003715083190952,
    "confidence": 6.723329938789959,