{
  "stats": {
    "min": 45124,
    "max": 46580,
    "mean": 45804.28571428572,
    "median": 45455,
    "variance": 326643.3469387755,
    "stdDev": 571.5272057730721,
    "confidence": 1057.1870959133812,
    "low": 45275.69216632903,
    "high": 46332.87926224241,
    "count": 7,
    "base": 55766
  },
  "heap memory": {
    "min": 1121600928,
    "max": 1159046600,
    "mean": 1138511866.2857144,
    "median": 1134336920,
    "variance": 194455685292319.34,
    "stdDev": 13944736.831232037,
    "confidence": 25794390.336932182,
    "low": 1125614671.1172483,
    "high": 1151409061.4541805,
    "count": 7,
    "base": 55766
  },
  "rss memory": {
    "min": 1279254528,
    "max": 1488203776,
    "mean": 1381772726.857143,
    "median": 1418489856,
    "variance": 5889351883605639,
    "stdDev": 76742112.84298627,
    "confidence": 141954347.21430874,
    "low": 1310795553.2499886,
    "high": 1452749900.4642973,
    "count": 7,
    "base": 55766
  },
  "external memory": {
    "min": 29544234,
    "max": 29544234,
    "mean": 29544234,
    "median": 29544234,
    "variance": 0,
    "stdDev": 0,
    "confidence": 0,
    "low": 29544234,
    "high": 29544234,
    "count": 7,
    "base": 55766
  },
  "array buffers memory": {
    "min": 14222621,
    "max": 14222621,
    "mean": 14222621,
    "median": 14222621,
    "variance": 0,
    "stdDev": 0,
    "confidence": 0,
    "low": 14222621,
    "high": 14222621,
    "count": 7,
    "base": 55766
  },
  "buildChunkGraph.visitModules.prepare": {
    "min": 37.524564,
    "max": 39.663867,
    "mean": 38.68768685714286,
    "median": 38.668051,
    "variance": 0.3687059087546954,
    "stdDev": 0.6072115848324169,
    "confidence": 1.1231945662247824,
    "low": 38.126089574030466,
    "high": 39.24928414025525,
    "count": 7,
    "base": 55766
  },
  "buildChunkGraph.visitModules.visiting": {
    "min": 15.463304,
    "max": 16.342104,
    "mean": 16.00073542857143,
    "median": 16.113214,
    "variance": 0.07404674026938758,
    "stdDev": 0.27211530693694463,
    "confidence": 0.5033475015509108,
    "low": 15.749061677795977,
    "high": 16.252409179346888,
    "count": 7,
    "base": 55766
  },
  "exec": {
    "min": 45960,
    "max": 47406,
    "mean": 46642.142857142855,
    "median": 46298,
    "variance": 321557.55102040817,
    "stdDev": 567.0604474131555,
    "confidence": 1048.924673318339,
    "low": 46117.680520483686,
    "high": 47166.605193802025,
    "count": 7,
    "base": 55766
  },
  "main.js size": {
    "min": 6972829,
    "max": 6972829,
    "mean": 6972829,
    "median": 6972829,
    "variance": 0,
    "stdDev": 0,
    "confidence": 0,
    "low": 6972829,
    "high": 6972829,
    "count": 7,
    "base": 55766
  },
  "main.js gzip size": {
    "min": 985347,
    "max": 985347,
    "mean": 985347,
    "median": 985347,
    "variance": 0,
    "stdDev": 0,
    "confidence": 0,
    "low": 985347,
    "high": 985347,
    "count": 7,
    "base": 55766
  }
}