{
  "stats": {
    "min": 5372,
    "max": 5997,
    "mean": 5689.533333333334,
    "median": 5698,
    "variance": 33108.78222222222,
    "stdDev": 181.95818811535307,
    "confidence": 135.87335032933697,
    "low": 5621.596658168665,
    "high": 5757.470008498002,
    "count": 30,
    "base": 2165.5
  },
  "heap memory": {
    "min": 212509088,
    "max": 224408200,
    "mean": 218193093.06666666,
    "median": 217923108,
    "variance": 9142703240479.93,
    "stdDev": 3023690.334753202,
    "confidence": 2257875.5064371824,
    "low": 217064155.31344807,
    "high": 219322030.81988525,
    "count": 30,
    "base": 2165.5
  },
  "rss memory": {
    "min": 321032192,
    "max": 338034688,
    "mean": 327142604.8,
    "median": 326897664,
    "variance": 16846315089210.025,
    "stdDev": 4104426.280152931,
    "confidence": 3064891.7514533997,
    "low": 325610158.9242733,
    "high": 328675050.6757267,
    "count": 30,
    "base": 2165.5
  },
  "external memory": {
    "min": 33836627,
    "max": 33836627,
    "mean": 33836627,
    "median": 33836627,
    "variance": 0,
    "stdDev": 0,
    "confidence": 0,
    "low": 33836627,
    "high": 33836627,
    "count": 30,
    "base": 2165.5
  },
  "array buffers memory": {
    "min": 13421541,
    "max": 13421541,
    "mean": 13421541,
    "median": 13421541,
    "variance": 0,
    "stdDev": 0,
    "confidence": 0,
    "low": 13421541,
    "high": 13421541,
    "count": 30,
    "base": 2165.5
  },
  "buildChunkGraph.visitModules.prepare": {
    "min": 29.161469,
    "max": 41.89947,
    "mean": 36.16228156666667,
    "median": 36.1257995,
    "variance": 8.604733572225317,
    "stdDev": 2.9333826160638026,
    "confidence": 2.190440166340565,
    "low": 35.06706148349639,
    "high": 37.257501649836954,
    "count": 30,
    "base": 2165.5
  },
  "buildChunkGraph.visitModules.visiting": {
    "min": 12.661828,
    "max": 25.097561,
    "mean": 15.514836666666667,
    "median": 14.3944915,
    "variance": 7.9675994221818875,
    "stdDev": 2.8226936465337302,
    "confidence": 2.1077855670047096,
    "low": 14.460943883164314,
    "high": 16.568729450169023,
    "count": 30,
    "base": 2165.5
  },
  "exec": {
    "min": 6155,
    "max": 6866,
    "mean": 6493.366666666667,
    "median": 6494,
    "variance": 32390.8988888889,
    "stdDev": 179.97471736021396,
    "confidence": 134.39223634610607,
    "low": 6426.170548493614,
    "high": 6560.56278483972,
    "count": 30,
    "base": 2165.5
  },
  "main.js size": {
    "min": 19249308,
    "max": 19249308,
    "mean": 19249308,
    "median": 19249308,
    "variance": 0,
    "stdDev": 0,
    "confidence": 0,
    "low": 19249308,
    "high": 19249308,
    "count": 30,
    "base": 2165.5
  },
  "main.js gzip size": {
    "min": 2773633,
    "max": 2773633,
    "mean": 2773633,
    "median": 2773633,
    "variance": 0,
    "stdDev": 0,
    "confidence": 0,
    "low": 2773633,
    "high": 2773633,
    "count": 30,
    "base": 2165.5
  }
}