{
  "stats": {
    "min": 149.36363636363637,
    "max": 165.63636363636363,
    "mean": 155.75757575757572,
    "median": 153.54545454545453,
    "variance": 23.724517906336054,
    "stdDev": 4.8707820631122525,
    "confidence": 7.488015625024559,
    "low": 152.01356794506344,
    "high": 159.501583570088,
    "count": 9,
    "base": 440.72727272727275
  },
  "heap memory": {
    "min": 262499355.63636363,
    "max": 393908045.09090906,
    "mean": 297216425.85858583,
    "median": 276882499.6363636,
    "variance": 1900012990723741,
    "stdDev": 43589138.44897305,
    "confidence": 67011035.50888789,
    "low": 263710908.1041419,
    "high": 330721943.6130298,
    "count": 9,
    "base": 440.72727272727275
  },
  "rss memory": {
    "min": 523549975.27272725,
    "max": 703868928,
    "mean": 596790965.010101,
    "median": 585498996.3636364,
    "variance": 2406698184397927,
    "stdDev": 49058110.28156228,
    "confidence": 75418668.20618844,
    "low": 559081630.9070067,
    "high": 634500299.1131952,
    "count": 9,
    "base": 440.72727272727275
  },
  "external memory": {
    "min": 13484490.818181818,
    "max": 19045455.363636363,
    "mean": 16012579.707070705,
    "median": 16011594.818181818,
    "variance": 4299508277134.387,
    "stdDev": 2073525.5670317614,
    "confidence": 3187699.9717168286,
    "low": 14418729.72121229,
    "high": 17606429.69292912,
    "count": 9,
    "base": 440.72727272727275
  },
  "array buffers memory": {
    "min": 6742383,
    "max": 6760934.181818182,
    "mean": 6747526.2727272725,
    "median": 6745744.181818182,
    "variance": 26929755.48209367,
    "stdDev": 5189.388738772002,
    "confidence": 7977.820287737995,
    "low": 6743537.3625834035,
    "high": 6751515.1828711415,
    "count": 9,
    "base": 440.72727272727275
  },
  "buildChunkGraph.visitModules.prepare": {
    "min": 6.760392636363637,
    "max": 15.071406181818185,
    "mean": 9.188933868686869,
    "median": 7.447981272727272,
    "variance": 6.111460114723365,
    "stdDev": 2.4721367508136285,
    "confidence": 3.800498231584151,
    "low": 7.288684752894793,
    "high": 11.089182984478944,
    "count": 9,
    "base": 440.72727272727275
  },
  "buildChunkGraph.visitModules.visiting": {
    "min": 1.4629767272727272,
    "max": 2.162556818181818,
    "mean": 1.642776878787879,
    "median": 1.598144,
    "variance": 0.03774779455781451,
    "stdDev": 0.19428791665416179,
    "confidence": 0.2986852905363313,
    "low": 1.4934342335197133,
    "high": 1.7921195240560446,
    "count": 9,
    "base": 440.72727272727275
  },
  "exec": {
    "min": 678.1818181818181,
    "max": 699.1818181818181,
    "mean": 686.2626262626262,
    "median": 683.0909090909091,
    "variance": 43.01459034792365,
    "stdDev": 6.558550933546499,
    "confidence": 10.082678968505434,
    "low": 681.2212867783735,
    "high": 691.3039657468789,
    "count": 9,
    "base": 440.72727272727275
  },
  "main.js size": {
    "min": 5554446,
    "max": 5554446,
    "mean": 5554446,
    "median": 5554446,
    "variance": 0,
    "stdDev": 0,
    "confidence": 0,
    "low": 5554446,
    "high": 5554446,
    "count": 9,
    "base": 440.72727272727275
  },
  "main.js gzip size": {
    "min": 703790,
    "max": 703790,
    "mean": 703790,
    "median": 703790,
    "variance": 0,
    "stdDev": 0,
    "confidence": 0,
    "low": 703790,
    "high": 703790,
    "count": 9,
    "base": 440.72727272727275
  }
}