{
  "stats": {
    "min": 31610,
    "max": 32707,
    "mean": 32156.11111111111,
    "median": 32319,
    "variance": 187197.65432098767,
    "stdDev": 432.66344232091956,
    "confidence": 665.1479319946957,
    "low": 31823.53714511376,
    "high": 32488.685077108457,
    "count": 9,
    "base": 35555
  },
  "heap memory": {
    "min": 495230528,
    "max": 1208242936,
    "mean": 892803368,
    "median": 883567360,
    "variance": 30163519694504660,
    "stdDev": 173676479.96923664,
    "confidence": 266998641.8727064,
    "low": 759304047.0636468,
    "high": 1026302688.9363532,
    "count": 9,
    "base": 35555
  },
  "rss memory": {
    "min": 926015488,
    "max": 1353396224,
    "mean": 1094116693.3333333,
    "median": 1065275392,
    "variance": 12108738107160804,
    "stdDev": 110039711.50071597,
    "confidence": 169167716.48043394,
    "low": 1009532835.0931163,
    "high": 1178700551.5735502,
    "count": 9,
    "base": 35555
  },
  "external memory": {
    "min": 15161925,
    "max": 15161925,
    "mean": 15161925,
    "median": 15161925,
    "variance": 0,
    "stdDev": 0,
    "confidence": 0,
    "low": 15161925,
    "high": 15161925,
    "count": 9,
    "base": 35555
  },
  "array buffers memory": {
    "min": 7486120,
    "max": 7486120,
    "mean": 7486120,
    "median": 7486120,
    "variance": 0,
    "stdDev": 0,
    "confidence": 0,
    "low": 7486120,
    "high": 7486120,
    "count": 9,
    "base": 35555
  },
  "buildChunkGraph.visitModules.prepare": {
    "min": 12.666323,
    "max": 14.279149,
    "mean": 13.085831888888888,
    "median": 12.886221,
    "variance": 0.2879036939987654,
    "stdDev": 0.5365665792786254,
    "confidence": 0.8248816878776744,
    "low": 12.673391044950051,
    "high": 13.498272732827726,
    "count": 9,
    "base": 35555
  },
  "buildChunkGraph.visitModules.visiting": {
    "min": 5.099945,
    "max": 6.389759,
    "mean": 5.4184498888888895,
    "median": 5.152948,
    "variance": 0.26885767329076526,
    "stdDev": 0.5185148727768233,
    "confidence": 0.7971301977489027,
    "low": 5.019884790014438,
    "high": 5.817014987763341,
    "count": 9,
    "base": 35555
  },
  "exec": {
    "min": 32349,
    "max": 33436,
    "mean": 32889.11111111111,
    "median": 33050,
    "variance": 184444.98765432098,
    "stdDev": 429.47058997598543,
    "confidence": 660.2394536564134,
    "low": 32558.9913842829,
    "high": 33219.230837939314,
    "count": 9,
    "base": 35555
  },
  "main.js size": {
    "min": 1506296,
    "max": 1506296,
    "mean": 1506296,
    "median": 1506296,
    "variance": 0,
    "stdDev": 0,
    "confidence": 0,
    "low": 1506296,
    "high": 1506296,
    "count": 9,
    "base": 35555
  },
  "main.js gzip size": {
    "min": 363670,
    "max": 363670,
    "mean": 363670,
    "median": 363670,
    "variance": 0,
    "stdDev": 0,
    "confidence": 0,
    "low": 363670,
    "high": 363670,
    "count": 9,
    "base": 35555
  },
  "main.js.map size": {
    "min": 4935348,
    "max": 4935348,
    "mean": 4935348,
    "median": 4935348,
    "variance": 0,
    "stdDev": 0,
    "confidence": 0,
    "low": 4935348,
    "high": 4935348,
    "count": 9,
    "base": 35555
  },
  "main.js.map gzip size": {
    "min": 1089086,
    "max": 1089086,
    "mean": 1089086,
    "median": 1089086,
    "variance": 0,
    "stdDev": 0,
    "confidence": 0,
    "low": 1089086,
    "high": 1089086,
    "count": 9,
    "base": 35555
  }
}