{
  "cache.PackFileCacheStrategy.restore cache container": {
    "min": 39.489103,
    "max": 42.316515,
    "mean": 40.59727710000001,
    "median": 40.520395,
    "variance": 0.3302351412014905,
    "stdDev": 0.5746608923543436,
    "confidence": 0.42911562022111127,
    "low": 40.38271928988945,
    "high": 40.81183491011056,
    "count": 30,
    "base": 1258.5
  },
  "cache.PackFileCacheStrategy.check build dependencies": {
    "min": 15.099977,
    "max": 20.725991,
    "mean": 17.716213433333333,
    "median": 18.8016175,
    "variance": 3.5182453775874447,
    "stdDev": 1.8756986371982693,
    "confidence": 1.4006374798738435,
    "low": 17.01589469339641,
    "high": 18.416532173270255,
    "count": 30,
    "base": 1258.5
  },
  "cache.PackFileCacheStrategy.restore cache content metadata": {
    "min": 44.717508,
    "max": 57.096075,
    "mean": 50.358354899999995,
    "median": 50.546847,
    "variance": 12.283000423247758,
    "stdDev": 3.504711175439106,
    "confidence": 2.6170674388211097,
    "low": 49.04982118058944,
    "high": 51.66688861941055,
    "count": 30,
    "base": 1258.5
  },
  "cache.PackFileCacheStrategy.restore cache content": {
    "min": 274.400084,
    "max": 318.867268,
    "mean": 288.3275919999999,
    "median": 285.9648935,
    "variance": 114.2912370916336,
    "stdDev": 10.690707978970972,
    "confidence": 7.983055478517258,
    "low": 284.3360642607413,
    "high": 292.31911973925855,
    "count": 30,
    "base": 1258.5
  },
  "stats": {
    "min": 1122,
    "max": 1214,
    "mean": 1167.8,
    "median": 1166.5,
    "variance": 349.1600000000001,
    "stdDev": 18.685823503394225,
    "confidence": 13.953235462310204,
    "low": 1160.8233822688449,
    "high": 1174.776617731155,
    "count": 30,
    "base": 1258.5
  },
  "heap memory": {
    "min": 74708144,
    "max": 103851968,
    "mean": 85475488,
    "median": 82774100,
    "variance": 45812921560631.47,
    "stdDev": 6768524.326663196,
    "confidence": 5054249.476623267,
    "low": 82948363.26168837,
    "high": 88002612.73831163,
    "count": 30,
    "base": 1258.5
  },
  "rss memory": {
    "min": 202874880,
    "max": 266350592,
    "mean": 217087863.46666667,
    "median": 209696768,
    "variance": 370855249880605.6,
    "stdDev": 19257602.39179856,
    "confidence": 14380199.008274972,
    "low": 209897763.96252918,
    "high": 224277962.97080415,
    "count": 30,
    "base": 1258.5
  },
  "external memory": {
    "min": 45700737,
    "max": 83984595,
    "mean": 50805251.4,
    "median": 45700737,
    "variance": 169364437188747.88,
    "stdDev": 13014009.266507685,
    "confidence": 9717930.578295454,
    "low": 45946286.11085227,
    "high": 55664216.689147726,
    "count": 30,
    "base": 1258.5
  },
  "array buffers memory": {
    "min": 44211421,
    "max": 82495279,
    "mean": 49315935.4,
    "median": 44211421,
    "variance": 169364437188747.88,
    "stdDev": 13014009.266507685,
    "confidence": 9717930.578295454,
    "low": 44456970.11085227,
    "high": 54174900.689147726,
    "count": 30,
    "base": 1258.5
  },
  "Compiler.make hook": {
    "min": 858.366217,
    "max": 930.863696,
    "mean": 898.3303204666668,
    "median": 898.194733,
    "variance": 236.63186399971846,
    "stdDev": 15.382843170224367,
    "confidence": 11.486806176615119,
    "low": 892.5869173783592,
    "high": 904.0737235549743,
    "count": 30,
    "base": 1258.5
  },
  "Compiler.finish make hook": {
    "min": 0.087403,
    "max": 0.123705,
    "mean": 0.09706030000000003,
    "median": 0.0964035,
    "variance": 0.00004926328407666668,
    "stdDev": 0.007018780811271049,
    "confidence": 0.005241123105985623,
    "low": 0.09443973844700722,
    "high": 0.09968086155299284,
    "count": 30,
    "base": 1258.5
  },
  "Compiler.finish compilation": {
    "min": 67.571869,
    "max": 87.830852,
    "mean": 78.07473653333334,
    "median": 78.788082,
    "variance": 22.053742465779035,
    "stdDev": 4.696141231455782,
    "confidence": 3.506742122168845,
    "low": 76.32136547224891,
    "high": 79.82810759441776,
    "count": 30,
    "base": 1258.5
  },
  "Compiler.seal compilation": {
    "min": 158.884342,
    "max": 179.791186,
    "mean": 166.4615017333334,
    "median": 165.83043800000002,
    "variance": 24.90974448833321,
    "stdDev": 4.99096628803814,
    "confidence": 3.726896370866257,
    "low": 164.59805354790026,
    "high": 168.32494991876652,
    "count": 30,
    "base": 1258.5
  },
  "Compiler.afterCompile hook": {
    "min": 0.054502,
    "max": 0.066002,
    "mean": 0.058115400000000005,
    "median": 0.0580025,
    "variance": 0.00000667388050666667,
    "stdDev": 0.002583385473882415,
    "confidence": 0.001929087353332054,
    "low": 0.05715085632333398,
    "high": 0.05907994367666603,
    "count": 30,
    "base": 1258.5
  },
  "Compiler.emitAssets": {
    "min": 4.626175,
    "max": 8.925541,
    "mean": 5.6968700666666665,
    "median": 5.1514445,
    "variance": 1.6531827268951953,
    "stdDev": 1.2857615357814975,
    "confidence": 0.96011468019495,
    "low": 5.2168127265691915,
    "high": 6.1769274067641415,
    "count": 30,
    "base": 1258.5
  },
  "Compiler.emitRecords": {
    "min": 0.069403,
    "max": 0.101304,
    "mean": 0.07686296666666666,
    "median": 0.076403,
    "variance": 0.00003748993743222223,
    "stdDev": 0.00612290269661557,
    "confidence": 0.0045721454568577735,
    "low": 0.07457689393823777,
    "high": 0.07914903939509554,
    "count": 30,
    "base": 1258.5
  },
  "Compilation.compute affected modules": {
    "min": 0.25721,
    "max": 0.289411,
    "mean": 0.26591013333333335,
    "median": 0.26331,
    "variance": 0.00006930626031555557,
    "stdDev": 0.00832503815700298,
    "confidence": 0.006216542589962848,
    "low": 0.26280186203835193,
    "high": 0.2690184046283148,
    "count": 30,
    "base": 1258.5
  },
  "Compilation.finish modules": {
    "min": 37.157113,
    "max": 54.398976,
    "mean": 46.133385,
    "median": 46.824287,
    "variance": 17.520544704451467,
    "stdDev": 4.1857549742491456,
    "confidence": 3.125622198701862,
    "low": 44.570573900649066,
    "high": 47.69619609935093,
    "count": 30,
    "base": 1258.5
  },
  "Compilation.report dependency errors and warnings": {
    "min": 26.575013,
    "max": 36.069272,
    "mean": 31.240291566666663,
    "median": 31.375733,
    "variance": 6.006597538338844,
    "stdDev": 2.45083608965162,
    "confidence": 1.830108961064763,
    "low": 30.325237086134283,
    "high": 32.155346047199046,
    "count": 30,
    "base": 1258.5
  },
  "Compilation.optimize dependencies": {
    "min": 0.618824,
    "max": 0.747429,
    "mean": 0.6678854333333334,
    "median": 0.664175,
    "variance": 0.0010537371901122223,
    "stdDev": 0.03246131836682272,
    "confidence": 0.024239788977296728,
    "low": 0.655765538844685,
    "high": 0.6800053278219818,
    "count": 30,
    "base": 1258.5
  },
  "Compilation.create chunks": {
    "min": 28.695292,
    "max": 48.097242,
    "mean": 34.41468573333332,
    "median": 33.9225905,
    "variance": 23.324585795200132,
    "stdDev": 4.829553374298718,
    "confidence": 3.6063647608114877,
    "low": 32.61150335292758,
    "high": 36.217868113739065,
    "count": 30,
    "base": 1258.5
  },
  "Compilation.compute affected modules with chunk graph": {
    "min": 0.146006,
    "max": 0.175206,
    "mean": 0.15108236666666666,
    "median": 0.1501555,
    "variance": 0.000026981061765555552,
    "stdDev": 0.005194329770582106,
    "confidence": 0.0038787536628853148,
    "low": 0.149142989835224,
    "high": 0.15302174349810932,
    "count": 30,
    "base": 1258.5
  },
  "Compilation.optimize": {
    "min": 23.269791,
    "max": 30.496368,
    "mean": 25.831509166666663,
    "median": 25.950635499999997,
    "variance": 5.048258495018873,
    "stdDev": 2.24683299224016,
    "confidence": 1.67777405044626,
    "low": 24.992622141443533,
    "high": 26.670396191889793,
    "count": 30,