{
  "stats": {
    "min": 6600,
    "max": 8142,
    "mean": 7058.733333333334,
    "median": 6797,
    "variance": 206478.52888888895,
    "stdDev": 454.39908548421283,
    "confidence": 339.312711182778,
    "low": 6889.076977741945,
    "high": 7228.389688924723,
    "count": 30,
    "base": 5198
  },
  "heap memory": {
    "min": 219155152,
    "max": 738835856,
    "mean": 405547276.8,
    "median": 321575308,
    "variance": 30298292588331210,
    "stdDev": 174064047.37432486,
    "confidence": 129978571.08601439,
    "low": 340557991.2569928,
    "high": 470536562.3430072,
    "count": 30,
    "base": 5198
  },
  "rss memory": {
    "min": 423448576,
    "max": 866754560,
    "mean": 574463863.4666667,
    "median": 449628160,
    "variance": 36008807839055804,
    "stdDev": 189759868.884482,
    "confidence": 141699087.08392215,
    "low": 503614319.9247056,
    "high": 645313407.0086278,
    "count": 30,
    "base": 5198
  },
  "external memory": {
    "min": 43318888,
    "max": 43409000,
    "mean": 43357390.4,
    "median": 43351656,
    "variance": 461485288.10666645,
    "stdDev": 21482.208641260946,
    "confidence": 16041.375718206167,
    "low": 43349369.712140895,
    "high": 43365411.0878591,
    "count": 30,
    "base": 5198
  },
  "array buffers memory": {
    "min": 41808349,
    "max": 41898461,
    "mean": 41846851.4,
    "median": 41841117,
    "variance": 461485288.10666645,
    "stdDev": 21482.208641260946,
    "confidence": 16041.375718206167,
    "low": 41838830.712140895,
    "high": 41854872.0878591,
    "count": 30,
    "base": 5198
  },
  "Compiler.make hook": {
    "min": 3831.726506,
    "max": 4434.56484,
    "mean": 3985.3973789999995,
    "median": 3975.3309895,
    "variance": 11881.089551280986,
    "stdDev": 109.00041078491854,
    "confidence": 81.39370453189895,
    "low": 3944.70052673405,
    "high": 4026.094231265949,
    "count": 30,
    "base": 5198
  },
  "Compiler.finish make hook": {
    "min": 0.090139,
    "max": 0.127329,
    "mean": 0.09936256666666667,
    "median": 0.096887,
    "variance": 0.00008314056437888886,
    "stdDev": 0.009118144788217,
    "confidence": 0.006808777851632614,
    "low": 0.09595817774085036,
    "high": 0.10276695559248297,
    "count": 30,
    "base": 5198
  },
  "Compiler.finish compilation": {
    "min": 160.788164,
    "max": 186.63454,
    "mean": 171.14429049999998,
    "median": 169.66347050000002,
    "variance": 32.84987093029803,
    "stdDev": 5.731480692656832,
    "confidence": 4.279859522262825,
    "low": 169.00436073886857,
    "high": 173.2842202611314,
    "count": 30,
    "base": 5198
  },
  "Compiler.seal compilation": {
    "min": 2489.824054,
    "max": 3463.0953799999997,
    "mean": 2828.5030858999994,
    "median": 2560.6707035,
    "variance": 166942.70616381528,
    "stdDev": 408.58622855379656,
    "confidence": 305.1029489084476,
    "low": 2675.9516114457756,
    "high": 2981.054560354223,
    "count": 30,
    "base": 5198
  },
  "Compiler.afterCompile hook": {
    "min": 0.055264,
    "max": 0.097753,
    "mean": 0.06884456666666668,
    "median": 0.0618615,
    "variance": 0.00015288509371222227,
    "stdDev": 0.012364671193049263,
    "confidence": 0.009233051384613555,
    "low": 0.0642280409743599,
    "high": 0.07346109235897345,
    "count": 30,
    "base": 5198
  },
  "Compiler.emitAssets": {
    "min": 49.699182,
    "max": 115.144795,
    "mean": 55.53382733333332,
    "median": 52.178333,
    "variance": 166.10731354103976,
    "stdDev": 12.888262626942382,
    "confidence": 9.624031988804319,
    "low": 50.72181133893116,
    "high": 60.34584332773548,
    "count": 30,
    "base": 5198
  },
  "Compiler.emitRecords": {
    "min": 0.061165,
    "max": 0.12835,
    "mean": 0.07292016666666666,
    "median": 0.0674315,
    "variance": 0.00024172677333888885,
    "stdDev": 0.015547564868457339,
    "confidence": 0.011609808550087114,
    "low": 0.0671152623916231,
    "high": 0.07872507094171022,
    "count": 30,
    "base": 5198
  },
  "Compilation.compute affected modules": {
    "min": 0.206978,
    "max": 0.251872,
    "mean": 0.22083539999999993,
    "median": 0.2180685,
    "variance": 0.00009907922557333332,
    "stdDev": 0.009953854809737447,
    "confidence": 0.007432826275635407,
    "low": 0.21711898686218223,
    "high": 0.22455181313781764,
    "count": 30,
    "base": 5198
  },
  "Compilation.finish modules": {
    "min": 128.391135,
    "max": 148.860687,
    "mean": 135.6138568,
    "median": 134.255079,
    "variance": 24.528375628190034,
    "stdDev": 4.952613010138187,
    "confidence": 3.6982568882557416,
    "low": 133.76472835587214,
    "high": 137.46298524412788,
    "count": 30,
    "base": 5198
  },
  "Compilation.report dependency errors and warnings": {
    "min": 31.468476,
    "max": 39.525262,
    "mean": 34.905980299999996,
    "median": 35.0441115,
    "variance": 4.384327876219943,
    "stdDev": 2.0938786679795807,
    "confidence": 1.5635587095489853,
    "low": 34.1242009452255,
    "high": 35.68775965477449,
    "count": 30,
    "base": 5198
  },
  "Compilation.optimize dependencies": {
    "min": 142.207606,
    "max": 169.243016,
    "mean": 155.4166311333334,
    "median": 155.53453000000002,
    "variance": 43.1946241564498,
    "stdDev": 6.572261723063819,
    "confidence": 4.907694612719581,
    "low": 152.9627838269736,
    "high": 157.8704784396932,
    "count": 30,
    "base": 5198
  },
  "Compilation.create chunks": {
    "min": 74.766837,
    "max": 91.005049,
    "mean": 82.06625866666667,
    "median": 81.672939,
    "variance": 21.24879284669455,
    "stdDev": 4.609641292627285,
    "confidence": 3.442150159511698,
    "low": 80.34518358691082,
    "high": 83.78733374642252,
    "count": 30,
    "base": 5198
  },
  "Compilation.compute affected modules with chunk graph": {
    "min": 0.12292,
    "max": 0.187852,
    "mean": 0.14026740000000001,
    "median": 0.13498300000000002,
    "variance": 0.0002772959041066666,
    "stdDev": 0.01665220418162913,
    "confidence": 0.012434674119153999,
    "low": 0.13405006294042301,
    "high": 0.146484737059577,
    "count": 30,
    "base": 5198
  },
  "Compilation.optimize": {
    "min": 92.848627,
    "max": 105.805498,
    "mean": 98.90083863333335,
    "median": 95.03062399999999,
    "variance": 11.372375851531043,
    "stdDev": 3.372295338716798,
    "confidence": 2.518188770273838,
    "low": 97.64174424819643,
    "high": 100.15993301847027,
    "count": 30,
    "base": 5198
  },
  "Compilation.module hashing": {
    "min": 90.562885,
    "max": 105.21217,
    "mean": 97.74008719999999,
    "median": 94.7034985,
    "variance": 14.05165795273857,
    "stdDev": 3.7485541149540005,
    "confidence": 2.7991518917891653,
    "low": 96.34051125410541,
    "high": 99.13966314589457,
    "count": 30,
    "base": 5198
  },
  "Compilation.code generation": {
    "min": 382.671647,
    "max": 437.183661,
    "mean": 401.5862442333333,
    "median": 399.7000755,
    "variance": 149.10593715124142,
    "stdDev": 12.210894199494213,
    "confidence": 9.118221733173755,
    "low": 397.0271333667464,
    "high": 406.14535509992015,
    "count": 30,
    "base": 5198
  },
  "Compilation.runtime requirements.modules": {
    "min": 10.643901,
    "max": 17.501023,
    "mean": 13.242537866666662,
    "median": 11.9984065,
    "variance": 5.159916025672916,
    "stdDev": 2.2715448544268098,
    "confidence": 1.6962271002537683,
    "low": 12.394424316539778,
    "high": 14.090651416793547,
    "count": 30,
    "base": 5198
  },
  "Compilation.runtime requirements.chunks": {
    "min": 2.746211,
    "max": 8.26314,
    "mean": 3.9207628,
    "median": 3.5910705,
    "variance": 1.5344128579926268,
    "stdDev": 1.2387141954432535,
    "confidence": 0.9249830940758943,
    "low": 3.4582712529620525,
    "high": 4.383254347037947,
    "count": 30,
    "base": 5198
  },
  "Compilation.runtime requirements.entries": {
    "min": 1.614397,