{
  "stats": {
    "min": 5007,
    "max": 5603,
    "mean": 5465.866666666667,
    "median": 5504.5,
    "variance": 24965.515555555547,
    "stdDev": 158.00479598909504,
    "confidence": 117.98667167168969,
    "low": 5406.873330830822,
    "high": 5524.860002502512,
    "count": 30,
    "base": 4851
  },
  "heap memory": {
    "min": 202006296,
    "max": 445979304,
    "mean": 258173692.53333333,
    "median": 214920976,
    "variance": 6351791917363827,
    "stdDev": 79698129.94897576,
    "confidence": 59512858.65896374,
    "low": 228417263.20385146,
    "high": 287930121.8628152,
    "count": 30,
    "base": 4851
  },
  "rss memory": {
    "min": 404230144,
    "max": 586792960,
    "mean": 551930538.6666666,
    "median": 564719616,
    "variance": 2080165343200688,
    "stdDev": 45608829.662694566,
    "confidence": 34057409.315054834,
    "low": 534901834.00913924,
    "high": 568959243.3241941,
    "count": 30,
    "base": 4851
  },
  "external memory": {
    "min": 43218131,
    "max": 43291859,
    "mean": 43256087.266666666,
    "median": 43254995,
    "variance": 328758868.19555587,
    "stdDev": 18131.70891547611,
    "confidence": 13539.462351545691,
    "low": 43249317.53549089,
    "high": 43262856.99784244,
    "count": 30,
    "base": 4851
  },
  "array buffers memory": {
    "min": 41758178,
    "max": 41831906,
    "mean": 41796134.266666666,
    "median": 41795042,
    "variance": 328758868.19555587,
    "stdDev": 18131.70891547611,
    "confidence": 13539.462351545691,
    "low": 41789364.53549089,
    "high": 41802903.99784244,
    "count": 30,
    "base": 4851
  },
  "Compiler.make hook": {
    "min": 3921.664347,
    "max": 4461.735264,
    "mean": 4334.927106333333,
    "median": 4364.4139374999995,
    "variance": 19632.06930857232,
    "stdDev": 140.1144864336744,
    "confidence": 104.62746908288864,
    "low": 4282.613371791888,
    "high": 4387.240840874777,
    "count": 30,
    "base": 4851
  },
  "Compiler.finish make hook": {
    "min": 0.090549,
    "max": 0.160832,
    "mean": 0.10259243333333333,
    "median": 0.098344,
    "variance": 0.0002476553238455555,
    "stdDev": 0.015737068464156706,
    "confidence": 0.01175131627070039,
    "low": 0.09671677519798313,
    "high": 0.10846809146868353,
    "count": 30,
    "base": 4851
  },
  "Compiler.finish compilation": {
    "min": 155.989576,
    "max": 172.636239,
    "mean": 162.5799283666667,
    "median": 162.11455999999998,
    "variance": 13.773329887488895,
    "stdDev": 3.711243711680613,
    "confidence": 2.771291153300808,
    "low": 161.1942827900163,
    "high": 163.9655739433171,
    "count": 30,
    "base": 4851
  },
  "Compiler.seal compilation": {
    "min": 828.992541,
    "max": 935.52724,
    "mean": 883.7708325000001,
    "median": 898.6220615,
    "variance": 1128.7586969705385,
    "stdDev": 33.597004285658244,
    "confidence": 25.08783792915915,
    "low": 871.2269135354205,
    "high": 896.3147514645797,
    "count": 30,
    "base": 4851
  },
  "Compiler.afterCompile hook": {
    "min": 0.055905,
    "max": 0.103574,
    "mean": 0.06166936666666667,
    "median": 0.058594999999999994,
    "variance": 0.00007349851423222223,
    "stdDev": 0.00857312744756674,
    "confidence": 0.006401797913940625,
    "low": 0.05846846770969636,
    "high": 0.06487026562363699,
    "count": 30,
    "base": 4851
  },
  "Compiler.emitAssets": {
    "min": 60.953633,
    "max": 103.880993,
    "mean": 67.13428426666667,
    "median": 63.365936500000004,
    "variance": 124.98869151079036,
    "stdDev": 11.179834145048412,
    "confidence": 8.348299887724949,
    "low": 62.960134322804194,
    "high": 71.30843421052914,
    "count": 30,
    "base": 4851
  },
  "Compiler.emitRecords": {
    "min": 0.061775,
    "max": 0.101911,
    "mean": 0.07009359999999999,
    "median": 0.064556,
    "variance": 0.00011029699644,
    "stdDev": 0.010502237687274079,
    "confidence": 0.00784231935536922,
    "low": 0.06617244032231538,
    "high": 0.0740147596776846,
    "count": 30,
    "base": 4851
  },
  "Compilation.compute affected modules": {
    "min": 0.209202,
    "max": 0.345739,
    "mean": 0.2296908,
    "median": 0.21674100000000002,
    "variance": 0.0012679528167599998,
    "stdDev": 0.035608325104671795,
    "confidence": 0.02658974834658584,
    "low": 0.21639592582670708,
    "high": 0.24298567417329292,
    "count": 30,
    "base": 4851
  },
  "Compilation.finish modules": {
    "min": 123.160307,
    "max": 140.934571,
    "mean": 130.58416956666667,
    "median": 130.7550325,
    "variance": 13.048173457029188,
    "stdDev": 3.612225554561784,
    "confidence": 2.6973514812776784,
    "low": 129.23549382602783,
    "high": 131.9328453073055,
    "count": 30,
    "base": 4851
  },
  "Compilation.report dependency errors and warnings": {
    "min": 29.438352,
    "max": 34.694248,
    "mean": 31.393103966666665,
    "median": 30.920538,
    "variance": 1.8877900310985003,
    "stdDev": 1.3739687154729907,
    "confidence": 1.0259814881244012,
    "low": 30.880113222604464,
    "high": 31.906094710728865,
    "count": 30,
    "base": 4851
  },
  "Compilation.optimize dependencies": {
    "min": 131.725548,
    "max": 153.355078,
    "mean": 141.5710962,
    "median": 142.044387,
    "variance": 34.73021982474869,
    "stdDev": 5.893235089893214,
    "confidence": 4.400646127749781,
    "low": 139.3707731361251,
    "high": 143.7714192638749,
    "count": 30,
    "base": 4851
  },
  "Compilation.create chunks": {
    "min": 57.440757,
    "max": 73.853593,
    "mean": 63.470880566666665,
    "median": 64.111158,
    "variance": 16.265202634851182,
    "stdDev": 4.033014088104724,
    "confidence": 3.0115662381118398,
    "low": 61.965097447610745,
    "high": 64.97666368572258,
    "count": 30,
    "base": 4851
  },
  "Compilation.compute affected modules with chunk graph": {
    "min": 0.120887,
    "max": 0.191289,
    "mean": 0.15266090000000002,
    "median": 0.162049,
    "variance": 0.0004708561742900001,
    "stdDev": 0.0216992205917632,
    "confidence": 0.016203424709137437,
    "low": 0.1445591876454313,
    "high": 0.16076261235456873,
    "count": 30,
    "base": 4851
  },
  "Compilation.optimize": {
    "min": 93.981543,
    "max": 155.937627,
    "mean": 104.02490080000003,
    "median": 94.5851655,
    "variance": 249.15050694913245,
    "stdDev": 15.784502112804587,
    "confidence": 11.786736324213166,
    "low": 98.13153263789344,
    "high": 109.91826896210661,
    "count": 30,
    "base": 4851
  },
  "Compilation.module hashing": {
    "min": 88.300978,
    "max": 95.846645,
    "mean": 91.54772963333333,
    "median": 91.5156725,
    "variance": 3.860968197693296,
    "stdDev": 1.9649346548150899,
    "confidence": 1.4672725503217805,
    "low": 90.81409335817244,
    "high": 92.28136590849422,
    "count": 30,
    "base": 4851
  },
  "Compilation.code generation": {
    "min": 292.799632,
    "max": 383.295118,
    "mean": 333.0302331333334,
    "median": 321.11123599999996,
    "variance": 1028.444323329521,
    "stdDev": 32.06936736715461,
    "confidence": 23.947108026571527,
    "low": 321.05667912004765,
    "high": 345.0037871466192,
    "count": 30,
    "base": 4851
  },
  "Compilation.runtime requirements.modules": {
    "min": 9.322742,
    "max": 15.958198,
    "mean": 11.435810900000003,
    "median": 14.2153725,
    "variance": 4.22030225173869,
    "stdDev": 2.054337424022327,
    "confidence": 1.5340321389213685,
    "low": 10.66879483053932,
    "high": 12.202826969460688,
    "count": 30,
    "base": 4851
  },
  "Compilation.runtime requirements.chunks": {
    "min": 2.492637,
    "max": 7.013866,
    "mean": 3.223965,
    "median": 2.9415294999999997,
    "variance": 1.0532152439637332,
    "stdDev": 1.026262755810486,
    "confidence": 0.7663395662183037,
    "low": 2.8407952168908484,
    "high": 3.607134783109152,
    "count": 30,
    "base": 4851
  },