{
  "stats": {
    "min": 187.1818181818182,
    "max": 193.9090909090909,
    "mean": 190.8896103896104,
    "median": 190.5,
    "variance": 4.048616967448128,
    "stdDev": 2.0121175332092625,
    "confidence": 2.323127653052836,
    "low": 189.72804656308398,
    "high": 192.05117421613681,
    "count": 14,
    "base": 315.6818181818182
  },
  "heap memory": {
    "min": 280751585.45454544,
    "max": 284750143.27272725,
    "mean": 281855481.09090906,
    "median": 281512248.72727275,
    "variance": 1135068512849.6602,
    "stdDev": 1065395.9418214716,
    "confidence": 1230072.663771391,
    "low": 281240444.75902337,
    "high": 282470517.42279476,
    "count": 14,
    "base": 315.6818181818182
  },
  "rss memory": {
    "min": 587803182.5454545,
    "max": 636373550.5454545,
    "mean": 606955254.025974,
    "median": 597519080.7272727,
    "variance": 329867864588130.4,
    "stdDev": 18162264.852934238,
    "confidence": 20969580.06952238,
    "low": 596470463.9912128,
    "high": 617440044.0607352,
    "count": 14,
    "base": 315.6818181818182
  },
  "external memory": {
    "min": 152710740.9090909,
    "max": 152743508.9090909,
    "mean": 152724199.19480523,
    "median": 152718932.9090909,
    "variance": 101690472.48979591,
    "stdDev": 10084.169400094184,
    "confidence": 11642.864994108677,
    "low": 152718377.76230818,
    "high": 152730020.6273023,
    "count": 14,
    "base": 315.6818181818182
  },
  "array buffers memory": {
    "min": 151250751.54545453,
    "max": 151283519.54545453,
    "mean": 151264209.8311688,
    "median": 151258943.54545453,
    "variance": 101690472.4897959,
    "stdDev": 10084.169400094184,
    "confidence": 11642.864994108677,
    "low": 151258388.39867175,
    "high": 151270031.26366585,
    "count": 14,
    "base": 315.6818181818182
  },
  "Compiler.make hook": {
    "min": 68.80042445454545,
    "max": 72.0522580909091,
    "mean": 70.49184661038962,
    "median": 70.5654275,
    "variance": 0.8778023225688424,
    "stdDev": 0.9369110537125935,
    "confidence": 1.0817280508753697,
    "low": 69.95098258495193,
    "high": 71.0327106358273,
    "count": 14,
    "base": 315.6818181818182
  },
  "Compiler.finish make hook": {
    "min": 0.003781727272727273,
    "max": 0.005327272727272728,
    "mean": 0.004390253246753247,
    "median": 0.004295454545454546,
    "variance": 1.2721527293810098e-7,
    "stdDev": 0.0003566725009558502,
    "confidence": 0.00041180285762555495,
    "low": 0.00418435181794047,
    "high": 0.004596154675566025,
    "count": 14,
    "base": 315.6818181818182
  },
  "Compiler.finish compilation": {
    "min": 2.0956733636363634,
    "max": 2.221163454545455,
    "mean": 2.166404266233766,
    "median": 2.174585,
    "variance": 0.001340079095845896,
    "stdDev": 0.03660709078642956,
    "confidence": 0.04226539628037074,
    "low": 2.1452715680935808,
    "high": 2.1875369643739515,
    "count": 14,
    "base": 315.6818181818182
  },
  "Compiler.seal compilation": {
    "min": 79.78177781818182,
    "max": 84.41056863636364,
    "mean": 81.4632176103896,
    "median": 80.75483345454546,
    "variance": 2.5032255048184173,
    "stdDev": 1.5821584954796462,
    "confidence": 1.8267104638260605,
    "low": 80.54986237847658,
    "high": 82.37657284230264,
    "count": 14,
    "base": 315.6818181818182
  },
  "Compiler.afterCompile hook": {
    "min": 0.0035454545454545456,
    "max": 0.004436363636363636,
    "mean": 0.004010389610389611,
    "median": 0.00405909090909091,
    "variance": 5.71175577669084e-8,
    "stdDev": 0.00023899279856704552,
    "confidence": 0.0002759335725016272,
    "low": 0.003872422824138797,
    "high": 0.004148356396640424,
    "count": 14,
    "base": 315.6818181818182
  },
  "Compiler.emitAssets": {
    "min": 30.45099590909091,
    "max": 36.050475909090906,
    "mean": 32.66866658441559,
    "median": 32.563936636363636,
    "variance": 1.9829424302506882,
    "stdDev": 1.4081698868569403,
    "confidence": 1.6258286856314754,
    "low": 31.855752241599852,
    "high": 33.48158092723133,
    "count": 14,
    "base": 315.6818181818182
  },
  "Compiler.emitRecords": {
    "min": 0.005918181818181819,
    "max": 0.007363636363636364,
    "mean": 0.006904545454545456,
    "median": 0.006963636363636363,
    "variance": 1.1482585596221946e-7,
    "stdDev": 0.0003388596405035859,
    "confidence": 0.0003912366888935391,
    "low": 0.006708927110098686,
    "high": 0.007100163798992225,
    "count": 14,
    "base": 315.6818181818182
  },
  "Compilation.compute affected modules": {
    "min": 0.9156995454545455,
    "max": 0.9881725454545456,
    "mean": 0.9421658246753247,
    "median": 0.9398631363636363,
    "variance": 0.00028638475755781014,
    "stdDev": 0.016922906297613602,
    "confidence": 0.01953865564070889,
    "low": 0.9323964968549703,
    "high": 0.9519351524956792,
    "count": 14,
    "base": 315.6818181818182
  },
  "Compilation.finish modules": {
    "min": 0.5589175454545455,
    "max": 0.5866906363636363,
    "mean": 0.5718348051948051,
    "median": 0.5690453636363636,
    "variance": 0.00007449708275307767,
    "stdDev": 0.008631169257584842,
    "confidence": 0.009965276704534176,
    "low": 0.566852166842538,
    "high": 0.5768174435470722,
    "count": 14,
    "base": 315.6818181818182
  },
  "Compilation.report dependency errors and warnings": {
    "min": 0.5319545454545455,
    "max": 0.6538178181818182,
    "mean": 0.5961848181818182,
    "median": 0.5982043181818182,
    "variance": 0.001360005383218418,
    "stdDev": 0.036878250815601574,
    "confidence": 0.042578469126153484,
    "low": 0.5748955836187415,
    "high": 0.617474052744895,
    "count": 14,
    "base": 315.6818181818182
  },
  "Compilation.optimize dependencies": {
    "min": 0.02584536363636364,
    "max": 0.030563636363636362,
    "mean": 0.028259720779220777,
    "median": 0.02840909090909091,
    "variance": 0.0000020976853783521653,
    "stdDev": 0.001448338834096554,
    "confidence": 0.0016722064894059557,
    "low": 0.0274236175345178,
    "high": 0.029095824023923755,
    "count": 14,
    "base": 315.6818181818182
  },
  "Compilation.create chunks": {
    "min": 14.372423636363635,
    "max": 16.770896727272728,
    "mean": 15.312237779220775,
    "median": 14.993448272727274,
    "variance": 0.6113665143200949,
    "stdDev": 0.7818992993474895,
    "confidence": 0.9027563520703588,
    "low": 14.860859603185595,
    "high": 15.763615955255954,
    "count": 14,
    "base": 315.6818181818182
  },
  "Compilation.compute affected modules with chunk graph": {
    "min": 1.947999272727273,
    "max": 3.0373695454545455,
    "mean": 2.449781285714286,
    "median": 2.3846660454545456,
    "variance": 0.08986016027735284,
    "stdDev": 0.29976684319209296,
    "confidence": 0.34610137399736285,
    "low": 2.276730598715605,
    "high": 2.6228319727129676,
    "count": 14,
    "base": 315.6818181818182
  },
  "Compilation.optimize": {
    "min": 12.170689818181819,
    "max": 15.78756781818182,
    "mean": 13.857563512987014,
    "median": 13.857519272727274,
    "variance": 1.807739874897577,
    "stdDev": 1.344522173449578,
    "confidence": 1.5523430364932835,
    "low": 13.081391994740372,
    "high": 14.633735031233655,
    "count": 14,
    "base": 315.6818181818182
  },
  "Compilation.module hashing": {
    "min": 2.412808,
    "max": 5.427240454545455,
    "mean": 3.42992375974026,
    "median": 3.2336435909090913,
    "variance": 0.784476618660529,
    "stdDev": 0.8857068469084616,
    "confidence": 1.022609283300402,
    "low": 2.918619118090059,
    "high": 3.941228401390461,
    "count": 14,
    "base": 315.6818181818182
  },
  "Compilation.code generation": {
    "min": 7.342323545454545,
    "max": 9.988970090909092,
    "mean": 8.533374746753246,
    "median": 8.558677590909092,
    "variance": 0.6332497488820571,
    "stdDev": 0.7957699095103163,
    "confidence": 0.9187709225425849,
    "low": 8.073989285481954,