{
  "stats": {
    "min": 6465,
    "max": 7499,
    "mean": 6906.833333333333,
    "median": 6611,
    "variance": 180072.67222222226,
    "stdDev": 424.34970510443657,
    "confidence": 316.87398484784353,
    "low": 6748.396340909411,
    "high": 7065.270325757255,
    "count": 30,
    "base": 5068.5
  },
  "heap memory": {
    "min": 219044232,
    "max": 760038600,
    "mean": 457788165.6,
    "median": 325496132,
    "variance": 39864094866326380,
    "stdDev": 199659948.07754105,
    "confidence": 149091757.57827735,
    "low": 383242286.81086135,
    "high": 532334044.3891387,
    "count": 30,
    "base": 5068.5
  },
  "rss memory": {
    "min": 430723072,
    "max": 887988224,
    "mean": 616564053.3333334,
    "median": 452608000,
    "variance": 38952786640001784,
    "stdDev": 197364603.31072992,
    "confidence": 147377758.4070511,
    "low": 542875174.1298078,
    "high": 690252932.5368589,
    "count": 30,
    "base": 5068.5
  },
  "external memory": {
    "min": 43327080,
    "max": 43433576,
    "mean": 43357663.46666667,
    "median": 43351656,
    "variance": 473937710.64888877,
    "stdDev": 21770.110487751062,
    "confidence": 16256.360209167004,
    "low": 43349535.286562085,
    "high": 43365791.64677125,
    "count": 30,
    "base": 5068.5
  },
  "array buffers memory": {
    "min": 41816541,
    "max": 41923037,
    "mean": 41847124.46666667,
    "median": 41841117,
    "variance": 473937710.64888877,
    "stdDev": 21770.110487751062,
    "confidence": 16256.360209167004,
    "low": 41838996.286562085,
    "high": 41855252.64677125,
    "count": 30,
    "base": 5068.5
  },
  "Compiler.make hook": {
    "min": 3795.840473,
    "max": 4230.403781,
    "mean": 3855.5486483333325,
    "median": 3842.0463900000004,
    "variance": 5684.483758964858,
    "stdDev": 75.39551550964326,
    "confidence": 56.29997417653067,
    "low": 3827.398661245067,
    "high": 3883.698635421598,
    "count": 30,
    "base": 5068.5
  },
  "Compiler.finish make hook": {
    "min": 0.089848,
    "max": 0.116879,
    "mean": 0.09659623333333336,
    "median": 0.09377,
    "variance": 0.00004540838591222221,
    "stdDev": 0.006738574471816885,
    "confidence": 0.005031885068832703,
    "low": 0.09408029079891701,
    "high": 0.09911217586774972,
    "count": 30,
    "base": 5068.5
  },
  "Compiler.finish compilation": {
    "min": 154.939469,
    "max": 172.368646,
    "mean": 163.42783926666667,
    "median": 163.83961699999998,
    "variance": 16.210993416426682,
    "stdDev": 4.026287796025848,
    "confidence": 3.0065435246548873,
    "low": 161.92456750433922,
    "high": 164.9311110289941,
    "count": 30,
    "base": 5068.5
  },
  "Compiler.seal compilation": {
    "min": 2420.828381,
    "max": 3412.646806,
    "mean": 2812.5467184000004,
    "median": 2513.6598985,
    "variance": 159431.13208430546,
    "stdDev": 399.28828192711273,
    "confidence": 298.1599079140515,
    "low": 2663.4667644429746,
    "high": 2961.626672357026,
    "count": 30,
    "base": 5068.5
  },
  "Compiler.afterCompile hook": {
    "min": 0.055303,
    "max": 0.106689,
    "mean": 0.06930686666666667,
    "median": 0.060453,
    "variance": 0.00023002496518222226,
    "stdDev": 0.015166573943452827,
    "confidence": 0.011325311798599247,
    "low": 0.06364421076736705,
    "high": 0.0749695225659663,
    "count": 30,
    "base": 5068.5
  },
  "Compiler.emitAssets": {
    "min": 49.581392,
    "max": 107.933242,
    "mean": 57.293199733333346,
    "median": 51.675019500000005,
    "variance": 245.21419654470395,
    "stdDev": 15.65931660528977,
    "confidence": 11.693256747971546,
    "low": 51.44657135934757,
    "high": 63.13982810731912,
    "count": 30,
    "base": 5068.5
  },
  "Compiler.emitRecords": {
    "min": 0.063238,
    "max": 0.100498,
    "mean": 0.0726622,
    "median": 0.0693705,
    "variance": 0.00009796523509333337,
    "stdDev": 0.009897738887914419,
    "confidence": 0.007390922921991977,
    "low": 0.06896673853900401,
    "high": 0.07635766146099598,
    "count": 30,
    "base": 5068.5
  },
  "Compilation.compute affected modules": {
    "min": 0.208669,
    "max": 0.250288,
    "mean": 0.22173473333333332,
    "median": 0.21821800000000002,
    "variance": 0.00010977318866222223,
    "stdDev": 0.010477270095889588,
    "confidence": 0.007823675345301873,
    "low": 0.2178228956606824,
    "high": 0.22564657100598426,
    "count": 30,
    "base": 5068.5
  },
  "Compilation.finish modules": {
    "min": 124.135801,
    "max": 138.090903,
    "mean": 130.87489593333333,
    "median": 130.736571,
    "variance": 10.151387352880072,
    "stdDev": 3.186124189808061,
    "confidence": 2.3791694823874536,
    "low": 129.6853111921396,
    "high": 132.06448067452706,
    "count": 30,
    "base": 5068.5
  },
  "Compilation.report dependency errors and warnings": {
    "min": 29.35099,
    "max": 36.075602,
    "mean": 31.944967366666667,
    "median": 31.625794,
    "variance": 3.4503015889297,
    "stdDev": 1.8574987453373153,
    "confidence": 1.3870471033791496,
    "low": 31.25144381497709,
    "high": 32.63849091835624,
    "count": 30,
    "base": 5068.5
  },
  "Compilation.optimize dependencies": {
    "min": 140.107942,
    "max": 162.948411,
    "mean": 149.29816853333335,
    "median": 148.35274349999997,
    "variance": 30.195672538094257,
    "stdDev": 5.49505892034783,
    "confidence": 4.103316665757461,
    "low": 147.24651020045462,
    "high": 151.34982686621208,
    "count": 30,
    "base": 5068.5
  },
  "Compilation.create chunks": {
    "min": 69.234433,
    "max": 86.575366,
    "mean": 78.97882746666667,
    "median": 78.880874,
    "variance": 14.211973439187044,
    "stdDev": 3.7698771119476886,
    "confidence": 2.815074379645324,
    "low": 77.57129027684401,
    "high": 80.38636465648933,
    "count": 30,
    "base": 5068.5
  },
  "Compilation.compute affected modules with chunk graph": {
    "min": 0.120586,
    "max": 0.177852,
    "mean": 0.14267766666666665,
    "median": 0.12929600000000002,
    "variance": 0.0004692892922888889,
    "stdDev": 0.021663085936423944,
    "confidence": 0.016176441935046304,
    "low": 0.1345894456991435,
    "high": 0.1507658876341898,
    "count": 30,
    "base": 5068.5
  },
  "Compilation.optimize": {
    "min": 88.547871,
    "max": 110.206148,
    "mean": 95.56251963333332,
    "median": 95.05711,
    "variance": 15.994522465381424,
    "stdDev": 3.9993152495622826,
    "confidence": 2.9864023576490126,
    "low": 94.06931845450882,
    "high": 97.05572081215783,
    "count": 30,
    "base": 5068.5
  },
  "Compilation.module hashing": {
    "min": 90.546509,
    "max": 99.662934,
    "mean": 93.97213786666666,
    "median": 93.5130745,
    "variance": 5.658929683081383,
    "stdDev": 2.378850496160148,
    "confidence": 1.7763552725694183,
    "low": 93.08396023038195,
    "high": 94.86031550295137,
    "count": 30,
    "base": 5068.5
  },
  "Compilation.code generation": {
    "min": 370.631166,
    "max": 407.815549,
    "mean": 393.32661866666666,
    "median": 396.2301455,
    "variance": 123.80788628545118,
    "stdDev": 11.126899221501523,
    "confidence": 8.308771875898515,
    "low": 389.1722327287174,
    "high": 397.4810046046159,
    "count": 30,
    "base": 5068.5
  },
  "Compilation.runtime requirements.modules": {
    "min": 10.350668,
    "max": 17.575249,
    "mean": 12.988393,
    "median": 11.5937305,
    "variance": 6.046624620804266,
    "stdDev": 2.4589885361270527,
    "confidence": 1.836196624541028,
    "low": 12.070294687729486,
    "high": 13.906491312270514,
    "count": 30,
    "base": 5068.5
  },
  "Compilation.runtime requirements.chunks": {
    "min": 2.748377,
    "max": 6.894603,
    "mean": 3.552420066666666,
    "median": 3.431298,
    "variance": 0.8466749563520622,
    "stdDev": 0.9201494206660472,
    "confidence": 0.6871017231180288,
    "low": 3.2088692051076517,
    "high": 3.8959709282256805,
    "count": 30,
    "base": 5068.5
  },