{
  "stats": {
    "min": 9108,
    "max": 10373,
    "mean": 9311.592592592593,
    "median": 9253,
    "variance": 53027.94513031552,
    "stdDev": 230.27797361084174,
    "confidence": 182.23157260551307,
    "low": 9220.476806289837,
    "high": 9402.70837889535,
    "count": 27,
    "base": 10629
  },
  "heap memory": {
    "min": 461344304,
    "max": 610471112,
    "mean": 521843590.8148148,
    "median": 513063968,
    "variance": 1559320276587148.8,
    "stdDev": 39488229.59550287,
    "confidence": 31249198.808553696,
    "low": 506218991.41053796,
    "high": 537468190.2190917,
    "count": 27,
    "base": 10629
  },
  "rss memory": {
    "min": 689909760,
    "max": 812601344,
    "mean": 726364918.5185186,
    "median": 717058048,
    "variance": 1322741505387695.5,
    "stdDev": 36369513.40597913,
    "confidence": 28781187.87891245,
    "low": 711974324.5790623,
    "high": 740755512.4579748,
    "count": 27,
    "base": 10629
  },
  "external memory": {
    "min": 106866756,
    "max": 106899524,
    "mean": 106885567.25925925,
    "median": 106883140,
    "variance": 53760736.043895766,
    "stdDev": 7332.171304865686,
    "confidence": 5802.348729014397,
    "low": 106882666.08489475,
    "high": 106888468.43362376,
    "count": 27,
    "base": 10629
  },
  "array buffers memory": {
    "min": 105608727,
    "max": 105641495,
    "mean": 105627538.25925925,
    "median": 105625111,
    "variance": 53760736.043895766,
    "stdDev": 7332.171304865686,
    "confidence": 5802.348729014397,
    "low": 105624637.08489475,
    "high": 105630439.43362376,
    "count": 27,
    "base": 10629
  },
  "Compiler.make hook": {
    "min": 7049.291053,
    "max": 7506.406025,
    "mean": 7212.418875888889,
    "median": 7200.64058,
    "variance": 9702.468067763875,
    "stdDev": 98.501106936744,
    "confidence": 77.94932072314259,
    "low": 7173.444215527317,
    "high": 7251.39353625046,
    "count": 27,
    "base": 10629
  },
  "Compiler.finish make hook": {
    "min": 0.084202,
    "max": 0.094502,
    "mean": 0.08784259259259256,
    "median": 0.087602,
    "variance": 0.000004396967278463651,
    "stdDev": 0.0020968946751002185,
    "confidence": 0.0016593876011667674,
    "low": 0.08701289879200917,
    "high": 0.08867228639317594,
    "count": 27,
    "base": 10629
  },
  "Compiler.finish compilation": {
    "min": 63.061813,
    "max": 78.181928,
    "mean": 68.77289355555556,
    "median": 66.999697,
    "variance": 19.592892573794625,
    "stdDev": 4.426385949484593,
    "confidence": 3.5028416304230916,
    "low": 67.02147274034401,
    "high": 70.5243143707671,
    "count": 27,
    "base": 10629
  },
  "Compiler.seal compilation": {
    "min": 1655.415852,
    "max": 2899.859392,
    "mean": 1750.8045439259256,
    "median": 1708.586204,
    "variance": 51331.690996975274,
    "stdDev": 226.56498184180023,
    "confidence": 179.2932788619396,
    "low": 1661.1579044949558,
    "high": 1840.4511833568954,
    "count": 27,
    "base": 10629
  },
  "Compiler.afterCompile hook": {
    "min": 0.057101,
    "max": 0.079802,
    "mean": 0.0633865185185185,
    "median": 0.059701,
    "variance": 0.000046011975805212604,
    "stdDev": 0.006783212793744024,
    "confidence": 0.0053679277932625405,
    "low": 0.06070255462188722,
    "high": 0.06607048241514976,
    "count": 27,
    "base": 10629
  },
  "Compiler.emitAssets": {
    "min": 232.425572,
    "max": 376.601126,
    "mean": 265.33016707407404,
    "median": 264.783006,
    "variance": 717.9874771429651,
    "stdDev": 26.795288338492742,
    "confidence": 21.2045792125723,
    "low": 254.7278774677879,
    "high": 275.9324566803602,
    "count": 27,
    "base": 10629
  },
  "Compiler.emitRecords": {
    "min": 0.080001,
    "max": 0.090201,
    "mean": 0.08450537037037037,
    "median": 0.084802,
    "variance": 0.00000863746304801098,
    "stdDev": 0.002938956115359836,
    "confidence": 0.0023257569376813336,
    "low": 0.0833424919015297,
    "high": 0.08566824883921104,
    "count": 27,
    "base": 10629
  },
  "Compilation.finish modules": {
    "min": 1.774237,
    "max": 2.052843,
    "mean": 1.8821135555555557,
    "median": 1.87484,
    "variance": 0.004967664140913584,
    "stdDev": 0.07048165818788306,
    "confidence": 0.055775996331841604,
    "low": 1.854225557389635,
    "high": 1.9100015537214765,
    "count": 27,
    "base": 10629
  },
  "Compilation.report dependency errors and warnings": {
    "min": 60.815967,
    "max": 75.927984,
    "mean": 66.4854421111111,
    "median": 64.593947,
    "variance": 19.45224919986565,
    "stdDev": 4.4104704057351585,
    "confidence": 3.4902467889762363,
    "low": 64.74031871662298,
    "high": 68.23056550559922,
    "count": 27,
    "base": 10629
  },
  "Compilation.optimize dependencies": {
    "min": 0.103202,
    "max": 0.196404,
    "mean": 0.12682862962962962,
    "median": 0.115903,
    "variance": 0.0006255297734924554,
    "stdDev": 0.02501059322552057,
    "confidence": 0.01979225222376564,
    "low": 0.1169325035177468,
    "high": 0.13672475574151244,
    "count": 27,
    "base": 10629
  },
  "Compilation.create chunks": {
    "min": 168.59253,
    "max": 187.338361,
    "mean": 176.33535922222222,
    "median": 175.235158,
    "variance": 15.115520411504983,
    "stdDev": 3.887868363448663,
    "confidence": 3.076683170539752,
    "low": 174.79701763695235,
    "high": 177.8737008074921,
    "count": 27,
    "base": 10629
  },
  "Compilation.optimize": {
    "min": 115.1314,
    "max": 135.19946,
    "mean": 124.58218614814814,
    "median": 123.31491,
    "variance": 28.638964892209835,
    "stdDev": 5.351538553744132,
    "confidence": 4.234965555828211,
    "low": 122.46470337023403,
    "high": 126.69966892606224,
    "count": 27,
    "base": 10629
  },
  "Compilation.module hashing": {
    "min": 245.749119,
    "max": 346.811948,
    "mean": 263.21421362962957,
    "median": 261.756132,
    "variance": 298.06169356630767,
    "stdDev": 17.26446331532804,
    "confidence": 13.662315378279459,
    "low": 256.38305594048984,
    "high": 270.0453713187693,
    "count": 27,
    "base": 10629
  },
  "Compilation.code generation": {
    "min": 642.684014,
    "max": 1295.777282,
    "mean": 688.5531074074074,
    "median": 663.801781,
    "variance": 14319.910721884085,
    "stdDev": 119.66582938284465,
    "confidence": 94.69812476477432,
    "low": 641.2040450250203,
    "high": 735.9021697897946,
    "count": 27,
    "base": 10629
  },
  "Compilation.runtime requirements": {
    "min": 39.644632,
    "max": 101.362419,
    "mean": 48.016980296296296,
    "median": 46.206648,
    "variance": 116.06006116327215,
    "stdDev": 10.773117522949063,
    "confidence": 8.52535792845191,
    "low": 43.75430133207034,
    "high": 52.27965926052225,
    "count": 27,
    "base": 10629
  },
  "Compilation.hashing: initialize hash": {
    "min": 0.005,
    "max": 0.0142,
    "mean": 0.006392666666666667,
    "median": 0.006,
    "variance": 0.000002595442592592593,
    "stdDev": 0.0016110377377928156,
    "confidence": 0.0012749023967917727,
    "low": 0.005755215468270781,
    "high": 0.0070301178650625535,
    "count": 27,
    "base": 10629
  },
  "Compilation.hashing: sort chunks": {
    "min": 0.086202,
    "max": 0.242505,
    "mean": 0.09727237037037036,
    "median": 0.091301,
    "variance": 0.0008294184410480109,
    "stdDev": 0.02879962571020691,
    "confidence": 0.02279072115030159,
    "low": 0.08587700979521956,
    "high": 0.10866773094552115,
    "count": 27,
    "base": 10629
  },
  "Compilation.hashing: hash runtime modules": {
    "min": 5.074005,
    "max": 11.320237,
    "mean": 5.531708407407409,
    "median": 5.301409,
    "variance": 1.3119175295284644,
    "stdDev": 1.1453896845739726,
    "confidence": 0.9064095892157944,
    "low": 5.078503612799512,
    "high": 5.984913202015306,
    "count": 27,
    "base": 10629
  },
  "Compilation.hashing: hash chunks": {
    "min": 23.439689,