{
  "stats": {
    "min": 38493,
    "max": 39678,
    "mean": 39121.125,
    "median": 39074.5,
    "variance": 175092.859375,
    "stdDev": 418.4409867293117,
    "confidence": 699.762016108958,
    "low": 38771.24399194552,
    "high": 39471.00600805448,
    "count": 8,
    "base": 35939.5
  },
  "heap memory": {
    "min": 259283016,
    "max": 423317192,
    "mean": 326354844,
    "median": 295655420,
    "variance": 5139964467071088,
    "stdDev": 71693545.50495525,
    "confidence": 119893656.53847933,
    "low": 266408015.73076034,
    "high": 386301672.26923966,
    "count": 8,
    "base": 35939.5
  },
  "rss memory": {
    "min": 438788096,
    "max": 756723712,
    "mean": 584995840,
    "median": 546463744,
    "variance": 21663129132859390,
    "stdDev": 147183997.54341295,
    "confidence": 246136908.49214125,
    "low": 461927385.7539294,
    "high": 708064294.2460706,
    "count": 8,
    "base": 35939.5
  },
  "external memory": {
    "min": 41965287,
    "max": 42006893,
    "mean": 41984985.25,
    "median": 41981671,
    "variance": 254511120.4375,
    "stdDev": 15953.40466601095,
    "confidence": 26678.99887186289,
    "low": 41971645.75056407,
    "high": 41998324.74943593,
    "count": 8,
    "base": 35939.5
  },
  "array buffers memory": {
    "min": 40387000,
    "max": 40427960,
    "mean": 40406456,
    "median": 40403384,
    "variance": 250609664,
    "stdDev": 15830.655829750074,
    "confidence": 26473.72506776452,
    "low": 40393219.13746612,
    "high": 40419692.86253388,
    "count": 8,
    "base": 35939.5
  },
  "Compiler.make hook": {
    "min": 3811.287796,
    "max": 4475.53694,
    "mean": 4079.24851925,
    "median": 3907.861679,
    "variance": 77779.5360725381,
    "stdDev": 278.8898278398445,
    "confidence": 466.3895612303745,
    "low": 3846.053738634813,
    "high": 4312.443299865187,
    "count": 8,
    "base": 35939.5
  },
  "Compiler.finish make hook": {
    "min": 0.082855,
    "max": 0.120215,
    "mean": 0.09681150000000001,
    "median": 0.0860515,
    "variance": 0.00024664774775,
    "stdDev": 0.01570502301017098,
    "confidence": 0.026263628356616997,
    "low": 0.08367968582169151,
    "high": 0.10994331417830851,
    "count": 8,
    "base": 35939.5
  },
  "Compiler.finish compilation": {
    "min": 33.421762,
    "max": 55.473103,
    "mean": 37.147199375,
    "median": 34.471769,
    "variance": 48.53054941981374,
    "stdDev": 6.966387113835531,
    "confidence": 11.649941679653121,
    "low": 31.32222853517344,
    "high": 42.97217021482656,
    "count": 8,
    "base": 35939.5
  },
  "Compiler.seal compilation": {
    "min": 34596.970505,
    "max": 35564.443706,
    "mean": 34953.970059375,
    "median": 34927.991487,
    "variance": 92870.0621485204,
    "stdDev": 304.7458976729964,
    "confidence": 509.6288617026439,
    "low": 34699.15562852368,
    "high": 35208.784490226324,
    "count": 8,
    "base": 35939.5
  },
  "Compiler.afterCompile hook": {
    "min": 0.049843,
    "max": 0.078106,
    "mean": 0.06462599999999999,
    "median": 0.0675515,
    "variance": 0.00011437123774999996,
    "stdDev": 0.010694448922221282,
    "confidence": 0.017884407542105546,
    "low": 0.055683796228947216,
    "high": 0.07356820377105276,
    "count": 8,
    "base": 35939.5
  },
  "Compiler.emitAssets": {
    "min": 25.998097,
    "max": 41.221396,
    "mean": 31.4148075,
    "median": 30.397198,
    "variance": 28.988546220071996,
    "stdDev": 5.384101245340024,
    "confidence": 9.003873095278557,
    "low": 26.91287095236072,
    "high": 35.91674404763928,
    "count": 8,
    "base": 35939.5
  },
  "Compiler.emitRecords": {
    "min": 0.059912,
    "max": 0.097082,
    "mean": 0.08076025,
    "median": 0.0854655,
    "variance": 0.00026195753718750005,
    "stdDev": 0.016185102322429108,
    "confidence": 0.027066468609107053,
    "low": 0.06722701569544648,
    "high": 0.09429348430455353,
    "count": 8,
    "base": 35939.5
  },
  "Compilation.compute affected modules": {
    "min": 0.211757,
    "max": 0.29366,
    "mean": 0.22446349999999998,
    "median": 0.215254,
    "variance": 0.0006871067014999997,
    "stdDev": 0.026212720223204606,
    "confidence": 0.04383572960780585,
    "low": 0.20254563519609706,
    "high": 0.2463813648039029,
    "count": 8,
    "base": 35939.5
  },
  "Compilation.finish modules": {
    "min": 1.621029,
    "max": 3.027776,
    "mean": 1.900662,
    "median": 1.7552560000000001,
    "variance": 0.18520537823599992,
    "stdDev": 0.4303549444772302,
    "confidence": 0.719685817452328,
    "low": 1.5408190912738362,
    "high": 2.260504908726164,
    "count": 8,
    "base": 35939.5
  },
  "Compilation.report dependency errors and warnings": {
    "min": 30.963844,
    "max": 51.590665,
    "mean": 34.556066875,
    "median": 32.149185,
    "variance": 42.04593363300262,
    "stdDev": 6.48428358671971,
    "confidence": 10.843716317399014,
    "low": 29.134208716300492,
    "high": 39.977925033699506,
    "count": 8,
    "base": 35939.5
  },
  "Compilation.optimize dependencies": {
    "min": 0.070563,
    "max": 0.111169,
    "mean": 0.08610024999999999,
    "median": 0.0804805,
    "variance": 0.0002070046186875,
    "stdDev": 0.014387655079529117,
    "confidence": 0.024060584036535687,
    "low": 0.07406995798173215,
    "high": 0.09813054201826783,
    "count": 8,
    "base": 35939.5
  },
  "Compilation.create chunks": {
    "min": 81.503634,
    "max": 97.65083,
    "mean": 89.230044375,
    "median": 89.08274399999999,
    "variance": 24.580790098175225,
    "stdDev": 4.957901783837113,
    "confidence": 8.291136523326173,
    "low": 85.08447611333692,
    "high": 93.37561263666309,
    "count": 8,
    "base": 35939.5
  },
  "Compilation.compute affected modules with chunk graph": {
    "min": 0.120075,
    "max": 0.132508,
    "mean": 0.125299625,
    "median": 0.123917,
    "variance": 0.00001653926248437497,
    "stdDev": 0.004066849208462857,
    "confidence": 0.0068010225852134926,
    "low": 0.12189911370739324,
    "high": 0.12870013629260674,
    "count": 8,
    "base": 35939.5
  },
  "Compilation.optimize": {
    "min": 71.242235,
    "max": 81.220574,
    "mean": 75.509800375,
    "median": 74.488309,
    "variance": 8.124769507718234,
    "stdDev": 2.850398131440279,
    "confidence": 4.766742280101113,
    "low": 73.12642923494944,
    "high": 77.89317151505055,
    "count": 8,
    "base": 35939.5
  },
  "Compilation.module hashing": {
    "min": 90.664004,
    "max": 95.502242,
    "mean": 93.11086175,
    "median": 92.7746795,
    "variance": 2.860469828054682,
    "stdDev": 1.6912923544008238,
    "confidence": 2.8283609523910798,
    "low": 91.69668127380446,
    "high": 94.52504222619554,
    "count": 8,
    "base": 35939.5
  },
  "Compilation.code generation": {
    "min": 358.529622,
    "max": 383.17749,
    "mean": 369.17224475,
    "median": 368.96108849999996,
    "variance": 42.19497989367734,
    "stdDev": 6.495766305346686,
    "confidence": 10.862918954309976,
    "low": 363.740785272845,
    "high": 374.603704227155,
    "count": 8,
    "base": 35939.5
  },
  "Compilation.runtime requirements.modules": {
    "min": 11.270678,
    "max": 16.765579,
    "mean": 13.898569875,
    "median": 13.742085,
    "variance": 4.596893569509859,
    "stdDev": 2.1440367463058694,
    "confidence": 3.585488811537541,
    "low": 12.10582546923123,
    "high": 15.69131428076877,
    "count": 8,
    "base": 35939.5
  },
  "Compilation.runtime requirements.chunks": {
    "min": 3.411976,
    "max": 4.418213,
    "mean": 3.8037884999999996,
    "median": 3.7566680000000003,
    "variance": 0.0891896959272499,
    "stdDev": 0.2986464396694692,
    "confidence": 0.49942869210863927,
    "low": 3.5540741539456797,
    "high": 4.053502846054319,
    "count": 8,
    "base": 35939.5
  },
  "Compilation.runtime requirements.entries": {
    "min": 1.794634,
    "max": 1.957129,
    "mean": 1.861276875,
    "median": 1.8666195,