{
  "stats": {
    "min": 199996,
    "max": 204295,
    "mean": 202145.5,
    "median": 202145.5,
    "variance": 4620350.25,
    "stdDev": 2149.5,
    "confidence": 38636.51958499948,
    "low": 182827.24020750026,
    "high": 221463.75979249974,
    "count": 2,
    "base": 219466
  },
  "heap memory": {
    "min": 454000208,
    "max": 1108257824,
    "mean": 781129016,
    "median": 781129016,
    "variance": 107013257023500860,
    "stdDev": 327128808,
    "confidence": 3721142646.404639,
    "low": 0,
    "high": 3721142646.404639,
    "count": 2,
    "base": 219466
  },
  "rss memory": {
    "min": 1089662976,
    "max": 1578582016,
    "mean": 1334122496,
    "median": 1334122496,
    "variance": 59760456918630400,
    "stdDev": 244459520,
    "confidence": 3531160186.676803,
    "low": 0,
    "high": 3531160186.676803,
    "count": 2,
    "base": 219466
  },
  "external memory": {
    "min": 80547191,
    "max": 80706469,
    "mean": 80626830,
    "median": 80626830,
    "variance": 6342370321,
    "stdDev": 79639,
    "confidence": 1431483.4999905825,
    "low": 79911088.25000471,
    "high": 81342571.74999529,
    "count": 2,
    "base": 219466
  },
  "array buffers memory": {
    "min": 19044485,
    "max": 19203763,
    "mean": 19124124,
    "median": 19124124,
    "variance": 6342370321,
    "stdDev": 79639,
    "confidence": 1431483.49999059,
    "low": 18408382.250004705,
    "high": 19839865.749995295,
    "count": 2,
    "base": 219466
  },
  "Compiler.make hook": {
    "min": 66771.026205,
    "max": 69478.940309,
    "mean": 68124.983257,
    "median": 68124.983257,
    "variance": 1833199.698660525,
    "stdDev": 1353.957051999998,
    "confidence": 24336.91005203355,
    "low": 55956.528230983226,
    "high": 80293.43828301677,
    "count": 2,
    "base": 219466
  },
  "Compiler.finish make hook": {
    "min": 0.140998,
    "max": 0.147198,
    "mean": 0.144098,
    "median": 0.144098,
    "variance": 0.000009609999999999949,
    "stdDev": 0.0030999999999999917,
    "confidence": 0.05572142857106216,
    "low": 0.11623728571446892,
    "high": 0.17195871428553108,
    "count": 2,
    "base": 219466
  },
  "Compiler.finish compilation": {
    "min": 260.542771,
    "max": 264.57285,
    "mean": 262.5578105,
    "median": 262.5578105,
    "variance": 4.060384186560252,
    "stdDev": 2.0150395000000003,
    "confidence": 36.219638570038455,
    "low": 244.4479912149808,
    "high": 280.66762978501924,
    "count": 2,
    "base": 219466
  },
  "Compiler.seal compilation": {
    "min": 132584.591888,
    "max": 134274.282998,
    "mean": 133429.437443,
    "median": 133429.437443,
    "variance": 713764.0118032701,
    "stdDev": 844.8455550000072,
    "confidence": 15185.806853713686,
    "low": 125836.53401614317,
    "high": 141022.34086985685,
    "count": 2,
    "base": 219466
  },
  "Compiler.afterCompile hook": {
    "min": 0.099998,
    "max": 0.161998,
    "mean": 0.130998,
    "median": 0.130998,
    "variance": 0.0009609999999999999,
    "stdDev": 0.031,
    "confidence": 0.4096051428553116,
    "low": 0,
    "high": 0.4096051428553116,
    "count": 2,
    "base": 219466
  },
  "Compiler.emitAssets": {
    "min": 253.71172,
    "max": 356.337319,
    "mean": 305.0245195,
    "median": 305.0245195,
    "variance": 2633.0033925271987,
    "stdDev": 51.31279949999998,
    "confidence": 766.1894375839502,
    "low": 0,
    "high": 766.1894375839502,
    "count": 2,
    "base": 219466
  },
  "Compiler.emitRecords": {
    "min": 0.109598,
    "max": 0.117199,
    "mean": 0.1133985,
    "median": 0.1133985,
    "variance": 0.000014443800249999988,
    "stdDev": 0.0038004999999999983,
    "confidence": 0.0683126739626846,
    "low": 0.0792421630186577,
    "high": 0.1475548369813423,
    "count": 2,
    "base": 219466
  },
  "FlagDependencyExportsPlugin.restore cached provided exports": {
    "min": 13.995005,
    "max": 19.59043,
    "mean": 16.792717500000002,
    "median": 16.792717500000002,
    "variance": 7.827195232656251,
    "stdDev": 2.7977125000000003,
    "confidence": 41.93667511792229,
    "low": 0,
    "high": 41.93667511792229,
    "count": 2,
    "base": 219466
  },
  "FlagDependencyExportsPlugin.figure out provided exports": {
    "min": 175.300481,
    "max": 188.970068,
    "mean": 182.13527449999998,
    "median": 182.13527449999998,
    "variance": 46.71440218764229,
    "stdDev": 6.8347935000000035,
    "confidence": 122.85305090587461,
    "low": 120.70874904706268,
    "high": 243.5617999529373,
    "count": 2,
    "base": 219466
  },
  "FlagDependencyExportsPlugin.store provided exports into cache": {
    "min": 9.657666,
    "max": 12.207632,
    "mean": 10.932649000000001,
    "median": 10.932649000000001,
    "variance": 1.6255816502889995,
    "stdDev": 1.2749829999999998,
    "confidence": 22.391338381261086,
    "low": 0,
    "high": 22.391338381261086,
    "count": 2,
    "base": 219466
  },
  "InnerGraphPlugin.infer dependency usage": {
    "min": 38.246175,
    "max": 49.458935,
    "mean": 43.852554999999995,
    "median": 43.852554999999995,
    "variance": 31.431496704399976,
    "stdDev": 5.606379999999998,
    "confidence": 94.23892640519874,
    "low": 0,
    "high": 94.23892640519874,
    "count": 2,
    "base": 219466
  },
  "Compilation.finish modules": {
    "min": 212.424169,
    "max": 216.625783,
    "mean": 214.524976,
    "median": 214.524976,
    "variance": 4.413390051249014,
    "stdDev": 2.100807000000003,
    "confidence": 37.76127973938321,
    "low": 195.6443361303084,
    "high": 233.40561586969162,
    "count": 2,
    "base": 219466
  },
  "Compilation.report dependency errors and warnings": {
    "min": 43.475094,
    "max": 51.580388,
    "mean": 47.527741,
    "median": 47.527741,
    "variance": 16.423947706609002,
    "stdDev": 4.052647,
    "confidence": 72.8449291400742,
    "low": 11.105276429962899,
    "high": 83.9502055700371,
    "count": 2,
    "base": 219466
  },
  "Compilation.optimize dependencies": {
    "min": 236.038613,
    "max": 247.15789,
    "mean": 241.5982515,
    "median": 241.5982515,
    "variance": 30.90958025068231,
    "stdDev": 5.5596385000000055,
    "confidence": 99.93258050279951,
    "low": 191.63196124860025,
    "high": 291.56454175139976,
    "count": 2,
    "base": 219466
  },
  "Compilation.create chunks": {
    "min": 142.880029,
    "max": 143.890196,
    "mean": 143.3851125,
    "median": 143.3851125,
    "variance": 0.25510934197224777,
    "stdDev": 0.5050834999999978,
    "confidence": 9.07870134441032,
    "low": 138.84576182779483,
    "high": 147.92446317220515,
    "count": 2,
    "base": 219466
  },
  "Compilation.optimize": {
    "min": 384.674243,
    "max": 424.886638,
    "mean": 404.7804405,
    "median": 404.7804405,
    "variance": 404.25917790900655,
    "stdDev": 20.106197500000007,
    "confidence": 361.40195091352336,
    "low": 224.07946504323834,
    "high": 585.4814159567617,
    "count": 2,
    "base": 219466
  },
  "Compilation.module hashing": {
    "min": 263.758461,
    "max": 265.072909,
    "mean": 264.415685,
    "median": 264.415685,
    "variance": 0.4319433861759805,
    "stdDev": 0.6572239999999852,
    "confidence": 11.81337424877006,
    "low": 258.50899787561497,
    "high": 270.322372124385,
    "count": 2,
    "base": 219466
  },
  "Compilation.code generation": {
    "min": 5838.887295,
    "max": 6202.398888,
    "mean": 6020.6430915,
    "median": 6020.6430915,
    "variance": 33035.16956134928,
    "stdDev": 181.75579649999963,
    "confidence": 3266.9976232423433,
    "low": 4387.1442798788285,
    "high": 7654.141903121172,
    "count": 2,
    "base": 219466
  },
  "Compilation.runtime requirements": {
    "min": 6.882508,
    "max": 7.739884,
    "mean": 7.311196,
    "median": 7.311196,
    "variance": 0.18377340134400016,
    "stdDev": 0.4286880000000002,
    "confidence": 7.705518635894057,
    "low": 3.4584366820529717,
    "high": 11.163955317947028,
    "count": 2,