{
  "stats": {
    "min": 13406,
    "max": 14394,
    "mean": 13854.380952380952,
    "median": 13826,
    "variance": 52234.2358276644,
    "stdDev": 228.54810396864903,
    "confidence": 208.07134529315954,
    "low": 13750.345279734373,
    "high": 13958.416625027532,
    "count": 21,
    "base": 12734.5
  },
  "heap memory": {
    "min": 292050488,
    "max": 341569728,
    "mean": 314958216.38095236,
    "median": 312299064,
    "variance": 239070891407606.72,
    "stdDev": 15461917.455723489,
    "confidence": 14076607.549829006,
    "low": 307919912.60603786,
    "high": 321996520.15586686,
    "count": 21,
    "base": 12734.5
  },
  "rss memory": {
    "min": 757227520,
    "max": 824287232,
    "mean": 799668321.5238096,
    "median": 806154240,
    "variance": 365013628719540.5,
    "stdDev": 19105329.851105437,
    "confidence": 17393588.550331593,
    "low": 790971527.2486438,
    "high": 808365115.7989753,
    "count": 21,
    "base": 12734.5
  },
  "external memory": {
    "min": 49852582,
    "max": 49918118,
    "mean": 49882619.333333336,
    "median": 49877158,
    "variance": 321696459.17460316,
    "stdDev": 17935.898616311453,
    "confidence": 16328.932462498546,
    "low": 49874454.86710209,
    "high": 49890783.799564585,
    "count": 21,
    "base": 12734.5
  },
  "array buffers memory": {
    "min": 48308812,
    "max": 48374348,
    "mean": 48338849.333333336,
    "median": 48333388,
    "variance": 321696459.17460316,
    "stdDev": 17935.898616311453,
    "confidence": 16328.932462498546,
    "low": 48330684.86710209,
    "high": 48347013.799564585,
    "count": 21,
    "base": 12734.5
  },
  "Compiler.make hook": {
    "min": 12759.884472,
    "max": 13739.600689,
    "mean": 13200.658267380952,
    "median": 13173.676768,
    "variance": 49639.594270180096,
    "stdDev": 222.79944854101433,
    "confidence": 202.8377404297462,
    "low": 13099.239397166079,
    "high": 13302.077137595825,
    "count": 21,
    "base": 12734.5
  },
  "Compiler.finish make hook": {
    "min": 0.083375,
    "max": 0.11907,
    "mean": 0.0981604761904762,
    "median": 0.099935,
    "variance": 0.00015881808186848074,
    "stdDev": 0.01260230462528504,
    "confidence": 0.011473201622083817,
    "low": 0.09242387537943429,
    "high": 0.10389707700151811,
    "count": 21,
    "base": 12734.5
  },
  "Compiler.finish compilation": {
    "min": 96.808593,
    "max": 115.33851,
    "mean": 103.68416642857143,
    "median": 112.442631,
    "variance": 27.790981612476724,
    "stdDev": 5.271715243872408,
    "confidence": 4.799396117263171,
    "low": 101.28446836993984,
    "high": 106.08386448720302,
    "count": 21,
    "base": 12734.5
  },
  "Compiler.seal compilation": {
    "min": 456.384078,
    "max": 500.067556,
    "mean": 474.21435757142865,
    "median": 471.409171,
    "variance": 147.41570708737828,
    "stdDev": 12.141487021258074,
    "confidence": 11.053670953748792,
    "low": 468.68752209455425,
    "high": 479.74119304830305,
    "count": 21,
    "base": 12734.5
  },
  "Compiler.afterCompile hook": {
    "min": 0.049552,
    "max": 0.081692,
    "mean": 0.05336500000000001,
    "median": 0.051917,
    "variance": 0.000042161870476190476,
    "stdDev": 0.006493217266978711,
    "confidence": 0.005911457713105209,
    "low": 0.050409271143447405,
    "high": 0.056320728856552614,
    "count": 21,
    "base": 12734.5
  },
  "Compiler.emitAssets": {
    "min": 55.781588,
    "max": 63.030181,
    "mean": 59.07904404761906,
    "median": 58.679442,
    "variance": 4.122425675881187,
    "stdDev": 2.0303757474618305,
    "confidence": 1.8484643096533517,
    "low": 58.15481189279238,
    "high": 60.00327620244573,
    "count": 21,
    "base": 12734.5
  },
  "Compiler.emitRecords": {
    "min": 0.060472,
    "max": 0.078806,
    "mean": 0.06889980952380952,
    "median": 0.068397,
    "variance": 0.000040944979678004525,
    "stdDev": 0.006398826429745108,
    "confidence": 0.005825523819340622,
    "low": 0.0659870476141392,
    "high": 0.07181257143347983,
    "count": 21,
    "base": 12734.5
  },
  "Compilation.compute affected modules": {
    "min": 0.205583,
    "max": 0.303444,
    "mean": 0.249465,
    "median": 0.274329,
    "variance": 0.0013457020048571427,
    "stdDev": 0.03668381120953959,
    "confidence": 0.03339712654057403,
    "low": 0.23276643672971298,
    "high": 0.266163563270287,
    "count": 21,
    "base": 12734.5
  },
  "Compilation.finish modules": {
    "min": 67.17066,
    "max": 82.495864,
    "mean": 73.68230661904762,
    "median": 73.13798,
    "variance": 18.775529298499276,
    "stdDev": 4.333073885649687,
    "confidence": 3.944852295801468,
    "low": 71.70988047114689,
    "high": 75.65473276694836,
    "count": 21,
    "base": 12734.5
  },
  "Compilation.report dependency errors and warnings": {
    "min": 25.589765,
    "max": 33.671633,
    "mean": 29.325055047619045,
    "median": 29.047544,
    "variance": 4.543701217154045,
    "stdDev": 2.131595931961319,
    "confidence": 1.9406156755755077,
    "low": 28.35474720983129,
    "high": 30.2953628854068,
    "count": 21,
    "base": 12734.5
  },
  "Compilation.optimize dependencies": {
    "min": 0.689112,
    "max": 1.239857,
    "mean": 0.8082657142857144,
    "median": 0.774899,
    "variance": 0.016692726541823136,
    "stdDev": 0.12920033491374214,
    "confidence": 0.11762463582509941,
    "low": 0.7494533963731647,
    "high": 0.8670780321982641,
    "count": 21,
    "base": 12734.5
  },
  "Compilation.create chunks": {
    "min": 30.437906,
    "max": 40.787855,
    "mean": 34.62451409523809,
    "median": 33.465808,
    "variance": 7.826140565786939,
    "stdDev": 2.7975240062932327,
    "confidence": 2.5468799494359047,
    "low": 33.35107412052014,
    "high": 35.89795406995604,
    "count": 21,
    "base": 12734.5
  },
  "Compilation.compute affected modules with chunk graph": {
    "min": 0.11863,
    "max": 0.166118,
    "mean": 0.1251200476190476,
    "median": 0.123149,
    "variance": 0.00009023406471201811,
    "stdDev": 0.009499161263607335,
    "confidence": 0.008648084271775824,
    "low": 0.12079600548315969,
    "high": 0.12944408975493552,
    "count": 21,
    "base": 12734.5
  },
  "Compilation.optimize": {
    "min": 24.66199,
    "max": 37.718218,
    "mean": 28.49156409523809,
    "median": 27.481953,
    "variance": 9.164895154821709,
    "stdDev": 3.02735778440899,
    "confidence": 2.756121778949911,
    "low": 27.113503205763134,
    "high": 29.869624984713045,
    "count": 21,
    "base": 12734.5
  },
  "Compilation.module hashing": {
    "min": 55.560837,
    "max": 69.372449,
    "mean": 60.86469590476188,
    "median": 60.554954,
    "variance": 11.77900138752837,
    "stdDev": 3.4320549802601312,
    "confidence": 3.1245601449433877,
    "low": 59.30241583229019,
    "high": 62.426975977233575,
    "count": 21,
    "base": 12734.5
  },
  "Compilation.code generation": {
    "min": 200.233829,
    "max": 228.947749,
    "mean": 211.81030633333336,
    "median": 209.975398,
    "variance": 74.322120630394,
    "stdDev": 8.62102781751654,
    "confidence": 7.848627158361751,
    "low": 207.88599275415248,
    "high": 215.73461991251423,
    "count": 21,
    "base": 12734.5
  },
  "Compilation.runtime requirements.modules": {
    "min": 5.429683,
    "max": 6.438435,
    "mean": 5.792170476190476,
    "median": 5.800419,
    "variance": 0.07408202364063039,
    "stdDev": 0.27218013087040427,
    "confidence": 0.24779416240548713,
    "low": 5.668273394987732,
    "high": 5.9160675573932195,
    "count": 21,
    "base": 12734.5
  },
  "Compilation.runtime requirements.chunks": {
    "min": 1.93026,
    "max": 7.433759,
    "mean": 2.7185116190476197,
    "median": 2.589438,
    "variance": 1.175274201093474,
    "stdDev": 1.0841006415889043,
    "confidence": 0.9869706858715608,
    "low": 2.2250262761118393,
    "high": 3.2119969619834,
    "count": 21,
    "base": 12734.5
  },