{
  "stats": {
    "min": 540.3636363636364,
    "max": 555.0909090909091,
    "mean": 546.5252525252525,
    "median": 545.6363636363636,
    "variance": 26.543209876543287,
    "stdDev": 5.152010275275399,
    "confidence": 7.920357129856711,
    "low": 542.5650739603242,
    "high": 550.4854310901809,
    "count": 9,
    "base": 701.3181818181818
  },
  "heap memory": {
    "min": 510322071.27272725,
    "max": 521816493.8181818,
    "mean": 516725297.45454544,
    "median": 516507340.3636364,
    "variance": 8975752224071.701,
    "stdDev": 2995955.9783267346,
    "confidence": 4605782.990680933,
    "low": 514422405.959205,
    "high": 519028188.9498859,
    "count": 9,
    "base": 701.3181818181818
  },
  "rss memory": {
    "min": 898056192,
    "max": 912385861.8181819,
    "mean": 906041033.6969696,
    "median": 905612939.6363636,
    "variance": 17091903729321.896,
    "stdDev": 4134235.5677104197,
    "confidence": 6355698.1460933685,
    "low": 902863184.623923,
    "high": 909218882.7700163,
    "count": 9,
    "base": 701.3181818181818
  },
  "external memory": {
    "min": 163259312.45454547,
    "max": 165233638.0909091,
    "mean": 165004256.13131312,
    "median": 165225446.0909091,
    "variance": 380647361561.54407,
    "stdDev": 616966.2564205145,
    "confidence": 948482.7915371656,
    "low": 164530014.73554453,
    "high": 165478497.5270817,
    "count": 9,
    "base": 701.3181818181818
  },
  "array buffers memory": {
    "min": 161801195.0909091,
    "max": 163775520.72727272,
    "mean": 163546138.76767677,
    "median": 163767328.72727272,
    "variance": 380647361561.54407,
    "stdDev": 616966.2564205145,
    "confidence": 948482.7915371656,
    "low": 163071897.3719082,
    "high": 164020380.16344535,
    "count": 9,
    "base": 701.3181818181818
  },
  "Compiler.make hook": {
    "min": 144.3474636363636,
    "max": 149.35021027272725,
    "mean": 146.58492087878787,
    "median": 146.10438563636365,
    "variance": 2.0340337547090286,
    "stdDev": 1.4261955527588173,
    "confidence": 2.1925379631078954,
    "low": 145.48865189723392,
    "high": 147.68118986034182,
    "count": 9,
    "base": 701.3181818181818
  },
  "Compiler.finish make hook": {
    "min": 0.0035000909090909093,
    "max": 0.003918272727272728,
    "mean": 0.0037283232323232327,
    "median": 0.0037,
    "variance": 1.447860626466686e-8,
    "stdDev": 0.00012032708034630799,
    "confidence": 0.0001849828315190578,
    "low": 0.0036358318165637038,
    "high": 0.0038208146480827616,
    "count": 9,
    "base": 701.3181818181818
  },
  "Compiler.finish compilation": {
    "min": 40.56371045454546,
    "max": 43.62531763636363,
    "mean": 42.253665595959596,
    "median": 42.164967818181815,
    "variance": 0.8871503714154808,
    "stdDev": 0.9418866022061684,
    "confidence": 1.4479936697916145,
    "low": 41.52966876106379,
    "high": 42.9776624308554,
    "count": 9,
    "base": 701.3181818181818
  },
  "Compiler.seal compilation": {
    "min": 299.0990565454545,
    "max": 312.9674440909091,
    "mean": 304.2283291212122,
    "median": 304.93398981818183,
    "variance": 18.651999947614925,
    "stdDev": 4.318796122487715,
    "confidence": 6.639429238971161,
    "low": 300.9086145017266,
    "high": 307.5480437406978,
    "count": 9,
    "base": 701.3181818181818
  },
  "Compiler.afterCompile hook": {
    "min": 0.0035909090909090904,
    "max": 0.0041,
    "mean": 0.0038444646464646463,
    "median": 0.0038090909090909095,
    "variance": 2.4618489337822722e-8,
    "stdDev": 0.00015690280219875845,
    "confidence": 0.00024121190791355843,
    "low": 0.003723858692507867,
    "high": 0.0039650706004214255,
    "count": 9,
    "base": 701.3181818181818
  },
  "Compiler.emitAssets": {
    "min": 42.07896545454546,
    "max": 48.350186818181825,
    "mean": 45.46560549494949,
    "median": 45.39878636363637,
    "variance": 3.8532323355596896,
    "stdDev": 1.962965189594479,
    "confidence": 3.017731818136582,
    "low": 43.9567395858812,
    "high": 46.974471404017784,
    "count": 9,
    "base": 701.3181818181818
  },
  "Compiler.emitRecords": {
    "min": 0.006181818181818181,
    "max": 0.007054727272727273,
    "mean": 0.006534424242424242,
    "median": 0.006482000000000001,
    "variance": 5.1158051423324244e-8,
    "stdDev": 0.0002261814568511845,
    "confidence": 0.00034771629299922176,
    "low": 0.006360566095924631,
    "high": 0.006708282388923853,
    "count": 9,
    "base": 701.3181818181818
  },
  "Compilation.compute affected modules": {
    "min": 0.002136363636363636,
    "max": 0.002590909090909091,
    "mean": 0.002393949494949495,
    "median": 0.0023636363636363633,
    "variance": 1.9984696255484194e-8,
    "stdDev": 0.0001413672389752456,
    "confidence": 0.0002173285687179444,
    "low": 0.0022852852105905226,
    "high": 0.002502613779308467,
    "count": 9,
    "base": 701.3181818181818
  },
  "Compilation.finish modules": {
    "min": 0.9489096363636363,
    "max": 1.1218754545454546,
    "mean": 1.0085967474747475,
    "median": 1.0108534545454544,
    "variance": 0.0029828978817847147,
    "stdDev": 0.05461591234965058,
    "confidence": 0.08396286258552943,
    "low": 0.9666153161819827,
    "high": 1.0505781787675121,
    "count": 9,
    "base": 701.3181818181818
  },
  "Compilation.report dependency errors and warnings": {
    "min": 39.56517318181818,
    "max": 42.61314345454545,
    "mean": 41.19617247474748,
    "median": 41.122426727272725,
    "variance": 0.8468081953230797,
    "stdDev": 0.9202218185432682,
    "confidence": 1.4146876757071851,
    "low": 40.488828636893885,
    "high": 41.90351631260107,
    "count": 9,
    "base": 701.3181818181818
  },
  "Compilation.optimize dependencies": {
    "min": 0.03498236363636364,
    "max": 0.042064090909090905,
    "mean": 0.0390639898989899,
    "median": 0.03906381818181818,
    "variance": 0.000004060220224875006,
    "stdDev": 0.0020149988151051124,
    "confidence": 0.0030977248450882594,
    "low": 0.03751512747644577,
    "high": 0.040612852321534026,
    "count": 9,
    "base": 701.3181818181818
  },
  "Compilation.create chunks": {
    "min": 72.23672027272727,
    "max": 79.81281709090909,
    "mean": 75.33950685858586,
    "median": 74.66238636363637,
    "variance": 6.073888761748943,
    "stdDev": 2.464526072442518,
    "confidence": 3.7887980820349583,
    "low": 73.44510781756838,
    "high": 77.23390589960334,
    "count": 9,
    "base": 701.3181818181818
  },
  "Compilation.compute affected modules with chunk graph": {
    "min": 0.0049545454545454545,
    "max": 0.005527363636363637,
    "mean": 0.005288929292929293,
    "median": 0.005336454545454546,
    "variance": 3.5360087746148364e-8,
    "stdDev": 0.00018804278169115763,
    "confidence": 0.00028908443638653997,
    "low": 0.005144387074736023,
    "high": 0.005433471511122563,
    "count": 9,
    "base": 701.3181818181818
  },
  "Compilation.optimize": {
    "min": 26.636860272727276,
    "max": 29.663252363636367,
    "mean": 28.011603030303032,
    "median": 27.771995636363638,
    "variance": 1.0150983268980711,
    "stdDev": 1.007520881618873,
    "confidence": 1.5488954353420823,
    "low": 27.23715531263199,
    "high": 28.786050747974073,
    "count": 9,
    "base": 701.3181818181818
  },
  "Compilation.module hashing": {
    "min": 102.22599518181819,
    "max": 106.37672072727273,
    "mean": 103.96420605050507,
    "median": 103.27158972727271,
    "variance": 1.7325230325882468,
    "stdDev": 1.3162534074365189,
    "confidence": 2.023520238365734,
    "low": 102.9524459313222,
    "high": 104.97596616968794,
    "count": 9,
    "base": 701.3181818181818
  },
  "Compilation.code generation": {
    "min": 22.76246472727273,
    "max": 24.851668000000004,
    "mean": 23.573083121212125,
    "median": 23.683008090909087,
    "variance": 0.4105070692907129,
    "stdDev": 0.6407082559876319,
    "confidence": 0.9849821588716523,
    "low": 23.0805920417763,