{
  "stats": {
    "min": 8777,
    "max": 9426,
    "mean": 9020.57142857143,
    "median": 9040,
    "variance": 24016.102040816324,
    "stdDev": 154.9712942477294,
    "confidence": 120.19311658902006,
    "low": 8960.47487027692,
    "high": 9080.66798686594,
    "count": 28,
    "base": 8771.5
  },
  "heap memory": {
    "min": 533207336,
    "max": 631452952,
    "mean": 584968913.1428572,
    "median": 583299928,
    "variance": 726691877786897,
    "stdDev": 26957223.10971397,
    "confidence": 20907566.629486084,
    "low": 574515129.8281142,
    "high": 595422696.4576002,
    "count": 28,
    "base": 8771.5
  },
  "rss memory": {
    "min": 732631040,
    "max": 828010496,
    "mean": 784279113.1428572,
    "median": 782258176,
    "variance": 679179933369991.6,
    "stdDev": 26061080.817379612,
    "confidence": 20212533.81359744,
    "low": 774172846.2360585,
    "high": 794385380.0496559,
    "count": 28,
    "base": 8771.5
  },
  "external memory": {
    "min": 99989215,
    "max": 100038367,
    "mean": 100018179.57142857,
    "median": 100021983,
    "variance": 126941894.53061225,
    "stdDev": 11266.84936131713,
    "confidence": 8738.377939283848,
    "low": 100013810.38245893,
    "high": 100022548.76039821,
    "count": 28,
    "base": 8771.5
  },
  "array buffers memory": {
    "min": 98529262,
    "max": 98578414,
    "mean": 98558226.57142857,
    "median": 98562030,
    "variance": 126941894.53061232,
    "stdDev": 11266.849361317134,
    "confidence": 8738.377939283848,
    "low": 98553857.38245893,
    "high": 98562595.76039821,
    "count": 28,
    "base": 8771.5
  },
  "Compiler.make hook": {
    "min": 6399.474143,
    "max": 6911.182588,
    "mean": 6596.301045500001,
    "median": 6608.224543,
    "variance": 14836.883815727297,
    "stdDev": 121.80674782509915,
    "confidence": 94.47125491039878,
    "low": 6549.065418044802,
    "high": 6643.536672955201,
    "count": 28,
    "base": 8771.5
  },
  "Compiler.finish make hook": {
    "min": 0.074358,
    "max": 0.133308,
    "mean": 0.08858432142857144,
    "median": 0.08614,
    "variance": 0.00009918598528954085,
    "stdDev": 0.009959216098144515,
    "confidence": 0.007724199681174659,
    "low": 0.0847222215879841,
    "high": 0.09244642126915877,
    "count": 28,
    "base": 8771.5
  },
  "Compiler.finish compilation": {
    "min": 429.187202,
    "max": 481.889951,
    "mean": 452.51340974999994,
    "median": 451.765511,
    "variance": 165.79975549204008,
    "stdDev": 12.876325387782032,
    "confidence": 9.986660343030167,
    "low": 447.52007957848485,
    "high": 457.506739921515,
    "count": 28,
    "base": 8771.5
  },
  "Compiler.seal compilation": {
    "min": 1616.312601,
    "max": 1805.994921,
    "mean": 1712.468077,
    "median": 1705.9860115,
    "variance": 1450.736527413306,
    "stdDev": 38.08853538025985,
    "confidence": 29.540824291926583,
    "low": 1697.6976648540367,
    "high": 1727.2384891459633,
    "count": 28,
    "base": 8771.5
  },
  "Compiler.afterCompile hook": {
    "min": 0.057537,
    "max": 0.172302,
    "mean": 0.07623032142857145,
    "median": 0.0656775,
    "variance": 0.0005745640735038267,
    "stdDev": 0.02397006619731841,
    "confidence": 0.01859077821532132,
    "low": 0.06693493232091079,
    "high": 0.0855257105362321,
    "count": 28,
    "base": 8771.5
  },
  "Compiler.emitAssets": {
    "min": 217.392146,
    "max": 261.063455,
    "mean": 240.5436533214286,
    "median": 243.4889975,
    "variance": 126.99871951355964,
    "stdDev": 11.269370857042537,
    "confidence": 8.740333568745882,
    "low": 236.17348653705565,
    "high": 244.91382010580153,
    "count": 28,
    "base": 8771.5
  },
  "Compiler.emitRecords": {
    "min": 0.09663,
    "max": 0.157884,
    "mean": 0.10642471428571432,
    "median": 0.104765,
    "variance": 0.00012660569870408164,
    "stdDev": 0.011251919778601412,
    "confidence": 0.008726798807254355,
    "low": 0.10206131488208714,
    "high": 0.1107881136893415,
    "count": 28,
    "base": 8771.5
  },
  "Compilation.compute affected modules": {
    "min": 48.302915,
    "max": 68.579336,
    "mean": 58.63267960714286,
    "median": 58.334926499999995,
    "variance": 13.879219356313525,
    "stdDev": 3.7254824326942577,
    "confidence": 2.8894212089845155,
    "low": 57.187969002650604,
    "high": 60.07739021163512,
    "count": 28,
    "base": 8771.5
  },
  "Compilation.finish modules": {
    "min": 286.962812,
    "max": 323.750298,
    "mean": 303.43839928571424,
    "median": 301.7554245,
    "variance": 65.2441301041254,
    "stdDev": 8.077383865096756,
    "confidence": 6.264682406794009,
    "low": 300.30605808231724,
    "high": 306.57074048911124,
    "count": 28,
    "base": 8771.5
  },
  "Compilation.report dependency errors and warnings": {
    "min": 84.567982,
    "max": 96.057094,
    "mean": 89.80951617857146,
    "median": 89.637143,
    "variance": 10.80766940062401,
    "stdDev": 3.287502000094298,
    "confidence": 2.5497309879359307,
    "low": 88.53465068460349,
    "high": 91.08438167253942,
    "count": 28,
    "base": 8771.5
  },
  "Compilation.optimize dependencies": {
    "min": 114.469999,
    "max": 127.467061,
    "mean": 118.41866757142854,
    "median": 118.0622135,
    "variance": 9.146469103436171,
    "stdDev": 3.0243129969360267,
    "confidence": 2.3456060453450505,
    "low": 117.24586454875602,
    "high": 119.59147059410107,
    "count": 28,
    "base": 8771.5
  },
  "Compilation.create chunks": {
    "min": 148.219457,
    "max": 174.628123,
    "mean": 163.34746467857144,
    "median": 163.006967,
    "variance": 33.339720012083795,
    "stdDev": 5.774055768009502,
    "confidence": 4.4782600641282215,
    "low": 161.10833464650733,
    "high": 165.58659471063555,
    "count": 28,
    "base": 8771.5
  },
  "Compilation.compute affected modules with chunk graph": {
    "min": 44.638306,
    "max": 65.458318,
    "mean": 52.545113,
    "median": 52.109588,
    "variance": 20.631577738348934,
    "stdDev": 4.542199658573909,
    "confidence": 3.5228532857244517,
    "low": 50.783686357137775,
    "high": 54.30653964286223,
    "count": 28,
    "base": 8771.5
  },
  "Compilation.optimize": {
    "min": 141.235615,
    "max": 177.430642,
    "mean": 160.56870550000002,
    "median": 159.32293149999998,
    "variance": 68.30563904090232,
    "stdDev": 8.264722562851237,
    "confidence": 6.409979134488935,
    "low": 157.36371593275555,
    "high": 163.7736950672445,
    "count": 28,
    "base": 8771.5
  },
  "Compilation.module hashing": {
    "min": 190.356581,
    "max": 226.973269,
    "mean": 210.58299753571427,
    "median": 210.9646335,
    "variance": 50.07330064530341,
    "stdDev": 7.076249051955663,
    "confidence": 5.48821916628674,
    "low": 207.8388879525709,
    "high": 213.32710711885764,
    "count": 28,
    "base": 8771.5
  },
  "Compilation.code generation": {
    "min": 570.771709,
    "max": 649.250232,
    "mean": 603.7790255714286,
    "median": 601.2518235,
    "variance": 258.6117331501402,
    "stdDev": 16.08140955109782,
    "confidence": 12.472469449736309,
    "low": 597.5427908465605,
    "high": 610.0152602962968,
    "count": 28,
    "base": 8771.5
  },
  "Compilation.runtime requirements.modules": {
    "min": 39.048173,
    "max": 49.694529,
    "mean": 42.463060785714276,
    "median": 42.291253,
    "variance": 5.655505333813672,
    "stdDev": 2.3781306385086736,
    "confidence": 1.844437929525668,
    "low": 41.54084182095144,
    "high": 43.38527975047711,
    "count": 28,
    "base": 8771.5
  },
  "Compilation.runtime requirements.chunks": {
    "min": 7.033244,
    "max": 14.650529,
    "mean": 10.210287892857142,
    "median": 7.185396,
    "variance": 7.844091367328455,
    "stdDev": 2.800730506015967,
    "confidence": 2.172199244241238,
    "low": 9.124188270736523,
    "high": 11.296387514977761,
    "count": 28,
    "base": 8771.5
  },