{
  "cache.PackFileCacheStrategy.restore cache container": {
    "min": 33.468183,
    "max": 36.454347,
    "mean": 34.88935243333334,
    "median": 34.8365475,
    "variance": 0.5125611072981116,
    "stdDev": 0.7159337310799873,
    "confidence": 0.5346080638808672,
    "low": 34.62204840139291,
    "high": 35.15665646527378,
    "count": 30,
    "base": 1683
  },
  "cache.PackFileCacheStrategy.check build dependencies": {
    "min": 13.568534,
    "max": 17.080353,
    "mean": 15.458414933333332,
    "median": 15.9670035,
    "variance": 1.8712644056247962,
    "stdDev": 1.3679416674788425,
    "confidence": 1.021480920098071,
    "low": 14.947674473284296,
    "high": 15.969155393382367,
    "count": 30,
    "base": 1683
  },
  "cache.PackFileCacheStrategy.restore cache content metadata": {
    "min": 61.769993,
    "max": 69.172231,
    "mean": 66.17150653333334,
    "median": 66.587824,
    "variance": 2.899165598951318,
    "stdDev": 1.702693630384315,
    "confidence": 1.2714497244722622,
    "low": 65.53578167109721,
    "high": 66.80723139556947,
    "count": 30,
    "base": 1683
  },
  "cache.PackFileCacheStrategy.restore cache content": {
    "min": 479.387285,
    "max": 516.768072,
    "mean": 495.7711213,
    "median": 495.5842655,
    "variance": 66.44200684841722,
    "stdDev": 8.151196651315512,
    "confidence": 6.086730197078964,
    "low": 492.7277562014605,
    "high": 498.8144863985395,
    "count": 30,
    "base": 1683
  },
  "stats": {
    "min": 1686,
    "max": 1854,
    "mean": 1760.5,
    "median": 1752.5,
    "variance": 2072.116666666667,
    "stdDev": 45.5205081986863,
    "confidence": 33.99145716777821,
    "low": 1743.504271416111,
    "high": 1777.495728583889,
    "count": 30,
    "base": 1683
  },
  "heap memory": {
    "min": 250014984,
    "max": 254593984,
    "mean": 253210217.33333334,
    "median": 253446952,
    "variance": 896348075844.6218,
    "stdDev": 946756.608556086,
    "confidence": 706970.0664935112,
    "low": 252856732.3000866,
    "high": 253563702.3665801,
    "count": 30,
    "base": 1683
  },
  "rss memory": {
    "min": 574394368,
    "max": 576614400,
    "mean": 575492096,
    "median": 575592448,
    "variance": 309868468633.6,
    "stdDev": 556658.3050971215,
    "confidence": 415672.5766813755,
    "low": 575284259.7116593,
    "high": 575699932.2883407,
    "count": 30,
    "base": 1683
  },
  "external memory": {
    "min": 248042493,
    "max": 248042493,
    "mean": 248042493,
    "median": 248042493,
    "variance": 0,
    "stdDev": 0,
    "confidence": 0,
    "low": 248042493,
    "high": 248042493,
    "count": 30,
    "base": 1683
  },
  "array buffers memory": {
    "min": 246502591,
    "max": 246502591,
    "mean": 246502591,
    "median": 246502591,
    "variance": 0,
    "stdDev": 0,
    "confidence": 0,
    "low": 246502591,
    "high": 246502591,
    "count": 30,
    "base": 1683
  },
  "Compiler.make hook": {
    "min": 1204.054189,
    "max": 1314.798157,
    "mean": 1248.1044746666666,
    "median": 1241.3578965000002,
    "variance": 959.7892638153143,
    "stdDev": 30.980465842451665,
    "confidence": 23.13399431142352,
    "low": 1236.537477510955,
    "high": 1259.6714718223784,
    "count": 30,
    "base": 1683
  },
  "Compiler.finish make hook": {
    "min": 0.089006,
    "max": 0.13932,
    "mean": 0.09959843333333332,
    "median": 0.094712,
    "variance": 0.00016378450057888888,
    "stdDev": 0.012797831870238368,
    "confidence": 0.009556504772725405,
    "low": 0.09482018094697062,
    "high": 0.10437668571969602,
    "count": 30,
    "base": 1683
  },
  "Compiler.finish compilation": {
    "min": 145.18002,
    "max": 169.733901,
    "mean": 156.65242973333335,
    "median": 156.235842,
    "variance": 43.611156246958565,
    "stdDev": 6.603874336096847,
    "confidence": 4.931300649303864,
    "low": 154.18677940868142,
    "high": 159.11808005798528,
    "count": 30,
    "base": 1683
  },
  "Compiler.seal compilation": {
    "min": 304.126692,
    "max": 357.049208,
    "mean": 325.6215163,
    "median": 325.98594549999996,
    "variance": 160.1201057479558,
    "stdDev": 12.653857346594192,
    "confidence": 9.448994904154915,
    "low": 320.89701884792254,
    "high": 330.34601375207745,
    "count": 30,
    "base": 1683
  },
  "Compiler.afterCompile hook": {
    "min": 0.050594,
    "max": 0.085259,
    "mean": 0.05646463333333332,
    "median": 0.054832,
    "variance": 0.000050821181365555556,
    "stdDev": 0.0071288976262501875,
    "confidence": 0.00532335046125762,
    "low": 0.05380295810270451,
    "high": 0.05912630856396213,
    "count": 30,
    "base": 1683
  },
  "Compiler.emitAssets": {
    "min": 12.674838,
    "max": 13.70274,
    "mean": 13.107484199999996,
    "median": 13.097779500000001,
    "variance": 0.052171342312160016,
    "stdDev": 0.22841046891979364,
    "confidence": 0.1705605885828696,
    "low": 13.022203905708562,
    "high": 13.192764494291431,
    "count": 30,
    "base": 1683
  },
  "Compiler.emitRecords": {
    "min": 0.062747,
    "max": 0.090489,
    "mean": 0.07241979999999998,
    "median": 0.070802,
    "variance": 0.00005787194796,
    "stdDev": 0.007607361432191848,
    "confidence": 0.005680632983126904,
    "low": 0.06957948350843653,
    "high": 0.07526011649156343,
    "count": 30,
    "base": 1683
  },
  "Compilation.compute affected modules": {
    "min": 0.210282,
    "max": 0.25203,
    "mean": 0.22433006666666663,
    "median": 0.217977,
    "variance": 0.00017506988732888883,
    "stdDev": 0.013231397784394847,
    "confidence": 0.009880260762797688,
    "low": 0.2193899362852678,
    "high": 0.22927019704806548,
    "count": 30,
    "base": 1683
  },
  "Compilation.finish modules": {
    "min": 112.347272,
    "max": 131.178037,
    "mean": 120.85559073333337,
    "median": 119.849412,
    "variance": 22.840369842204844,
    "stdDev": 4.779159951519183,
    "confidence": 3.568734559837651,
    "low": 119.07122345341455,
    "high": 122.6399580132522,
    "count": 30,
    "base": 1683
  },
  "Compilation.report dependency errors and warnings": {
    "min": 32.133018,
    "max": 39.561895,
    "mean": 35.10657440000001,
    "median": 35.1347745,
    "variance": 4.599564306287775,
    "stdDev": 2.1446594849271,
    "confidence": 1.601478188757838,
    "low": 34.30583530562109,
    "high": 35.907313494378926,
    "count": 30,
    "base": 1683
  },
  "Compilation.optimize dependencies": {
    "min": 1.297418,
    "max": 3.313809,
    "mean": 1.5915990333333334,
    "median": 1.4689705000000002,
    "variance": 0.21953854554856556,
    "stdDev": 0.46854940566451,
    "confidence": 0.3498791574144309,
    "low": 1.416659454626118,
    "high": 1.7665386120405489,
    "count": 30,
    "base": 1683
  },
  "Compilation.create chunks": {
    "min": 86.996457,
    "max": 102.868897,
    "mean": 95.2596501,
    "median": 94.5028155,
    "variance": 16.32370517321988,
    "stdDev": 4.0402605328394205,
    "confidence": 3.016977364339681,
    "low": 93.75116141783016,
    "high": 96.76813878216984,
    "count": 30,
    "base": 1683
  },
  "Compilation.compute affected modules with chunk graph": {
    "min": 0.151863,
    "max": 0.219118,
    "mean": 0.17972023333333337,
    "median": 0.1766345,
    "variance": 0.0003676663605122223,
    "stdDev": 0.019174628041039605,
    "confidence": 0.014318239702426794,
    "low": 0.17256111348211997,
    "high": 0.18687935318454676,
    "count": 30,
    "base": 1683
  },
  "Compilation.optimize": {
    "min": 46.625901,
    "max": 57.413626,
    "mean": 52.22843196666667,
    "median": 52.032985499999995,
    "variance": 8.035825666410433,
    "stdDev": 2.8347531932093193,
    "confidence": 2.1167907732404814,
    "low": 51.17003658004643,
    "high": 53.28682735328691,
    "count": 30,
    "base": 1683
  },
  "Compilation.module hashing": {
    "min": 86.339608,
    "max": 108.087149,
    "mean": 94.47115760000001,
    "median": 92.04681550000001,