{
  "stats": {
    "min": 8984,
    "max": 9631,
    "mean": 9272.346153846154,
    "median": 9262,
    "variance": 18790.380177514788,
    "stdDev": 137.07800763621708,
    "confidence": 110.75882136863584,
    "low": 9216.966743161836,
    "high": 9327.725564530472,
    "count": 26,
    "base": 9168.5
  },
  "heap memory": {
    "min": 303810104,
    "max": 339049040,
    "mean": 314324597.53846157,
    "median": 313291376,
    "variance": 54605331179302.25,
    "stdDev": 7389542.0141780265,
    "confidence": 5970738.691478729,
    "low": 311339228.1927222,
    "high": 317309966.88420093,
    "count": 26,
    "base": 9168.5
  },
  "rss memory": {
    "min": 494100480,
    "max": 529092608,
    "mean": 503607768.61538464,
    "median": 501954560,
    "variance": 54401749401309.16,
    "stdDev": 7375754.158139299,
    "confidence": 5959598.1248015165,
    "low": 500627969.5529839,
    "high": 506587567.6777854,
    "count": 26,
    "base": 9168.5
  },
  "external memory": {
    "min": 103534899,
    "max": 103567667,
    "mean": 103553173.46153846,
    "median": 103551283,
    "variance": 58372798.863905296,
    "stdDev": 7640.209346863821,
    "confidence": 6173.277514457703,
    "low": 103550086.82278123,
    "high": 103556260.1002957,
    "count": 26,
    "base": 9168.5
  },
  "array buffers memory": {
    "min": 102078062,
    "max": 102110830,
    "mean": 102096336.46153846,
    "median": 102094446,
    "variance": 58372798.863905296,
    "stdDev": 7640.209346863821,
    "confidence": 6173.277514457703,
    "low": 102093249.82278123,
    "high": 102099423.1002957,
    "count": 26,
    "base": 9168.5
  },
  "Compiler.make hook": {
    "min": 6914.778486,
    "max": 7421.943339,
    "mean": 7143.1601925,
    "median": 7112.508686499999,
    "variance": 13604.7085930497,
    "stdDev": 116.63922407599297,
    "confidence": 94.2443153849581,
    "low": 7096.038034807521,
    "high": 7190.2823501924795,
    "count": 26,
    "base": 9168.5
  },
  "Compiler.finish make hook": {
    "min": 0.115302,
    "max": 0.266705,
    "mean": 0.14816819230769226,
    "median": 0.1405525,
    "variance": 0.001221467827539941,
    "stdDev": 0.03494950396700847,
    "confidence": 0.028239145969186086,
    "low": 0.13404861932309922,
    "high": 0.1622877652922853,
    "count": 26,
    "base": 9168.5
  },
  "Compiler.finish compilation": {
    "min": 330.77432,
    "max": 373.561065,
    "mean": 353.1293648461537,
    "median": 354.998682,
    "variance": 135.47410190612362,
    "stdDev": 11.639334255279536,
    "confidence": 9.404564348874828,
    "low": 348.4270826717163,
    "high": 357.8316470205911,
    "count": 26,
    "base": 9168.5
  },
  "Compiler.seal compilation": {
    "min": 1435.723977,
    "max": 1535.188174,
    "mean": 1481.8755846923077,
    "median": 1472.150805,
    "variance": 803.3415474111875,
    "stdDev": 28.3432804631219,
    "confidence": 22.901327440848036,
    "low": 1470.4249209718837,
    "high": 1493.3262484127317,
    "count": 26,
    "base": 9168.5
  },
  "Compiler.afterCompile hook": {
    "min": 0.081801,
    "max": 0.431209,
    "mean": 0.12139473076923075,
    "median": 0.104102,
    "variance": 0.004189703826504438,
    "stdDev": 0.06472792153703406,
    "confidence": 0.05230006200636747,
    "low": 0.09524469976604702,
    "high": 0.1475447617724145,
    "count": 26,
    "base": 9168.5
  },
  "Compiler.emitAssets": {
    "min": 217.456289,
    "max": 397.589499,
    "mean": 266.74052653846155,
    "median": 259.7646385,
    "variance": 1248.1659066300867,
    "stdDev": 35.32939154061511,
    "confidence": 28.546094550003858,
    "low": 252.46747926345964,
    "high": 281.0135738134635,
    "count": 26,
    "base": 9168.5
  },
  "Compiler.emitRecords": {
    "min": 0.098602,
    "max": 0.217005,
    "mean": 0.12424100000000002,
    "median": 0.11775250000000001,
    "variance": 0.0006145934259230771,
    "stdDev": 0.024790994855452594,
    "confidence": 0.02003108608080169,
    "low": 0.11422545695959917,
    "high": 0.13425654304040086,
    "count": 26,
    "base": 9168.5
  },
  "Compilation.compute affected modules": {
    "min": 35.522754,
    "max": 52.692251,
    "mean": 44.505000384615386,
    "median": 45.2063455,
    "variance": 14.362080635925924,
    "stdDev": 3.7897335837662682,
    "confidence": 3.0620989630446758,
    "low": 42.97395090309305,
    "high": 46.03604986613772,
    "count": 26,
    "base": 9168.5
  },
  "Compilation.finish modules": {
    "min": 227.659983,
    "max": 271.058368,
    "mean": 247.76329330769238,
    "median": 249.11274500000002,
    "variance": 108.51067827295843,
    "stdDev": 10.41684588889355,
    "confidence": 8.416795610966744,
    "low": 243.554895502209,
    "high": 251.97169111317575,
    "count": 26,
    "base": 9168.5
  },
  "Compilation.report dependency errors and warnings": {
    "min": 54.204645,
    "max": 69.264421,
    "mean": 60.13734892307692,
    "median": 59.2332125,
    "variance": 11.853634344893766,
    "stdDev": 3.4429107372823022,
    "confidence": 2.781866631376829,
    "low": 58.746415607388506,
    "high": 61.528282238765335,
    "count": 26,
    "base": 9168.5
  },
  "Compilation.optimize dependencies": {
    "min": 1.102522,
    "max": 1.724735,
    "mean": 1.4138247307692309,
    "median": 1.3778285000000001,
    "variance": 0.022717481678504427,
    "stdDev": 0.15072319555564243,
    "confidence": 0.12178411242276299,
    "low": 1.3529326745578494,
    "high": 1.4747167869806124,
    "count": 26,
    "base": 9168.5
  },
  "Compilation.create chunks": {
    "min": 118.156471,
    "max": 166.55356,
    "mean": 143.29056330769228,
    "median": 141.705539,
    "variance": 124.94102949273623,
    "stdDev": 11.17770233512846,
    "confidence": 9.031566460564648,
    "low": 138.77478007740996,
    "high": 147.8063465379746,
    "count": 26,
    "base": 9168.5
  },
  "Compilation.compute affected modules with chunk graph": {
    "min": 23.194592,
    "max": 41.535853,
    "mean": 32.4814883076923,
    "median": 32.8178125,
    "variance": 28.76804237706384,
    "stdDev": 5.363584843839411,
    "confidence": 4.333768383845243,
    "low": 30.31460411576968,
    "high": 34.64837249961492,
    "count": 26,
    "base": 9168.5
  },
  "Compilation.optimize": {
    "min": 101.371666,
    "max": 121.522551,
    "mean": 111.25806288461541,
    "median": 109.9487755,
    "variance": 24.217114012072575,
    "stdDev": 4.921088701910643,
    "confidence": 3.976232175190489,
    "low": 109.26994679702017,
    "high": 113.24617897221066,
    "count": 26,
    "base": 9168.5
  },
  "Compilation.module hashing": {
    "min": 140.001977,
    "max": 165.095757,
    "mean": 153.97268996153846,
    "median": 155.19186000000002,
    "variance": 49.62099186685802,
    "stdDev": 7.044216909412857,
    "confidence": 5.691716532838257,
    "low": 151.12683169511934,
    "high": 156.8185482279576,
    "count": 26,
    "base": 9168.5
  },
  "Compilation.code generation": {
    "min": 569.789913,
    "max": 673.036534,
    "mean": 617.3891045000001,
    "median": 620.7232485,
    "variance": 585.3206375716255,
    "stdDev": 24.19340070291123,
    "confidence": 19.548230915821932,
    "low": 607.6149890420892,
    "high": 627.1632199579111,
    "count": 26,
    "base": 9168.5
  },
  "Compilation.runtime requirements.modules": {
    "min": 21.398328,
    "max": 36.88685,
    "mean": 27.419823576923076,
    "median": 25.8841325,
    "variance": 22.708445648248322,
    "stdDev": 4.765337936416296,
    "confidence": 3.8503857939154145,
    "low": 25.49463067996537,
    "high": 29.345016473880783,
    "count": 26,
    "base": 9168.5
  },
  "Compilation.runtime requirements.chunks": {
    "min": 3.883377,
    "max": 16.582736,
    "mean": 6.770175730769231,
    "median": 5.0498034999999994,
    "variance": 13.458315724420508,
    "stdDev": 3.668557717199023,
    "confidence": 2.964189047437139,
    "low": 5.288081207050662,
    "high": 8.2522702544878,
    "count": 26,
    "base": 9168.5
  },