{
  "stats": {
    "min": 12174,
    "max": 13846,
    "mean": 12917.818181818182,
    "median": 12932.5,
    "variance": 171841.6033057851,
    "stdDev": 414.5378189089448,
    "confidence": 367.659801383179,
    "low": 12733.988281126592,
    "high": 13101.648082509771,
    "count": 22,
    "base": 11754
  },
  "heap memory": {
    "min": 158302560,
    "max": 385685488,
    "mean": 286075656,
    "median": 313861432,
    "variance": 3923457801574522,
    "stdDev": 62637511.138091385,
    "confidence": 55554146.940754205,
    "low": 258298582.52962288,
    "high": 313852729.4703771,
    "count": 22,
    "base": 11754
  },
  "rss memory": {
    "min": 487477248,
    "max": 631025664,
    "mean": 554190848,
    "median": 545597440,
    "variance": 1326824914443543.2,
    "stdDev": 36425607.94885301,
    "confidence": 32306417.346877813,
    "low": 538037639.3265611,
    "high": 570344056.6734389,
    "count": 22,
    "base": 11754
  },
  "external memory": {
    "min": 33522713,
    "max": 33555481,
    "mean": 33540958.818181816,
    "median": 33539097,
    "variance": 72793705.78512399,
    "stdDev": 8531.922748426874,
    "confidence": 7567.09009411931,
    "low": 33537175.273134757,
    "high": 33544742.363228876,
    "count": 22,
    "base": 11754
  },
  "array buffers memory": {
    "min": 32029529,
    "max": 32062297,
    "mean": 32047774.818181816,
    "median": 32045913,
    "variance": 72793705.78512399,
    "stdDev": 8531.922748426874,
    "confidence": 7567.09009411931,
    "low": 32043991.273134757,
    "high": 32051558.363228876,
    "count": 22,
    "base": 11754
  },
  "Compiler.make hook": {
    "min": 11613.27553,
    "max": 13274.376128,
    "mean": 12353.02183681818,
    "median": 12365.859099000001,
    "variance": 167587.3753333564,
    "stdDev": 409.3743706356767,
    "confidence": 363.0802617609588,
    "low": 12171.4817059377,
    "high": 12534.561967698659,
    "count": 22,
    "base": 11754
  },
  "Compiler.finish make hook": {
    "min": 0.081302,
    "max": 0.133389,
    "mean": 0.1126908181818182,
    "median": 0.1238505,
    "variance": 0.00042905419196694224,
    "stdDev": 0.02071362334230644,
    "confidence": 0.018371222833184098,
    "low": 0.10350520676522615,
    "high": 0.12187642959841025,
    "count": 22,
    "base": 11754
  },
  "Compiler.finish compilation": {
    "min": 89.234132,
    "max": 112.030316,
    "mean": 98.86564227272729,
    "median": 91.1652095,
    "variance": 40.26020384339856,
    "stdDev": 6.34509289478086,
    "confidence": 5.627557938122322,
    "low": 96.05186330366612,
    "high": 101.67942124178845,
    "count": 22,
    "base": 11754
  },
  "Compiler.seal compilation": {
    "min": 380.65355,
    "max": 437.143469,
    "mean": 402.72268959090906,
    "median": 402.7130915,
    "variance": 212.490554279769,
    "stdDev": 14.577055747981792,
    "confidence": 12.928609107753573,
    "low": 396.25838503703227,
    "high": 409.18699414478584,
    "count": 22,
    "base": 11754
  },
  "Compiler.afterCompile hook": {
    "min": 0.050224,
    "max": 0.066224,
    "mean": 0.05645854545454545,
    "median": 0.0572715,
    "variance": 0.0000153178291570248,
    "stdDev": 0.003913799836095965,
    "confidence": 0.003471207703509019,
    "low": 0.05472294160279094,
    "high": 0.05819414930629996,
    "count": 22,
    "base": 11754
  },
  "Compiler.emitAssets": {
    "min": 42.496604,
    "max": 52.608634,
    "mean": 46.62315218181818,
    "median": 46.612883,
    "variance": 8.203547849898243,
    "stdDev": 2.864183627126278,
    "confidence": 2.5402873644816992,
    "low": 45.35300849957733,
    "high": 47.89329586405903,
    "count": 22,
    "base": 11754
  },
  "Compiler.emitRecords": {
    "min": 0.061104,
    "max": 0.094536,
    "mean": 0.06970195454545455,
    "median": 0.065087,
    "variance": 0.00008372212713429752,
    "stdDev": 0.009149979624802315,
    "confidence": 0.008115253996291899,
    "low": 0.0656443275473086,
    "high": 0.0737595815436005,
    "count": 22,
    "base": 11754
  },
  "Compilation.compute affected modules": {
    "min": 0.203099,
    "max": 0.317462,
    "mean": 0.21729368181818184,
    "median": 0.2095855,
    "variance": 0.0005638568433987606,
    "stdDev": 0.0237456699926273,
    "confidence": 0.021060390427531772,
    "low": 0.20676348660441596,
    "high": 0.22782387703194773,
    "count": 22,
    "base": 11754
  },
  "Compilation.finish modules": {
    "min": 60.988946,
    "max": 82.109755,
    "mean": 69.51234959090908,
    "median": 68.91593900000001,
    "variance": 22.96201401410433,
    "stdDev": 4.791869573987206,
    "confidence": 4.24998090756398,
    "low": 67.38735913712709,
    "high": 71.63734004469107,
    "count": 22,
    "base": 11754
  },
  "Compilation.report dependency errors and warnings": {
    "min": 24.569062,
    "max": 33.529096,
    "mean": 28.758794454545452,
    "median": 29.144789,
    "variance": 6.7057135632971585,
    "stdDev": 2.589539256952317,
    "confidence": 2.2967011583909525,
    "low": 27.610443875349976,
    "high": 29.907145033740928,
    "count": 22,
    "base": 11754
  },
  "Compilation.optimize dependencies": {
    "min": 0.427026,
    "max": 0.776417,
    "mean": 0.5604320454545454,
    "median": 0.5388745,
    "variance": 0.009793646039225206,
    "stdDev": 0.09896285181433084,
    "confidence": 0.08777163574154323,
    "low": 0.5165462275837738,
    "high": 0.604317863325317,
    "count": 22,
    "base": 11754
  },
  "Compilation.create chunks": {
    "min": 25.999944,
    "max": 42.512786,
    "mean": 32.02638395454545,
    "median": 30.918632,
    "variance": 14.745577955193228,
    "stdDev": 3.839997129581379,
    "confidence": 3.4057509775337884,
    "low": 30.323508465778556,
    "high": 33.729259443312344,
    "count": 22,
    "base": 11754
  },
  "Compilation.compute affected modules with chunk graph": {
    "min": 0.116207,
    "max": 0.231521,
    "mean": 0.13002277272727272,
    "median": 0.122218,
    "variance": 0.0006234002249028926,
    "stdDev": 0.02496798399756962,
    "confidence": 0.02214447902882699,
    "low": 0.11895053321285923,
    "high": 0.14109501224168622,
    "count": 22,
    "base": 11754
  },
  "Compilation.optimize": {
    "min": 20.603208,
    "max": 35.260713,
    "mean": 23.707108636363635,
    "median": 22.457884,
    "variance": 11.797974078779145,
    "stdDev": 3.434817910570973,
    "confidence": 3.0463914585928222,
    "low": 22.183912907067224,
    "high": 25.230304365660047,
    "count": 22,
    "base": 11754
  },
  "Compilation.module hashing": {
    "min": 48.034447,
    "max": 76.163983,
    "mean": 58.94412277272727,
    "median": 58.612715,
    "variance": 32.39235410915836,
    "stdDev": 5.691428125625269,
    "confidence": 5.04781286243427,
    "low": 56.420216341510134,
    "high": 61.468029203944404,
    "count": 22,
    "base": 11754
  },
  "Compilation.code generation": {
    "min": 159.444571,
    "max": 185.371286,
    "mean": 169.5603695454545,
    "median": 167.67913099999998,
    "variance": 47.08989031429951,
    "stdDev": 6.8622073937108246,
    "confidence": 6.086194533618823,
    "low": 166.5172722786451,
    "high": 172.60346681226392,
    "count": 22,
    "base": 11754
  },
  "Compilation.runtime requirements.modules": {
    "min": 4.977225,
    "max": 11.063393,
    "mean": 6.295033772727273,
    "median": 5.4646405,
    "variance": 2.8013225063599942,
    "stdDev": 1.673715180775987,
    "confidence": 1.484443066149474,
    "low": 5.552812239652536,
    "high": 7.03725530580201,
    "count": 22,
    "base": 11754
  },
  "Compilation.runtime requirements.chunks": {
    "min": 1.847262,
    "max": 6.386452,
    "mean": 2.472833045454545,
    "median": 2.320429,
    "variance": 0.789356356100498,
    "stdDev": 0.8884572899698094,
    "confidence": 0.7879860795993787,
    "low": 2.0788400056548557,
    "high": 2.8668260852542344,
    "count": 22,
    "base": 11754
  },
  "Compilation.runtime requirements.entries": {
    "min": 1.765783,