{
  "stats": {
    "min": 711.2727272727273,
    "max": 745.9090909090909,
    "mean": 723.8750000000001,
    "median": 720.4545454545455,
    "variance": 134.88003615702465,
    "stdDev": 11.613786469408874,
    "confidence": 19.42182265177985,
    "low": 714.1640886741102,
    "high": 733.58591132589,
    "count": 8,
    "base": 699.2727272727273
  },
  "heap memory": {
    "min": 5452413864,
    "max": 5696183936,
    "mean": 5551074765,
    "median": 5526215932,
    "variance": 5054716910396014,
    "stdDev": 71096532.33735113,
    "confidence": 118895266.91830444,
    "low": 5491627131.540848,
    "high": 5610522398.459152,
    "count": 8,
    "base": 699.2727272727273
  },
  "rss memory": {
    "min": 8857677824,
    "max": 9799024640,
    "mean": 9154983936,
    "median": 9113081856,
    "variance": 90719081212149760,
    "stdDev": 301196084.3240658,
    "confidence": 503692482.0824852,
    "low": 8903137694.958757,
    "high": 9406830177.041243,
    "count": 8,
    "base": 699.2727272727273
  },
  "external memory": {
    "min": 1674505291,
    "max": 1693773044,
    "mean": 1691195614.875,
    "median": 1693592820,
    "variance": 39808323284787.84,
    "stdDev": 6309383.7484169435,
    "confidence": 10551229.99949646,
    "low": 1685919999.8752518,
    "high": 1696471229.8747482,
    "count": 8,
    "base": 699.2727272727273
  },
  "array buffers memory": {
    "min": 1423105842,
    "max": 1442373595,
    "mean": 1439796165.875,
    "median": 1442193371,
    "variance": 39808323284787.84,
    "stdDev": 6309383.7484169435,
    "confidence": 10551229.99949646,
    "low": 1434520550.8752518,
    "high": 1445071780.8747482,
    "count": 8,
    "base": 699.2727272727273
  },
  "Compiler.make hook": {
    "min": 413.15491063636364,
    "max": 439.49114945454545,
    "mean": 423.0127554772727,
    "median": 421.56450590909094,
    "variance": 78.51375201290757,
    "stdDev": 8.8607986103346,
    "confidence": 14.817980304386879,
    "low": 415.6037653250793,
    "high": 430.42174562946616,
    "count": 8,
    "base": 699.2727272727273
  },
  "Compiler.finish make hook": {
    "min": 0.003991000000000001,
    "max": 0.005963727272727273,
    "mean": 0.004465943181818182,
    "median": 0.004254545454545454,
    "variance": 3.5822546681301665e-7,
    "stdDev": 0.0005985193955194908,
    "confidence": 0.0010009084964708904,
    "low": 0.003965488933582737,
    "high": 0.004966397430053627,
    "count": 8,
    "base": 699.2727272727273
  },
  "Compiler.finish compilation": {
    "min": 59.67584727272728,
    "max": 64.40491445454546,
    "mean": 61.08594887499999,
    "median": 60.46227718181818,
    "variance": 2.4641630777583843,
    "stdDev": 1.5697652938443964,
    "confidence": 2.6251303330115974,
    "low": 59.773383708494194,
    "high": 62.39851404150579,
    "count": 8,
    "base": 699.2727272727273
  },
  "Compiler.seal compilation": {
    "min": 187.6401600909091,
    "max": 198.5099127272727,
    "mean": 191.87701672727272,
    "median": 191.38219659090907,
    "variance": 11.69305555498864,
    "stdDev": 3.419511011093346,
    "confidence": 5.718474038436796,
    "low": 189.01777970805432,
    "high": 194.73625374649112,
    "count": 8,
    "base": 699.2727272727273
  },
  "Compiler.afterCompile hook": {
    "min": 0.0033636363636363634,
    "max": 0.004154545454545454,
    "mean": 0.0038261477272727275,
    "median": 0.003936363636363637,
    "variance": 6.137662797004135e-8,
    "stdDev": 0.0002477430684601314,
    "confidence": 0.00041430260075078816,
    "low": 0.003618996426897333,
    "high": 0.004033299027648121,
    "count": 8,
    "base": 699.2727272727273
  },
  "Compiler.emitAssets": {
    "min": 40.94795563636364,
    "max": 47.94419690909091,
    "mean": 43.19054526136364,
    "median": 42.59342609090909,
    "variance": 5.145700507082221,
    "stdDev": 2.2684136543148874,
    "confidence": 3.79348525229274,
    "low": 41.29380263521727,
    "high": 45.08728788751001,
    "count": 8,
    "base": 699.2727272727273
  },
  "Compiler.emitRecords": {
    "min": 0.0045,
    "max": 0.005336454545454546,
    "mean": 0.004882977272727272,
    "median": 0.004872727272727272,
    "variance": 9.409928047520679e-8,
    "stdDev": 0.0003067560602094224,
    "confidence": 0.0005129904716639176,
    "low": 0.0046264820368953135,
    "high": 0.005139472508559231,
    "count": 8,
    "base": 699.2727272727273
  },
  "FlagDependencyExportsPlugin.restore cached provided exports": {
    "min": 8.029607818181818,
    "max": 10.999547454545455,
    "mean": 9.293318170454546,
    "median": 8.097190772727274,
    "variance": 1.266360253683689,
    "stdDev": 1.1253267319688487,
    "confidence": 1.8818923760287092,
    "low": 8.352371982440191,
    "high": 10.2342643584689,
    "count": 8,
    "base": 699.2727272727273
  },
  "FlagDependencyExportsPlugin.figure out provided exports": {
    "min": 30.466968090909088,
    "max": 35.33783481818181,
    "mean": 32.29768048863636,
    "median": 31.519394318181817,
    "variance": 3.009441441172268,
    "stdDev": 1.7347741758431463,
    "confidence": 2.9010759301335725,
    "low": 30.847142523569573,
    "high": 33.748218453703146,
    "count": 8,
    "base": 699.2727272727273
  },
  "FlagDependencyExportsPlugin.store provided exports into cache": {
    "min": 0.007963727272727273,
    "max": 0.015909272727272727,
    "mean": 0.011641,
    "median": 0.0122,
    "variance": 0.000006569702074380163,
    "stdDev": 0.0025631430070092,
    "confidence": 0.0042863633703277525,
    "low": 0.009497818314836124,
    "high": 0.013784181685163877,
    "count": 8,
    "base": 699.2727272727273
  },
  "Compilation.finish modules": {
    "min": 40.457984999999994,
    "max": 44.186613909090916,
    "mean": 42.47774978409091,
    "median": 42.30290422727273,
    "variance": 1.3187486189196145,
    "stdDev": 1.1483678064625524,
    "confidence": 1.9204241385767773,
    "low": 41.51753771480252,
    "high": 43.4379618533793,
    "count": 8,
    "base": 699.2727272727273
  },
  "Compilation.report dependency errors and warnings": {
    "min": 16.910204727272728,
    "max": 20.179709272727266,
    "mean": 18.57422163636364,
    "median": 18.60547409090909,
    "variance": 0.8296952358711375,
    "stdDev": 0.9108760815122645,
    "confidence": 1.523264936847056,
    "low": 17.81258916794011,
    "high": 19.335854104787167,
    "count": 8,
    "base": 699.2727272727273
  },
  "Compilation.optimize dependencies": {
    "min": 0.18157445454545454,
    "max": 0.34180454545454547,
    "mean": 0.3046674204545454,
    "median": 0.31856481818181814,
    "variance": 0.002356248511444085,
    "stdDev": 0.04854120426446057,
    "confidence": 0.08117582177108473,
    "low": 0.26407950956900306,
    "high": 0.3452553313400878,
    "count": 8,
    "base": 699.2727272727273
  },
  "Compilation.create chunks": {
    "min": 37.63981972727272,
    "max": 40.88042509090909,
    "mean": 39.16603292045455,
    "median": 38.93670081818182,
    "variance": 0.8247407068660897,
    "stdDev": 0.9081523588396881,
    "confidence": 1.518710034891626,
    "low": 38.406677903008735,
    "high": 39.92538793790036,
    "count": 8,
    "base": 699.2727272727273
  },
  "Compilation.optimize": {
    "min": 18.790834181818184,
    "max": 23.978279181818184,
    "mean": 21.969940852272725,
    "median": 22.191581409090908,
    "variance": 2.317331930523137,
    "stdDev": 1.5222785325041988,
    "confidence": 2.5457178640906264,
    "low": 20.69708192022741,
    "high": 23.242799784318038,
    "count": 8,
    "base": 699.2727272727273
  },
  "Compilation.module hashing": {
    "min": 71.59435881818182,
    "max": 78.0828659090909,
    "mean": 74.53593938636362,
    "median": 74.66748249999999,
    "variance": 4.956701082836843,
    "stdDev": 2.2263649931753875,
    "confidence": 3.723166959327102,
    "low": 72.67435590670007,
    "high": 76.39752286602717,
    "count": 8,
    "base": 699.2727272727273
  },