{
  "stats": {
    "min": 7800,
    "max": 8232,
    "mean": 8046.733333333334,
    "median": 8049.5,
    "variance": 9663.52888888889,
    "stdDev": 98.30324963544639,
    "confidence": 73.40583028756919,
    "low": 8010.030418189549,
    "high": 8083.436248477118,
    "count": 30,
    "base": 7710.5
  },
  "heap memory": {
    "min": 562281928,
    "max": 664122120,
    "mean": 616097772.8,
    "median": 611106892,
    "variance": 431285424338067.6,
    "stdDev": 20767412.55761217,
    "confidence": 15507617.167991638,
    "low": 608343964.2160041,
    "high": 623851581.3839958,
    "count": 30,
    "base": 7710.5
  },
  "rss memory": {
    "min": 762146816,
    "max": 861245440,
    "mean": 814145126.4,
    "median": 809447424,
    "variance": 399025878709480.1,
    "stdDev": 19975632.122901145,
    "confidence": 14916372.214941263,
    "low": 806686940.2925293,
    "high": 821603312.5074706,
    "count": 30,
    "base": 7710.5
  },
  "external memory": {
    "min": 99960941,
    "max": 100010093,
    "mean": 99988520.73333333,
    "median": 99985517,
    "variance": 145327973.26222223,
    "stdDev": 12055.205235176307,
    "confidence": 9001.964358836412,
    "low": 99984019.75115392,
    "high": 99993021.71551275,
    "count": 30,
    "base": 7710.5
  },
  "array buffers memory": {
    "min": 98500988,
    "max": 98550140,
    "mean": 98528567.73333333,
    "median": 98525564,
    "variance": 145327973.2622222,
    "stdDev": 12055.205235176305,
    "confidence": 9001.964358836412,
    "low": 98524066.75115392,
    "high": 98533068.71551275,
    "count": 30,
    "base": 7710.5
  },
  "Compiler.make hook": {
    "min": 5715.8064269999995,
    "max": 6038.165947,
    "mean": 5912.1588280666665,
    "median": 5920.2235045,
    "variance": 5723.850645294497,
    "stdDev": 75.65613422118855,
    "confidence": 56.494585575243036,
    "low": 5883.911535279045,
    "high": 5940.406120854288,
    "count": 30,
    "base": 7710.5
  },
  "Compiler.finish make hook": {
    "min": 0.079257,
    "max": 0.114613,
    "mean": 0.08521396666666665,
    "median": 0.0836105,
    "variance": 0.000039679656832222236,
    "stdDev": 0.006299179060180956,
    "confidence": 0.004703776027317835,
    "low": 0.08286207865300774,
    "high": 0.08756585468032557,
    "count": 30,
    "base": 7710.5
  },
  "Compiler.finish compilation": {
    "min": 372.931807,
    "max": 423.722772,
    "mean": 392.9503338666665,
    "median": 391.07928200000003,
    "variance": 147.27531885290483,
    "stdDev": 12.13570429982969,
    "confidence": 9.06207529819244,
    "low": 388.41929621757026,
    "high": 397.4813715157627,
    "count": 30,
    "base": 7710.5
  },
  "Compiler.seal compilation": {
    "min": 1469.922828,
    "max": 1568.61148,
    "mean": 1510.7885015333338,
    "median": 1514.3181445,
    "variance": 588.942570748191,
    "stdDev": 24.268139004633028,
    "confidence": 18.121709096856648,
    "low": 1501.7276469849055,
    "high": 1519.8493560817622,
    "count": 30,
    "base": 7710.5
  },
  "Compiler.afterCompile hook": {
    "min": 0.051967,
    "max": 0.152043,
    "mean": 0.07615783333333331,
    "median": 0.0715075,
    "variance": 0.000660109453538889,
    "stdDev": 0.025692595305630162,
    "confidence": 0.01918539109995232,
    "low": 0.06656513778335715,
    "high": 0.08575052888330947,
    "count": 30,
    "base": 7710.5
  },
  "Compiler.emitAssets": {
    "min": 184.030542,
    "max": 268.532151,
    "mean": 213.6589622,
    "median": 210.259167,
    "variance": 349.4577145906068,
    "stdDev": 18.693788128429368,
    "confidence": 13.959182874178964,
    "low": 206.6793707629105,
    "high": 220.63855363708947,
    "count": 30,
    "base": 7710.5
  },
  "Compiler.emitRecords": {
    "min": 0.083956,
    "max": 0.097121,
    "mean": 0.09029126666666665,
    "median": 0.0902925,
    "variance": 0.000013806177995555554,
    "stdDev": 0.003715666561406655,
    "confidence": 0.002774593820888932,
    "low": 0.08890396975622218,
    "high": 0.09167856357711111,
    "count": 30,
    "base": 7710.5
  },
  "Compilation.compute affected modules": {
    "min": 45.448773,
    "max": 56.214776,
    "mean": 48.758421900000016,
    "median": 48.359941,
    "variance": 5.9538795239439555,
    "stdDev": 2.440057278824404,
    "confidence": 1.822060116685563,
    "low": 47.847391841657235,
    "high": 49.6694519583428,
    "count": 30,
    "base": 7710.5
  },
  "Compilation.finish modules": {
    "min": 252.378619,
    "max": 287.325044,
    "mean": 264.1135271333333,
    "median": 263.17643599999997,
    "variance": 62.545872745914735,
    "stdDev": 7.908594865455856,
    "confidence": 5.905572548819009,
    "low": 261.1607408589238,
    "high": 267.0663134077428,
    "count": 30,
    "base": 7710.5
  },
  "Compilation.report dependency errors and warnings": {
    "min": 73.277695,
    "max": 91.760517,
    "mean": 79.44219713333334,
    "median": 78.87107950000001,
    "variance": 16.108855922545384,
    "stdDev": 4.013583924941073,
    "confidence": 2.9970571830710355,
    "low": 77.94366854179782,
    "high": 80.94072572486886,
    "count": 30,
    "base": 7710.5
  },
  "Compilation.optimize dependencies": {
    "min": 99.356724,
    "max": 109.155598,
    "mean": 103.53408540000001,
    "median": 104.08626899999999,
    "variance": 5.016783920613574,
    "stdDev": 2.2398178320152677,
    "confidence": 1.6725356309350161,
    "low": 102.6978175845325,
    "high": 104.37035321546752,
    "count": 30,
    "base": 7710.5
  },
  "Compilation.create chunks": {
    "min": 135.168139,
    "max": 154.879794,
    "mean": 145.29984253333336,
    "median": 145.89990999999998,
    "variance": 19.217275070058008,
    "stdDev": 4.383751255495459,
    "confidence": 3.2734716489757147,
    "low": 143.6631067088455,
    "high": 146.93657835782122,
    "count": 30,
    "base": 7710.5
  },
  "Compilation.compute affected modules with chunk graph": {
    "min": 40.225053,
    "max": 53.329289,
    "mean": 44.52436123333333,
    "median": 44.047124499999995,
    "variance": 7.965152764978181,
    "stdDev": 2.8222602227608604,
    "confidence": 2.1074619171555753,
    "low": 43.47063027475554,
    "high": 45.57809219191112,
    "count": 30,
    "base": 7710.5
  },
  "Compilation.optimize": {
    "min": 128.480612,
    "max": 148.954661,
    "mean": 137.768463,
    "median": 138.3788025,
    "variance": 21.93052656852851,
    "stdDev": 4.683004011158704,
    "confidence": 3.49693218641238,
    "low": 136.0199969067938,
    "high": 139.5169290932062,
    "count": 30,
    "base": 7710.5
  },
  "Compilation.module hashing": {
    "min": 169.023974,
    "max": 190.41836,
    "mean": 179.46788903333334,
    "median": 179.804781,
    "variance": 18.20772374597583,
    "stdDev": 4.267050942510041,
    "confidence": 3.1863282086389972,
    "low": 177.87472492901384,
    "high": 181.06105313765283,
    "count": 30,
    "base": 7710.5
  },
  "Compilation.code generation": {
    "min": 524.25013,
    "max": 565.009755,
    "mean": 546.5340808333333,
    "median": 546.297923,
    "variance": 105.56674070976422,
    "stdDev": 10.274567665345545,
    "confidence": 7.6723116795983515,
    "low": 542.6979249935341,
    "high": 550.3702366731325,
    "count": 30,
    "base": 7710.5
  },
  "Compilation.runtime requirements.modules": {
    "min": 33.47313,
    "max": 37.477085,
    "mean": 35.05438483333333,
    "median": 34.835724,
    "variance": 1.1792408978479387,
    "stdDev": 1.085928587821473,
    "confidence": 0.8108937386877528,
    "low": 34.648937963989454,
    "high": 35.45983170267721,
    "count": 30,
    "base": 7710.5
  },
  "Compilation.runtime requirements.chunks": {
    "min": 5.691447,
    "max": 7.531581,
    "mean": 6.8922097666666655,
    "median": 6.8860405,
    "variance": 0.2483916577399123,
    "stdDev": 0.4983890626206722,
    "confidence": 0.3721612773085976,
    "low": 6.706129128012367,
    "high": 7.078290405320964,
    "count": 30,
    "base": 7710.5
  },