{
  "stats": {
    "min": 26171,
    "max": 27029,
    "mean": 26537.727272727272,
    "median": 26576,
    "variance": 67558.38016528926,
    "stdDev": 259.9199495331,
    "confidence": 349.2114328058742,
    "low": 26363.121556324335,
    "high": 26712.33298913021,
    "count": 11,
    "base": 7657
  },
  "heap memory": {
    "min": 693030544,
    "max": 715104760,
    "mean": 701633292.3636364,
    "median": 699160720,
    "variance": 39635918701327.87,
    "stdDev": 6295706.37032318,
    "confidence": 8458499.034240723,
    "low": 697404042.846516,
    "high": 705862541.8807567,
    "count": 11,
    "base": 7657
  },
  "rss memory": {
    "min": 908451840,
    "max": 927739904,
    "mean": 915045655.2727273,
    "median": 913088512,
    "variance": 29177493722408.19,
    "stdDev": 5401619.546247976,
    "confidence": 7257262.494109869,
    "low": 911417024.0256723,
    "high": 918674286.5197822,
    "count": 11,
    "base": 7657
  },
  "external memory": {
    "min": 158002683,
    "max": 158389915,
    "mean": 158207064.54545453,
    "median": 158196741,
    "variance": 13018503807.702478,
    "stdDev": 114098.65822042992,
    "confidence": 153295.48959189653,
    "low": 158130416.80065858,
    "high": 158283712.29025048,
    "count": 11,
    "base": 7657
  },
  "array buffers memory": {
    "min": 136411219,
    "max": 136798451,
    "mean": 136615600.54545453,
    "median": 136605277,
    "variance": 13018503807.702478,
    "stdDev": 114098.65822042992,
    "confidence": 153295.48959189653,
    "low": 136538952.80065858,
    "high": 136692248.29025048,
    "count": 11,
    "base": 7657
  },
  "buildChunkGraph.visitModules.prepare": {
    "min": 59.96595,
    "max": 62.907688,
    "mean": 61.639185727272725,
    "median": 62.013165,
    "variance": 1.0438526314771077,
    "stdDev": 1.0216910645968809,
    "confidence": 1.3726772461819081,
    "low": 60.95284710418177,
    "high": 62.32552435036368,
    "count": 11,
    "base": 7657
  },
  "buildChunkGraph.visitModules.visiting": {
    "min": 29.692635,
    "max": 37.657696,
    "mean": 33.810198,
    "median": 32.589071,
    "variance": 9.120593102684735,
    "stdDev": 3.0200319704739442,
    "confidence": 4.057517298780681,
    "low": 31.78143935060966,
    "high": 35.83895664939034,
    "count": 11,
    "base": 7657
  },
  "exec": {
    "min": 28695,
    "max": 29525,
    "mean": 29048,
    "median": 29079,
    "variance": 68510.72727272728,
    "stdDev": 261.7455391649059,
    "confidence": 351.6641755529563,
    "low": 28872.167912223522,
    "high": 29223.832087776478,
    "count": 11,
    "base": 7657
  },
  "main.js size": {
    "min": 3547609,
    "max": 3547609,
    "mean": 3547609,
    "median": 3547609,
    "variance": 0,
    "stdDev": 0,
    "confidence": 0,
    "low": 3547609,
    "high": 3547609,
    "count": 11,
    "base": 7657
  },
  "main.js gzip size": {
    "min": 730435,
    "max": 730435,
    "mean": 730435,
    "median": 730435,
    "variance": 0,
    "stdDev": 0,
    "confidence": 0,
    "low": 730435,
    "high": 730435,
    "count": 11,
    "base": 7657
  }
}