{
  "stats": {
    "min": 61927,
    "max": 64596,
    "mean": 62594.6,
    "median": 61967,
    "variance": 1052895.44,
    "stdDev": 1026.1069339985963,
    "confidence": 2547.7515687739215,
    "low": 61320.72421561304,
    "high": 63868.47578438696,
    "count": 5,
    "base": 61818
  },
  "heap memory": {
    "min": 315365560,
    "max": 439040568,
    "mean": 381782012.8,
    "median": 419292120,
    "variance": 2988299760359106.5,
    "stdDev": 54665343.32060036,
    "confidence": 135730214.4523027,
    "low": 313916905.57384866,
    "high": 449647120.02615136,
    "count": 5,
    "base": 61818
  },
  "rss memory": {
    "min": 578846720,
    "max": 692928512,
    "mean": 643367731.2,
    "median": 678920192,
    "variance": 2499244089472450.5,
    "stdDev": 49992440.323237374,
    "confidence": 124127723.96345448,
    "low": 581303869.2182728,
    "high": 705431593.1817273,
    "count": 5,
    "base": 61818
  },
  "external memory": {
    "min": 40654841,
    "max": 40688167,
    "mean": 40665006.2,
    "median": 40655399,
    "variance": 176261709.76,
    "stdDev": 13276.359055102419,
    "confidence": 32964.268624946475,
    "low": 40648524.06568753,
    "high": 40681488.334312476,
    "count": 5,
    "base": 61818
  },
  "array buffers memory": {
    "min": 24563782,
    "max": 24596550,
    "mean": 24573612.4,
    "median": 24563782,
    "variance": 171798691.84,
    "stdDev": 13107.2,
    "confidence": 32544.25855217874,
    "low": 24557340.27072391,
    "high": 24589884.529276088,
    "count": 5,
    "base": 61818
  },
  "Compiler.make hook": {
    "min": 5939.836024,
    "max": 7320.057056,
    "mean": 6673.7310008,
    "median": 7027.068038,
    "variance": 355890.29759515333,
    "stdDev": 596.5654176996462,
    "confidence": 1481.2301023029813,
    "low": 5933.11594964851,
    "high": 7414.346051951491,
    "count": 5,
    "base": 61818
  },
  "Compiler.finish make hook": {
    "min": 0.126308,
    "max": 0.184612,
    "mean": 0.16281099999999998,
    "median": 0.165011,
    "variance": 0.0004269983627999999,
    "stdDev": 0.02066393870490328,
    "confidence": 0.05130711089467932,
    "low": 0.13715744455266032,
    "high": 0.18846455544733964,
    "count": 5,
    "base": 61818
  },
  "Compiler.finish compilation": {
    "min": 226.719118,
    "max": 375.541345,
    "mean": 271.98012239999997,
    "median": 253.316669,
    "variance": 2803.482272291977,
    "stdDev": 52.9479203774046,
    "confidence": 131.46597370623897,
    "low": 206.2471355468805,
    "high": 337.71310925311946,
    "count": 5,
    "base": 61818
  },
  "Compiler.seal compilation": {
    "min": 54544.670406,
    "max": 56963.787698,
    "mean": 55595.1429156,
    "median": 55658.667032,
    "variance": 653370.7804831499,
    "stdDev": 808.3135409500139,
    "confidence": 2006.985845024421,
    "low": 54591.64999308779,
    "high": 56598.63583811221,
    "count": 5,
    "base": 61818
  },
  "Compiler.afterCompile hook": {
    "min": 0.076805,
    "max": 0.102007,
    "mean": 0.0859258,
    "median": 0.085906,
    "variance": 0.00008462720855999999,
    "stdDev": 0.009199304786776009,
    "confidence": 0.02284122875069669,
    "low": 0.07450518562465165,
    "high": 0.09734641437534834,
    "count": 5,
    "base": 61818
  },
  "Compiler.emitAssets": {
    "min": 33.036499,
    "max": 37.83202,
    "mean": 34.627707799999996,
    "median": 34.232885,
    "variance": 2.76077972413896,
    "stdDev": 1.6615594254010175,
    "confidence": 4.125535548405438,
    "low": 32.56494002579728,
    "high": 36.690475574202715,
    "count": 5,
    "base": 61818
  },
  "Compiler.emitRecords": {
    "min": 0.097007,
    "max": 0.101007,
    "mean": 0.0994868,
    "median": 0.100307,
    "variance": 0.0000024540721599999964,
    "stdDev": 0.0015665478479765615,
    "confidence": 0.0038896284636618095,
    "low": 0.0975419857681691,
    "high": 0.1014316142318309,
    "count": 5,
    "base": 61818
  },
  "FlagDependencyExportsPlugin.restore cached provided exports": {
    "min": 10.196956,
    "max": 42.812024,
    "mean": 16.965065600000003,
    "median": 10.488428,
    "variance": 167.08082846218346,
    "stdDev": 12.92597495209485,
    "confidence": 32.09428946532881,
    "low": 0.9179208673355994,
    "high": 33.01221033266441,
    "count": 5,
    "base": 61818
  },
  "FlagDependencyExportsPlugin.figure out provided exports": {
    "min": 147.343564,
    "max": 268.010902,
    "mean": 187.5158052,
    "median": 174.218213,
    "variance": 1727.1795699802285,
    "stdDev": 41.55934997061706,
    "confidence": 103.18895192750801,
    "low": 135.92132923624598,
    "high": 239.110281163754,
    "count": 5,
    "base": 61818
  },
  "FlagDependencyExportsPlugin.store provided exports into cache": {
    "min": 9.97358,
    "max": 21.098766,
    "mean": 13.116443799999999,
    "median": 11.994872,
    "variance": 16.387884853322564,
    "stdDev": 4.048195258794043,
    "confidence": 10.051384977103915,
    "low": 8.090751311448042,
    "high": 18.142136288551956,
    "count": 5,
    "base": 61818
  },
  "InnerGraphPlugin.infer dependency usage": {
    "min": 29.710814,
    "max": 54.231506,
    "mean": 36.3996864,
    "median": 31.466079,
    "variance": 84.42946456428345,
    "stdDev": 9.188550732530318,
    "confidence": 22.814527188055095,
    "low": 24.992422805972453,
    "high": 47.80694999402755,
    "count": 5,
    "base": 61818
  },
  "Compilation.finish modules": {
    "min": 172.397991,
    "max": 326.569801,
    "mean": 221.66818780000003,
    "median": 200.251589,
    "variance": 2903.9666792260336,
    "stdDev": 53.888465177865605,
    "confidence": 133.80128049686624,
    "low": 154.7675475515669,
    "high": 288.56882804843315,
    "count": 5,
    "base": 61818
  },
  "Compilation.report dependency errors and warnings": {
    "min": 43.992331,
    "max": 53.814794,
    "mean": 49.8072806,
    "median": 49.840461,
    "variance": 12.256166727877035,
    "stdDev": 3.500880850282831,
    "confidence": 8.692441677244176,
    "low": 45.46105976137791,
    "high": 54.15350143862209,
    "count": 5,
    "base": 61818
  },
  "Compilation.optimize dependencies": {
    "min": 180.4264,
    "max": 199.612058,
    "mean": 188.88497820000003,
    "median": 187.823226,
    "variance": 39.70604122348571,
    "stdDev": 6.301272984364803,
    "confidence": 15.645618988878311,
    "low": 181.06216870556088,
    "high": 196.7077876944392,
    "count": 5,
    "base": 61818
  },
  "Compilation.create chunks": {
    "min": 123.726531,
    "max": 144.410961,
    "mean": 131.436221,
    "median": 127.447188,
    "variance": 56.10610292920914,
    "stdDev": 7.4904007188673924,
    "confidence": 18.598139774646313,
    "low": 122.13715111267683,
    "high": 140.73529088732315,
    "count": 5,
    "base": 61818
  },
  "Compilation.optimize": {
    "min": 160.718556,
    "max": 173.158345,
    "mean": 166.3773074,
    "median": 165.846125,
    "variance": 16.135929865431425,
    "stdDev": 4.016955297913014,
    "confidence": 9.973818344713152,
    "low": 161.39039822764343,
    "high": 171.36421657235658,
    "count": 5,
    "base": 61818
  },
  "Compilation.module hashing": {
    "min": 210.849887,
    "max": 225.143449,
    "mean": 219.67699239999996,
    "median": 220.962322,
    "variance": 23.93780752035025,
    "stdDev": 4.89262787470601,
    "confidence": 12.148051952669391,
    "low": 213.60296642366526,
    "high": 225.75101837633466,
    "count": 5,
    "base": 61818
  },
  "Compilation.code generation": {
    "min": 649.303065,
    "max": 711.40258,
    "mean": 672.3704335999998,
    "median": 667.597668,
    "variance": 472.1055940238266,
    "stdDev": 21.727991025951447,
    "confidence": 53.949078198850884,
    "low": 645.3958945005744,
    "high": 699.3449726994253,
    "count": 5,
    "base": 61818
  },
  "Compilation.runtime requirements": {
    "min": 23.001171,
    "max": 34.738636,
    "mean": 28.065898200000003,
    "median": 24.213381,
    "variance": 29.62035980999017,