{
  "stats": {
    "min": 84970,
    "max": 86296,
    "mean": 85732,
    "median": 85831,
    "variance": 231830,
    "stdDev": 481.48727916737323,
    "confidence": 1532.0925223105878,
    "low": 84965.9537388447,
    "high": 86498.0462611553,
    "count": 4,
    "base": 77324.5
  },
  "heap memory": {
    "min": 1228470520,
    "max": 1233980744,
    "mean": 1230877084,
    "median": 1230528536,
    "variance": 4560093259568,
    "stdDev": 2135437.4866916616,
    "confidence": 6794962.082653046,
    "low": 1227479602.9586735,
    "high": 1234274565.0413265,
    "count": 4,
    "base": 77324.5
  },
  "rss memory": {
    "min": 1421602816,
    "max": 1423200256,
    "mean": 1422604288,
    "median": 1422807040,
    "variance": 360093581312,
    "stdDev": 600077.9793593496,
    "confidence": 1909448.1303215027,
    "low": 1421649563.9348392,
    "high": 1423559012.0651608,
    "count": 4,
    "base": 77324.5
  },
  "external memory": {
    "min": 56501867,
    "max": 56542827,
    "mean": 56530539,
    "median": 56538731,
    "variance": 285212672,
    "stdDev": 16888.240642529938,
    "confidence": 53738.38172453642,
    "low": 56503669.80913773,
    "high": 56557408.19086227,
    "count": 4,
    "base": 77324.5
  },
  "array buffers memory": {
    "min": 28140165,
    "max": 28181125,
    "mean": 28168837,
    "median": 28177029,
    "variance": 285212672,
    "stdDev": 16888.240642529938,
    "confidence": 53738.38172452897,
    "low": 28141967.809137736,
    "high": 28195706.190862264,
    "count": 4,
    "base": 77324.5
  },
  "Compiler.make hook": {
    "min": 26941.381558,
    "max": 27479.228068,
    "mean": 27264.96782725,
    "median": 27319.630841500002,
    "variance": 40382.5412846426,
    "stdDev": 200.95407755167,
    "confidence": 639.4358747694132,
    "low": 26945.249889865292,
    "high": 27584.685764634705,
    "count": 4,
    "base": 77324.5
  },
  "Compiler.finish make hook": {
    "min": 0.095502,
    "max": 0.104902,
    "mean": 0.101702,
    "median": 0.103202,
    "variance": 0.00001457499999999999,
    "stdDev": 0.0038177218337642135,
    "confidence": 0.012147990875037734,
    "low": 0.09562800456248113,
    "high": 0.10777599543751887,
    "count": 4,
    "base": 77324.5
  },
  "Compiler.finish compilation": {
    "min": 323.475447,
    "max": 371.069034,
    "mean": 341.7677235,
    "median": 336.2632065,
    "variance": 317.12937823579034,
    "stdDev": 17.80812674695995,
    "confidence": 56.6654593088266,
    "low": 313.4349938455867,
    "high": 370.1004531544133,
    "count": 4,
    "base": 77324.5
  },
  "Compiler.seal compilation": {
    "min": 57277.148375,
    "max": 58915.488843,
    "mean": 58027.485871,
    "median": 57958.653133,
    "variance": 340683.27436869603,
    "stdDev": 583.6807983553134,
    "confidence": 1857.2723003666033,
    "low": 57098.849720816695,
    "high": 58956.1220211833,
    "count": 4,
    "base": 77324.5
  },
  "Compiler.afterCompile hook": {
    "min": 0.059601,
    "max": 0.077901,
    "mean": 0.069076,
    "median": 0.069401,
    "variance": 0.000059371875,
    "stdDev": 0.007705314724266621,
    "confidence": 0.024518311452616383,
    "low": 0.056816844273691804,
    "high": 0.08133515572630819,
    "count": 4,
    "base": 77324.5
  },
  "Compiler.emitAssets": {
    "min": 81.576863,
    "max": 84.956698,
    "mean": 83.70856575,
    "median": 84.150351,
    "variance": 1.6551219308411866,
    "stdDev": 1.2865154219212402,
    "confidence": 4.093692072553381,
    "low": 81.66171971372331,
    "high": 85.7554117862767,
    "count": 4,
    "base": 77324.5
  },
  "Compiler.emitRecords": {
    "min": 0.073701,
    "max": 0.095902,
    "mean": 0.0836765,
    "median": 0.0825515,
    "variance": 0.00006342795024999999,
    "stdDev": 0.007964166638763906,
    "confidence": 0.02534197824454676,
    "low": 0.07100551087772662,
    "high": 0.09634748912227338,
    "count": 4,
    "base": 77324.5
  },
  "FlagDependencyExportsPlugin.restore cached provided exports": {
    "min": 16.311105,
    "max": 50.097196,
    "mean": 25.1496055,
    "median": 17.0950605,
    "variance": 207.62046130624122,
    "stdDev": 14.409040957199103,
    "confidence": 45.84956832580754,
    "low": 2.224821337096227,
    "high": 48.07438966290377,
    "count": 4,
    "base": 77324.5
  },
  "FlagDependencyExportsPlugin.figure out provided exports": {
    "min": 213.593594,
    "max": 223.632184,
    "mean": 219.51124950000002,
    "median": 220.40961,
    "variance": 13.453873583320753,
    "stdDev": 3.6679522329660665,
    "confidence": 11.671424005298036,
    "low": 213.675537497351,
    "high": 225.34696150264904,
    "count": 4,
    "base": 77324.5
  },
  "FlagDependencyExportsPlugin.store provided exports into cache": {
    "min": 13.673541,
    "max": 15.48349,
    "mean": 14.802219999999998,
    "median": 15.0259245,
    "variance": 0.5136699128704998,
    "stdDev": 0.7167076899758366,
    "confidence": 2.280563869503112,
    "low": 13.661938065248442,
    "high": 15.942501934751554,
    "count": 4,
    "base": 77324.5
  },
  "InnerGraphPlugin.infer dependency usage": {
    "min": 44.44644,
    "max": 57.092882,
    "mean": 50.38162725,
    "median": 49.9935935,
    "variance": 20.28587471813569,
    "stdDev": 4.503984315929141,
    "confidence": 14.331678093286527,
    "low": 43.21578820335674,
    "high": 57.547466296643265,
    "count": 4,
    "base": 77324.5
  },
  "Compilation.finish modules": {
    "min": 249.057556,
    "max": 290.297091,
    "mean": 263.601175,
    "median": 257.52502649999997,
    "variance": 251.93168024485885,
    "stdDev": 15.872355850498653,
    "confidence": 50.50583631628672,
    "low": 238.34825684185665,
    "high": 288.85409315814337,
    "count": 4,
    "base": 77324.5
  },
  "Compilation.report dependency errors and warnings": {
    "min": 74.235887,
    "max": 80.594741,
    "mean": 77.9850955,
    "median": 78.554877,
    "variance": 5.50755500291124,
    "stdDev": 2.346818059183805,
    "confidence": 7.467575064322858,
    "low": 74.25130796783857,
    "high": 81.71888303216143,
    "count": 4,
    "base": 77324.5
  },
  "Compilation.optimize dependencies": {
    "min": 305.756916,
    "max": 334.555381,
    "mean": 323.9913755,
    "median": 327.8266025,
    "variance": 119.14219942453833,
    "stdDev": 10.9152278686493,
    "confidence": 34.732255078042044,
    "low": 306.625247960979,
    "high": 341.357503039021,
    "count": 4,
    "base": 77324.5
  },
  "Compilation.create chunks": {
    "min": 132.981786,
    "max": 148.110171,
    "mean": 142.21871575,
    "median": 143.891453,
    "variance": 33.63399048189019,
    "stdDev": 5.799481914955006,
    "confidence": 18.45395145338682,
    "low": 132.9917400233066,
    "high": 151.4456914766934,
    "count": 4,
    "base": 77324.5
  },
  "Compilation.optimize": {
    "min": 1058.678693,
    "max": 1122.837776,
    "mean": 1099.65980575,
    "median": 1108.561377,
    "variance": 593.8056389925777,
    "stdDev": 24.36812752331573,
    "confidence": 77.53938177919053,
    "low": 1060.8901148604048,
    "high": 1138.4294966395953,
    "count": 4,
    "base": 77324.5
  },
  "Compilation.module hashing": {
    "min": 323.332645,
    "max": 345.793187,
    "mean": 335.53941149999997,
    "median": 336.51590699999997,
    "variance": 67.49846517656256,
    "stdDev": 8.215744955666684,
    "confidence": 26.1425004489314,
    "low": 322.46816127553427,
    "high": 348.6106617244657,
    "count": 4,
    "base": 77324.5
  },
  "Compilation.code generation": {
    "min": 7300.123891,
    "max": 7529.3866259999995,
    "mean": 7450.009959999999,
    "median": 7485.264661499999,
    "variance": 7974.423207563018,
    "stdDev": 89.29962602140625,
    "confidence": 284.151410000115,
    "low": 7307.934254999942,
    "high": 7592.085665000057,
    "count": 4,
    "base": 77324.5
  },
  "Compilation.runtime requirements": {
    "min": 6.800927,
    "max": 7.805844,
    "mean": 7.3327365,
    "median": 7.3620874999999995,