{
  "stats": {
    "min": 533.0909090909091,
    "max": 610.3636363636364,
    "mean": 565.8522727272726,
    "median": 564.2272727272727,
    "variance": 781.6899535123972,
    "stdDev": 27.958718738747617,
    "confidence": 46.75557608582312,
    "low": 542.4744846843611,
    "high": 589.2300607701842,
    "count": 8,
    "base": 1015.4545454545455
  },
  "heap memory": {
    "min": 6401636096,
    "max": 10214970360,
    "mean": 7940832412,
    "median": 6982020920,
    "variance": 1784605906980059100,
    "stdDev": 1335891427.8413718,
    "confidence": 2234021304.069026,
    "low": 6823821759.9654875,
    "high": 9057843064.034513,
    "count": 8,
    "base": 1015.4545454545455
  },
  "rss memory": {
    "min": 8140021760,
    "max": 11835125760,
    "mean": 9684521472,
    "median": 9987573760,
    "variance": 1805032380249669600,
    "stdDev": 1343514934.8815105,
    "confidence": 2246770152.3544807,
    "low": 8561136395.82276,
    "high": 10807906548.17724,
    "count": 8,
    "base": 1015.4545454545455
  },
  "external memory": {
    "min": 150572128,
    "max": 290593433,
    "mean": 223090767.875,
    "median": 221263109.5,
    "variance": 2387016743332035,
    "stdDev": 48857105.35154569,
    "confidence": 81704105.54012364,
    "low": 182238715.10493818,
    "high": 263942820.64506182,
    "count": 8,
    "base": 1015.4545454545455
  },
  "array buffers memory": {
    "min": 121845522,
    "max": 122036213,
    "mean": 121945776.375,
    "median": 121957313.5,
    "variance": 4070599652.484375,
    "stdDev": 63801.25118275013,
    "confidence": 106695.31325525045,
    "low": 121892428.71837237,
    "high": 121999124.03162763,
    "count": 8,
    "base": 1015.4545454545455
  },
  "buildChunkGraph.visitModules.prepare": {
    "min": 23.021487454545454,
    "max": 34.954467,
    "mean": 26.581959772727274,
    "median": 24.32817522727273,
    "variance": 20.92152568275866,
    "stdDev": 4.5740054309935685,
    "confidence": 7.649143758844772,
    "low": 22.757387893304887,
    "high": 30.40653165214966,
    "count": 8,
    "base": 1015.4545454545455
  },
  "buildChunkGraph.visitModules.visiting": {
    "min": 10.715513545454545,
    "max": 16.87750245454545,
    "mean": 13.560650670454544,
    "median": 13.056923136363634,
    "variance": 3.364414060864247,
    "stdDev": 1.834233916615939,
    "confidence": 3.067403204306327,
    "low": 12.02694906830138,
    "high": 15.094352272607708,
    "count": 8,
    "base": 1015.4545454545455
  },
  "buildChunkGraph.visitModules.calculating available modules": {
    "min": 0.011564000000000001,
    "max": 0.03210118181818182,
    "mean": 0.014510670454545457,
    "median": 0.01180481818181818,
    "variance": 0.00004441683002053203,
    "stdDev": 0.006664595263069771,
    "confidence": 0.011145252892859593,
    "low": 0.00893804400811566,
    "high": 0.020083296900975253,
    "count": 8,
    "base": 1015.4545454545455
  },
  "buildChunkGraph.visitModules.merging available modules": {
    "min": 0.00817309090909091,
    "max": 0.00908209090909091,
    "mean": 0.008659409090909091,
    "median": 0.008727545454545453,
    "variance": 1.0270476652892569e-7,
    "stdDev": 0.0003204758439085943,
    "confidence": 0.000535934169356999,
    "low": 0.008391442006230591,
    "high": 0.00892737617558759,
    "count": 8,
    "base": 1015.4545454545455
  },
  "exec": {
    "min": 1150.4545454545455,
    "max": 1214.909090909091,
    "mean": 1177.590909090909,
    "median": 1176.1363636363635,
    "variance": 498.9855371900835,
    "stdDev": 22.337984179197626,
    "confidence": 37.355979315565946,
    "low": 1158.912919433126,
    "high": 1196.268898748692,
    "count": 8,
    "base": 1015.4545454545455
  },
  "0.js size": {
    "min": 78274,
    "max": 78274,
    "mean": 78274,
    "median": 78274,
    "variance": 0,
    "stdDev": 0,
    "confidence": 0,
    "low": 78274,
    "high": 78274,
    "count": 8,
    "base": 1015.4545454545455
  },
  "0.js gzip size": {
    "min": 20648,
    "max": 20648,
    "mean": 20648,
    "median": 20648,
    "variance": 0,
    "stdDev": 0,
    "confidence": 0,
    "low": 20648,
    "high": 20648,
    "count": 8,
    "base": 1015.4545454545455
  },
  "1.js size": {
    "min": 958941,
    "max": 958941,
    "mean": 958941,
    "median": 958941,
    "variance": 0,
    "stdDev": 0,
    "confidence": 0,
    "low": 958941,
    "high": 958941,
    "count": 8,
    "base": 1015.4545454545455
  },
  "1.js gzip size": {
    "min": 214118,
    "max": 214118,
    "mean": 214118,
    "median": 214118,
    "variance": 0,
    "stdDev": 0,
    "confidence": 0,
    "low": 214118,
    "high": 214118,
    "count": 8,
    "base": 1015.4545454545455
  },
  "10.js size": {
    "min": 309800,
    "max": 309800,
    "mean": 309800,
    "median": 309800,
    "variance": 0,
    "stdDev": 0,
    "confidence": 0,
    "low": 309800,
    "high": 309800,
    "count": 8,
    "base": 1015.4545454545455
  },
  "10.js gzip size": {
    "min": 33398,
    "max": 33398,
    "mean": 33398,
    "median": 33398,
    "variance": 0,
    "stdDev": 0,
    "confidence": 0,
    "low": 33398,
    "high": 33398,
    "count": 8,
    "base": 1015.4545454545455
  },
  "11.js size": {
    "min": 380947,
    "max": 380947,
    "mean": 380947,
    "median": 380947,
    "variance": 0,
    "stdDev": 0,
    "confidence": 0,
    "low": 380947,
    "high": 380947,
    "count": 8,
    "base": 1015.4545454545455
  },
  "11.js gzip size": {
    "min": 50439,
    "max": 50439,
    "mean": 50439,
    "median": 50439,
    "variance": 0,
    "stdDev": 0,
    "confidence": 0,
    "low": 50439,
    "high": 50439,
    "count": 8,
    "base": 1015.4545454545455
  },
  "12.js size": {
    "min": 33540,
    "max": 33540,
    "mean": 33540,
    "median": 33540,
    "variance": 0,
    "stdDev": 0,
    "confidence": 0,
    "low": 33540,
    "high": 33540,
    "count": 8,
    "base": 1015.4545454545455
  },
  "12.js gzip size": {
    "min": 7528,
    "max": 7528,
    "mean": 7528,
    "median": 7528,
    "variance": 0,
    "stdDev": 0,
    "confidence": 0,
    "low": 7528,
    "high": 7528,
    "count": 8,
    "base": 1015.4545454545455
  },
  "13.js size": {
    "min": 251067,
    "max": 251067,
    "mean": 251067,
    "median": 251067,
    "variance": 0,
    "stdDev": 0,
    "confidence": 0,
    "low": 251067,
    "high": 251067,
    "count": 8,
    "base": 1015.4545454545455
  },
  "13.js gzip size": {
    "min": 67202,
    "max": 67202,
    "mean": 67202,
    "median": 67202,
    "variance": 0,
    "stdDev": 0,
    "confidence": 0,
    "low": 67202,
    "high": 67202,
    "count": 8,
    "base": 1015.4545454545455
  },
  "14.js size": {
    "min": 30564,
    "max": 30564,
    "mean": 30564,
    "median": 30564,
    "variance": 0,
    "stdDev": 0,
    "confidence": 0,
    "low": 30564,
    "high": 30564,
    "count": 8,
    "base": 1015.4545454545455
  },
  "14.js gzip size": {
    "min": 8452,
    "max": 8452,
    "mean": 8452,
    "median": 8452,
    "variance": 0,
    "stdDev": 0,
    "confidence": 0,
    "low": 8452,
    "high": 8452,
    "count": 8,
    "base": 1015.4545454545455
  },
  "15.js size": {
    "min": 562746,
    "max": 562746,
    "mean": 562746,
    "median": 562746,
    "variance": 0,
    "stdDev": 0,
    "confidence": 0,
    "low": 562746,
    "high": 562746,
    "count": 8,
    "base": 1015.4545454545455
  },
  "15.js gzip size": {
    "min": 97453,
    "max": 97453,
    "mean": 97453,
    "median": 97453,
    "variance": 0,
    "stdDev": 0,
    "confidence": 0,
    "low": 97453,
    "high": 97453,
    "count": 8,
    "base": 1015.4545454545455
  },
  "16.js size": {
    "min": 28672,
    "max": 28672,
    "mean": 28672,
    "median": 28672,
    "variance": 0,
    "stdDev": 0,
    "confidence": 0,
    "low": 28672,
    "high": 28672,
    "count": 8,
    "base": 1015.4545454545455
  },
  "16.js gzip size": {
    "min": 3067,
    "max": 3067,
    "mean": 3067,
    "median": 3067,
    "variance": 0,
    "stdDev": 0,