{
  "stats": {
    "min": 6070,
    "max": 6318,
    "mean": 6177.133333333333,
    "median": 6186,
    "variance": 3935.5155555555543,
    "stdDev": 62.733687565418585,
    "confidence": 46.845027400599065,
    "low": 6153.710819633034,
    "high": 6200.555847033633,
    "count": 30,
    "base": 2467.5
  },
  "heap memory": {
    "min": 212059288,
    "max": 227029136,
    "mean": 217598902.13333333,
    "median": 218096196,
    "variance": 14581440475539.979,
    "stdDev": 3818565.237826896,
    "confidence": 2851431.1869590282,
    "low": 216173186.5398538,
    "high": 219024617.72681284,
    "count": 30,
    "base": 2467.5
  },
  "rss memory": {
    "min": 318820352,
    "max": 337502208,
    "mean": 326622139.73333335,
    "median": 326522880,
    "variance": 19758488061797.258,
    "stdDev": 4445052.087636011,
    "confidence": 3319246.722508788,
    "low": 324962516.37207896,
    "high": 328281763.09458774,
    "count": 30,
    "base": 2467.5
  },
  "external memory": {
    "min": 33836411,
    "max": 33836411,
    "mean": 33836411,
    "median": 33836411,
    "variance": 0,
    "stdDev": 0,
    "confidence": 0,
    "low": 33836411,
    "high": 33836411,
    "count": 30,
    "base": 2467.5
  },
  "array buffers memory": {
    "min": 13421325,
    "max": 13421325,
    "mean": 13421325,
    "median": 13421325,
    "variance": 0,
    "stdDev": 0,
    "confidence": 0,
    "low": 13421325,
    "high": 13421325,
    "count": 30,
    "base": 2467.5
  },
  "buildChunkGraph.visitModules.prepare": {
    "min": 33.934229,
    "max": 44.672305,
    "mean": 38.987964100000006,
    "median": 39.639101,
    "variance": 7.350675590847557,
    "stdDev": 2.7112129372012737,
    "confidence": 2.0245397530571125,
    "low": 37.97569422347145,
    "high": 40.00023397652856,
    "count": 30,
    "base": 2467.5
  },
  "buildChunkGraph.visitModules.visiting": {
    "min": 14.909335,
    "max": 21.091625,
    "mean": 17.252205333333333,
    "median": 15.876695000000002,
    "variance": 5.633158904644156,
    "stdDev": 2.373427669983679,
    "confidence": 1.7723058941463634,
    "low": 16.36605238626015,
    "high": 18.138358280406514,
    "count": 30,
    "base": 2467.5
  },
  "exec": {
    "min": 7073,
    "max": 7333,
    "mean": 7173.7,
    "median": 7182,
    "variance": 3521.876666666666,
    "stdDev": 59.34540139443549,
    "confidence": 44.31489782141216,
    "low": 7151.542551089294,
    "high": 7195.857448910706,
    "count": 30,
    "base": 2467.5
  },
  "main.js size": {
    "min": 19249308,
    "max": 19249308,
    "mean": 19249308,
    "median": 19249308,
    "variance": 0,
    "stdDev": 0,
    "confidence": 0,
    "low": 19249308,
    "high": 19249308,
    "count": 30,
    "base": 2467.5
  },
  "main.js gzip size": {
    "min": 2773633,
    "max": 2773633,
    "mean": 2773633,
    "median": 2773633,
    "variance": 0,
    "stdDev": 0,
    "confidence": 0,
    "low": 2773633,
    "high": 2773633,
    "count": 30,
    "base": 2467.5
  }
}