{
  "stats": {
    "min": 23881,
    "max": 25861,
    "mean": 24468.333333333332,
    "median": 24250.5,
    "variance": 324127.7222222222,
    "stdDev": 569.3221603119118,
    "confidence": 723.4649638282572,
    "low": 24106.600851419204,
    "high": 24830.06581524746,
    "count": 12,
    "base": 25258.5
  },
  "heap memory": {
    "min": 319331272,
    "max": 456603872,
    "mean": 418747689.3333333,
    "median": 436269764,
    "variance": 1759730904384627.8,
    "stdDev": 41949146.64667957,
    "confidence": 53306791.79032695,
    "low": 392094293.43816984,
    "high": 445401085.2284968,
    "count": 12,
    "base": 25258.5
  },
  "rss memory": {
    "min": 592826368,
    "max": 659247104,
    "mean": 610860373.3333334,
    "median": 608401408,
    "variance": 275561815707192.88,
    "stdDev": 16600054.6898856,
    "confidence": 21094485.342333317,
    "low": 600313130.6621667,
    "high": 621407616.0045,
    "count": 12,
    "base": 25258.5
  },
  "external memory": {
    "min": 11773647,
    "max": 11781839,
    "mean": 11775012.333333334,
    "median": 11773647,
    "variance": 9320675.555555554,
    "stdDev": 3052.9781452797124,
    "confidence": 3879.5656965710223,
    "low": 11773072.550485048,
    "high": 11776952.11618162,
    "count": 12,
    "base": 25258.5
  },
  "array buffers memory": {
    "min": 7483592,
    "max": 7491784,
    "mean": 7484957.333333333,
    "median": 7483592,
    "variance": 9320675.555555554,
    "stdDev": 3052.9781452797124,
    "confidence": 3879.5656965691596,
    "low": 7483017.550485048,
    "high": 7486897.116181618,
    "count": 12,
    "base": 25258.5
  },
  "buildChunkGraph.visitModules.prepare": {
    "min": 11.467129,
    "max": 15.527812,
    "mean": 13.126521833333335,
    "median": 12.853663000000001,
    "variance": 1.5856594599474725,
    "stdDev": 1.2592297089679358,
    "confidence": 1.6001635617887118,
    "low": 12.32644005243898,
    "high": 13.926603614227691,
    "count": 12,
    "base": 25258.5
  },
  "buildChunkGraph.visitModules.visiting": {
    "min": 4.567918,
    "max": 5.838917,
    "mean": 5.269708500000001,
    "median": 5.247478,
    "variance": 0.16265970132725005,
    "stdDev": 0.40331092388782386,
    "confidence": 0.5125065267127269,
    "low": 5.013455236643638,
    "high": 5.5259617633563645,
    "count": 12,
    "base": 25258.5
  },
  "exec": {
    "min": 24546,
    "max": 26545,
    "mean": 25148.166666666668,
    "median": 24940.5,
    "variance": 324804.1388888889,
    "stdDev": 569.9159051025764,
    "confidence": 724.2194637993525,
    "low": 24786.05693476699,
    "high": 25510.276398566344,
    "count": 12,
    "base": 25258.5
  },
  "main.js size": {
    "min": 1505864,
    "max": 1505864,
    "mean": 1505864,
    "median": 1505864,
    "variance": 0,
    "stdDev": 0,
    "confidence": 0,
    "low": 1505864,
    "high": 1505864,
    "count": 12,
    "base": 25258.5
  },
  "main.js gzip size": {
    "min": 363427,
    "max": 363427,
    "mean": 363427,
    "median": 363427,
    "variance": 0,
    "stdDev": 0,
    "confidence": 0,
    "low": 363427,
    "high": 363427,
    "count": 12,
    "base": 25258.5
  }
}