{
  "cache.PackFileCacheStrategy.restore cache container": {
    "min": 3.016727818181818,
    "max": 3.802812909090909,
    "mean": 3.336786664772727,
    "median": 3.277548318181818,
    "variance": 0.06405306822228589,
    "stdDev": 0.2530870763636221,
    "confidence": 0.26966427986543895,
    "low": 3.2019545248400076,
    "high": 3.4716188047054466,
    "count": 16,
    "base": 163.27272727272725
  },
  "cache.PackFileCacheStrategy.check build dependencies": {
    "min": 1.7503287272727273,
    "max": 2.094030818181818,
    "mean": 1.9358646193181817,
    "median": 1.9609100454545452,
    "variance": 0.01339777129962625,
    "stdDev": 0.11574874210818124,
    "confidence": 0.12333028471626717,
    "low": 1.874199476960048,
    "high": 1.9975297616763152,
    "count": 16,
    "base": 163.27272727272725
  },
  "cache.PackFileCacheStrategy.restore cache content metadata": {
    "min": 2.9048362727272727,
    "max": 3.765597272727273,
    "mean": 3.3594436022727265,
    "median": 3.337835181818182,
    "variance": 0.05901608688340172,
    "stdDev": 0.24293226809833585,
    "confidence": 0.25884433165877674,
    "low": 3.230021436443338,
    "high": 3.488865768102115,
    "count": 16,
    "base": 163.27272727272725
  },
  "cache.PackFileCacheStrategy.restore cache content": {
    "min": 26.661002090909093,
    "max": 32.64994045454545,
    "mean": 29.019639812500003,
    "median": 28.852809818181818,
    "variance": 2.409686894649537,
    "stdDev": 1.5523166219072502,
    "confidence": 1.6539933606421755,
    "low": 28.192643132178915,
    "high": 29.84663649282109,
    "count": 16,
    "base": 163.27272727272725
  },
  "stats": {
    "min": 141.27272727272728,
    "max": 169,
    "mean": 151.33522727272728,
    "median": 151.5,
    "variance": 46.13090779958674,
    "stdDev": 6.7919737778930465,
    "confidence": 7.236848060345039,
    "low": 147.71680324255476,
    "high": 154.9536513028998,
    "count": 16,
    "base": 163.27272727272725
  },
  "heap memory": {
    "min": 250965678.54545453,
    "max": 290081421.09090906,
    "mean": 269635607.59090906,
    "median": 271431106.1818182,
    "variance": 172814845255475.12,
    "stdDev": 13145906.026420359,
    "confidence": 14006962.871150881,
    "low": 262632126.1553336,
    "high": 276639089.0264845,
    "count": 16,
    "base": 163.27272727272725
  },
  "rss memory": {
    "min": 455302050.90909094,
    "max": 522380753.45454544,
    "mean": 483897413.8181819,
    "median": 482483479.27272725,
    "variance": 345180813551531.4,
    "stdDev": 18579042.32062383,
    "confidence": 19795969.592624664,
    "low": 473999429.02186954,
    "high": 493795398.6144942,
    "count": 16,
    "base": 163.27272727272725
  },
  "external memory": {
    "min": 97623795.18181819,
    "max": 112665120.0909091,
    "mean": 104011692.42613637,
    "median": 109727459.9090909,
    "variance": 25702649429409.32,
    "stdDev": 5069778.045379237,
    "confidence": 5401848.507351577,
    "low": 101310768.17246059,
    "high": 106712616.67981216,
    "count": 16,
    "base": 163.27272727272725
  },
  "array buffers memory": {
    "min": 92976108.81818181,
    "max": 108017433.72727273,
    "mean": 99363114.86931819,
    "median": 100496771.27272728,
    "variance": 25708696248572.94,
    "stdDev": 5070374.369666696,
    "confidence": 5402483.890879869,
    "low": 96661872.92387825,
    "high": 102064356.81475812,
    "count": 16,
    "base": 163.27272727272725
  },
  "Compiler.make hook": {
    "min": 50.367167090909085,
    "max": 57.98052436363636,
    "mean": 53.55977314204545,
    "median": 53.367672090909096,
    "variance": 4.187404107838661,
    "stdDev": 2.0463147626498372,
    "confidence": 2.1803483796034016,
    "low": 52.46959895224375,
    "high": 54.64994733184715,
    "count": 16,
    "base": 163.27272727272725
  },
  "Compiler.finish make hook": {
    "min": 0.0033545454545454547,
    "max": 0.006527272727272726,
    "mean": 0.0042790056818181816,
    "median": 0.003868272727272727,
    "variance": 0.000001027570192633006,
    "stdDev": 0.001013691369516879,
    "confidence": 0.001080088154220235,
    "low": 0.0037389616047080643,
    "high": 0.004819049758928299,
    "count": 16,
    "base": 163.27272727272725
  },
  "Compiler.finish compilation": {
    "min": 8.457906090909093,
    "max": 10.240871181818182,
    "mean": 9.460736721590909,
    "median": 9.047922,
    "variance": 0.27868112019980906,
    "stdDev": 0.5279025669570182,
    "confidence": 0.5624801850927028,
    "low": 9.179496629044557,
    "high": 9.74197681413726,
    "count": 16,
    "base": 163.27272727272725
  },
  "Compiler.seal compilation": {
    "min": 68.03746027272729,
    "max": 85.9199209090909,
    "mean": 75.04713049431818,
    "median": 75.41743327272727,
    "variance": 17.660902005951566,
    "stdDev": 4.202487597358446,
    "confidence": 4.477750534985432,
    "low": 72.80825522682547,
    "high": 77.2860057618109,
    "count": 16,
    "base": 163.27272727272725
  },
  "Compiler.afterCompile hook": {
    "min": 0.0029090909090909093,
    "max": 0.004818181818181819,
    "mean": 0.003325602272727273,
    "median": 0.003127363636363636,
    "variance": 2.718554771435953e-7,
    "stdDev": 0.0005213976190428906,
    "confidence": 0.0005555491630902,
    "low": 0.003047827691182173,
    "high": 0.003603376854272373,
    "count": 16,
    "base": 163.27272727272725
  },
  "Compiler.emitAssets": {
    "min": 9.824314,
    "max": 12.531778272727273,
    "mean": 11.020516602272725,
    "median": 11.21837036363636,
    "variance": 0.5450980914832462,
    "stdDev": 0.738307585958079,
    "confidence": 0.7866667328383343,
    "low": 10.627183235853558,
    "high": 11.413849968691892,
    "count": 16,
    "base": 163.27272727272725
  },
  "Compiler.emitRecords": {
    "min": 0.0033636363636363642,
    "max": 0.012891000000000001,
    "mean": 0.004980727272727273,
    "median": 0.0037045454545454543,
    "variance": 0.000005976796338842975,
    "stdDev": 0.0024447487271380213,
    "confidence": 0.002604879768765561,
    "low": 0.0036782873883444926,
    "high": 0.006283167157110053,
    "count": 16,
    "base": 163.27272727272725
  },
  "Compilation.finish modules": {
    "min": 0.20225563636363642,
    "max": 0.55414,
    "mean": 0.33486055113636365,
    "median": 0.34555677272727275,
    "variance": 0.014565908348049036,
    "stdDev": 0.12068930502761642,
    "confidence": 0.1285944545069253,
    "low": 0.270563323882901,
    "high": 0.3991577783898263,
    "count": 16,
    "base": 163.27272727272725
  },
  "Compilation.report dependency errors and warnings": {
    "min": 8.219195545454546,
    "max": 10.01356090909091,
    "mean": 9.098797079545454,
    "median": 9.032114818181817,
    "variance": 0.23044412498839126,
    "stdDev": 0.480045961329112,
    "confidence": 0.5114889717961688,
    "low": 8.84305259364737,
    "high": 9.354541565443538,
    "count": 16,
    "base": 163.27272727272725
  },
  "Compilation.optimize dependencies": {
    "min": 0.025482090909090913,
    "max": 0.09390054545454546,
    "mean": 0.03316500568181818,
    "median": 0.028877454545454543,
    "variance": 0.00025603460976494707,
    "stdDev": 0.01600108151860202,
    "confidence": 0.017049152358070446,
    "low": 0.02464042950278296,
    "high": 0.041689581860853406,
    "count": 16,
    "base": 163.27272727272725
  },
  "Compilation.create chunks": {
    "min": 12.710031818181818,
    "max": 18.98421490909091,
    "mean": 14.829079619318183,
    "median": 14.876317727272728,
    "variance": 2.189389364380916,
    "stdDev": 1.4796585296550404,
    "confidence": 1.5765761633474469,
    "low": 14.04079153764446,
    "high": 15.617367700991906,
    "count": 16,
    "base": 163.27272727272725
  },
  "Compilation.optimize": {
    "min": 4.4655261818181815,
    "max": 6.979113545454546,
    "mean": 5.925914034090909,
    "median": 6.031029090909092,
    "variance": 0.4650534979505401,
    "stdDev": 0.6819483103216402,
    "confidence": 0.7266159246477084,