{
  "stats": {
    "min": 103.9090909090909,
    "max": 116.9090909090909,
    "mean": 107.8818181818182,
    "median": 107.31818181818181,
    "variance": 14.596776859504114,
    "stdDev": 3.8205728444179825,
    "confidence": 5.465766578898894,
    "low": 105.14893489236876,
    "high": 110.61470147126765,
    "count": 10,
    "base": 152.04545454545456
  },
  "heap memory": {
    "min": 206019999.27272728,
    "max": 230117184,
    "mean": 216555097.2363636,
    "median": 216813551.27272728,
    "variance": 44558735666461.484,
    "stdDev": 6675233.004656953,
    "confidence": 9549684.549667299,
    "low": 211780254.96152994,
    "high": 221329939.51119724,
    "count": 10,
    "base": 152.04545454545456
  },
  "rss memory": {
    "min": 740295400.7272727,
    "max": 831074676.3636364,
    "mean": 774700422.9818182,
    "median": 765189213.090909,
    "variance": 968603428728763,
    "stdDev": 31122394.328341175,
    "confidence": 44524145.907516,
    "low": 752438350.0280602,
    "high": 796962495.9355762,
    "count": 10,
    "base": 152.04545454545456
  },
  "external memory": {
    "min": 66733282.90909091,
    "max": 72275042.9090909,
    "mean": 69498303.36363636,
    "median": 70725716.18181819,
    "variance": 5296579907809.036,
    "stdDev": 2301429.970216134,
    "confidence": 3292458.886960417,
    "low": 67852073.92015615,
    "high": 71144532.80711657,
    "count": 10,
    "base": 152.04545454545456
  },
  "array buffers memory": {
    "min": 65441986.54545455,
    "max": 70983746.54545455,
    "mean": 68207006.99999999,
    "median": 69434419.81818181,
    "variance": 5296579907809.023,
    "stdDev": 2301429.9702161313,
    "confidence": 3292458.886960417,
    "low": 66560777.55651978,
    "high": 69853236.4434802,
    "count": 10,
    "base": 152.04545454545456
  },
  "Compiler.make hook": {
    "min": 33.66866681818181,
    "max": 36.392372181818175,
    "mean": 34.687410336363634,
    "median": 34.457813136363626,
    "variance": 0.7293984971438835,
    "stdDev": 0.8540482990697209,
    "confidence": 1.221813806440295,
    "low": 34.076503433143486,
    "high": 35.29831723958378,
    "count": 10,
    "base": 152.04545454545456
  },
  "Compiler.finish make hook": {
    "min": 0.0033181818181818178,
    "max": 0.004382181818181819,
    "mean": 0.003836481818181819,
    "median": 0.0038865,
    "variance": 1.0314976371900833e-7,
    "stdDev": 0.00032116936921040325,
    "confidence": 0.0004594695287543156,
    "low": 0.0036067470538046612,
    "high": 0.004066216582558977,
    "count": 10,
    "base": 152.04545454545456
  },
  "Compiler.finish compilation": {
    "min": 8.638208,
    "max": 9.358175727272728,
    "mean": 8.924801363636362,
    "median": 8.907328863636362,
    "variance": 0.039775448432289216,
    "stdDev": 0.1994378309957497,
    "confidence": 0.2853186356117554,
    "low": 8.782142045830485,
    "high": 9.06746068144224,
    "count": 10,
    "base": 152.04545454545456
  },
  "Compiler.seal compilation": {
    "min": 46.594667727272736,
    "max": 55.973426454545454,
    "mean": 50.251218290909094,
    "median": 49.57278613636364,
    "variance": 5.634320043482363,
    "stdDev": 2.3736722696030226,
    "confidence": 3.3958097617248058,
    "low": 48.55331341004669,
    "high": 51.9491231717715,
    "count": 10,
    "base": 152.04545454545456
  },
  "Compiler.afterCompile hook": {
    "min": 0.0034909090909090905,
    "max": 0.004909363636363637,
    "mean": 0.0040346363636363635,
    "median": 0.003927454545454545,
    "variance": 1.5614381157024815e-7,
    "stdDev": 0.0003951503657726362,
    "confidence": 0.0005653078087583933,
    "low": 0.0037519824592571666,
    "high": 0.00431729026801556,
    "count": 10,
    "base": 152.04545454545456
  },
  "Compiler.emitAssets": {
    "min": 9.627618818181817,
    "max": 12.757040545454545,
    "mean": 11.533876572727271,
    "median": 12.07567781818182,
    "variance": 0.9721586208887256,
    "stdDev": 0.9859810448932198,
    "confidence": 1.4105586942227646,
    "low": 10.828597225615889,
    "high": 12.239155919838653,
    "count": 10,
    "base": 152.04545454545456
  },
  "Compiler.emitRecords": {
    "min": 0.003072727272727273,
    "max": 0.003854636363636363,
    "mean": 0.003549127272727273,
    "median": 0.0035681818181818184,
    "variance": 6.28260185123967e-8,
    "stdDev": 0.00025065118893074633,
    "confidence": 0.00035858520363525517,
    "low": 0.0033698346709096455,
    "high": 0.0037284198745449007,
    "count": 10,
    "base": 152.04545454545456
  },
  "Compilation.compute affected modules": {
    "min": 0.002018181818181818,
    "max": 0.0035637272727272727,
    "mean": 0.0027445818181818186,
    "median": 0.002672727272727273,
    "variance": 1.6060172264462807e-7,
    "stdDev": 0.00040075144746417083,
    "confidence": 0.0005733207969572706,
    "low": 0.0024579214197031833,
    "high": 0.003031242216660454,
    "count": 10,
    "base": 152.04545454545456
  },
  "Compilation.finish modules": {
    "min": 0.21642109090909092,
    "max": 0.4097774545454546,
    "mean": 0.2886828363636364,
    "median": 0.22871677272727275,
    "variance": 0.006364418573422815,
    "stdDev": 0.07977730613039534,
    "confidence": 0.11413056401716834,
    "low": 0.23161755435505224,
    "high": 0.3457481183722206,
    "count": 10,
    "base": 152.04545454545456
  },
  "Compilation.report dependency errors and warnings": {
    "min": 8.38071381818182,
    "max": 8.94953418181818,
    "mean": 8.596367045454544,
    "median": 8.626942999999999,
    "variance": 0.0250504460538448,
    "stdDev": 0.15827332704484606,
    "confidence": 0.2264281029366515,
    "low": 8.483152993986218,
    "high": 8.70958109692287,
    "count": 10,
    "base": 152.04545454545456
  },
  "Compilation.optimize dependencies": {
    "min": 0.028518454545454545,
    "max": 0.05010963636363636,
    "mean": 0.03397410909090909,
    "median": 0.03133218181818182,
    "variance": 0.00004301112923603306,
    "stdDev": 0.006558287065692768,
    "confidence": 0.009382380003789506,
    "low": 0.029282919089014335,
    "high": 0.03866529909280384,
    "count": 10,
    "base": 152.04545454545456
  },
  "Compilation.create chunks": {
    "min": 9.338603818181817,
    "max": 12.525344272727272,
    "mean": 10.727680772727274,
    "median": 10.912319090909092,
    "variance": 0.6813384075580026,
    "stdDev": 0.8254322549779616,
    "confidence": 1.180875281306406,
    "low": 10.13724313207407,
    "high": 11.318118413380477,
    "count": 10,
    "base": 152.04545454545456
  },
  "Compilation.compute affected modules with chunk graph": {
    "min": 0.004254636363636364,
    "max": 0.00639109090909091,
    "mean": 0.004785518181818182,
    "median": 0.004690954545454545,
    "variance": 3.314560711570249e-7,
    "stdDev": 0.0005757222170083632,
    "confidence": 0.0008236365018014103,
    "low": 0.004373699930917477,
    "high": 0.005197336432718887,
    "count": 10,
    "base": 152.04545454545456
  },
  "Compilation.optimize": {
    "min": 3.7595692727272723,
    "max": 5.2984788181818185,
    "mean": 4.214557336363637,
    "median": 3.987303045454545,
    "variance": 0.27583963105380693,
    "stdDev": 0.5252043707489561,
    "confidence": 0.7513649428057381,
    "low": 3.8388748649607676,
    "high": 4.590239807766506,
    "count": 10,
    "base": 152.04545454545456
  },
  "Compilation.module hashing": {
    "min": 15.982334818181817,
    "max": 18.00027,
    "mean": 16.69278107272727,
    "median": 16.614009545454543,
    "variance": 0.3664857498822262,
    "stdDev": 0.6053806652695692,
    "confidence": 0.8660663053647539,
    "low": 16.259747920044894,
    "high": 17.12581422540965,
    "count": 10,
    "base": 152.04545454545456
  },
  "Compilation.code generation": {
    "min": 2.9890677272727273,
    "max": 4.0457351818181815,
    "mean": 3.5608023727272724,
    "median": 3.639348681818182,
    "variance": 0.16241913747650477,
    "stdDev": 0.4030125773180097,
    "confidence": 0.576555601916878,