{
  "stats": {
    "min": 23153,
    "max": 23539,
    "mean": 23388.75,
    "median": 23403.5,
    "variance": 11165.854166666666,
    "stdDev": 105.66860539756672,
    "confidence": 134.27816289436305,
    "low": 23321.61091855282,
    "high": 23455.88908144718,
    "count": 12,
    "base": 27015
  },
  "heap memory": {
    "min": 749321440,
    "max": 922035328,
    "mean": 828430348.6666666,
    "median": 800354588,
    "variance": 4809183871575451,
    "stdDev": 69348279.51417,
    "confidence": 88124183.50760102,
    "low": 784368256.9128661,
    "high": 872492440.4204671,
    "count": 12,
    "base": 27015
  },
  "rss memory": {
    "min": 986583040,
    "max": 1131302912,
    "mean": 1059283285.3333334,
    "median": 1067927552,
    "variance": 2686865844877539.5,
    "stdDev": 51834986.687347956,
    "confidence": 65869202.68175566,
    "low": 1026348683.9924556,
    "high": 1092217886.6742113,
    "count": 12,
    "base": 27015
  },
  "external memory": {
    "min": 96700323,
    "max": 96733091,
    "mean": 96716195.58333333,
    "median": 96716166,
    "variance": 66672702.24305556,
    "stdDev": 8165.335402973693,
    "confidence": 10376.083163052797,
    "low": 96711007.5417518,
    "high": 96721383.62491485,
    "count": 12,
    "base": 27015
  },
  "array buffers memory": {
    "min": 95148989,
    "max": 95181757,
    "mean": 95164861.58333333,
    "median": 95164832,
    "variance": 66672702.24305556,
    "stdDev": 8165.335402973693,
    "confidence": 10376.083163052797,
    "low": 95159673.5417518,
    "high": 95170049.62491485,
    "count": 12,
    "base": 27015
  },
  "Compiler.make hook": {
    "min": 20747.798764,
    "max": 21180.807757,
    "mean": 20978.960423166667,
    "median": 20979.024202,
    "variance": 16224.570278623278,
    "stdDev": 127.37570521344828,
    "confidence": 161.8624153227429,
    "low": 20898.029215505296,
    "high": 21059.89163082804,
    "count": 12,
    "base": 27015
  },
  "Compiler.finish make hook": {
    "min": 0.086701,
    "max": 0.119101,
    "mean": 0.09156741666666667,
    "median": 0.089751,
    "variance": 0.00007058020574305555,
    "stdDev": 0.008401202636709553,
    "confidence": 0.010675810965009691,
    "low": 0.08622951118416182,
    "high": 0.09690532214917151,
    "count": 12,
    "base": 27015
  },
  "Compiler.finish compilation": {
    "min": 413.579606,
    "max": 458.636624,
    "mean": 436.69648516666666,
    "median": 437.3217535,
    "variance": 181.83179244720804,
    "stdDev": 13.484501935451975,
    "confidence": 17.135403089929014,
    "low": 428.12878362170215,
    "high": 445.26418671163117,
    "count": 12,
    "base": 27015
  },
  "Compiler.seal compilation": {
    "min": 1675.8398339999999,
    "max": 1742.5770360000001,
    "mean": 1708.25033025,
    "median": 1701.6682985,
    "variance": 380.4511517258259,
    "stdDev": 19.505157054631113,
    "confidence": 24.786138195046078,
    "low": 1695.857261152477,
    "high": 1720.643399347523,
    "count": 12,
    "base": 27015
  },
  "Compiler.afterCompile hook": {
    "min": 0.0593,
    "max": 0.068901,
    "mean": 0.06208391666666666,
    "median": 0.061450500000000005,
    "variance": 0.000006717225243055554,
    "stdDev": 0.0025917610312402558,
    "confidence": 0.0032934749978648994,
    "low": 0.060437179167734216,
    "high": 0.06373065416559912,
    "count": 12,
    "base": 27015
  },
  "Compiler.emitAssets": {
    "min": 225.902189,
    "max": 265.698763,
    "mean": 244.3455555833333,
    "median": 245.1450015,
    "variance": 180.07399192680396,
    "stdDev": 13.419165097978485,
    "confidence": 17.05237643814104,
    "low": 235.81936736426277,
    "high": 252.8717438024038,
    "count": 12,
    "base": 27015
  },
  "Compiler.emitRecords": {
    "min": 0.0741,
    "max": 1.758417,
    "mean": 0.21884341666666665,
    "median": 0.07805100000000001,
    "variance": 0.2155032244729097,
    "stdDev": 0.46422324852694496,
    "confidence": 0.5137987856266428,
    "low": 0,
    "high": 0.5137987856266428,
    "count": 12,
    "base": 27015
  },
  "Compilation.compute affected modules": {
    "min": 0.248702,
    "max": 0.257002,
    "mean": 0.25280233333333335,
    "median": 0.252302,
    "variance": 0.000005309733555555543,
    "stdDev": 0.0023042859101152233,
    "confidence": 0.00292816657917927,
    "low": 0.2513382500437437,
    "high": 0.254266416622923,
    "count": 12,
    "base": 27015
  },
  "Compilation.finish modules": {
    "min": 327.547282,
    "max": 360.397491,
    "mean": 341.7750389166667,
    "median": 339.647198,
    "variance": 122.09878964081179,
    "stdDev": 11.049832109168527,
    "confidence": 14.041551417545747,
    "low": 334.7542632078938,
    "high": 348.79581462543956,
    "count": 12,
    "base": 27015
  },
  "Compilation.report dependency errors and warnings": {
    "min": 82.131718,
    "max": 103.78995,
    "mean": 94.22553191666667,
    "median": 93.93185700000001,
    "variance": 32.228355865696074,
    "stdDev": 5.677002366187288,
    "confidence": 7.2140390763227344,
    "low": 90.6185123785053,
    "high": 97.83255145482804,
    "count": 12,
    "base": 27015
  },
  "Compilation.optimize dependencies": {
    "min": 87.992854,
    "max": 124.454824,
    "mean": 109.01604275,
    "median": 123.560829,
    "variance": 193.7620890677845,
    "stdDev": 13.919845152435586,
    "confidence": 17.68861458718635,
    "low": 100.17173545640682,
    "high": 117.86035004359317,
    "count": 12,
    "base": 27015
  },
  "Compilation.create chunks": {
    "min": 137.057548,
    "max": 166.105283,
    "mean": 145.02171708333333,
    "median": 144.1683285,
    "variance": 54.837996928651854,
    "stdDev": 7.405268187490028,
    "confidence": 9.410229312812703,
    "low": 140.31660242692698,
    "high": 149.72683173973968,
    "count": 12,
    "base": 27015
  },
  "Compilation.compute affected modules with chunk graph": {
    "min": 0.149301,
    "max": 0.161202,
    "mean": 0.15486775,
    "median": 0.15530100000000002,
    "variance": 0.000012355611354166684,
    "stdDev": 0.0035150549574888136,
    "confidence": 0.004466748854955405,
    "low": 0.1526343755725223,
    "high": 0.1571011244274777,
    "count": 12,
    "base": 27015
  },
  "Compilation.optimize": {
    "min": 103.757618,
    "max": 116.273729,
    "mean": 108.41001449999999,
    "median": 107.82128399999999,
    "variance": 15.241635083196108,
    "stdDev": 3.904053673196119,
    "confidence": 4.961068172570322,
    "low": 105.92948041371483,
    "high": 110.89054858628515,
    "count": 12,
    "base": 27015
  },
  "Compilation.module hashing": {
    "min": 208.371909,
    "max": 226.31619,
    "mean": 216.38363324999997,
    "median": 216.436971,
    "variance": 45.138771031027574,
    "stdDev": 6.718539352495271,
    "confidence": 8.537570058697042,
    "low": 212.11484822065145,
    "high": 220.6524182793485,
    "count": 12,
    "base": 27015
  },
  "Compilation.code generation": {
    "min": 627.998949,
    "max": 678.684353,
    "mean": 650.99320625,
    "median": 652.794043,
    "variance": 246.12890159682863,
    "stdDev": 15.688495836020374,
    "confidence": 19.936123804328872,
    "low": 641.0251443478355,
    "high": 660.9612681521644,
    "count": 12,
    "base": 27015
  },
  "Compilation.runtime requirements.modules": {
    "min": 23.288178,
    "max": 33.233728,
    "mean": 29.62869016666666,
    "median": 30.9193905,
    "variance": 12.770121105697973,
    "stdDev": 3.5735306219057326,
    "confidence": 4.541056685198733,
    "low": 27.358161824067295,
    "high": 31.899218509266028,
    "count": 12,
    "base": 27015
  },
  "Compilation.runtime requirements.chunks": {
    "min": 7.215976,
    "max": 16.401378,
    "mean": 8.231801250000002,
    "median": 7.46181,
    "variance": 6.087867054954022,
    "stdDev": 2.467360341529794,
    "confidence": 3.135393077371443,
    "low": 6.66410471131428,
    "high": 9.799497788685724,
    "count": 12,
    "base": 27015
  },