{
  "stats": {
    "min": 7850,
    "max": 8156,
    "mean": 8005.733333333334,
    "median": 8012,
    "variance": 5686.662222222223,
    "stdDev": 75.40996102785243,
    "confidence": 56.31076105551983,
    "low": 7977.577952805574,
    "high": 8033.8887138610935,
    "count": 30,
    "base": 7635
  },
  "heap memory": {
    "min": 357027920,
    "max": 659779608,
    "mean": 612289839.2,
    "median": 617125700,
    "variance": 2551169824736927.5,
    "stdDev": 50509106.35456667,
    "confidence": 37716585.18705964,
    "low": 593431546.6064702,
    "high": 631148131.7935299,
    "count": 30,
    "base": 7635
  },
  "rss memory": {
    "min": 784572416,
    "max": 852557824,
    "mean": 814139118.9333333,
    "median": 809291776,
    "variance": 338941456464536.56,
    "stdDev": 18410362.746685263,
    "confidence": 13747541.08666277,
    "low": 807265348.3900019,
    "high": 821012889.4766647,
    "count": 30,
    "base": 7635
  },
  "external memory": {
    "min": 99961205,
    "max": 100002165,
    "mean": 99983596.46666667,
    "median": 99977589,
    "variance": 142867314.91555545,
    "stdDev": 11952.711613502413,
    "confidence": 8925.429458647966,
    "low": 99979133.75193734,
    "high": 99988059.181396,
    "count": 30,
    "base": 7635
  },
  "array buffers memory": {
    "min": 98501252,
    "max": 98542212,
    "mean": 98523643.46666667,
    "median": 98521732,
    "variance": 142867314.91555545,
    "stdDev": 11952.711613502413,
    "confidence": 8925.429458647966,
    "low": 98519180.75193734,
    "high": 98528106.181396,
    "count": 30,
    "base": 7635
  },
  "Compiler.make hook": {
    "min": 5748.904953,
    "max": 6025.472743,
    "mean": 5892.711478700001,
    "median": 5894.69836,
    "variance": 4486.809892044434,
    "stdDev": 66.98365391679103,
    "confidence": 50.018598059490614,
    "low": 5867.702179670256,
    "high": 5917.720777729746,
    "count": 30,
    "base": 7635
  },
  "Compiler.finish make hook": {
    "min": 0.080161,
    "max": 0.113925,
    "mean": 0.08837296666666668,
    "median": 0.08325750000000001,
    "variance": 0.00009503951756555555,
    "stdDev": 0.009748821342375475,
    "confidence": 0.007279721958491664,
    "low": 0.08473310568742085,
    "high": 0.09201282764591251,
    "count": 30,
    "base": 7635
  },
  "Compiler.finish compilation": {
    "min": 368.34062,
    "max": 425.236786,
    "mean": 385.29394800000006,
    "median": 385.004771,
    "variance": 133.47160099118886,
    "stdDev": 11.552990997624333,
    "confidence": 8.626946714685573,
    "low": 380.98047464265727,
    "high": 389.60742135734284,
    "count": 30,
    "base": 7635
  },
  "Compiler.seal compilation": {
    "min": 1468.458153,
    "max": 1546.1329919999998,
    "mean": 1500.2762059,
    "median": 1498.3094255,
    "variance": 454.04344943979123,
    "stdDev": 21.308295319893407,
    "confidence": 15.9115096985106,
    "low": 1492.3204510507446,
    "high": 1508.2319607492552,
    "count": 30,
    "base": 7635
  },
  "Compiler.afterCompile hook": {
    "min": 0.05316,
    "max": 0.156255,
    "mean": 0.07748086666666666,
    "median": 0.070323,
    "variance": 0.0007549928421155557,
    "stdDev": 0.027477133076715912,
    "confidence": 0.020517956170302165,
    "low": 0.06722188858151558,
    "high": 0.08773984475181774,
    "count": 30,
    "base": 7635
  },
  "Compiler.emitAssets": {
    "min": 180.510441,
    "max": 320.625622,
    "mean": 210.43617526666665,
    "median": 202.7835805,
    "variance": 781.7652217296946,
    "stdDev": 27.960064766192776,
    "confidence": 20.878574987784702,
    "low": 199.9968877727743,
    "high": 220.875462760559,
    "count": 30,
    "base": 7635
  },
  "Compiler.emitRecords": {
    "min": 0.083758,
    "max": 0.126318,
    "mean": 0.09027996666666666,
    "median": 0.08903849999999999,
    "variance": 0.000056256148032222254,
    "stdDev": 0.007500409857615933,
    "confidence": 0.0056007692028203215,
    "low": 0.0874795820652565,
    "high": 0.09308035126807682,
    "count": 30,
    "base": 7635
  },
  "Compilation.compute affected modules": {
    "min": 43.49979,
    "max": 57.830101,
    "mean": 47.55379926666668,
    "median": 47.663555,
    "variance": 6.944577237950261,
    "stdDev": 2.635256579149412,
    "confidence": 1.967820981815123,
    "low": 46.56988877575912,
    "high": 48.53770975757424,
    "count": 30,
    "base": 7635
  },
  "Compilation.finish modules": {
    "min": 245.593058,
    "max": 294.653574,
    "mean": 260.66062323333335,
    "median": 259.481861,
    "variance": 89.55446913672131,
    "stdDev": 9.463322309671234,
    "confidence": 7.066531716870259,
    "low": 257.1273573748982,
    "high": 264.1938890917685,
    "count": 30,
    "base": 7635
  },
  "Compilation.report dependency errors and warnings": {
    "min": 70.179727,
    "max": 82.229288,
    "mean": 76.51073156666665,
    "median": 76.29195,
    "variance": 10.315792651742239,
    "stdDev": 3.21182076893189,
    "confidence": 2.3983578483176586,
    "low": 75.31155264250782,
    "high": 77.70991049082548,
    "count": 30,
    "base": 7635
  },
  "Compilation.optimize dependencies": {
    "min": 96.734488,
    "max": 114.311643,
    "mean": 102.35856003333333,
    "median": 103.71554800000001,
    "variance": 11.373676339278562,
    "stdDev": 3.3724881525779393,
    "confidence": 2.518332749863731,
    "low": 101.09939365840147,
    "high": 103.6177264082652,
    "count": 30,
    "base": 7635
  },
  "Compilation.create chunks": {
    "min": 136.093381,
    "max": 158.297302,
    "mean": 145.24055263333332,
    "median": 143.657074,
    "variance": 27.907487880130976,
    "stdDev": 5.282753815968616,
    "confidence": 3.944782410592609,
    "low": 143.26816142803702,
    "high": 147.21294383862963,
    "count": 30,
    "base": 7635
  },
  "Compilation.compute affected modules with chunk graph": {
    "min": 38.283516,
    "max": 50.770485,
    "mean": 43.94475363333333,
    "median": 43.497316,
    "variance": 9.469025546117765,
    "stdDev": 3.0771781791306405,
    "confidence": 2.2978163999618744,
    "low": 42.79584543335239,
    "high": 45.093661833314265,
    "count": 30,
    "base": 7635
  },
  "Compilation.optimize": {
    "min": 126.895881,
    "max": 155.584737,
    "mean": 136.85595626666665,
    "median": 136.304766,
    "variance": 38.558909045502695,
    "stdDev": 6.209582034686609,
    "confidence": 4.636871382027891,
    "low": 134.5375205756527,
    "high": 139.1743919576806,
    "count": 30,
    "base": 7635
  },
  "Compilation.module hashing": {
    "min": 172.75016,
    "max": 184.679543,
    "mean": 178.59621843333335,
    "median": 178.395575,
    "variance": 10.911075572792509,
    "stdDev": 3.303191725103541,
    "confidence": 2.4665871380595945,
    "low": 177.36292486430355,
    "high": 179.82951200236315,
    "count": 30,
    "base": 7635
  },
  "Compilation.code generation": {
    "min": 526.019861,
    "max": 583.135753,
    "mean": 546.1086026333334,
    "median": 542.863156,
    "variance": 190.0583479294324,
    "stdDev": 13.786165091476033,
    "confidence": 10.294521277518243,
    "low": 540.9613419945742,
    "high": 551.2558632720925,
    "count": 30,
    "base": 7635
  },
  "Compilation.runtime requirements.modules": {
    "min": 32.660234,
    "max": 36.298473,
    "mean": 34.18105776666666,
    "median": 34.0347225,
    "variance": 1.0333619155013785,
    "stdDev": 1.016544104061097,
    "confidence": 0.7590823727523173,
    "low": 33.8015165802905,
    "high": 34.56059895304282,
    "count": 30,
    "base": 7635
  },
  "Compilation.runtime requirements.chunks": {
    "min": 5.940283,
    "max": 10.696022,
    "mean": 6.8375219,
    "median": 6.2879685,
    "variance": 1.275325838911823,
    "stdDev": 1.1293032537418028,
    "confidence": 0.8432828344413057,
    "low": 6.415880482779347,
    "high": 7.2591633172206524,
    "count": 30,
    "base": 7635
  },
  "Compilation.runtime requirements.entries": {
    "min": 2.169502,
    "max": 2.321237,