{
  "stats": {
    "min": 36449,
    "max": 37724,
    "mean": 37082.75,
    "median": 37204,
    "variance": 161591.9375,
    "stdDev": 401.98499661057,
    "confidence": 672.2425397962506,
    "low": 36746.628730101875,
    "high": 37418.871269898125,
    "count": 8,
    "base": 39047
  },
  "heap memory": {
    "min": 840929400,
    "max": 1055244024,
    "mean": 913147487,
    "median": 867504568,
    "variance": 6584109998079094,
    "stdDev": 81142528.91104081,
    "confidence": 135695262.71024704,
    "low": 845299855.6448765,
    "high": 980995118.3551235,
    "count": 8,
    "base": 39047
  },
  "rss memory": {
    "min": 1075318784,
    "max": 1262907392,
    "mean": 1147445248,
    "median": 1116776448,
    "variance": 4921090551840768,
    "stdDev": 70150485.04351747,
    "confidence": 117313184.89798927,
    "low": 1088788655.5510054,
    "high": 1206101840.4489946,
    "count": 8,
    "base": 39047
  },
  "external memory": {
    "min": 19560991,
    "max": 19593759,
    "mean": 19569183,
    "median": 19560991,
    "variance": 201326592,
    "stdDev": 14188.960215604242,
    "confidence": 23728.30511792749,
    "low": 19557318.847441036,
    "high": 19581047.152558964,
    "count": 8,
    "base": 39047
  },
  "array buffers memory": {
    "min": 11121118,
    "max": 11153886,
    "mean": 11129310,
    "median": 11121118,
    "variance": 201326592,
    "stdDev": 14188.960215604242,
    "confidence": 23728.305117931217,
    "low": 11117445.847441034,
    "high": 11141174.152558966,
    "count": 8,
    "base": 39047
  },
  "buildChunkGraph.visitModules.prepare": {
    "min": 40.631291,
    "max": 49.145459,
    "mean": 45.697993874999995,
    "median": 46.150679,
    "variance": 5.199256488014863,
    "stdDev": 2.2801878185831237,
    "confidence": 3.8131752759463495,
    "low": 43.79140623702682,
    "high": 47.60458151297317,
    "count": 8,
    "base": 39047
  },
  "buildChunkGraph.visitModules.visiting": {
    "min": 24.65038,
    "max": 31.439233,
    "mean": 28.474818875,
    "median": 29.486113000000003,
    "variance": 6.79871883418736,
    "stdDev": 2.60743529817853,
    "confidence": 4.360433702703645,
    "low": 26.294602023648178,
    "high": 30.655035726351823,
    "count": 8,
    "base": 39047
  },
  "exec": {
    "min": 37205,
    "max": 38475,
    "mean": 37834.25,
    "median": 37952.5,
    "variance": 157828.1875,
    "stdDev": 397.2759588749362,
    "confidence": 664.367580496546,
    "low": 37502.06620975173,
    "high": 38166.43379024827,
    "count": 8,
    "base": 39047
  },
  "main.js size": {
    "min": 3555390,
    "max": 3555390,
    "mean": 3555390,
    "median": 3555390,
    "variance": 0,
    "stdDev": 0,
    "confidence": 0,
    "low": 3555390,
    "high": 3555390,
    "count": 8,
    "base": 39047
  },
  "main.js gzip size": {
    "min": 732573,
    "max": 732573,
    "mean": 732573,
    "median": 732573,
    "variance": 0,
    "stdDev": 0,
    "confidence": 0,
    "low": 732573,
    "high": 732573,
    "count": 8,
    "base": 39047
  }
}