{
  "cache.PackFileCacheStrategy.restore cache container": {
    "min": 35.837437,
    "max": 50.144953,
    "mean": 41.23301119999999,
    "median": 41.6606,
    "variance": 9.347694107010092,
    "stdDev": 3.0573998932115654,
    "confidence": 2.283047391765919,
    "low": 40.09148750411703,
    "high": 42.37453489588295,
    "count": 30,
    "base": 4272.5
  },
  "cache.PackFileCacheStrategy.check build dependencies": {
    "min": 16.804618,
    "max": 25.725528,
    "mean": 20.62129236666666,
    "median": 20.415222,
    "variance": 3.896534508029032,
    "stdDev": 1.9739641607762366,
    "confidence": 1.4740151390421161,
    "low": 19.8842847971456,
    "high": 21.358299936187716,
    "count": 30,
    "base": 4272.5
  },
  "cache.PackFileCacheStrategy.restore cache content metadata": {
    "min": 125.12463,
    "max": 166.932875,
    "mean": 142.07155026666666,
    "median": 139.7798505,
    "variance": 91.13431767111179,
    "stdDev": 9.546429577130487,
    "confidence": 7.12859027539605,
    "low": 138.50725512896864,
    "high": 145.6358454043647,
    "count": 30,
    "base": 4272.5
  },
  "cache.PackFileCacheStrategy.restore cache content": {
    "min": 1049.3454860000002,
    "max": 1303.23351,
    "mean": 1169.0512167999998,
    "median": 1160.11857,
    "variance": 3896.3239397317025,
    "stdDev": 62.420541008002346,
    "confidence": 46.611191966531806,
    "low": 1145.745620816734,
    "high": 1192.3568127832657,
    "count": 30,
    "base": 4272.5
  },
  "stats": {
    "min": 4221,
    "max": 4899,
    "mean": 4520.766666666666,
    "median": 4523.5,
    "variance": 29600.978888888887,
    "stdDev": 172.04935015538095,
    "confidence": 128.47413941480227,
    "low": 4456.529596959265,
    "high": 4585.003736374068,
    "count": 30,
    "base": 4272.5
  },
  "heap memory": {
    "min": 248397280,
    "max": 413277968,
    "mean": 266408192.8,
    "median": 261510852,
    "variance": 767561298847032.9,
    "stdDev": 27704896.658299103,
    "confidence": 20688033.709726214,
    "low": 256064175.9451369,
    "high": 276752209.6548631,
    "count": 30,
    "base": 4272.5
  },
  "rss memory": {
    "min": 544411648,
    "max": 785141760,
    "mean": 663200290.1333333,
    "median": 695310336,
    "variance": 4220728128323512.5,
    "stdDev": 64967131.13816488,
    "confidence": 48512803.1909821,
    "low": 638943888.5378423,
    "high": 687456691.7288244,
    "count": 30,
    "base": 4272.5
  },
  "external memory": {
    "min": 152763149,
    "max": 288770402,
    "mean": 252444413,
    "median": 288674755,
    "variance": 3613220777142645.5,
    "stdDev": 60110072.17715385,
    "confidence": 44885899.226861835,
    "low": 230001463.38656908,
    "high": 274887362.6134309,
    "count": 30,
    "base": 4272.5
  },
  "array buffers memory": {
    "min": 151483083,
    "max": 287490336,
    "mean": 251154782.3,
    "median": 287394689,
    "variance": 3612526706120045,
    "stdDev": 60104298.56607633,
    "confidence": 44881587.90738383,
    "low": 228713988.34630808,
    "high": 273595576.2536919,
    "count": 30,
    "base": 4272.5
  },
  "Compiler.make hook": {
    "min": 2681.738775,
    "max": 3181.629869,
    "mean": 2941.826274,
    "median": 2945.7200105,
    "variance": 14136.664903113486,
    "stdDev": 118.89770772859116,
    "confidence": 88.7842974415662,
    "low": 2897.434125279217,
    "high": 2986.218422720783,
    "count": 30,
    "base": 4272.5
  },
  "Compiler.finish make hook": {
    "min": 0.0902,
    "max": 0.2186,
    "mean": 0.11636016666666664,
    "median": 0.10565,
    "variance": 0.0007832480268055556,
    "stdDev": 0.027986568685809905,
    "confidence": 0.02089836621780597,
    "low": 0.10591098355776365,
    "high": 0.12680934977556962,
    "count": 30,
    "base": 4272.5
  },
  "Compiler.finish compilation": {
    "min": 285.438501,
    "max": 342.554059,
    "mean": 315.48054469999994,
    "median": 312.1142705,
    "variance": 275.76493527852676,
    "stdDev": 16.606171602104045,
    "confidence": 12.400300283773618,
    "low": 309.28039455811313,
    "high": 321.68069484188675,
    "count": 30,
    "base": 4272.5
  },
  "Compiler.seal compilation": {
    "min": 1018.978167,
    "max": 1340.058457,
    "mean": 1219.2807857666667,
    "median": 1224.1156505,
    "variance": 4120.278423472753,
    "stdDev": 64.18939494552627,
    "confidence": 47.932045472625305,
    "low": 1195.314763030354,
    "high": 1243.2468085029793,
    "count": 30,
    "base": 4272.5
  },
  "Compiler.afterCompile hook": {
    "min": 0.0717,
    "max": 8.127109,
    "mean": 0.3703270666666667,
    "median": 0.08490049999999999,
    "variance": 2.0760427501368626,
    "stdDev": 1.4408479274846677,
    "confidence": 0.9082881148892158,
    "low": 0,
    "high": 0.9082881148892158,
    "count": 30,
    "base": 4272.5
  },
  "Compiler.emitAssets": {
    "min": 14.596515,
    "max": 138.614045,
    "mean": 27.416169233333335,
    "median": 17.5364185,
    "variance": 690.8194816346193,
    "stdDev": 26.28344501077854,
    "confidence": 19.626595366773856,
    "low": 17.602871549946407,
    "high": 37.22946691672026,
    "count": 30,
    "base": 4272.5
  },
  "Compiler.emitRecords": {
    "min": 0.0859,
    "max": 0.2939,
    "mean": 0.10684679999999999,
    "median": 0.0988005,
    "variance": 0.0013355294832266666,
    "stdDev": 0.036544896815104935,
    "confidence": 0.02728911306019552,
    "low": 0.09320224346990223,
    "high": 0.12049135653009775,
    "count": 30,
    "base": 4272.5
  },
  "FlagDependencyExportsPlugin.restore cached provided exports": {
    "min": 66.939771,
    "max": 99.880004,
    "mean": 84.1296069,
    "median": 84.096538,
    "variance": 42.88276689472736,
    "stdDev": 6.54849348283461,
    "confidence": 4.889946192245503,
    "low": 81.68463380387725,
    "high": 86.57457999612275,
    "count": 30,
    "base": 4272.5
  },
  "FlagDependencyExportsPlugin.figure out provided exports": {
    "min": 131.156538,
    "max": 164.167974,
    "mean": 145.80618626666669,
    "median": 144.94925849999998,
    "variance": 67.47531283228844,
    "stdDev": 8.21433581199895,
    "confidence": 6.1338780027804205,
    "low": 142.73924726527648,
    "high": 148.8731252680569,
    "count": 30,
    "base": 4272.5
  },
  "FlagDependencyExportsPlugin.store provided exports into cache": {
    "min": 0.0822,
    "max": 0.1718,
    "mean": 0.10638343333333335,
    "median": 0.10235,
    "variance": 0.000436324198978889,
    "stdDev": 0.020888374732824212,
    "confidence": 0.015597943061975345,
    "low": 0.09858446180234567,
    "high": 0.11418240486432102,
    "count": 30,
    "base": 4272.5
  },
  "Compilation.finish modules": {
    "min": 209.096021,
    "max": 261.664874,
    "mean": 233.13479659999996,
    "median": 230.19734649999998,
    "variance": 163.78342856176178,
    "stdDev": 12.797789987406489,
    "confidence": 9.556473497624552,
    "low": 228.35655985118768,
    "high": 237.91303334881223,
    "count": 30,
    "base": 4272.5
  },
  "Compilation.report dependency errors and warnings": {
    "min": 71.306475,
    "max": 94.513102,
    "mean": 81.86354773333332,
    "median": 80.895685,
    "variance": 34.96865058969312,
    "stdDev": 5.913429680793805,
    "confidence": 4.415726002706862,
    "low": 79.65568473197989,
    "high": 84.07141073468675,
    "count": 30,
    "base": 4272.5
  },
  "Compilation.optimize dependencies": {
    "min": 113.60752,
    "max": 138.631846,
    "mean": 127.40421639999998,
    "median": 127.65408249999999,
    "variance": 49.82941928320383,
    "stdDev": 7.058995628501538,
    "confidence": 5.271152652919355,
    "low": 124.76864007354031,
    "high": 130.03979272645967,
    "count": 30,
    "base": 4272.5
  },
  "Compilation.create chunks": {
    "min": 171.393379,
    "max": 216.514353,
    "mean": 199.0209364,
    "median": 199.4893605,
    "variance": 80.83175825673086,
    "stdDev": 8.990648377994262,
    "confidence": 6.713572658662997,
    "low": 195.6641500706685,