{
  "stats": {
    "min": 157.1818181818182,
    "max": 168,
    "mean": 164.27272727272725,
    "median": 165.95454545454544,
    "variance": 13.21652892561984,
    "stdDev": 3.6354544317897646,
    "confidence": 5.200933509596098,
    "low": 161.6722605179292,
    "high": 166.8731940275253,
    "count": 10,
    "base": 194.1818181818182
  },
  "heap memory": {
    "min": 297475152.72727275,
    "max": 328030333.8181818,
    "mean": 315857568.3636364,
    "median": 318030642.1818182,
    "variance": 62040716866979,
    "stdDev": 7876592.973296195,
    "confidence": 11268367.436556697,
    "low": 310223384.645358,
    "high": 321491752.0819147,
    "count": 10,
    "base": 194.1818181818182
  },
  "rss memory": {
    "min": 623947403.6363636,
    "max": 870155729.4545455,
    "mean": 823087215.7090908,
    "median": 846765707.6363636,
    "variance": 4888885778034241,
    "stdDev": 69920567.63238011,
    "confidence": 100029371.85220003,
    "low": 773072529.7829908,
    "high": 873101901.6351908,
    "count": 10,
    "base": 194.1818181818182
  },
  "external memory": {
    "min": 65798209.81818182,
    "max": 72707933.63636364,
    "mean": 69240642.34545454,
    "median": 69703759.27272728,
    "variance": 5876420688133.327,
    "stdDev": 2424132.976578085,
    "confidence": 3467999.5764367282,
    "low": 67506642.55723618,
    "high": 70974642.13367291,
    "count": 10,
    "base": 194.1818181818182
  },
  "array buffers memory": {
    "min": 64506913.45454545,
    "max": 71416637.27272727,
    "mean": 67949345.98181817,
    "median": 68412462.9090909,
    "variance": 5876420688133.322,
    "stdDev": 2424132.9765780843,
    "confidence": 3467999.5764367282,
    "low": 66215346.193599805,
    "high": 69683345.77003653,
    "count": 10,
    "base": 194.1818181818182
  },
  "Compiler.make hook": {
    "min": 50.30648536363637,
    "max": 52.91716118181819,
    "mean": 51.92836981818182,
    "median": 52.066984727272725,
    "variance": 0.5642754783602388,
    "stdDev": 0.7511827196895832,
    "confidence": 1.07465282593013,
    "low": 51.391043405216756,
    "high": 52.465696231146886,
    "count": 10,
    "base": 194.1818181818182
  },
  "Compiler.finish make hook": {
    "min": 0.0040181818181818174,
    "max": 0.004836363636363636,
    "mean": 0.0044300272727272735,
    "median": 0.004468181818181819,
    "variance": 5.849836537190088e-8,
    "stdDev": 0.0002418643532476435,
    "confidence": 0.0003460146298583013,
    "low": 0.004257019957798123,
    "high": 0.004603034587656424,
    "count": 10,
    "base": 194.1818181818182
  },
  "Compiler.finish compilation": {
    "min": 24.787662545454545,
    "max": 27.543194363636363,
    "mean": 26.268564081818187,
    "median": 26.45501913636364,
    "variance": 1.003915864628397,
    "stdDev": 1.001956019308431,
    "confidence": 1.433412722875822,
    "low": 25.551857720380276,
    "high": 26.9852704432561,
    "count": 10,
    "base": 194.1818181818182
  },
  "Compiler.seal compilation": {
    "min": 66.96720390909093,
    "max": 73.85479499999998,
    "mean": 70.86641856363636,
    "median": 71.24741772727273,
    "variance": 4.372982354333212,
    "stdDev": 2.0911677011500567,
    "confidence": 2.991654654227659,
    "low": 69.37059123652253,
    "high": 72.36224589075019,
    "count": 10,
    "base": 194.1818181818182
  },
  "Compiler.afterCompile hook": {
    "min": 0.004245545454545455,
    "max": 0.005072727272727272,
    "mean": 0.004554572727272727,
    "median": 0.004486409090909091,
    "variance": 6.118876206611562e-8,
    "stdDev": 0.00024736362316661603,
    "confidence": 0.0003538819646678928,
    "low": 0.004377631744938781,
    "high": 0.0047315137096066735,
    "count": 10,
    "base": 194.1818181818182
  },
  "Compiler.emitAssets": {
    "min": 10.837109818181819,
    "max": 13.764715363636363,
    "mean": 12.2094681,
    "median": 11.739445,
    "variance": 1.2060926658170135,
    "stdDev": 1.0982225028731716,
    "confidence": 1.571132941796666,
    "low": 11.423901629101668,
    "high": 12.995034570898333,
    "count": 10,
    "base": 194.1818181818182
  },
  "Compiler.emitRecords": {
    "min": 0.0036636363636363633,
    "max": 0.004445545454545455,
    "mean": 0.004107290909090909,
    "median": 0.0041863636363636365,
    "variance": 5.2645356694214956e-8,
    "stdDev": 0.00022944575980875077,
    "confidence": 0.0003282484110897193,
    "low": 0.003943166703546049,
    "high": 0.0042714151146357685,
    "count": 10,
    "base": 194.1818181818182
  },
  "FlagDependencyExportsPlugin.restore cached provided exports": {
    "min": 8.968741545454545,
    "max": 12.060428636363637,
    "mean": 10.489016781818183,
    "median": 10.51458509090909,
    "variance": 1.4267819810245217,
    "stdDev": 1.194479795151229,
    "confidence": 1.708840011530306,
    "low": 9.63459677605303,
    "high": 11.343436787583336,
    "count": 10,
    "base": 194.1818181818182
  },
  "FlagDependencyExportsPlugin.figure out provided exports": {
    "min": 5.049375181818181,
    "max": 6.019528,
    "mean": 5.463343663636364,
    "median": 5.414587181818182,
    "variance": 0.09046186594758845,
    "stdDev": 0.3007687915119992,
    "confidence": 0.43028416825606364,
    "low": 5.248201579508332,
    "high": 5.6784857477643955,
    "count": 10,
    "base": 194.1818181818182
  },
  "FlagDependencyExportsPlugin.store provided exports into cache": {
    "min": 0.020936454545454546,
    "max": 0.059882181818181814,
    "mean": 0.027640172727272726,
    "median": 0.023922954545454546,
    "variance": 0.00011811666404371898,
    "stdDev": 0.010868149062453964,
    "confidence": 0.015548130696380325,
    "low": 0.01986610737908256,
    "high": 0.03541423807546289,
    "count": 10,
    "base": 194.1818181818182
  },
  "Compilation.finish modules": {
    "min": 14.933641636363637,
    "max": 17.911638272727274,
    "mean": 16.357009018181817,
    "median": 15.935158181818185,
    "variance": 1.3519960354183023,
    "stdDev": 1.1627536434766834,
    "confidence": 1.6634521216610754,
    "low": 15.525282957351278,
    "high": 17.188735079012353,
    "count": 10,
    "base": 194.1818181818182
  },
  "Compilation.report dependency errors and warnings": {
    "min": 9.264724545454543,
    "max": 11.155157818181818,
    "mean": 9.878867509090908,
    "median": 9.566487045454545,
    "variance": 0.3952438018629115,
    "stdDev": 0.628684182927256,
    "confidence": 0.8994046536101656,
    "low": 9.429165182285825,
    "high": 10.32856983589599,
    "count": 10,
    "base": 194.1818181818182
  },
  "Compilation.optimize dependencies": {
    "min": 0.09222790909090907,
    "max": 0.2691566363636364,
    "mean": 0.11494454545454547,
    "median": 0.09841909090909091,
    "variance": 0.002649739082325621,
    "stdDev": 0.05147561638606789,
    "confidence": 0.07364175874365547,
    "low": 0.07812366608271773,
    "high": 0.1517654248263732,
    "count": 10,
    "base": 194.1818181818182
  },
  "Compilation.create chunks": {
    "min": 13.123927727272727,
    "max": 16.687545818181817,
    "mean": 14.740807481818184,
    "median": 14.064021590909093,
    "variance": 2.0168556797309836,
    "stdDev": 1.4201604415455964,
    "confidence": 2.031701997101095,
    "low": 13.724956483267636,
    "high": 15.756658480368731,
    "count": 10,
    "base": 194.1818181818182
  },
  "Compilation.optimize": {
    "min": 3.2666523636363634,
    "max": 5.312940727272727,
    "mean": 4.3482678727272726,
    "median": 4.246168863636363,
    "variance": 0.39475378456829446,
    "stdDev": 0.6282943454848965,
    "confidence": 0.8988469465462199,
    "low": 3.8988443994541626,
    "high": 4.7976913460003825,
    "count": 10,
    "base": 194.1818181818182
  },
  "Compilation.module hashing": {
    "min": 30.511079272727272,
    "max": 34.274592454545456,
    "mean": 32.2185951,
    "median": 31.963772727272726,
    "variance": 1.1280198126973537,
    "stdDev": 1.0620827711140755,
    "confidence": 1.5194309206435186,
    "low": 31.45887963967824,