{
  "stats": {
    "min": 152.72727272727272,
    "max": 161.36363636363637,
    "mean": 156.80681818181822,
    "median": 156.27272727272725,
    "variance": 7.130036157024804,
    "stdDev": 2.6702127550112564,
    "confidence": 2.8451116904644778,
    "low": 155.38426233658598,
    "high": 158.22937402705045,
    "count": 16,
    "base": 264.27272727272725
  },
  "heap memory": {
    "min": 266172768.72727272,
    "max": 294382418.1818182,
    "mean": 278174893.09090906,
    "median": 280066415.27272725,
    "variance": 41588066250015.39,
    "stdDev": 6448881.007586928,
    "confidence": 6871282.713583827,
    "low": 274739251.73411715,
    "high": 281610534.447701,
    "count": 16,
    "base": 264.27272727272725
  },
  "rss memory": {
    "min": 595712186.1818181,
    "max": 693513495.2727273,
    "mean": 625756811.6363636,
    "median": 615460864,
    "variance": 887245898421273.1,
    "stdDev": 29786673.16806751,
    "confidence": 31737700.26057601,
    "low": 609887961.5060756,
    "high": 641625661.7666516,
    "count": 16,
    "base": 264.27272727272725
  },
  "external memory": {
    "min": 147579653,
    "max": 152746852.9090909,
    "mean": 151109900.75568184,
    "median": 152685412.9090909,
    "variance": 4166906557756.0845,
    "stdDev": 2041300.2125498552,
    "confidence": 2175005.376471877,
    "low": 150022398.0674459,
    "high": 152197403.44391778,
    "count": 16,
    "base": 264.27272727272725
  },
  "array buffers memory": {
    "min": 146119663.63636363,
    "max": 151286863.54545453,
    "mean": 149649911.39204544,
    "median": 151225423.54545453,
    "variance": 4166906557756.085,
    "stdDev": 2041300.2125498555,
    "confidence": 2175005.376471877,
    "low": 148562408.7038095,
    "high": 150737414.08028138,
    "count": 16,
    "base": 264.27272727272725
  },
  "Compiler.make hook": {
    "min": 50.13120927272728,
    "max": 54.47789818181818,
    "mean": 51.53331063068182,
    "median": 51.38291454545455,
    "variance": 1.5555987655173928,
    "stdDev": 1.2472364513264487,
    "confidence": 1.3289304388883352,
    "low": 50.86884541123765,
    "high": 52.197775850125986,
    "count": 16,
    "base": 264.27272727272725
  },
  "Compiler.finish make hook": {
    "min": 0.00367409090909091,
    "max": 0.004497363636363636,
    "mean": 0.004040863636363636,
    "median": 0.0039773636363636365,
    "variance": 5.078907438016524e-8,
    "stdDev": 0.00022536431478866666,
    "confidence": 0.0002401256774073237,
    "low": 0.003920800797659974,
    "high": 0.004160926475067298,
    "count": 16,
    "base": 264.27272727272725
  },
  "Compiler.finish compilation": {
    "min": 1.5090478181818183,
    "max": 1.9999482727272728,
    "mean": 1.7558916363636368,
    "median": 1.7280705,
    "variance": 0.013216102287016526,
    "stdDev": 0.1149613077822992,
    "confidence": 0.1224912734420398,
    "low": 1.6946459996426169,
    "high": 1.8171372730846567,
    "count": 16,
    "base": 264.27272727272725
  },
  "Compiler.seal compilation": {
    "min": 61.45004045454546,
    "max": 68.35269327272728,
    "mean": 63.846268340909084,
    "median": 63.43376995454545,
    "variance": 2.6577049901340954,
    "stdDev": 1.6302469107880853,
    "confidence": 1.7370280834447058,
    "low": 62.977754299186735,
    "high": 64.71478238263144,
    "count": 16,
    "base": 264.27272727272725
  },
  "Compiler.afterCompile hook": {
    "min": 0.0027212727272727276,
    "max": 0.0034244545454545448,
    "mean": 0.0031469204545454543,
    "median": 0.003141863636363636,
    "variance": 3.326605668904958e-8,
    "stdDev": 0.00018238984809755608,
    "confidence": 0.00019433638314794634,
    "low": 0.003049752262971481,
    "high": 0.0032440886461194275,
    "count": 16,
    "base": 264.27272727272725
  },
  "Compiler.emitAssets": {
    "min": 34.13343172727273,
    "max": 39.02713481818182,
    "mean": 36.05006786931818,
    "median": 35.96692931818181,
    "variance": 1.8083420939949013,
    "stdDev": 1.3447461076332965,
    "confidence": 1.432826977683277,
    "low": 35.33365438047654,
    "high": 36.766481358159815,
    "count": 16,
    "base": 264.27272727272725
  },
  "Compiler.emitRecords": {
    "min": 0.0060831818181818174,
    "max": 0.01223290909090909,
    "mean": 0.007201051136363636,
    "median": 0.00689409090909091,
    "variance": 0.0000017967215929429227,
    "stdDev": 0.0013404184394967575,
    "confidence": 0.0014282158472837952,
    "low": 0.006486943212721738,
    "high": 0.007915159060005533,
    "count": 16,
    "base": 264.27272727272725
  },
  "Compilation.compute affected modules": {
    "min": 0.6673895454545455,
    "max": 0.7683026363636363,
    "mean": 0.7246006420454545,
    "median": 0.7301977272727274,
    "variance": 0.0008152401546606075,
    "stdDev": 0.028552410662860107,
    "confidence": 0.03042259356127741,
    "low": 0.7093893452648158,
    "high": 0.7398119388260932,
    "count": 16,
    "base": 264.27272727272725
  },
  "Compilation.finish modules": {
    "min": 0.3686587272727273,
    "max": 0.5387160000000001,
    "mean": 0.46514781250000004,
    "median": 0.46736968181818184,
    "variance": 0.0019938520914529636,
    "stdDev": 0.04465257093889403,
    "confidence": 0.047577314335391585,
    "low": 0.44135915533230424,
    "high": 0.4889364696676958,
    "count": 16,
    "base": 264.27272727272725
  },
  "Compilation.report dependency errors and warnings": {
    "min": 0.3882099090909091,
    "max": 0.7113745454545455,
    "mean": 0.5303115568181819,
    "median": 0.5089562272727273,
    "variance": 0.005522670980954417,
    "stdDev": 0.07431467540771754,
    "confidence": 0.079182286646923,
    "low": 0.49072041349472034,
    "high": 0.5699027001416433,
    "count": 16,
    "base": 264.27272727272725
  },
  "Compilation.optimize dependencies": {
    "min": 0.018317909090909093,
    "max": 0.025995636363636356,
    "mean": 0.021174511363636364,
    "median": 0.02114395454545455,
    "variance": 0.000002580658654829539,
    "stdDev": 0.0016064428576297194,
    "confidence": 0.0017116648648044658,
    "low": 0.02031867893123413,
    "high": 0.022030343796038597,
    "count": 16,
    "base": 264.27272727272725
  },
  "Compilation.create chunks": {
    "min": 12.084865090909092,
    "max": 16.970484363636363,
    "mean": 13.899829914772727,
    "median": 13.555198681818181,
    "variance": 1.3981724817735293,
    "stdDev": 1.182443437029243,
    "confidence": 1.2598934821546592,
    "low": 13.269883173695398,
    "high": 14.529776655850057,
    "count": 16,
    "base": 264.27272727272725
  },
  "Compilation.compute affected modules with chunk graph": {
    "min": 1.6041360909090907,
    "max": 2.534342818181818,
    "mean": 2.060112681818182,
    "median": 2.0003675909090908,
    "variance": 0.0741493712695444,
    "stdDev": 0.2723038216212626,
    "confidence": 0.2901397219374553,
    "low": 1.9150428208494545,
    "high": 2.20518254278691,
    "count": 16,
    "base": 264.27272727272725
  },
  "Compilation.optimize": {
    "min": 8.960464,
    "max": 11.871688272727273,
    "mean": 10.243925982954543,
    "median": 11.611380227272727,
    "variance": 0.8128648302301469,
    "stdDev": 0.9015901675540539,
    "confidence": 0.9606443235288431,
    "low": 9.763603821190122,
    "high": 10.724248144718965,
    "count": 16,
    "base": 264.27272727272725
  },
  "Compilation.module hashing": {
    "min": 2.0146132727272725,
    "max": 3.9106486363636366,
    "mean": 2.7491935681818185,
    "median": 2.509192636363636,
    "variance": 0.3449546139740543,
    "stdDev": 0.5873283698018122,
    "confidence": 0.6257983780238305,
    "low": 2.436294379169903,
    "high": 3.0620927571937337,
    "count": 16,
    "base": 264.27272727272725
  },
  "Compilation.code generation": {
    "min": 5.669550909090908,
    "max": 7.867702181818182,
    "mean": 6.8023205,
    "median": 6.861168590909092,
    "variance": 0.35506632474560784,
    "stdDev": 0.5958744202813273,
    "confidence": 0.6349041948097547,