{
  "cache.PackFileCacheStrategy.restore cache container": {
    "min": 32.890425,
    "max": 34.575679,
    "mean": 33.75234746666666,
    "median": 33.823606999999996,
    "variance": 0.1761245915287155,
    "stdDev": 0.4196720046997602,
    "confidence": 0.31338101301511756,
    "low": 33.595656960159104,
    "high": 33.90903797317422,
    "count": 30,
    "base": 1606
  },
  "cache.PackFileCacheStrategy.check build dependencies": {
    "min": 13.008933,
    "max": 13.89548,
    "mean": 13.499650133333335,
    "median": 13.5159565,
    "variance": 0.04441220835831553,
    "stdDev": 0.21074204221824255,
    "confidence": 0.15736707222697888,
    "low": 13.420966597219845,
    "high": 13.578333669446824,
    "count": 30,
    "base": 1606
  },
  "cache.PackFileCacheStrategy.restore cache content metadata": {
    "min": 62.805048,
    "max": 70.237939,
    "mean": 66.15447973333335,
    "median": 66.087919,
    "variance": 2.8233363246023315,
    "stdDev": 1.6802786449283735,
    "confidence": 1.2547118177969594,
    "low": 65.52712382443487,
    "high": 66.78183564223183,
    "count": 30,
    "base": 1606
  },
  "cache.PackFileCacheStrategy.restore cache content": {
    "min": 469.980145,
    "max": 518.708638,
    "mean": 485.6365548,
    "median": 485.6775475,
    "variance": 87.57989315587899,
    "stdDev": 9.358412961388218,
    "confidence": 6.988192924976715,
    "low": 482.14245833751164,
    "high": 489.13065126248836,
    "count": 30,
    "base": 1606
  },
  "stats": {
    "min": 1613,
    "max": 1700,
    "mean": 1659.4666666666667,
    "median": 1656,
    "variance": 419.91555555555556,
    "stdDev": 20.49184119486474,
    "confidence": 15.301840199671915,
    "low": 1651.8157465668307,
    "high": 1667.1175867665027,
    "count": 30,
    "base": 1606
  },
  "heap memory": {
    "min": 241837344,
    "max": 249649056,
    "mean": 248401296.26666668,
    "median": 248885248,
    "variance": 2184210004238.8623,
    "stdDev": 1477907.3056991303,
    "confidence": 1103595.3873878121,
    "low": 247849498.57297277,
    "high": 248953093.9603606,
    "count": 30,
    "base": 1606
  },
  "rss memory": {
    "min": 573513728,
    "max": 577855488,
    "mean": 575122636.8,
    "median": 574578688,
    "variance": 1567391719533.2268,
    "stdDev": 1251955.1587549879,
    "confidence": 934870.497689724,
    "low": 574655201.5511551,
    "high": 575590072.0488448,
    "count": 30,
    "base": 1606
  },
  "external memory": {
    "min": 248020717,
    "max": 248020717,
    "mean": 248020717,
    "median": 248020717,
    "variance": 0,
    "stdDev": 0,
    "confidence": 0,
    "low": 248020717,
    "high": 248020717,
    "count": 30,
    "base": 1606
  },
  "array buffers memory": {
    "min": 246480815,
    "max": 246480815,
    "mean": 246480815,
    "median": 246480815,
    "variance": 0,
    "stdDev": 0,
    "confidence": 0,
    "low": 246480815,
    "high": 246480815,
    "count": 30,
    "base": 1606
  },
  "Compiler.make hook": {
    "min": 1135.854544,
    "max": 1202.536355,
    "mean": 1167.9895869666664,
    "median": 1170.4928805,
    "variance": 228.64591127513447,
    "stdDev": 15.121042003616498,
    "confidence": 11.29131180510285,
    "low": 1162.343931064115,
    "high": 1173.6352428692178,
    "count": 30,
    "base": 1606
  },
  "Compiler.finish make hook": {
    "min": 0.085851,
    "max": 0.094957,
    "mean": 0.09006036666666668,
    "median": 0.0896525,
    "variance": 0.0000069867480322222285,
    "stdDev": 0.0026432457381450987,
    "confidence": 0.0019737867138896192,
    "low": 0.08907347330972187,
    "high": 0.09104726002361149,
    "count": 30,
    "base": 1606
  },
  "Compiler.finish compilation": {
    "min": 144.650152,
    "max": 172.306081,
    "mean": 156.95283836666667,
    "median": 157.558173,
    "variance": 38.470057180650265,
    "stdDev": 6.202423492526955,
    "confidence": 4.6315258951510145,
    "low": 154.63707541909116,
    "high": 159.26860131424218,
    "count": 30,
    "base": 1606
  },
  "Compiler.seal compilation": {
    "min": 289.853356,
    "max": 334.420526,
    "mean": 305.26333333333326,
    "median": 304.3738885,
    "variance": 88.04544544640869,
    "stdDev": 9.383253457431952,
    "confidence": 7.006742029341126,
    "low": 301.7599623186627,
    "high": 308.7667043480038,
    "count": 30,
    "base": 1606
  },
  "Compiler.afterCompile hook": {
    "min": 0.051296,
    "max": 0.061275,
    "mean": 0.054008299999999995,
    "median": 0.0538605,
    "variance": 0.000003417756210000003,
    "stdDev": 0.001848717450017715,
    "confidence": 0.0013804898605990212,
    "low": 0.053318055069700485,
    "high": 0.054698544930299506,
    "count": 30,
    "base": 1606
  },
  "Compiler.emitAssets": {
    "min": 12.590181,
    "max": 15.952458,
    "mean": 13.122805666666668,
    "median": 13.004224,
    "variance": 0.3443500401152223,
    "stdDev": 0.5868134627930943,
    "confidence": 0.4381902899445791,
    "low": 12.903710521694379,
    "high": 13.341900811638958,
    "count": 30,
    "base": 1606
  },
  "Compiler.emitRecords": {
    "min": 0.062928,
    "max": 0.112711,
    "mean": 0.07034383333333333,
    "median": 0.0676165,
    "variance": 0.00009429635207222224,
    "stdDev": 0.009710630879207706,
    "confidence": 0.007251204054268823,
    "low": 0.06671823130619892,
    "high": 0.07396943536046774,
    "count": 30,
    "base": 1606
  },
  "Compilation.compute affected modules": {
    "min": 0.210834,
    "max": 0.253965,
    "mean": 0.2169449333333334,
    "median": 0.2149665,
    "variance": 0.00008687427866222223,
    "stdDev": 0.009320637245501095,
    "confidence": 0.006959984724335511,
    "low": 0.21346494097116564,
    "high": 0.22042492569550115,
    "count": 30,
    "base": 1606
  },
  "Compilation.finish modules": {
    "min": 112.961963,
    "max": 139.586162,
    "mean": 125.2917296666667,
    "median": 126.35427899999999,
    "variance": 34.25634407401517,
    "stdDev": 5.85289194108478,
    "confidence": 4.370520751979626,
    "low": 123.10646929067688,
    "high": 127.47699004265651,
    "count": 30,
    "base": 1606
  },
  "Compilation.report dependency errors and warnings": {
    "min": 28.570541,
    "max": 34.655948,
    "mean": 31.061994733333332,
    "median": 30.763755500000002,
    "variance": 2.2652521168302635,
    "stdDev": 1.5050754522050591,
    "confidence": 1.123882614504268,
    "low": 30.500053426081198,
    "high": 31.623936040585466,
    "count": 30,
    "base": 1606
  },
  "Compilation.optimize dependencies": {
    "min": 1.246261,
    "max": 1.574464,
    "mean": 1.3111551666666663,
    "median": 1.3018645,
    "variance": 0.0038417059508722242,
    "stdDev": 0.06198149684278546,
    "confidence": 0.04628334521070032,
    "low": 1.2880134940613162,
    "high": 1.3342968392720165,
    "count": 30,
    "base": 1606
  },
  "Compilation.create chunks": {
    "min": 75.763757,
    "max": 95.276153,
    "mean": 82.37711639999999,
    "median": 82.504858,
    "variance": 14.462125832668034,
    "stdDev": 3.8029101794110303,
    "confidence": 2.83974110992213,
    "low": 80.95724584503893,
    "high": 83.79698695496106,
    "count": 30,
    "base": 1606
  },
  "Compilation.compute affected modules with chunk graph": {
    "min": 0.149559,
    "max": 0.214792,
    "mean": 0.1646144666666667,
    "median": 0.15655249999999998,
    "variance": 0.00028250398344888887,
    "stdDev": 0.01680785481401148,
    "confidence": 0.012550902869955027,
    "low": 0.1583390152316892,
    "high": 0.17088991810164422,
    "count": 30,
    "base": 1606
  },
  "Compilation.optimize": {
    "min": 45.747867,
    "max": 61.009613,
    "mean": 49.957286999999994,
    "median": 49.440545,
    "variance": 7.655827378852601,
    "stdDev": 2.766916583284108,
    "confidence": 2.0661352486884255,
    "low": 48.92421937565578,
    "high": 50.99035462434421,
    "count": 30,
    "base": 1606
  },
  "Compilation.module hashing": {
    "min": 87.313547,
    "max": 111.758342,