{
  "stats": {
    "min": 61226,
    "max": 64402,
    "mean": 62705,
    "median": 62143,
    "variance": 1607380.8,
    "stdDev": 1267.8252245479264,
    "confidence": 3147.921135456956,
    "low": 61131.03943227152,
    "high": 64278.96056772848,
    "count": 5,
    "base": 57838
  },
  "heap memory": {
    "min": 258854136,
    "max": 452716896,
    "mean": 362124982.4,
    "median": 417096528,
    "variance": 7194085018646717,
    "stdDev": 84817952.21913058,
    "confidence": 210597028.11322835,
    "low": 256826468.3433858,
    "high": 467423496.45661414,
    "count": 5,
    "base": 57838
  },
  "rss memory": {
    "min": 428101632,
    "max": 711942144,
    "mean": 594433638.4,
    "median": 689274880,
    "variance": 17372232673174486,
    "stdDev": 131803765.77766846,
    "confidence": 327259508.6379407,
    "low": 430803884.0810296,
    "high": 758063392.7189703,
    "count": 5,
    "base": 57838
  },
  "external memory": {
    "min": 41947303,
    "max": 41996455,
    "mean": 41966705.4,
    "median": 41963041,
    "variance": 284218376.64,
    "stdDev": 16858.77743610135,
    "confidence": 41859.16227371991,
    "low": 41945775.81886314,
    "high": 41987634.98113686,
    "count": 5,
    "base": 57838
  },
  "array buffers memory": {
    "min": 40368370,
    "max": 40417522,
    "mean": 40388030.8,
    "median": 40384754,
    "variance": 284541583.36,
    "stdDev": 16868.3604229931,
    "confidence": 41882.95615823567,
    "low": 40367089.32192088,
    "high": 40408972.278079115,
    "count": 5,
    "base": 57838
  },
  "Compiler.make hook": {
    "min": 6021.339841,
    "max": 7264.942239,
    "mean": 6780.7487574,
    "median": 7151.422441,
    "variance": 267610.0025136629,
    "stdDev": 517.3103541527686,
    "confidence": 1284.4453367055303,
    "low": 6138.526089047235,
    "high": 7422.971425752765,
    "count": 5,
    "base": 57838
  },
  "Compiler.finish make hook": {
    "min": 0.106009,
    "max": 0.155713,
    "mean": 0.13557160000000001,
    "median": 0.152013,
    "variance": 0.00050070377104,
    "stdDev": 0.02237641104020035,
    "confidence": 0.05555905962845621,
    "low": 0.1077920701857719,
    "high": 0.1633511298142281,
    "count": 5,
    "base": 57838
  },
  "Compiler.finish compilation": {
    "min": 53.545639,
    "max": 66.679454,
    "mean": 56.657861000000004,
    "median": 54.709732,
    "variance": 25.373178080412828,
    "stdDev": 5.037179575954467,
    "confidence": 12.506963691224286,
    "low": 50.40437915438786,
    "high": 62.91134284561215,
    "count": 5,
    "base": 57838
  },
  "Compiler.seal compilation": {
    "min": 54854.438205,
    "max": 57136.512013,
    "mean": 55796.0354602,
    "median": 55301.8957,
    "variance": 826055.9605774875,
    "stdDev": 908.8762075098498,
    "confidence": 2256.6758948611387,
    "low": 54667.69751276943,
    "high": 56924.37340763057,
    "count": 5,
    "base": 57838
  },
  "Compiler.afterCompile hook": {
    "min": 0.078706,
    "max": 0.104508,
    "mean": 0.0863072,
    "median": 0.081407,
    "variance": 0.00009488708056000004,
    "stdDev": 0.009740999977415052,
    "confidence": 0.024186219926586927,
    "low": 0.07421409003670654,
    "high": 0.09840030996329346,
    "count": 5,
    "base": 57838
  },
  "Compiler.emitAssets": {
    "min": 34.085681,
    "max": 52.775775,
    "mean": 42.026081999999995,
    "median": 36.240379,
    "variance": 75.98456724916642,
    "stdDev": 8.716912713178125,
    "confidence": 21.64348305621648,
    "low": 31.204340471891758,
    "high": 52.847823528108236,
    "count": 5,
    "base": 57838
  },
  "Compiler.emitRecords": {
    "min": 0.086408,
    "max": 0.099408,
    "mean": 0.09270759999999999,
    "median": 0.092408,
    "variance": 0.000017056040239999992,
    "stdDev": 0.004129895911521257,
    "confidence": 0.010254241969156835,
    "low": 0.08758047901542157,
    "high": 0.0978347209845784,
    "count": 5,
    "base": 57838
  },
  "Compilation.compute affected modules": {
    "min": 0.292625,
    "max": 0.299925,
    "mean": 0.296605,
    "median": 0.297225,
    "variance": 0.000006233599999999945,
    "stdDev": 0.0024967178454923466,
    "confidence": 0.0061991753460343135,
    "low": 0.29350541232698285,
    "high": 0.29970458767301716,
    "count": 5,
    "base": 57838
  },
  "Compilation.finish modules": {
    "min": 2.800837,
    "max": 2.943249,
    "mean": 2.8667428,
    "median": 2.847741,
    "variance": 0.002882625020159989,
    "stdDev": 0.053690083070898564,
    "confidence": 0.13330871163538127,
    "low": 2.8000884441823093,
    "high": 2.9333971558176906,
    "count": 5,
    "base": 57838
  },
  "Compilation.report dependency errors and warnings": {
    "min": 49.814422,
    "max": 62.887033,
    "mean": 52.9142834,
    "median": 50.885708,
    "variance": 25.12287358182345,
    "stdDev": 5.012272297254355,
    "confidence": 12.445120664655107,
    "low": 46.69172306767245,
    "high": 59.136843732327556,
    "count": 5,
    "base": 57838
  },
  "Compilation.optimize dependencies": {
    "min": 0.11441,
    "max": 0.163114,
    "mean": 0.1274508,
    "median": 0.11811,
    "variance": 0.00033087145856000014,
    "stdDev": 0.018189872417364562,
    "confidence": 0.0451641777787668,
    "low": 0.1048687111106166,
    "high": 0.1500328888893834,
    "count": 5,
    "base": 57838
  },
  "Compilation.create chunks": {
    "min": 102.471576,
    "max": 117.197639,
    "mean": 109.75163979999999,
    "median": 107.221683,
    "variance": 36.73788531178938,
    "stdDev": 6.061178541487569,
    "confidence": 15.04948132210447,
    "low": 102.22689913894776,
    "high": 117.27638046105223,
    "count": 5,
    "base": 57838
  },
  "Compilation.compute affected modules with chunk graph": {
    "min": 0.168614,
    "max": 0.181615,
    "mean": 0.17495480000000002,
    "median": 0.173214,
    "variance": 0.000022763336559999947,
    "stdDev": 0.004771093853614698,
    "confidence": 0.011846291499995887,
    "low": 0.16903165425000208,
    "high": 0.18087794574999796,
    "count": 5,
    "base": 57838
  },
  "Compilation.optimize": {
    "min": 109.157347,
    "max": 118.118112,
    "mean": 112.7281514,
    "median": 111.996187,
    "variance": 10.202681049157036,
    "stdDev": 3.1941635914832283,
    "confidence": 7.930884229979341,
    "low": 108.76270928501033,
    "high": 116.69359351498967,
    "count": 5,
    "base": 57838
  },
  "Compilation.module hashing": {
    "min": 126.577117,
    "max": 144.290223,
    "mean": 135.17527379999999,
    "median": 135.671306,
    "variance": 40.047905417554134,
    "stdDev": 6.328341442870646,
    "confidence": 15.712828073367973,
    "low": 127.318859763316,
    "high": 143.03168783668397,
    "count": 5,
    "base": 57838
  },
  "Compilation.code generation": {
    "min": 446.764089,
    "max": 474.330161,
    "mean": 458.3781594,
    "median": 456.208469,
    "variance": 82.1182792639909,
    "stdDev": 9.06191366456285,
    "confidence": 22.500096227802487,
    "low": 447.1281112860988,
    "high": 469.62820751390126,
    "count": 5,
    "base": 57838
  },
  "Compilation.runtime requirements.modules": {
    "min": 15.771036,
    "max": 23.27177,
    "mean": 18.1135548,
    "median": 16.5144,
    "variance": 7.928822476648961,
    "stdDev": 2.8158164849025513,
    "confidence": 6.991474893200305,
    "low": 14.617817353399847,
    "high": 21.609292246600152,
    "count": 5,
    "base": 57838
  },
  "Compilation.runtime requirements.chunks": {
    "min": 5.039727,
    "max": 6.779275,
    "mean": 5.528668400000001,
    "median": 5.295448,
    "variance": 0.40595411446784,
    "stdDev": 0.637145285211968,
    "confidence": 1.5819870679656827,
    "low": 4.7376748660171595,
    "high": 6.319661933982842,
    "count": 5,
    "base": 57838
  },
  "Compilation.runtime requirements.entries": {
    "min": 2.400504,
    "max": 11.708193,
    "mean": 4.316646,
    "median": 2.411904,
    "variance": 13.6619889900652,
    "stdDev": 3.6962127901495605,