{
  "stats": {
    "min": 12748,
    "max": 13528,
    "mean": 13205.095238095239,
    "median": 13230,
    "variance": 42877.80045351474,
    "stdDev": 207.06955462721876,
    "confidence": 188.51716576240506,
    "low": 13110.836655214036,
    "high": 13299.353820976441,
    "count": 21,
    "base": 12153.5
  },
  "heap memory": {
    "min": 258827840,
    "max": 335340224,
    "mean": 304863036.95238096,
    "median": 305428128,
    "variance": 412405180125729.3,
    "stdDev": 20307761.573490303,
    "confidence": 18488288.448319435,
    "low": 295618892.72822124,
    "high": 314107181.1765407,
    "count": 21,
    "base": 12153.5
  },
  "rss memory": {
    "min": 556843008,
    "max": 652279808,
    "mean": 599291026.2857143,
    "median": 597848064,
    "variance": 541677771558382.56,
    "stdDev": 23273971.976402793,
    "confidence": 21188741.343090534,
    "low": 588696655.614169,
    "high": 609885396.9572595,
    "count": 21,
    "base": 12153.5
  },
  "external memory": {
    "min": 49495689,
    "max": 49561225,
    "mean": 49525336.23809524,
    "median": 49528457,
    "variance": 207565738.08616775,
    "stdDev": 14407.141912474097,
    "confidence": 13116.33458122611,
    "low": 49518778.070804626,
    "high": 49531894.40538585,
    "count": 21,
    "base": 12153.5
  },
  "array buffers memory": {
    "min": 47951919,
    "max": 48017455,
    "mean": 47981566.23809524,
    "median": 47984687,
    "variance": 207565738.08616775,
    "stdDev": 14407.141912474097,
    "confidence": 13116.33458122611,
    "low": 47975008.070804626,
    "high": 47988124.40538585,
    "count": 21,
    "base": 12153.5
  },
  "Compiler.make hook": {
    "min": 12168.173349,
    "max": 12943.626398,
    "mean": 12623.832023285715,
    "median": 12664.377691,
    "variance": 41884.83175079895,
    "stdDev": 204.65784067755368,
    "confidence": 186.32152923226022,
    "low": 12530.671258669585,
    "high": 12716.992787901845,
    "count": 21,
    "base": 12153.5
  },
  "Compiler.finish make hook": {
    "min": 0.083757,
    "max": 0.110787,
    "mean": 0.0891625238095238,
    "median": 0.086944,
    "variance": 0.00004860616339229025,
    "stdDev": 0.006971812059449843,
    "confidence": 0.00634717282336239,
    "low": 0.08598893739784261,
    "high": 0.092336110221205,
    "count": 21,
    "base": 12153.5
  },
  "Compiler.finish compilation": {
    "min": 80.781277,
    "max": 102.574259,
    "mean": 91.83586033333333,
    "median": 90.975575,
    "variance": 36.783086255224006,
    "stdDev": 6.064906120891238,
    "confidence": 5.521521087847958,
    "low": 89.07509978940935,
    "high": 94.59662087725731,
    "count": 21,
    "base": 12153.5
  },
  "Compiler.seal compilation": {
    "min": 395.266903,
    "max": 439.898523,
    "mean": 416.10044580952376,
    "median": 413.596996,
    "variance": 142.4462124410346,
    "stdDev": 11.93508326074999,
    "confidence": 10.865759930306808,
    "low": 410.66756584437036,
    "high": 421.53332577467717,
    "count": 21,
    "base": 12153.5
  },
  "Compiler.afterCompile hook": {
    "min": 0.050905,
    "max": 0.078969,
    "mean": 0.05560576190476191,
    "median": 0.05316,
    "variance": 0.00005150203989569162,
    "stdDev": 0.007176492172063704,
    "confidence": 0.006533514629077669,
    "low": 0.05233900459022307,
    "high": 0.05887251921930074,
    "count": 21,
    "base": 12153.5
  },
  "Compiler.emitAssets": {
    "min": 53.463103,
    "max": 61.082779,
    "mean": 56.7945302857143,
    "median": 56.427116,
    "variance": 5.835037853799543,
    "stdDev": 2.4155823011852737,
    "confidence": 2.1991582968586556,
    "low": 55.694951137284974,
    "high": 57.89410943414363,
    "count": 21,
    "base": 12153.5
  },
  "Compiler.emitRecords": {
    "min": 0.061315,
    "max": 0.129743,
    "mean": 0.07010052380952382,
    "median": 0.063459,
    "variance": 0.0002150921837732426,
    "stdDev": 0.01466602140231776,
    "confidence": 0.013352019773032742,
    "low": 0.06342451392300745,
    "high": 0.07677653369604019,
    "count": 21,
    "base": 12153.5
  },
  "Compilation.compute affected modules": {
    "min": 0.206026,
    "max": 0.302347,
    "mean": 0.22156076190476187,
    "median": 0.210034,
    "variance": 0.0005880007112290249,
    "stdDev": 0.02424872597125517,
    "confidence": 0.022076162290877666,
    "low": 0.21052268075932304,
    "high": 0.2325988430502007,
    "count": 21,
    "base": 12153.5
  },
  "Compilation.finish modules": {
    "min": 56.200612,
    "max": 74.388092,
    "mean": 64.43906304761904,
    "median": 64.300587,
    "variance": 22.61190225086415,
    "stdDev": 4.755197393470028,
    "confidence": 4.329155664006578,
    "low": 62.274485215615755,
    "high": 66.60364087962233,
    "count": 21,
    "base": 12153.5
  },
  "Compilation.report dependency errors and warnings": {
    "min": 24.033219,
    "max": 30.56631,
    "mean": 26.815985714285716,
    "median": 26.90875,
    "variance": 3.1993470237294437,
    "stdDev": 1.7886718602721527,
    "confidence": 1.6284158730360758,
    "low": 26.00177777776768,
    "high": 27.630193650803754,
    "count": 21,
    "base": 12153.5
  },
  "Compilation.optimize dependencies": {
    "min": 0.435616,
    "max": 0.50664,
    "mean": 0.4624342380952381,
    "median": 0.455944,
    "variance": 0.0004541028826575961,
    "stdDev": 0.02130968987708634,
    "confidence": 0.019400449023692756,
    "low": 0.4527340135833917,
    "high": 0.47213446260708447,
    "count": 21,
    "base": 12153.5
  },
  "Compilation.create chunks": {
    "min": 23.836825,
    "max": 38.057396,
    "mean": 29.74370052380953,
    "median": 29.315329,
    "variance": 11.860677253376721,
    "stdDev": 3.443933398510593,
    "confidence": 3.1353743167628494,
    "low": 28.176013365428105,
    "high": 31.311387682190954,
    "count": 21,
    "base": 12153.5
  },
  "Compilation.compute affected modules with chunk graph": {
    "min": 0.114865,
    "max": 0.185658,
    "mean": 0.12284761904761907,
    "median": 0.117841,
    "variance": 0.00024086576080725614,
    "stdDev": 0.015519850540751227,
    "confidence": 0.014129350122308912,
    "low": 0.11578294398646462,
    "high": 0.12991229410877353,
    "count": 21,
    "base": 12153.5
  },
  "Compilation.optimize": {
    "min": 19.340453,
    "max": 29.979337,
    "mean": 22.819188666666665,
    "median": 22.773058,
    "variance": 7.41272114336489,
    "stdDev": 2.7226312903815844,
    "confidence": 2.478697243555608,
    "low": 21.57984004488886,
    "high": 24.05853728844447,
    "count": 21,
    "base": 12153.5
  },
  "Compilation.module hashing": {
    "min": 51.722674,
    "max": 65.282854,
    "mean": 56.74860961904762,
    "median": 55.917468,
    "variance": 12.647493668351288,
    "stdDev": 3.5563314902229357,
    "confidence": 3.237702105726612,
    "low": 55.129758566184314,
    "high": 58.367460671910926,
    "count": 21,
    "base": 12153.5
  },
  "Compilation.code generation": {
    "min": 166.665459,
    "max": 190.860966,
    "mean": 173.4889953809524,
    "median": 171.380747,
    "variance": 33.79579722421811,
    "stdDev": 5.813415280557386,
    "confidence": 5.292562559780947,
    "low": 170.84271410106192,
    "high": 176.13527666084286,
    "count": 21,
    "base": 12153.5
  },
  "Compilation.runtime requirements.modules": {
    "min": 4.838149,
    "max": 10.292248,
    "mean": 5.474522666666668,
    "median": 5.123514,
    "variance": 1.2372972770718418,
    "stdDev": 1.112338652152231,
    "confidence": 1.012678712953333,
    "low": 4.9681833101900015,
    "high": 5.9808620231433345,
    "count": 21,
    "base": 12153.5
  },
  "Compilation.runtime requirements.chunks": {
    "min": 1.762614,
    "max": 6.577718,
    "mean": 2.540288904761905,
    "median": 2.35857,
    "variance": 1.4051767365496102,
    "stdDev": 1.185401508582476,
    "confidence": 1.079195505542816,
    "low": 2.000691151990497,
    "high": 3.079886657533313,
    "count": 21,
    "base": 12153.5
  },