{
  "stats": {
    "min": 6857,
    "max": 8287,
    "mean": 7274.4,
    "median": 7040.5,
    "variance": 258412.17333333328,
    "stdDev": 508.34257477938365,
    "confidence": 379.5938477169748,
    "low": 7084.603076141512,
    "high": 7464.196923858487,
    "count": 30,
    "base": 6957.5
  },
  "heap memory": {
    "min": 237688856,
    "max": 320695216,
    "mean": 297883532,
    "median": 313444324,
    "variance": 957187427778925.9,
    "stdDev": 30938445.78803088,
    "confidence": 23102616.742574573,
    "low": 286332223.6287127,
    "high": 309434840.3712873,
    "count": 30,
    "base": 6957.5
  },
  "rss memory": {
    "min": 492859392,
    "max": 641327104,
    "mean": 529457015.46666664,
    "median": 499968000,
    "variance": 3092047275734830.5,
    "stdDev": 55606180.193705365,
    "confidence": 41522715.08191621,
    "low": 508695657.92570853,
    "high": 550218373.0076247,
    "count": 30,
    "base": 6957.5
  },
  "external memory": {
    "min": 103426680,
    "max": 103451256,
    "mean": 103437875.73333333,
    "median": 103434872,
    "variance": 37953790.8622222,
    "stdDev": 6160.664806838804,
    "confidence": 4600.343497753143,
    "low": 103435575.56158446,
    "high": 103440175.90508221,
    "count": 30,
    "base": 6957.5
  },
  "array buffers memory": {
    "min": 80580946,
    "max": 80605522,
    "mean": 80592141.73333333,
    "median": 80589138,
    "variance": 37953790.8622222,
    "stdDev": 6160.664806838804,
    "confidence": 4600.343497753143,
    "low": 80589841.56158446,
    "high": 80594441.90508221,
    "count": 30,
    "base": 6957.5
  },
  "Compiler.make hook": {
    "min": 4885.0852159999995,
    "max": 6181.037079,
    "mean": 5300.652770266666,
    "median": 5118.028141,
    "variance": 179217.15739667334,
    "stdDev": 423.3404745552607,
    "confidence": 316.12036371437716,
    "low": 5142.592588409478,
    "high": 5458.712952123855,
    "count": 30,
    "base": 6957.5
  },
  "Compiler.finish make hook": {
    "min": 0.097901,
    "max": 0.116102,
    "mean": 0.10822486666666667,
    "median": 0.1083015,
    "variance": 0.00002651639091555556,
    "stdDev": 0.005149406850847538,
    "confidence": 0.0038452084420071975,
    "low": 0.10630226244566307,
    "high": 0.11014747088767027,
    "count": 30,
    "base": 6957.5
  },
  "Compiler.finish compilation": {
    "min": 224.635866,
    "max": 253.628609,
    "mean": 239.44970883333335,
    "median": 238.945044,
    "variance": 71.1679280803311,
    "stdDev": 8.436108586328835,
    "confidence": 6.299482036169309,
    "low": 236.2999678152487,
    "high": 242.599449851418,
    "count": 30,
    "base": 6957.5
  },
  "Compiler.seal compilation": {
    "min": 1324.2082970000001,
    "max": 1650.751621,
    "mean": 1444.2585168333333,
    "median": 1404.0099155,
    "variance": 9814.799476360937,
    "stdDev": 99.06966981049719,
    "confidence": 73.97813801399116,
    "low": 1407.2694478263377,
    "high": 1481.2475858403288,
    "count": 30,
    "base": 6957.5
  },
  "Compiler.afterCompile hook": {
    "min": 0.063701,
    "max": 0.085701,
    "mean": 0.06853423333333333,
    "median": 0.067051,
    "variance": 0.000025215282312222222,
    "stdDev": 0.005021482083232223,
    "confidence": 0.0037496833823985887,
    "low": 0.06665939164213404,
    "high": 0.07040907502453263,
    "count": 30,
    "base": 6957.5
  },
  "Compiler.emitAssets": {
    "min": 203.897488,
    "max": 374.408678,
    "mean": 275.15086429999997,
    "median": 266.8682905,
    "variance": 1829.0375062528065,
    "stdDev": 42.76724805564191,
    "confidence": 31.935519571133568,
    "low": 259.1831045144332,
    "high": 291.11862408556675,
    "count": 30,
    "base": 6957.5
  },
  "Compiler.emitRecords": {
    "min": 0.082401,
    "max": 0.248604,
    "mean": 0.09382113333333336,
    "median": 0.0888515,
    "variance": 0.0008394221816488887,
    "stdDev": 0.028972783463949207,
    "confidence": 0.021634800820931055,
    "low": 0.08300373292286783,
    "high": 0.10463853374379889,
    "count": 30,
    "base": 6957.5
  },
  "FlagDependencyExportsPlugin.restore cached provided exports": {
    "min": 13.920991,
    "max": 27.412081,
    "mean": 15.085105599999999,
    "median": 14.499698,
    "variance": 5.546386515457308,
    "stdDev": 2.3550767536233947,
    "confidence": 1.7586027433658948,
    "low": 14.205804228317051,
    "high": 15.964406971682946,
    "count": 30,
    "base": 6957.5
  },
  "FlagDependencyExportsPlugin.figure out provided exports": {
    "min": 146.349278,
    "max": 171.829655,
    "mean": 157.72397213333335,
    "median": 157.347659,
    "variance": 56.58278050651688,
    "stdDev": 7.5221526511043955,
    "confidence": 5.617005164649754,
    "low": 154.91546955100847,
    "high": 160.53247471565822,
    "count": 30,
    "base": 6957.5
  },
  "FlagDependencyExportsPlugin.store provided exports into cache": {
    "min": 12.768674,
    "max": 31.123426,
    "mean": 14.756934333333334,
    "median": 13.854489000000001,
    "variance": 11.060745983295087,
    "stdDev": 3.325769983521874,
    "confidence": 2.4834469652961424,
    "low": 13.515210850685262,
    "high": 15.998657815981405,
    "count": 30,
    "base": 6957.5
  },
  "Compilation.finish modules": {
    "min": 178.75024,
    "max": 203.493223,
    "mean": 190.4933419666667,
    "median": 189.5226545,
    "variance": 58.29252976763435,
    "stdDev": 7.634954470567218,
    "confidence": 5.701237489077755,
    "low": 187.6427232221278,
    "high": 193.34396071120557,
    "count": 30,
    "base": 6957.5
  },
  "Compilation.report dependency errors and warnings": {
    "min": 42.598181,
    "max": 56.696373,
    "mean": 48.52409083333334,
    "median": 47.782209,
    "variance": 14.640806251412073,
    "stdDev": 3.8263306510823227,
    "confidence": 2.8572298417304296,
    "low": 47.095475912468125,
    "high": 49.952705754198554,
    "count": 30,
    "base": 6957.5
  },
  "Compilation.optimize dependencies": {
    "min": 1.186816,
    "max": 1.739123,
    "mean": 1.3881090333333335,
    "median": 1.353769,
    "variance": 0.018804115683898885,
    "stdDev": 0.1371280995416289,
    "confidence": 0.1023974491172881,
    "low": 1.3369103087746894,
    "high": 1.4393077578919775,
    "count": 30,
    "base": 6957.5
  },
  "Compilation.create chunks": {
    "min": 107.224358,
    "max": 138.318491,
    "mean": 120.25571806666672,
    "median": 120.116991,
    "variance": 85.65839195793643,
    "stdDev": 9.255181897614786,
    "confidence": 6.91110735582356,
    "low": 116.80016438875494,
    "high": 123.7112717445785,
    "count": 30,
    "base": 6957.5
  },
  "Compilation.optimize": {
    "min": 83.500444,
    "max": 99.123551,
    "mean": 91.06771746666668,
    "median": 90.373038,
    "variance": 8.901558454939385,
    "stdDev": 2.98354796424314,
    "confidence": 2.227900057528558,
    "low": 89.9537674379024,
    "high": 92.18166749543096,
    "count": 30,
    "base": 6957.5
  },
  "Compilation.module hashing": {
    "min": 176.891191,
    "max": 197.620678,
    "mean": 183.77379373333335,
    "median": 182.79190799999998,
    "variance": 23.38432943938801,
    "stdDev": 4.8357346328544555,
    "confidence": 3.6109804822468163,
    "low": 181.96830349220994,
    "high": 185.57928397445676,
    "count": 30,
    "base": 6957.5
  },
  "Compilation.code generation": {
    "min": 593.948228,
    "max": 833.713341,
    "mean": 639.9360706333335,
    "median": 627.7765145000001,
    "variance": 2526.0566236492164,
    "stdDev": 50.25989080419113,
    "confidence": 37.53048885287194,
    "low": 621.1708262068976,
    "high": 658.7013150597695,
    "count": 30,
    "base": 6957.5
  },
  "Compilation.runtime requirements": {
    "min": 25.17854,
    "max": 131.681477,
    "mean": 34.55404380000001,
    "median": 27.2909735,
    "variance": 383.11306744622084,
    "stdDev": 19.573274315919164,
    "confidence": 14.61592020543253,
    "low": 27.246083697283744,
    "high": 41.862003902716275,
    "count": 30,