{
  "stats": {
    "min": 64111,
    "max": 66172,
    "mean": 64992,
    "median": 64437,
    "variance": 757231.2,
    "stdDev": 870.1903240096386,
    "confidence": 2160.6215586985563,
    "low": 63911.689220650725,
    "high": 66072.31077934928,
    "count": 5,
    "base": 64899
  },
  "heap memory": {
    "min": 653323376,
    "max": 661374152,
    "mean": 658097608,
    "median": 658802752,
    "variance": 7173134105830.4,
    "stdDev": 2678270.7304957802,
    "confidence": 6649958.429411888,
    "low": 654772628.785294,
    "high": 661422587.214706,
    "count": 5,
    "base": 64899
  },
  "rss memory": {
    "min": 1047851008,
    "max": 1195593728,
    "mean": 1110595174.4,
    "median": 1099218944,
    "variance": 2335842972718858.5,
    "stdDev": 48330559.4082963,
    "confidence": 120001390.17906332,
    "low": 1050594479.3104684,
    "high": 1170595869.4895318,
    "count": 5,
    "base": 64899
  },
  "external memory": {
    "min": 29038993,
    "max": 29071761,
    "mean": 29047185,
    "median": 29038993,
    "variance": 161061273.6,
    "stdDev": 12690.991828852464,
    "confidence": 31510.842846810818,
    "low": 29031429.578576595,
    "high": 29062940.421423405,
    "count": 5,
    "base": 64899
  },
  "array buffers memory": {
    "min": 20432720,
    "max": 20465488,
    "mean": 20440912,
    "median": 20432720,
    "variance": 161061273.6,
    "stdDev": 12690.991828852464,
    "confidence": 31510.842846810818,
    "low": 20425156.578576595,
    "high": 20456667.421423405,
    "count": 5,
    "base": 64899
  },
  "Compiler.make hook": {
    "min": 30770.334164,
    "max": 31818.601346,
    "mean": 31100.2295378,
    "median": 31037.74774,
    "variance": 142137.4690559457,
    "stdDev": 377.0112320023711,
    "confidence": 936.0924538696709,
    "low": 30632.183310865166,
    "high": 31568.275764734837,
    "count": 5,
    "base": 64899
  },
  "Compiler.finish make hook": {
    "min": 0.1138,
    "max": 0.2904,
    "mean": 0.16088,
    "median": 0.1309,
    "variance": 0.0043368776,
    "stdDev": 0.06585497399589495,
    "confidence": 0.16351328282694977,
    "low": 0.07912335858652511,
    "high": 0.24263664141347488,
    "count": 5,
    "base": 64899
  },
  "Compiler.finish compilation": {
    "min": 402.063678,
    "max": 426.016863,
    "mean": 418.4849834,
    "median": 420.25701,
    "variance": 76.43586383525306,
    "stdDev": 8.742760652977585,
    "confidence": 21.70766167833824,
    "low": 407.63115256083086,
    "high": 429.3388142391691,
    "count": 5,
    "base": 64899
  },
  "Compiler.seal compilation": {
    "min": 32632.283823,
    "max": 34647.54215,
    "mean": 33434.3490598,
    "median": 33156.282725,
    "variance": 470432.57787113404,
    "stdDev": 685.8808773184554,
    "confidence": 1702.9941259343614,
    "low": 32582.85199683282,
    "high": 34285.84612276718,
    "count": 5,
    "base": 64899
  },
  "Compiler.afterCompile hook": {
    "min": 0.084,
    "max": 0.1232,
    "mean": 0.0932798,
    "median": 0.0864,
    "variance": 0.00022515191216,
    "stdDev": 0.015005062884240106,
    "confidence": 0.03725651901980645,
    "low": 0.07465154049009677,
    "high": 0.11190805950990322,
    "count": 5,
    "base": 64899
  },
  "Compiler.emitAssets": {
    "min": 17.049908,
    "max": 19.365806,
    "mean": 17.767405200000002,
    "median": 17.585304,
    "variance": 0.7091917211325597,
    "stdDev": 0.8421352154687273,
    "confidence": 2.0909626913535178,
    "low": 16.721923854323244,
    "high": 18.81288654567676,
    "count": 5,
    "base": 64899
  },
  "Compiler.emitRecords": {
    "min": 0.094798,
    "max": 0.1068,
    "mean": 0.0987798,
    "median": 0.0956,
    "variance": 0.000022891232960000027,
    "stdDev": 0.004784478337290287,
    "confidence": 0.011879524234472055,
    "low": 0.09284003788276397,
    "high": 0.10471956211723603,
    "count": 5,
    "base": 64899
  },
  "FlagDependencyExportsPlugin.restore cached provided exports": {
    "min": 18.140299,
    "max": 26.830998,
    "mean": 22.2866446,
    "median": 21.350903,
    "variance": 14.67433424770904,
    "stdDev": 3.8307093661238567,
    "confidence": 9.511382755232738,
    "low": 17.53095322238363,
    "high": 27.042335977616368,
    "count": 5,
    "base": 64899
  },
  "FlagDependencyExportsPlugin.figure out provided exports": {
    "min": 284.098284,
    "max": 305.961145,
    "mean": 293.66405840000004,
    "median": 296.227177,
    "variance": 64.9674039463315,
    "stdDev": 8.060235973365264,
    "confidence": 20.01300075597908,
    "low": 283.6575580220105,
    "high": 303.6705587779896,
    "count": 5,
    "base": 64899
  },
  "FlagDependencyExportsPlugin.store provided exports into cache": {
    "min": 16.086608,
    "max": 23.526703,
    "mean": 20.4382442,
    "median": 21.428399,
    "variance": 8.706658373570168,
    "stdDev": 2.9507047249038947,
    "confidence": 7.326392935059133,
    "low": 16.775047732470433,
    "high": 24.101440667529566,
    "count": 5,
    "base": 64899
  },
  "InnerGraphPlugin.infer dependency usage": {
    "min": 53.005894,
    "max": 71.028544,
    "mean": 59.682190000000006,
    "median": 54.056599,
    "variance": 56.02814930157399,
    "stdDev": 7.4851953415775325,
    "confidence": 18.5852151878251,
    "low": 50.389582406087456,
    "high": 68.97479759391256,
    "count": 5,
    "base": 64899
  },
  "Compilation.finish modules": {
    "min": 327.427282,
    "max": 346.11845,
    "mean": 340.721028,
    "median": 345.101473,
    "variance": 49.007517929591636,
    "stdDev": 7.000536974375011,
    "confidence": 17.38184244523211,
    "low": 332.03010677738393,
    "high": 349.41194922261604,
    "count": 5,
    "base": 64899
  },
  "Compilation.report dependency errors and warnings": {
    "min": 72.770234,
    "max": 80.172394,
    "mean": 77.24437520000001,
    "median": 79.311012,
    "variance": 9.845624584135361,
    "stdDev": 3.1377738261600947,
    "confidence": 7.790872396607398,
    "low": 73.34893900169631,
    "high": 81.1398113983037,
    "count": 5,
    "base": 64899
  },
  "Compilation.optimize dependencies": {
    "min": 375.973287,
    "max": 434.039164,
    "mean": 401.6815352,
    "median": 400.194277,
    "variance": 506.59952037800474,
    "stdDev": 22.507765779348354,
    "confidence": 55.88520423545742,
    "low": 373.7389330822713,
    "high": 429.6241373177287,
    "count": 5,
    "base": 64899
  },
  "Compilation.create chunks": {
    "min": 211.052906,
    "max": 226.976783,
    "mean": 214.4976218,
    "median": 211.515401,
    "variance": 39.02509018353103,
    "stdDev": 6.247006497798048,
    "confidence": 15.510879107778806,
    "low": 206.7421822461106,
    "high": 222.2530613538894,
    "count": 5,
    "base": 64899
  },
  "Compilation.optimize": {
    "min": 548.501669,
    "max": 600.205695,
    "mean": 582.7778158,
    "median": 599.577892,
    "variance": 470.480356649576,
    "stdDev": 21.69055915944944,
    "confidence": 53.856137498965836,
    "low": 555.8497470505171,
    "high": 609.7058845494829,
    "count": 5,
    "base": 64899
  },
  "Compilation.module hashing": {
    "min": 317.189582,
    "max": 347.006543,
    "mean": 329.130342,
    "median": 329.759859,
    "variance": 110.5774680286432,
    "stdDev": 10.515582153577766,
    "confidence": 26.109453158013025,
    "low": 316.0756154209935,
    "high": 342.1850685790065,
    "count": 5,
    "base": 64899
  },
  "Compilation.code generation": {
    "min": 2859.937904,
    "max": 3157.013623,
    "mean": 2969.8933932,
    "median": 2970.593327,
    "variance": 11082.68363335256,
    "stdDev": 105.27432561338287,
    "confidence": 261.38876889558105,
    "low": 2839.1990087522095,
    "high": 3100.5877776477905,
    "count": 5,
    "base": 64899
  },
  "Compilation.runtime requirements": {
    "min": 7.908499,
    "max": 8.7574,
    "mean": 8.290203199999999,
    "median": 8.284904,
    "variance": 0.08587522709256004,
    "stdDev": 0.29304475271289204,
    "confidence": 0.7276095733373689,