{
  "stats": {
    "min": 22138,
    "max": 23731,
    "mean": 22850.923076923078,
    "median": 22728,
    "variance": 152299.60946745562,
    "stdDev": 390.25582566754287,
    "confidence": 471.6989881222253,
    "low": 22615.073582861965,
    "high": 23086.77257098419,
    "count": 13,
    "base": 22602
  },
  "heap memory": {
    "min": 267373016,
    "max": 341680496,
    "mean": 293492587.0769231,
    "median": 292171872,
    "variance": 311776697153698.9,
    "stdDev": 17657199.584127117,
    "confidence": 21342111.06947124,
    "low": 282821531.54218745,
    "high": 304163642.6116587,
    "count": 13,
    "base": 22602
  },
  "rss memory": {
    "min": 567787520,
    "max": 646529024,
    "mean": 595863079.3846154,
    "median": 595722240,
    "variance": 347481715808122.7,
    "stdDev": 18640861.4556335,
    "confidence": 22531055.0362916,
    "low": 584597551.8664696,
    "high": 607128606.9027612,
    "count": 13,
    "base": 22602
  },
  "external memory": {
    "min": 12901531,
    "max": 12926107,
    "mean": 12909723,
    "median": 12909723,
    "variance": 61946643.692307696,
    "stdDev": 7870.619015827643,
    "confidence": 9513.152095325291,
    "low": 12904966.423952337,
    "high": 12914479.576047663,
    "count": 13,
    "base": 22602
  },
  "array buffers memory": {
    "min": 11361752,
    "max": 11386328,
    "mean": 11369944,
    "median": 11369944,
    "variance": 61946643.692307696,
    "stdDev": 7870.619015827643,
    "confidence": 9513.152095325291,
    "low": 11365187.423952337,
    "high": 11374700.576047663,
    "count": 13,
    "base": 22602
  },
  "Compiler.make hook": {
    "min": 12335.036133,
    "max": 13605.216115,
    "mean": 12864.674388923075,
    "median": 12742.460948,
    "variance": 113627.53866238083,
    "stdDev": 337.08684142573827,
    "confidence": 407.4340767055983,
    "low": 12660.957350570276,
    "high": 13068.391427275874,
    "count": 13,
    "base": 22602
  },
  "Compiler.finish make hook": {
    "min": 0.080499,
    "max": 0.136433,
    "mean": 0.11046907692307693,
    "median": 0.109212,
    "variance": 0.00030125752237869806,
    "stdDev": 0.017356771657733416,
    "confidence": 0.02097898632010667,
    "low": 0.0999795837630236,
    "high": 0.12095857008313027,
    "count": 13,
    "base": 22602
  },
  "Compiler.finish compilation": {
    "min": 81.022896,
    "max": 98.674389,
    "mean": 89.02384515384617,
    "median": 88.80458,
    "variance": 25.42083360435568,
    "stdDev": 5.041907734613524,
    "confidence": 6.09411217002264,
    "low": 85.97678906883485,
    "high": 92.07090123885749,
    "count": 13,
    "base": 22602
  },
  "Compiler.seal compilation": {
    "min": 9650.323926000001,
    "max": 10155.208198,
    "mean": 9871.009259538461,
    "median": 9838.062985,
    "variance": 18777.551165583813,
    "stdDev": 137.0312050796599,
    "confidence": 165.62848399938594,
    "low": 9788.195017538768,
    "high": 9953.823501538154,
    "count": 13,
    "base": 22602
  },
  "Compiler.afterCompile hook": {
    "min": 0.049322,
    "max": 0.073397,
    "mean": 0.05622853846153846,
    "median": 0.055172,
    "variance": 0.00003530492009467457,
    "stdDev": 0.005941794349746091,
    "confidence": 0.007181797677488638,
    "low": 0.05263763962279414,
    "high": 0.05981943730028278,
    "count": 13,
    "base": 22602
  },
  "Compiler.emitAssets": {
    "min": 6.23516,
    "max": 8.927484,
    "mean": 6.947159307692308,
    "median": 6.789511,
    "variance": 0.4607972647680591,
    "stdDev": 0.6788204952474984,
    "confidence": 0.8204847171138621,
    "low": 6.536916949135377,
    "high": 7.357401666249239,
    "count": 13,
    "base": 22602
  },
  "Compiler.emitRecords": {
    "min": 0.059251,
    "max": 0.08088,
    "mean": 0.06585099999999999,
    "median": 0.061705,
    "variance": 0.000060200149384615375,
    "stdDev": 0.007758875523206657,
    "confidence": 0.009378088660182284,
    "low": 0.06116195566990885,
    "high": 0.07054004433009113,
    "count": 13,
    "base": 22602
  },
  "Compilation.compute affected modules": {
    "min": 0.206524,
    "max": 0.287334,
    "mean": 0.21681738461538466,
    "median": 0.210932,
    "variance": 0.00042199025223668614,
    "stdDev": 0.020542401325957152,
    "confidence": 0.02482943054720549,
    "low": 0.20440266934178192,
    "high": 0.2292320998889874,
    "count": 13,
    "base": 22602
  },
  "Compilation.finish modules": {
    "min": 55.555477,
    "max": 67.446758,
    "mean": 61.04673723076924,
    "median": 60.192656,
    "variance": 11.414501163336183,
    "stdDev": 3.3785353577158523,
    "confidence": 4.083607738190025,
    "low": 59.004933361674226,
    "high": 63.08854109986425,
    "count": 13,
    "base": 22602
  },
  "Compilation.report dependency errors and warnings": {
    "min": 24.914681,
    "max": 31.306994,
    "mean": 27.358332230769236,
    "median": 27.136581,
    "variance": 3.674979958532175,
    "stdDev": 1.917023724039996,
    "confidence": 2.3170907168117267,
    "low": 26.199786872363372,
    "high": 28.5168775891751,
    "count": 13,
    "base": 22602
  },
  "Compilation.optimize dependencies": {
    "min": 162.065988,
    "max": 183.068441,
    "mean": 171.74774907692307,
    "median": 172.556094,
    "variance": 50.93146015110899,
    "stdDev": 7.136628065908226,
    "confidence": 8.625983306041235,
    "low": 167.43475742390245,
    "high": 176.0607407299437,
    "count": 13,
    "base": 22602
  },
  "Compilation.create chunks": {
    "min": 31.226002,
    "max": 40.800836,
    "mean": 35.38040884615385,
    "median": 35.637773,
    "variance": 7.547253291959509,
    "stdDev": 2.7472264726373594,
    "confidence": 3.320549911251206,
    "low": 33.720133890528246,
    "high": 37.04068380177945,
    "count": 13,
    "base": 22602
  },
  "Compilation.compute affected modules with chunk graph": {
    "min": 0.115434,
    "max": 0.127096,
    "mean": 0.12220569230769228,
    "median": 0.122518,
    "variance": 0.000007782382366863904,
    "stdDev": 0.002789692163458883,
    "confidence": 0.003371877840452925,
    "low": 0.12051975338746582,
    "high": 0.12389163122791874,
    "count": 13,
    "base": 22602
  },
  "Compilation.optimize": {
    "min": 50.638938,
    "max": 57.204392,
    "mean": 53.40465007692307,
    "median": 52.843343,
    "variance": 3.571195977106991,
    "stdDev": 1.8897608253710285,
    "confidence": 2.2841382767208387,
    "low": 52.26258093856265,
    "high": 54.54671921528349,
    "count": 13,
    "base": 22602
  },
  "Compilation.module hashing": {
    "min": 60.223232,
    "max": 70.705007,
    "mean": 63.85158976923078,
    "median": 62.497626,
    "variance": 10.126718379586167,
    "stdDev": 3.182250521185623,
    "confidence": 3.8463598800275776,
    "low": 61.92840982921699,
    "high": 65.77476970924457,
    "count": 13,
    "base": 22602
  },
  "Compilation.code generation": {
    "min": 154.796752,
    "max": 185.306936,
    "mean": 164.06830623076922,
    "median": 162.841503,
    "variance": 59.5148180032248,
    "stdDev": 7.7145847589630385,
    "confidence": 9.324554779833079,
    "low": 159.40602884085268,
    "high": 168.73058362068576,
    "count": 13,
    "base": 22602
  },
  "Compilation.runtime requirements.modules": {
    "min": 4.677906,
    "max": 10.707612,
    "mean": 6.487484692307692,
    "median": 5.184146,
    "variance": 4.440677134772519,
    "stdDev": 2.1072914214157756,
    "confidence": 2.547065708654536,
    "low": 5.213951837980424,
    "high": 7.76101754663496,
    "count": 13,
    "base": 22602
  },
  "Compilation.runtime requirements.chunks": {
    "min": 1.564648,
    "max": 6.310019,
    "mean": 2.4792466153846155,
    "median": 2.270921,
    "variance": 1.3309595415933133,
    "stdDev": 1.1536721985006457,
    "confidence": 1.3944340426607331,
    "low": 1.782029594054249,
    "high": 3.176463636714982,
    "count": 13,
    "base": 22602
  },
  "Compilation.runtime requirements.entries": {
    "min": 1.622055,
    "max": 1.804414,