{
  "stats": {
    "min": 34485,
    "max": 36627,
    "mean": 35383,
    "median": 35429,
    "variance": 354669.3333333333,
    "stdDev": 595.5412104408337,
    "confidence": 915.5453541843744,
    "low": 34925.22732290781,
    "high": 35840.77267709219,
    "count": 9,
    "base": 34116
  },
  "heap memory": {
    "min": 302928488,
    "max": 310820064,
    "mean": 306410166.2222222,
    "median": 304015952,
    "variance": 9814352015527.508,
    "stdDev": 3132786.6214486277,
    "confidence": 4816137.299373746,
    "low": 304002097.57253534,
    "high": 308818234.8719091,
    "count": 9,
    "base": 34116
  },
  "rss memory": {
    "min": 616878080,
    "max": 742592512,
    "mean": 658655459.5555556,
    "median": 643846144,
    "variance": 1566137227854835.5,
    "stdDev": 39574451.706307136,
    "confidence": 60839123.75649619,
    "low": 628235897.6773075,
    "high": 689075021.4338037,
    "count": 9,
    "base": 34116
  },
  "external memory": {
    "min": 12945568,
    "max": 13019296,
    "mean": 12964682.666666666,
    "median": 12961952,
    "variance": 447392426.6666667,
    "stdDev": 21151.65304808744,
    "confidence": 32517.141285926104,
    "low": 12948424.096023703,
    "high": 12980941.23730963,
    "count": 9,
    "base": 34116
  },
  "array buffers memory": {
    "min": 11596250,
    "max": 11669978,
    "mean": 11615364.666666666,
    "median": 11612634,
    "variance": 447392426.6666667,
    "stdDev": 21151.65304808744,
    "confidence": 32517.141285926104,
    "low": 11599106.096023703,
    "high": 11631623.23730963,
    "count": 9,
    "base": 34116
  },
  "Compiler.make hook": {
    "min": 20731.922812,
    "max": 22240.473625,
    "mean": 21338.652543222222,
    "median": 21226.316963,
    "variance": 192060.93340479277,
    "stdDev": 438.24757090575275,
    "confidence": 673.7325990057798,
    "low": 21001.786243719333,
    "high": 21675.518842725112,
    "count": 9,
    "base": 34116
  },
  "Compiler.finish make hook": {
    "min": 0.117301,
    "max": 0.203101,
    "mean": 0.14490066666666668,
    "median": 0.1303,
    "variance": 0.0009554171335555554,
    "stdDev": 0.030909822606342396,
    "confidence": 0.047518700620150386,
    "low": 0.12114131635659149,
    "high": 0.16866001697674188,
    "count": 9,
    "base": 34116
  },
  "Compiler.finish compilation": {
    "min": 125.610218,
    "max": 158.542894,
    "mean": 136.1938551111111,
    "median": 135.703079,
    "variance": 84.75104866658938,
    "stdDev": 9.206033275335766,
    "confidence": 14.152741821949519,
    "low": 129.11748420013635,
    "high": 143.27022602208586,
    "count": 9,
    "base": 34116
  },
  "Compiler.seal compilation": {
    "min": 13472.907705,
    "max": 14231.356402,
    "mean": 13879.311573333332,
    "median": 13954.975141,
    "variance": 79763.56753671927,
    "stdDev": 282.42444571375063,
    "confidence": 434.18051454393935,
    "low": 13662.221316061363,
    "high": 14096.401830605302,
    "count": 9,
    "base": 34116
  },
  "Compiler.afterCompile hook": {
    "min": 0.0867,
    "max": 0.1122,
    "mean": 0.09481166666666667,
    "median": 0.088601,
    "variance": 0.00009162617555555553,
    "stdDev": 0.009572156264685378,
    "confidence": 0.014715594897576317,
    "low": 0.08745386921787851,
    "high": 0.10216946411545483,
    "count": 9,
    "base": 34116
  },
  "Compiler.emitAssets": {
    "min": 7.574243,
    "max": 8.353548,
    "mean": 7.92676711111111,
    "median": 7.907643,
    "variance": 0.07156964524743212,
    "stdDev": 0.26752503667401323,
    "confidence": 0.4112751563801833,
    "low": 7.721129532921019,
    "high": 8.132404689301202,
    "count": 9,
    "base": 34116
  },
  "Compiler.emitRecords": {
    "min": 0.094401,
    "max": 0.159501,
    "mean": 0.11308955555555558,
    "median": 0.105701,
    "variance": 0.000380211491580247,
    "stdDev": 0.019499012579621743,
    "confidence": 0.029976482005738492,
    "low": 0.09810131455268634,
    "high": 0.12807779655842483,
    "count": 9,
    "base": 34116
  },
  "FlagDependencyExportsPlugin.restore cached provided exports": {
    "min": 4.525926,
    "max": 9.062553,
    "mean": 5.4768533333333345,
    "median": 5.008628,
    "variance": 1.7517831294311104,
    "stdDev": 1.3235494435158477,
    "confidence": 2.034736677831697,
    "low": 4.459484994417486,
    "high": 6.494221672249183,
    "count": 9,
    "base": 34116
  },
  "FlagDependencyExportsPlugin.figure out provided exports": {
    "min": 67.116183,
    "max": 83.807573,
    "mean": 73.28706266666667,
    "median": 72.002513,
    "variance": 29.17325266539889,
    "stdDev": 5.40122695925647,
    "confidence": 8.303486245363615,
    "low": 69.13531954398486,
    "high": 77.43880578934848,
    "count": 9,
    "base": 34116
  },
  "FlagDependencyExportsPlugin.store provided exports into cache": {
    "min": 16.156192,
    "max": 32.469283,
    "mean": 21.943647333333335,
    "median": 21.559323,
    "variance": 19.21879032492799,
    "stdDev": 4.383924078371795,
    "confidence": 6.7395526164835715,
    "low": 18.57387102509155,
    "high": 25.31342364157512,
    "count": 9,
    "base": 34116
  },
  "InnerGraphPlugin.infer dependency usage": {
    "min": 21.831338,
    "max": 39.904512,
    "mean": 30.979712111111112,
    "median": 30.716773,
    "variance": 35.65910054637899,
    "stdDev": 5.971524139311419,
    "confidence": 9.180223110168086,
    "low": 26.38960055602707,
    "high": 35.569823666195155,
    "count": 9,
    "base": 34116
  },
  "Compilation.finish modules": {
    "min": 95.253044,
    "max": 123.849899,
    "mean": 102.49891822222222,
    "median": 95.253044,
    "variance": 64.99998785648769,
    "stdDev": 8.062256995189852,
    "confidence": 12.394376420605198,
    "low": 96.30173001191962,
    "high": 108.69610643252481,
    "count": 9,
    "base": 34116
  },
  "Compilation.report dependency errors and warnings": {
    "min": 29.76317,
    "max": 37.865516,
    "mean": 33.17955611111111,
    "median": 33.136289,
    "variance": 8.302149678098546,
    "stdDev": 2.8813451161043773,
    "confidence": 4.429587891824465,
    "low": 30.96476216519888,
    "high": 35.394350057023345,
    "count": 9,
    "base": 34116
  },
  "Compilation.optimize dependencies": {
    "min": 287.566237,
    "max": 315.182894,
    "mean": 299.69306866666665,
    "median": 299.267912,
    "variance": 58.672778074936815,
    "stdDev": 7.659815799021333,
    "confidence": 11.77569015502877,
    "low": 293.80522358915226,
    "high": 305.58091374418103,
    "count": 9,
    "base": 34116
  },
  "Compilation.create chunks": {
    "min": 61.091549,
    "max": 79.508548,
    "mean": 68.40305455555556,
    "median": 68.759792,
    "variance": 21.876685316760913,
    "stdDev": 4.677251897937603,
    "confidence": 7.190495251096081,
    "low": 64.80780693000752,
    "high": 71.9983021811036,
    "count": 9,
    "base": 34116
  },
  "Compilation.optimize": {
    "min": 164.727457,
    "max": 190.584584,
    "mean": 178.0357105555555,
    "median": 179.787425,
    "variance": 53.564272844204766,
    "stdDev": 7.318761701558862,
    "confidence": 11.251376322529836,
    "low": 172.4100223942906,
    "high": 183.66139871682043,
    "count": 9,
    "base": 34116
  },
  "Compilation.module hashing": {
    "min": 126.012311,
    "max": 147.823542,
    "mean": 136.4332297777778,
    "median": 139.868997,
    "variance": 74.16036909536858,
    "stdDev": 8.611641486695122,
    "confidence": 13.23896351221265,
    "low": 129.81374802167147,
    "high": 143.05271153388412,
    "count": 9,
    "base": 34116
  },
  "Compilation.code generation": {
    "min": 1572.564325,
    "max": 1662.116579,
    "mean": 1631.859529111111,
    "median": 1648.3733889999999,
    "variance": 903.8187410168628,
    "stdDev": 30.063578313581747,
    "confidence": 46.21774106074645,
    "low": 1608.7506585807378,
    "high": 1654.9683996414842,
    "count": 9,
    "base": 34116
  },
  "Compilation.runtime requirements": {
    "min": 2.170012,