{
  "stats": {
    "min": 71130,
    "max": 72174,
    "mean": 71724.8,
    "median": 71909,
    "variance": 181250.96000000002,
    "stdDev": 425.7357866094886,
    "confidence": 1057.0721065013204,
    "low": 71196.26394674934,
    "high": 72253.33605325066,
    "count": 5,
    "base": 69493
  },
  "heap memory": {
    "min": 344200440,
    "max": 347350960,
    "mean": 344868072,
    "median": 344275752,
    "variance": 1542541132108.8,
    "stdDev": 1241990.7938905184,
    "confidence": 3083776.0555876493,
    "low": 343326183.9722062,
    "high": 346409960.0277938,
    "count": 5,
    "base": 69493
  },
  "rss memory": {
    "min": 641540096,
    "max": 1224151040,
    "mean": 763743436.8,
    "median": 648237056,
    "variance": 53013816484728670,
    "stdDev": 230247294.1963242,
    "confidence": 571687887.0593781,
    "low": 477899493.2703109,
    "high": 1049587380.329689,
    "count": 5,
    "base": 69493
  },
  "external memory": {
    "min": 42413614,
    "max": 42495534,
    "mean": 42444743.6,
    "median": 42438190,
    "variance": 762356695.0400001,
    "stdDev": 27610.807576744293,
    "confidence": 68555.69920441508,
    "low": 42410465.750397794,
    "high": 42479021.44960221,
    "count": 5,
    "base": 69493
  },
  "array buffers memory": {
    "min": 25207502,
    "max": 25289422,
    "mean": 25238631.6,
    "median": 25232078,
    "variance": 762356695.0400001,
    "stdDev": 27610.807576744293,
    "confidence": 68555.69920440763,
    "low": 25204353.750397798,
    "high": 25272909.449602205,
    "count": 5,
    "base": 69493
  },
  "Compiler.make hook": {
    "min": 9668.306042,
    "max": 9923.884544,
    "mean": 9806.114901600002,
    "median": 9854.614358,
    "variance": 10037.39387389882,
    "stdDev": 100.18679490780619,
    "confidence": 248.75678688001426,
    "low": 9681.736508159995,
    "high": 9930.493295040009,
    "count": 5,
    "base": 69493
  },
  "Compiler.finish make hook": {
    "min": 0.126201,
    "max": 0.145501,
    "mean": 0.13570100000000002,
    "median": 0.136301,
    "variance": 0.00003793999999999994,
    "stdDev": 0.006159545437773793,
    "confidence": 0.015293719428314367,
    "low": 0.12805414028584283,
    "high": 0.1433478597141572,
    "count": 5,
    "base": 69493
  },
  "Compiler.finish compilation": {
    "min": 201.13467,
    "max": 221.458707,
    "mean": 210.79417640000003,
    "median": 205.14901,
    "variance": 76.49536447918021,
    "stdDev": 8.74616284316615,
    "confidence": 21.71610907802244,
    "low": 199.9361218609888,
    "high": 221.65223093901125,
    "count": 5,
    "base": 69493
  },
  "Compiler.seal compilation": {
    "min": 61203.101665,
    "max": 61997.789922,
    "mean": 61657.280498,
    "median": 61762.436607,
    "variance": 106740.01710063466,
    "stdDev": 326.7109075323851,
    "confidence": 811.2002751579857,
    "low": 61251.68036042101,
    "high": 62062.88063557899,
    "count": 5,
    "base": 69493
  },
  "Compiler.afterCompile hook": {
    "min": 0.096601,
    "max": 0.126001,
    "mean": 0.11566099999999999,
    "median": 0.116901,
    "variance": 0.00010768639999999995,
    "stdDev": 0.010377205789614078,
    "confidence": 0.025765874348935236,
    "low": 0.10277806282553237,
    "high": 0.1285439371744676,
    "count": 5,
    "base": 69493
  },
  "Compiler.emitAssets": {
    "min": 27.825081,
    "max": 30.43997,
    "mean": 28.9472934,
    "median": 29.049888,
    "variance": 0.7805622531558393,
    "stdDev": 0.8834943424583087,
    "confidence": 2.1936545036583013,
    "low": 27.85046614817085,
    "high": 30.04412065182915,
    "count": 5,
    "base": 69493
  },
  "Compiler.emitRecords": {
    "min": 0.1027,
    "max": 0.125601,
    "mean": 0.1113006,
    "median": 0.108501,
    "variance": 0.00005906340023999995,
    "stdDev": 0.007685271643865293,
    "confidence": 0.01908199061749863,
    "low": 0.10175960469125069,
    "high": 0.12084159530874931,
    "count": 5,
    "base": 69493
  },
  "FlagDependencyExportsPlugin.restore cached provided exports": {
    "min": 9.995554,
    "max": 11.10499,
    "mean": 10.6467088,
    "median": 11.010066,
    "variance": 0.16634433503296003,
    "stdDev": 0.4078533253915677,
    "confidence": 1.0126712091757923,
    "low": 10.140373195412105,
    "high": 11.153044404587897,
    "count": 5,
    "base": 69493
  },
  "FlagDependencyExportsPlugin.figure out provided exports": {
    "min": 126.744632,
    "max": 149.811498,
    "mean": 136.6070176,
    "median": 135.048062,
    "variance": 56.714017646069884,
    "stdDev": 7.530870975263744,
    "confidence": 18.698624583593755,
    "low": 127.25770530820313,
    "high": 145.95632989179688,
    "count": 5,
    "base": 69493
  },
  "FlagDependencyExportsPlugin.store provided exports into cache": {
    "min": 9.804561,
    "max": 18.927103,
    "mean": 14.793075599999998,
    "median": 17.846845,
    "variance": 13.209323056434238,
    "stdDev": 3.6344632418603764,
    "confidence": 9.024117389029918,
    "low": 10.281016905485039,
    "high": 19.305134294514957,
    "count": 5,
    "base": 69493
  },
  "InnerGraphPlugin.infer dependency usage": {
    "min": 33.546295,
    "max": 40.125079,
    "mean": 35.5835644,
    "median": 34.344477,
    "variance": 5.883271883647841,
    "stdDev": 2.425545687808795,
    "confidence": 6.022459868940047,
    "low": 32.57233446552998,
    "high": 38.59479433447002,
    "count": 5,
    "base": 69493
  },
  "Compilation.finish modules": {
    "min": 158.2181,
    "max": 180.399381,
    "mean": 165.5940458,
    "median": 160.239724,
    "variance": 71.96710124422579,
    "stdDev": 8.483342574965707,
    "confidence": 21.063544780455572,
    "low": 155.06227340977222,
    "high": 176.1258181902278,
    "count": 5,
    "base": 69493
  },
  "Compilation.report dependency errors and warnings": {
    "min": 40.336142,
    "max": 51.19728,
    "mean": 44.7083482,
    "median": 44.368183,
    "variance": 13.406589386216954,
    "stdDev": 3.661500974493514,
    "confidence": 9.091250183332093,
    "low": 40.16272310833396,
    "high": 49.25397329166605,
    "count": 5,
    "base": 69493
  },
  "Compilation.optimize dependencies": {
    "min": 163.952747,
    "max": 180.385182,
    "mean": 175.795693,
    "median": 178.790967,
    "variance": 37.293270796351635,
    "stdDev": 6.106821660761974,
    "confidence": 15.16280998686841,
    "low": 168.2142880065658,
    "high": 183.3770979934342,
    "count": 5,
    "base": 69493
  },
  "Compilation.create chunks": {
    "min": 119.539896,
    "max": 131.586789,
    "mean": 128.1411784,
    "median": 129.798257,
    "variance": 18.997683980960257,
    "stdDev": 4.358633269840474,
    "confidence": 10.822180791306721,
    "low": 122.73008800434664,
    "high": 133.55226879565336,
    "count": 5,
    "base": 69493
  },
  "Compilation.optimize": {
    "min": 578.180548,
    "max": 610.554357,
    "mean": 588.3646182,
    "median": 583.029124,
    "variance": 135.85281693843848,
    "stdDev": 11.655591659733043,
    "confidence": 28.94001682685598,
    "low": 573.894609786572,
    "high": 602.834626613428,
    "count": 5,
    "base": 69493
  },
  "Compilation.module hashing": {
    "min": 250.873502,
    "max": 276.529741,
    "mean": 261.695356,
    "median": 258.47365,
    "variance": 79.05061162223882,
    "stdDev": 8.891041087647656,
    "confidence": 22.075831600528545,
    "low": 250.65744019973573,
    "high": 272.7332718002643,
    "count": 5,
    "base": 69493
  },
  "Compilation.code generation": {
    "min": 4913.028321,
    "max": 5177.51281,
    "mean": 5045.5628138,
    "median": 5075.294779,
    "variance": 8387.204902210793,
    "stdDev": 91.58168431630199,
    "confidence": 227.39090065259734,
    "low": 4931.8673634737015,
    "high": 5159.258264126299,
    "count": 5,
    "base": 69493
  },
  "Compilation.runtime requirements": {
    "min": 4.56063,
    "max": 5.913638,
    "mean": 5.2898938,
    "median": 5.152834,
    "variance": 0.27855247600735994,