{
  "stats": {
    "min": 57745,
    "max": 61018,
    "mean": 59081.4,
    "median": 58714,
    "variance": 1233395.44,
    "stdDev": 1110.5833782296581,
    "confidence": 2757.5006564985524,
    "low": 57702.649671750725,
    "high": 60460.15032824928,
    "count": 5,
    "base": 60103
  },
  "heap memory": {
    "min": 338990376,
    "max": 634733856,
    "mean": 480346246.4,
    "median": 492411672,
    "variance": 11876189485806806,
    "stdDev": 108977931.18703808,
    "confidence": 270584561.84635043,
    "low": 345053965.47682476,
    "high": 615638527.3231752,
    "count": 5,
    "base": 60103
  },
  "rss memory": {
    "min": 1019289600,
    "max": 1409421312,
    "mean": 1131717427.2,
    "median": 1055793152,
    "variance": 21318609584007416,
    "stdDev": 146008936.6580259,
    "confidence": 362529951.8987614,
    "low": 950452451.2506193,
    "high": 1312982403.1493807,
    "count": 5,
    "base": 60103
  },
  "external memory": {
    "min": 122105829,
    "max": 122130405,
    "mean": 122120574.6,
    "median": 122122213,
    "variance": 91268055.03999999,
    "stdDev": 9553.43158451454,
    "confidence": 23720.500758886337,
    "low": 122108714.34962055,
    "high": 122132434.85037944,
    "count": 5,
    "base": 60103
  },
  "array buffers memory": {
    "min": 94522457,
    "max": 94547033,
    "mean": 94537202.6,
    "median": 94538841,
    "variance": 91268055.03999999,
    "stdDev": 9553.43158451454,
    "confidence": 23720.500758886337,
    "low": 94525342.34962055,
    "high": 94549062.85037944,
    "count": 5,
    "base": 60103
  },
  "Compiler.make hook": {
    "min": 55337.875842,
    "max": 57804.772471,
    "mean": 56377.54906299999,
    "median": 56150.776302,
    "variance": 710695.3946640466,
    "stdDev": 843.0275171452273,
    "confidence": 2093.178213850042,
    "low": 55330.95995607497,
    "high": 57424.13816992501,
    "count": 5,
    "base": 60103
  },
  "Compiler.finish make hook": {
    "min": 0.249397,
    "max": 0.316896,
    "mean": 0.2797966,
    "median": 0.266996,
    "variance": 0.0006910742802399998,
    "stdDev": 0.026288291694973254,
    "confidence": 0.06527198500185363,
    "low": 0.24716060749907318,
    "high": 0.3124325925009268,
    "count": 5,
    "base": 60103
  },
  "Compiler.finish compilation": {
    "min": 224.697546,
    "max": 253.590512,
    "mean": 239.3804064,
    "median": 238.745308,
    "variance": 97.44891863427702,
    "stdDev": 9.871621884689315,
    "confidence": 24.51054496343022,
    "low": 227.1251339182849,
    "high": 251.6356788817151,
    "count": 5,
    "base": 60103
  },
  "Compiler.seal compilation": {
    "min": 1780.0926909999998,
    "max": 2656.12351,
    "mean": 1989.9014545999999,
    "median": 1830.9959410000001,
    "variance": 111602.17734694846,
    "stdDev": 334.0691206127086,
    "confidence": 829.470202294837,
    "low": 1575.1663534525812,
    "high": 2404.6365557474182,
    "count": 5,
    "base": 60103
  },
  "Compiler.afterCompile hook": {
    "min": 0.080299,
    "max": 0.090699,
    "mean": 0.08573900000000001,
    "median": 0.085999,
    "variance": 0.000017418400000000033,
    "stdDev": 0.004173535671346302,
    "confidence": 0.010362596432879179,
    "low": 0.08055770178356042,
    "high": 0.0909202982164396,
    "count": 5,
    "base": 60103
  },
  "Compiler.emitAssets": {
    "min": 292.143059,
    "max": 640.548472,
    "mean": 455.9247242,
    "median": 459.219078,
    "variance": 14185.087296384376,
    "stdDev": 119.10116412690674,
    "confidence": 295.71983941738125,
    "low": 308.0648044913094,
    "high": 603.7846439086907,
    "count": 5,
    "base": 60103
  },
  "Compiler.emitRecords": {
    "min": 0.100499,
    "max": 0.138499,
    "mean": 0.11741880000000002,
    "median": 0.108999,
    "variance": 0.00026644628816000014,
    "stdDev": 0.016323182537728364,
    "confidence": 0.040529317695788325,
    "low": 0.09715414115210586,
    "high": 0.13768345884789418,
    "count": 5,
    "base": 60103
  },
  "FlagDependencyExportsPlugin.restore cached provided exports": {
    "min": 15.441606,
    "max": 19.235059,
    "mean": 17.0170884,
    "median": 16.842995,
    "variance": 1.6906062693838397,
    "stdDev": 1.3002331596232422,
    "confidence": 3.22838776587637,
    "low": 15.402894517061814,
    "high": 18.631282282938184,
    "count": 5,
    "base": 60103
  },
  "FlagDependencyExportsPlugin.figure out provided exports": {
    "min": 148.38944,
    "max": 163.706741,
    "mean": 152.96265899999997,
    "median": 151.040358,
    "variance": 30.96643218309315,
    "stdDev": 5.564749067396764,
    "confidence": 13.816881746471722,
    "low": 146.0542181267641,
    "high": 159.87109987323583,
    "count": 5,
    "base": 60103
  },
  "FlagDependencyExportsPlugin.store provided exports into cache": {
    "min": 14.434816,
    "max": 27.654553,
    "mean": 19.5394972,
    "median": 16.474,
    "variance": 27.446909879674955,
    "stdDev": 5.2389798510468575,
    "confidence": 13.008019624490544,
    "low": 13.035487387754728,
    "high": 26.04350701224527,
    "count": 5,
    "base": 60103
  },
  "Compilation.finish modules": {
    "min": 183.837465,
    "max": 201.22657,
    "mean": 192.771105,
    "median": 194.266331,
    "variance": 33.880425949240404,
    "stdDev": 5.820689473699864,
    "confidence": 14.452363829348144,
    "low": 185.54492308532593,
    "high": 199.99728691467408,
    "count": 5,
    "base": 60103
  },
  "Compilation.report dependency errors and warnings": {
    "min": 39.36712,
    "max": 55.871223,
    "mean": 46.13102719999999,
    "median": 43.226358,
    "variance": 43.012156798813365,
    "stdDev": 6.5583654060149295,
    "confidence": 16.2839614450846,
    "low": 37.98904647745769,
    "high": 54.27300792254229,
    "count": 5,
    "base": 60103
  },
  "Compilation.optimize dependencies": {
    "min": 1.164486,
    "max": 1.606481,
    "mean": 1.3412435999999999,
    "median": 1.277184,
    "variance": 0.02728502889304001,
    "stdDev": 0.16518180557506934,
    "confidence": 0.41013484106069464,
    "low": 1.1361761794696525,
    "high": 1.5463110205303472,
    "count": 5,
    "base": 60103
  },
  "Compilation.create chunks": {
    "min": 136.11947,
    "max": 155.12425,
    "mean": 143.9013914,
    "median": 143.606649,
    "variance": 46.76848418865902,
    "stdDev": 6.83874872975013,
    "confidence": 16.980133578061725,
    "low": 135.41132461096913,
    "high": 152.39145818903086,
    "count": 5,
    "base": 60103
  },
  "Compilation.optimize": {
    "min": 87.903598,
    "max": 106.271412,
    "mean": 94.2402698,
    "median": 91.302852,
    "variance": 39.96102814533774,
    "stdDev": 6.321473573885897,
    "confidence": 15.69577563623858,
    "low": 86.3923819818807,
    "high": 102.08815761811928,
    "count": 5,
    "base": 60103
  },
  "Compilation.module hashing": {
    "min": 250.030951,
    "max": 290.679477,
    "mean": 267.07178860000005,
    "median": 265.123932,
    "variance": 172.64480383473014,
    "stdDev": 13.139436967949964,
    "confidence": 32.624300683213505,
    "low": 250.7596382583933,
    "high": 283.3839389416068,
    "count": 5,
    "base": 60103
  },
  "Compilation.code generation": {
    "min": 831.142664,
    "max": 881.422403,
    "mean": 852.0756074000001,
    "median": 846.15854,
    "variance": 330.5586447872729,
    "stdDev": 18.181271814349866,
    "confidence": 45.14282308453653,
    "low": 829.5041958577318,
    "high": 874.6470189422683,
    "count": 5,
    "base": 60103
  },
  "Compilation.runtime requirements": {
    "min": 23.691411,
    "max": 52.286567,
    "mean": 34.5248744,
    "median": 33.539179,
    "variance": 94.94025463556143,
    "stdDev": 9.743728990256319,
    "confidence": 24.19299587411947,
    "low": 22.428376462940268,
    "high": 46.62137233705974,
    "count": 5,
    "base": 60103
  },
  "Compilation.hashing: initialize hash": {
    "min": 0.0061,
    "max": 0.0069,
    "mean": 0.00648,
    "median": 0.0065,