{
  "stats": {
    "min": 5940,
    "max": 6932,
    "mean": 6049.333333333333,
    "median": 5999,
    "variance": 38702.75555555555,
    "stdDev": 196.73015924243936,
    "confidence": 146.9040009903165,
    "low": 5975.881332838175,
    "high": 6122.785333828491,
    "count": 30,
    "base": 6007
  },
  "heap memory": {
    "min": 208962344,
    "max": 285497104,
    "mean": 272987850.93333334,
    "median": 278132456,
    "variance": 347507588353738.6,
    "stdDev": 18641555.416695748,
    "confidence": 13920179.223870397,
    "low": 266027761.32139814,
    "high": 279947940.54526854,
    "count": 30,
    "base": 6007
  },
  "rss memory": {
    "min": 390246400,
    "max": 531513344,
    "mean": 408626380.8,
    "median": 399484928,
    "variance": 958533697476580.8,
    "stdDev": 30960195.372067355,
    "confidence": 23118857.775099277,
    "low": 397066951.9124504,
    "high": 420185809.68754965,
    "count": 30,
    "base": 6007
  },
  "external memory": {
    "min": 42855654,
    "max": 42896614,
    "mean": 42868761.2,
    "median": 42863846,
    "variance": 110058536.96000001,
    "stdDev": 10490.87875060998,
    "confidence": 7833.837314546108,
    "low": 42864844.28134273,
    "high": 42872678.118657276,
    "count": 30,
    "base": 6007
  },
  "array buffers memory": {
    "min": 17649565,
    "max": 17690525,
    "mean": 17662672.2,
    "median": 17657757,
    "variance": 110058536.95999998,
    "stdDev": 10490.878750609978,
    "confidence": 7833.837314538658,
    "low": 17658755.28134273,
    "high": 17666589.11865727,
    "count": 30,
    "base": 6007
  },
  "Compiler.make hook": {
    "min": 4468.378908,
    "max": 5378.671335,
    "mean": 4560.075192366668,
    "median": 4518.1098415,
    "variance": 27516.938798876006,
    "stdDev": 165.8823040558456,
    "confidence": 123.86903082442586,
    "low": 4498.140676954455,
    "high": 4622.0097077788805,
    "count": 30,
    "base": 6007
  },
  "Compiler.finish make hook": {
    "min": 0.098902,
    "max": 0.150502,
    "mean": 0.10674813333333334,
    "median": 0.1047015,
    "variance": 0.00008141243224888888,
    "stdDev": 0.009022883810007135,
    "confidence": 0.006737643771880103,
    "low": 0.10337931144739329,
    "high": 0.1101169552192734,
    "count": 30,
    "base": 6007
  },
  "Compiler.finish compilation": {
    "min": 167.906179,
    "max": 202.43016,
    "mean": 179.39066523333332,
    "median": 179.447688,
    "variance": 50.698579408738254,
    "stdDev": 7.120293491755677,
    "confidence": 5.316925509500493,
    "low": 176.73220247858308,
    "high": 182.04912798808357,
    "count": 30,
    "base": 6007
  },
  "Compiler.seal compilation": {
    "min": 1174.074409,
    "max": 1395.474707,
    "mean": 1211.7590343333334,
    "median": 1202.8743825000001,
    "variance": 2014.3526588666566,
    "stdDev": 44.881540290710355,
    "confidence": 33.51432167138273,
    "low": 1195.001873497642,
    "high": 1228.5161951690247,
    "count": 30,
    "base": 6007
  },
  "Compiler.afterCompile hook": {
    "min": 0.0612,
    "max": 0.068601,
    "mean": 0.0634874,
    "median": 0.0629005,
    "variance": 0.00000386882864,
    "stdDev": 0.001966933816883527,
    "confidence": 0.001468765381454601,
    "low": 0.0627530173092727,
    "high": 0.0642217826907273,
    "count": 30,
    "base": 6007
  },
  "Compiler.emitAssets": {
    "min": 77.32505,
    "max": 94.875294,
    "mean": 83.74382196666669,
    "median": 80.6057725,
    "variance": 28.1998878844311,
    "stdDev": 5.3103566626386876,
    "confidence": 3.9653942406758347,
    "low": 81.76112484632877,
    "high": 85.7265190870046,
    "count": 30,
    "base": 6007
  },
  "Compiler.emitRecords": {
    "min": 0.076701,
    "max": 0.119002,
    "mean": 0.08179113333333335,
    "median": 0.079151,
    "variance": 0.00006474648278222222,
    "stdDev": 0.008046519917468808,
    "confidence": 0.006008565104996061,
    "low": 0.07878685078083532,
    "high": 0.08479541588583138,
    "count": 30,
    "base": 6007
  },
  "FlagDependencyExportsPlugin.restore cached provided exports": {
    "min": 7.729502,
    "max": 8.336314,
    "mean": 7.9558676,
    "median": 7.965259,
    "variance": 0.015437459638039998,
    "stdDev": 0.12424757397245227,
    "confidence": 0.0927791946094052,
    "low": 7.909478002695297,
    "high": 8.002257197304703,
    "count": 30,
    "base": 6007
  },
  "FlagDependencyExportsPlugin.figure out provided exports": {
    "min": 110.105894,
    "max": 141.586531,
    "mean": 121.60028073333334,
    "median": 119.2642695,
    "variance": 60.53008903982325,
    "stdDev": 7.780108549359916,
    "confidence": 5.809628165000646,
    "low": 118.69546665083301,
    "high": 124.50509481583366,
    "count": 30,
    "base": 6007
  },
  "FlagDependencyExportsPlugin.store provided exports into cache": {
    "min": 7.075292,
    "max": 17.144039,
    "mean": 8.356146400000002,
    "median": 7.5824535,
    "variance": 4.394952537619306,
    "stdDev": 2.096414209458452,
    "confidence": 1.5654520704315154,
    "low": 7.573420364784244,
    "high": 9.13887243521576,
    "count": 30,
    "base": 6007
  },
  "InnerGraphPlugin.infer dependency usage": {
    "min": 22.360583,
    "max": 31.425215,
    "mean": 24.635264033333332,
    "median": 22.9612555,
    "variance": 9.556385529652434,
    "stdDev": 3.0913404098630797,
    "confidence": 2.3083917401413103,
    "low": 23.481068163262677,
    "high": 25.789459903403987,
    "count": 30,
    "base": 6007
  },
  "Compilation.finish modules": {
    "min": 128.93745,
    "max": 164.944349,
    "mean": 141.12237460000003,
    "median": 141.0640135,
    "variance": 59.81619677598192,
    "stdDev": 7.734093145028829,
    "confidence": 5.775267154825826,
    "low": 138.23474102258712,
    "high": 144.01000817741294,
    "count": 30,
    "base": 6007
  },
  "Compilation.report dependency errors and warnings": {
    "min": 32.18802,
    "max": 48.247156,
    "mean": 37.90692226666666,
    "median": 36.7933005,
    "variance": 22.851862260452197,
    "stdDev": 4.7803621474164695,
    "confidence": 3.569632273680625,
    "low": 36.12210612982635,
    "high": 39.691738403506974,
    "count": 30,
    "base": 6007
  },
  "Compilation.optimize dependencies": {
    "min": 131.782691,
    "max": 148.921329,
    "mean": 138.6689812,
    "median": 138.51364949999999,
    "variance": 11.258472340832487,
    "stdDev": 3.3553647105542024,
    "confidence": 2.5055461890552806,
    "low": 137.41620810547235,
    "high": 139.92175429452763,
    "count": 30,
    "base": 6007
  },
  "Compilation.create chunks": {
    "min": 89.510617,
    "max": 111.487071,
    "mean": 96.59861203333334,
    "median": 92.75735750000001,
    "variance": 32.47477040716724,
    "stdDev": 5.698663914214212,
    "confidence": 4.255354301144763,
    "low": 94.47093488276096,
    "high": 98.72628918390572,
    "count": 30,
    "base": 6007
  },
  "Compilation.optimize": {
    "min": 117.316436,
    "max": 130.263667,
    "mean": 122.84404063333336,
    "median": 122.7532555,
    "variance": 10.41301058292183,
    "stdDev": 3.226919674073377,
    "confidence": 2.409632629898681,
    "low": 121.63922431838402,
    "high": 124.0488569482827,
    "count": 30,
    "base": 6007
  },
  "Compilation.module hashing": {
    "min": 153.779939,
    "max": 170.754029,
    "mean": 159.89543493333335,
    "median": 159.701276,
    "variance": 14.65401445878594,
    "stdDev": 3.8280562246113807,
    "confidence": 2.858518376525467,
    "low": 158.46617574507061,
    "high": 161.32469412159608,
    "count": 30,
    "base": 6007
  },
  "Compilation.code generation": {
    "min": 477.593168,
    "max": 514.91472,
    "mean": 494.61127843333355,
    "median": 496.1735615,
    "variance": 73.83020819158563,
    "stdDev": 8.592450651099815,
    "confidence": 6.416227099185448,
    "low": 491.4031648837408,
    "high": 497.8193919829263,
    "count": 30,
    "base": 6007
  },
  "Compilation.runtime requirements": {
    "min": 17.34944,