{
  "stats": {
    "min": 24249,
    "max": 25328,
    "mean": 24761.5,
    "median": 24824.5,
    "variance": 173411.41666666666,
    "stdDev": 416.42696438471256,
    "confidence": 529.1737081877145,
    "low": 24496.913145906143,
    "high": 25026.086854093857,
    "count": 12,
    "base": 28664
  },
  "heap memory": {
    "min": 658793408,
    "max": 920284640,
    "mean": 845680054.6666666,
    "median": 878111812,
    "variance": 6182764599174164,
    "stdDev": 78630557.6679586,
    "confidence": 99919619.37311387,
    "low": 795720244.9801097,
    "high": 895639864.3532236,
    "count": 12,
    "base": 28664
  },
  "rss memory": {
    "min": 1009262592,
    "max": 1161187328,
    "mean": 1088247125.3333333,
    "median": 1101268992,
    "variance": 1928670925262393,
    "stdDev": 43916636.08773323,
    "confidence": 55806974.949409485,
    "low": 1060343637.8586285,
    "high": 1116150612.808038,
    "count": 12,
    "base": 28664
  },
  "external memory": {
    "min": 96687738,
    "max": 96706379,
    "mean": 96698405.16666667,
    "median": 96698187,
    "variance": 28677278.305555563,
    "stdDev": 5355.11702071538,
    "confidence": 6805.003935843706,
    "low": 96695002.66469875,
    "high": 96701807.6686346,
    "count": 12,
    "base": 28664
  },
  "array buffers memory": {
    "min": 95136404,
    "max": 95155045,
    "mean": 95147071.16666667,
    "median": 95146853,
    "variance": 28677278.305555563,
    "stdDev": 5355.11702071538,
    "confidence": 6805.003935843706,
    "low": 95143668.66469875,
    "high": 95150473.6686346,
    "count": 12,
    "base": 28664
  },
  "Compiler.make hook": {
    "min": 21573.432537,
    "max": 22773.632656,
    "mean": 22146.20384125,
    "median": 22177.691440000002,
    "variance": 167654.19126040855,
    "stdDev": 409.45596986783397,
    "confidence": 520.3153312483118,
    "low": 21886.046175625845,
    "high": 22406.361506874156,
    "count": 12,
    "base": 28664
  },
  "Compiler.finish make hook": {
    "min": 0.085001,
    "max": 0.116202,
    "mean": 0.09345941666666667,
    "median": 0.091951,
    "variance": 0.000055173154743055556,
    "stdDev": 0.007427863403634692,
    "confidence": 0.00943894213723856,
    "low": 0.08873994559804739,
    "high": 0.09817888773528595,
    "count": 12,
    "base": 28664
  },
  "Compiler.finish compilation": {
    "min": 446.585828,
    "max": 509.383767,
    "mean": 474.32587600000005,
    "median": 473.464211,
    "variance": 448.8573235911352,
    "stdDev": 21.186253174904127,
    "confidence": 26.922387631004653,
    "low": 460.8646821844977,
    "high": 487.7870698155024,
    "count": 12,
    "base": 28664
  },
  "Compiler.seal compilation": {
    "min": 1784.011876,
    "max": 1951.579898,
    "mean": 1864.1073652499997,
    "median": 1879.1680105,
    "variance": 2378.155726574083,
    "stdDev": 48.76633804761316,
    "confidence": 61.96972373659901,
    "low": 1833.1225033817002,
    "high": 1895.0922271182992,
    "count": 12,
    "base": 28664
  },
  "Compiler.afterCompile hook": {
    "min": 0.0623,
    "max": 0.076102,
    "mean": 0.06881758333333333,
    "median": 0.067551,
    "variance": 0.000024762691909722243,
    "stdDev": 0.004976212606965486,
    "confidence": 0.006323511931676101,
    "low": 0.06565582736749528,
    "high": 0.07197933929917139,
    "count": 12,
    "base": 28664
  },
  "Compiler.emitAssets": {
    "min": 234.26067,
    "max": 272.323135,
    "mean": 254.55220341666666,
    "median": 253.0675035,
    "variance": 132.98658776837382,
    "stdDev": 11.531981086022203,
    "confidence": 14.654241237854421,
    "low": 247.22508279773945,
    "high": 261.87932403559387,
    "count": 12,
    "base": 28664
  },
  "Compiler.emitRecords": {
    "min": 0.077801,
    "max": 0.084601,
    "mean": 0.081076,
    "median": 0.081051,
    "variance": 0.000005323541666666665,
    "stdDev": 0.00230728014481698,
    "confidence": 0.0029319714967658284,
    "low": 0.07961001425161708,
    "high": 0.08254198574838291,
    "count": 12,
    "base": 28664
  },
  "Compilation.compute affected modules": {
    "min": 0.249803,
    "max": 0.271604,
    "mean": 0.25691108333333335,
    "median": 0.256803,
    "variance": 0.00003025640407638892,
    "stdDev": 0.005500582157952821,
    "confidence": 0.006989853459695716,
    "low": 0.2534161566034855,
    "high": 0.2604060100631812,
    "count": 12,
    "base": 28664
  },
  "Compilation.finish modules": {
    "min": 349.404008,
    "max": 399.138144,
    "mean": 369.4124729166667,
    "median": 366.638786,
    "variance": 236.34732039712875,
    "stdDev": 15.373591655729925,
    "confidence": 19.535959965144343,
    "low": 359.6444929340945,
    "high": 379.18045289923884,
    "count": 12,
    "base": 28664
  },
  "Compilation.report dependency errors and warnings": {
    "min": 89.452387,
    "max": 117.953213,
    "mean": 104.16316133333333,
    "median": 113.5046625,
    "variance": 66.79653378577405,
    "stdDev": 8.17291464446889,
    "confidence": 10.385714468575543,
    "low": 98.97030409904556,
    "high": 109.3560185676211,
    "count": 12,
    "base": 28664
  },
  "Compilation.optimize dependencies": {
    "min": 93.91395,
    "max": 139.150304,
    "mean": 120.97462175,
    "median": 131.1747315,
    "variance": 241.63136604894285,
    "stdDev": 15.544496326640592,
    "confidence": 19.753136724065413,
    "low": 111.09805338796728,
    "high": 130.8511901120327,
    "count": 12,
    "base": 28664
  },
  "Compilation.create chunks": {
    "min": 148.050889,
    "max": 171.949613,
    "mean": 158.63179583333337,
    "median": 157.25672300000002,
    "variance": 54.18600009215376,
    "stdDev": 7.361114052380507,
    "confidence": 9.35412053647002,
    "low": 153.95473556509836,
    "high": 163.30885610156838,
    "count": 12,
    "base": 28664
  },
  "Compilation.compute affected modules with chunk graph": {
    "min": 0.193103,
    "max": 0.224103,
    "mean": 0.20826083333333334,
    "median": 0.206053,
    "variance": 0.00010213295763888887,
    "stdDev": 0.010106085178687585,
    "confidence": 0.012842286947409187,
    "low": 0.20183968985962875,
    "high": 0.21468197680703793,
    "count": 12,
    "base": 28664
  },
  "Compilation.optimize": {
    "min": 113.952508,
    "max": 135.455453,
    "mean": 123.09882683333335,
    "median": 122.134092,
    "variance": 36.18734811558547,
    "stdDev": 6.015592083543021,
    "confidence": 7.644301262999562,
    "low": 119.27667620183357,
    "high": 126.92097746483313,
    "count": 12,
    "base": 28664
  },
  "Compilation.module hashing": {
    "min": 225.848846,
    "max": 260.655466,
    "mean": 233.57889575000002,
    "median": 230.969998,
    "variance": 84.08600366916781,
    "stdDev": 9.169842074385349,
    "confidence": 11.652557948950118,
    "low": 227.75261677552496,
    "high": 239.40517472447507,
    "count": 12,
    "base": 28664
  },
  "Compilation.code generation": {
    "min": 659.459906,
    "max": 730.842634,
    "mean": 699.4474943333335,
    "median": 705.5657839999999,
    "variance": 570.4411264398876,
    "stdDev": 23.883909362578976,
    "confidence": 30.350428681028006,
    "low": 684.2722799928194,
    "high": 714.6227086738475,
    "count": 12,
    "base": 28664
  },
  "Compilation.runtime requirements.modules": {
    "min": 24.751056,
    "max": 35.754585,
    "mean": 29.011580249999998,
    "median": 25.799063,
    "variance": 19.74549950470536,
    "stdDev": 4.443590834528463,
    "confidence": 5.646683910228319,
    "low": 26.18823829488584,
    "high": 31.834922205114157,
    "count": 12,
    "base": 28664
  },
  "Compilation.runtime requirements.chunks": {
    "min": 8.030616,
    "max": 9.028624,
    "mean": 8.443272666666667,
    "median": 8.371957,
    "variance": 0.12170597065338891,
    "stdDev": 0.34886382823873974,
    "confidence": 0.44331799194229404,
    "low": 8.22161367069552,
    "high": 8.664931662637814,
    "count": 12,
    "base": 28664
  },