{
  "cache.PackFileCacheStrategy.restore cache container": {
    "min": 40.627466,
    "max": 54.084886,
    "mean": 45.35193260000001,
    "median": 45.3957645,
    "variance": 7.816501933157439,
    "stdDev": 2.7958007677868317,
    "confidence": 2.0877038901470257,
    "low": 44.3080806549265,
    "high": 46.395784545073525,
    "count": 30,
    "base": 1624.5
  },
  "cache.PackFileCacheStrategy.check build dependencies": {
    "min": 18.57928,
    "max": 31.891994,
    "mean": 24.138683599999997,
    "median": 24.0968525,
    "variance": 8.194255549115775,
    "stdDev": 2.8625610122957688,
    "confidence": 2.137555662052364,
    "low": 23.069905768973815,
    "high": 25.20746143102618,
    "count": 30,
    "base": 1624.5
  },
  "cache.PackFileCacheStrategy.restore cache content metadata": {
    "min": 47.757789,
    "max": 68.801281,
    "mean": 57.20329583333333,
    "median": 57.1065825,
    "variance": 20.879540200056546,
    "stdDev": 4.569413550999356,
    "confidence": 3.412110961563073,
    "low": 55.49724035255179,
    "high": 58.909351314114865,
    "count": 30,
    "base": 1624.5
  },
  "cache.PackFileCacheStrategy.restore cache content": {
    "min": 370.206337,
    "max": 405.691844,
    "mean": 385.82021466666663,
    "median": 384.6119875,
    "variance": 74.97982109226449,
    "stdDev": 8.65908892968911,
    "confidence": 6.46598779567239,
    "low": 382.58722076883043,
    "high": 389.0532085645028,
    "count": 30,
    "base": 1624.5
  },
  "stats": {
    "min": 1562,
    "max": 1681,
    "mean": 1623.4666666666667,
    "median": 1622.5,
    "variance": 784.9822222222218,
    "stdDev": 28.01753419239855,
    "confidence": 20.921489041617406,
    "low": 1613.005922145858,
    "high": 1633.9274111874754,
    "count": 30,
    "base": 1624.5
  },
  "heap memory": {
    "min": 89255736,
    "max": 111180368,
    "mean": 93682914.66666667,
    "median": 92643356,
    "variance": 16681097400014.229,
    "stdDev": 4084249.9188974993,
    "confidence": 3049825.4890904725,
    "low": 92158001.92212144,
    "high": 95207827.41121191,
    "count": 30,
    "base": 1624.5
  },
  "rss memory": {
    "min": 210100224,
    "max": 272089088,
    "mean": 215943850.66666666,
    "median": 212680704,
    "variance": 117561027589279.28,
    "stdDev": 10842556.321701966,
    "confidence": 8096444.951574385,
    "low": 211895628.19087946,
    "high": 219992073.14245385,
    "count": 30,
    "base": 1624.5
  },
  "external memory": {
    "min": 45255663,
    "max": 83989016,
    "mean": 46546774.766666666,
    "median": 45255663,
    "variance": 48342118226728.516,
    "stdDev": 6952849.647930589,
    "confidence": 5191890.432551324,
    "low": 43950829.550391,
    "high": 49142719.98294233,
    "count": 30,
    "base": 1624.5
  },
  "array buffers memory": {
    "min": 43975597,
    "max": 82708950,
    "mean": 45266708.766666666,
    "median": 43975597,
    "variance": 48342118226728.516,
    "stdDev": 6952849.647930589,
    "confidence": 5191890.432551324,
    "low": 42670763.550391,
    "high": 47862653.98294233,
    "count": 30,
    "base": 1624.5
  },
  "Compiler.make hook": {
    "min": 1153.92573,
    "max": 1252.892944,
    "mean": 1200.4744117,
    "median": 1198.610564,
    "variance": 556.4936715038223,
    "stdDev": 23.590118090077937,
    "confidence": 17.615411610559477,
    "low": 1191.6667058947203,
    "high": 1209.2821175052798,
    "count": 30,
    "base": 1624.5
  },
  "Compiler.finish make hook": {
    "min": 0.121804,
    "max": 0.200806,
    "mean": 0.1499214666666667,
    "median": 0.149555,
    "variance": 0.00032121638924888896,
    "stdDev": 0.01792251068485911,
    "confidence": 0.013383248087309674,
    "low": 0.14322984262301186,
    "high": 0.15661309071032153,
    "count": 30,
    "base": 1624.5
  },
  "Compiler.finish compilation": {
    "min": 90.900836,
    "max": 116.982845,
    "mean": 104.52177793333333,
    "median": 105.8720005,
    "variance": 37.302245323470316,
    "stdDev": 6.1075564118123635,
    "confidence": 4.560685949852797,
    "low": 102.24143495840693,
    "high": 106.80212090825972,
    "count": 30,
    "base": 1624.5
  },
  "Compiler.seal compilation": {
    "min": 276.335457,
    "max": 324.706073,
    "mean": 292.49599356666664,
    "median": 290.799414,
    "variance": 98.11517809510823,
    "stdDev": 9.905310600637833,
    "confidence": 7.3965769350711525,
    "low": 288.79770509913106,
    "high": 296.1942820342022,
    "count": 30,
    "base": 1624.5
  },
  "Compiler.afterCompile hook": {
    "min": 0.081502,
    "max": 0.135604,
    "mean": 0.09534289999999997,
    "median": 0.09345300000000001,
    "variance": 0.00011598966815666664,
    "stdDev": 0.010769849959802905,
    "confidence": 0.008042153044824779,
    "low": 0.09132182347758758,
    "high": 0.09936397652241236,
    "count": 30,
    "base": 1624.5
  },
  "Compiler.emitAssets": {
    "min": 6.059089,
    "max": 17.381542,
    "mean": 7.185634199999999,
    "median": 6.646107,
    "variance": 4.1808157260501595,
    "stdDev": 2.044704312620815,
    "confidence": 1.526838820864203,
    "low": 6.422214789567898,
    "high": 7.949053610432101,
    "count": 30,
    "base": 1624.5
  },
  "Compiler.emitRecords": {
    "min": 0.096603,
    "max": 0.148804,
    "mean": 0.11652349999999999,
    "median": 0.1139535,
    "variance": 0.0001634111135833333,
    "stdDev": 0.01278323564608481,
    "confidence": 0.009545605357324322,
    "low": 0.11175069732133783,
    "high": 0.12129630267866215,
    "count": 30,
    "base": 1624.5
  },
  "FlagDependencyExportsPlugin.restore cached provided exports": {
    "min": 27.905171,
    "max": 49.672048,
    "mean": 38.65844296666666,
    "median": 39.241673500000005,
    "variance": 20.82076704129556,
    "stdDev": 4.562977869910784,
    "confidence": 3.4073052555917513,
    "low": 36.95479033887079,
    "high": 40.36209559446254,
    "count": 30,
    "base": 1624.5
  },
  "FlagDependencyExportsPlugin.figure out provided exports": {
    "min": 21.17736,
    "max": 39.777639,
    "mean": 25.62559613333333,
    "median": 23.861544000000002,
    "variance": 19.292146647518184,
    "stdDev": 4.392282623820806,
    "confidence": 3.2798422641663194,
    "low": 23.985675001250172,
    "high": 27.26551726541649,
    "count": 30,
    "base": 1624.5
  },
  "FlagDependencyExportsPlugin.store provided exports into cache": {
    "min": 0.041201,
    "max": 0.067702,
    "mean": 0.0518684,
    "median": 0.052601999999999996,
    "variance": 0.00004838397130666667,
    "stdDev": 0.006955858775641342,
    "confidence": 0.0051941374337325374,
    "low": 0.04927133128313373,
    "high": 0.05446546871686627,
    "count": 30,
    "base": 1624.5
  },
  "Compilation.finish modules": {
    "min": 59.288447,
    "max": 76.634389,
    "mean": 65.63092110000002,
    "median": 64.641215,
    "variance": 23.11363996727816,
    "stdDev": 4.807664710363875,
    "confidence": 3.590019873374075,
    "low": 63.835911163312986,
    "high": 67.42593103668706,
    "count": 30,
    "base": 1624.5
  },
  "Compilation.report dependency errors and warnings": {
    "min": 29.307714,
    "max": 48.638316,
    "mean": 38.32495253333333,
    "median": 39.0047185,
    "variance": 19.471579533762327,
    "stdDev": 4.412661275666004,
    "confidence": 3.29505958266175,
    "low": 36.677422742002456,
    "high": 39.972482324664206,
    "count": 30,
    "base": 1624.5
  },
  "Compilation.optimize dependencies": {
    "min": 0.656921,
    "max": 1.136335,
    "mean": 0.8226856999999999,
    "median": 0.8136755,
    "variance": 0.009495015378276671,
    "stdDev": 0.09744236952310156,
    "confidence": 0.07276298664141212,
    "low": 0.7863042066792938,
    "high": 0.8590671933207059,
    "count": 30,
    "base": 1624.5
  },
  "Compilation.create chunks": {
    "min": 50.196666,
    "max": 67.484903,
    "mean": 60.74177856666667,
    "median": 61.020802,
    "variance": 20.210213027099723,
    "stdDev": 4.495577051625267,