{
  "stats": {
    "min": 80331,
    "max": 83582,
    "mean": 81774,
    "median": 81591.5,
    "variance": 1423066.5,
    "stdDev": 1192.9235097021099,
    "confidence": 3795.882607872103,
    "low": 79876.05869606395,
    "high": 83671.94130393605,
    "count": 4,
    "base": 84731
  },
  "heap memory": {
    "min": 901104184,
    "max": 1436421800,
    "mean": 1037778828,
    "median": 902633372,
    "variance": 52980933954502720,
    "stdDev": 230175876.13497362,
    "confidence": 732419637.861486,
    "low": 671569009.069257,
    "high": 1403988646.930743,
    "count": 4,
    "base": 84731
  },
  "rss memory": {
    "min": 1468399616,
    "max": 1676644352,
    "mean": 1555550208,
    "median": 1538578432,
    "variance": 5717121656946688,
    "stdDev": 75611650.27260473,
    "confidence": 240596271.16742802,
    "low": 1435252072.416286,
    "high": 1675848343.583714,
    "count": 4,
    "base": 84731
  },
  "external memory": {
    "min": 59482043,
    "max": 59514811,
    "mean": 59500475,
    "median": 59502523,
    "variance": 146800640,
    "stdDev": 12116.131395788014,
    "confidence": 38553.530101403594,
    "low": 59481198.2349493,
    "high": 59519751.7650507,
    "count": 4,
    "base": 84731
  },
  "array buffers memory": {
    "min": 24231200,
    "max": 24263968,
    "mean": 24249632,
    "median": 24251680,
    "variance": 146800640,
    "stdDev": 12116.131395788014,
    "confidence": 38553.53010139614,
    "low": 24230355.234949302,
    "high": 24268908.765050698,
    "count": 4,
    "base": 84731
  },
  "Compiler.make hook": {
    "min": 5875.823662,
    "max": 6564.122237,
    "mean": 6166.14255725,
    "median": 6112.312164999999,
    "variance": 78567.56138522262,
    "stdDev": 280.29905705375216,
    "confidence": 891.9115995450393,
    "low": 5720.186757477481,
    "high": 6612.09835702252,
    "count": 4,
    "base": 84731
  },
  "Compiler.finish make hook": {
    "min": 0.114199,
    "max": 0.1461,
    "mean": 0.12987425,
    "median": 0.12959900000000002,
    "variance": 0.0001330649876875001,
    "stdDev": 0.01153537982415404,
    "confidence": 0.036705578600458144,
    "low": 0.11152146069977092,
    "high": 0.14822703930022907,
    "count": 4,
    "base": 84731
  },
  "Compiler.finish compilation": {
    "min": 189.999144,
    "max": 239.82767,
    "mean": 209.31626275,
    "median": 203.71911849999998,
    "variance": 347.75539729549286,
    "stdDev": 18.648200913104,
    "confidence": 59.33857530549693,
    "low": 179.64697509725153,
    "high": 238.98555040274846,
    "count": 4,
    "base": 84731
  },
  "Compiler.seal compilation": {
    "min": 74033.514067,
    "max": 76875.680406,
    "mean": 75231.5036095,
    "median": 75008.4099825,
    "variance": 1059626.7649213294,
    "stdDev": 1029.3817391625564,
    "confidence": 3275.4926940152654,
    "low": 73593.75726249236,
    "high": 76869.24995650763,
    "count": 4,
    "base": 84731
  },
  "Compiler.afterCompile hook": {
    "min": 0.077099,
    "max": 0.0933,
    "mean": 0.0826495,
    "median": 0.0800995,
    "variance": 0.000043232950249999946,
    "stdDev": 0.006575176822717389,
    "confidence": 0.020922212649886723,
    "low": 0.07218839367505664,
    "high": 0.09311060632494336,
    "count": 4,
    "base": 84731
  },
  "Compiler.emitAssets": {
    "min": 143.970596,
    "max": 153.655856,
    "mean": 147.44290475,
    "median": 146.0725835,
    "variance": 13.696192409154698,
    "stdDev": 3.7008367174403545,
    "confidence": 11.77606243489521,
    "low": 141.5548735325524,
    "high": 153.3309359674476,
    "count": 4,
    "base": 84731
  },
  "Compiler.emitRecords": {
    "min": 0.0856,
    "max": 0.128599,
    "mean": 0.09729950000000001,
    "median": 0.08749950000000001,
    "variance": 0.0003278736502499999,
    "stdDev": 0.018107281691352787,
    "confidence": 0.05761737034188458,
    "low": 0.06849081482905772,
    "high": 0.1261081851709423,
    "count": 4,
    "base": 84731
  },
  "FlagDependencyExportsPlugin.restore cached provided exports": {
    "min": 9.158749,
    "max": 11.203038,
    "mean": 10.144668750000001,
    "median": 10.1808935,
    "variance": 0.5697270951546869,
    "stdDev": 0.7548026862397131,
    "confidence": 2.4017821476147674,
    "low": 8.943777676192617,
    "high": 11.345559823807385,
    "count": 4,
    "base": 84731
  },
  "FlagDependencyExportsPlugin.figure out provided exports": {
    "min": 122.755219,
    "max": 173.785136,
    "mean": 145.27549374999998,
    "median": 142.28080999999997,
    "variance": 338.6935578150752,
    "stdDev": 18.40362893059614,
    "confidence": 58.56034725715692,
    "low": 115.99532012142153,
    "high": 174.55566737857845,
    "count": 4,
    "base": 84731
  },
  "FlagDependencyExportsPlugin.store provided exports into cache": {
    "min": 8.816851,
    "max": 10.587942,
    "mean": 9.36737325,
    "median": 8.832901,
    "variance": 0.5211535909261876,
    "stdDev": 0.7219096833580968,
    "confidence": 2.297116612445464,
    "low": 8.218814943777268,
    "high": 10.515931556222732,
    "count": 4,
    "base": 84731
  },
  "InnerGraphPlugin.infer dependency usage": {
    "min": 30.055335,
    "max": 37.457201,
    "mean": 33.39408425,
    "median": 33.031900500000006,
    "variance": 7.1606405194116824,
    "stdDev": 2.675937316046787,
    "confidence": 8.514832539660873,
    "low": 29.136667980169562,
    "high": 37.651500519830435,
    "count": 4,
    "base": 84731
  },
  "Compilation.finish modules": {
    "min": 144.0469,
    "max": 198.768398,
    "mean": 168.2022665,
    "median": 164.996884,
    "variance": 390.0151249666947,
    "stdDev": 19.748800595648706,
    "confidence": 62.8406834953542,
    "low": 136.7819247523229,
    "high": 199.6226082476771,
    "count": 4,
    "base": 84731
  },
  "Compilation.report dependency errors and warnings": {
    "min": 38.142489,
    "max": 45.517647,
    "mean": 40.676074,
    "median": 39.52208,
    "variance": 8.725847543168996,
    "stdDev": 2.953954560105655,
    "confidence": 9.399483410256195,
    "low": 35.9763322948719,
    "high": 45.3758157051281,
    "count": 4,
    "base": 84731
  },
  "Compilation.optimize dependencies": {
    "min": 155.045934,
    "max": 179.326706,
    "mean": 165.1266335,
    "median": 163.066947,
    "variance": 86.21936669323034,
    "stdDev": 9.285438422241048,
    "confidence": 29.546265059571,
    "low": 150.3535009702145,
    "high": 179.8997660297855,
    "count": 4,
    "base": 84731
  },
  "Compilation.create chunks": {
    "min": 111.949778,
    "max": 132.290669,
    "mean": 121.94774799999999,
    "median": 121.7752725,
    "variance": 72.21027838962158,
    "stdDev": 8.497663113446048,
    "confidence": 27.039564026985317,
    "low": 108.42796598650733,
    "high": 135.46753001349265,
    "count": 4,
    "base": 84731
  },
  "Compilation.optimize": {
    "min": 302.603622,
    "max": 467.645989,
    "mean": 348.71208824999997,
    "median": 312.299371,
    "variance": 4750.071151422104,
    "stdDev": 68.92075994518709,
    "confidence": 219.30585814558526,
    "low": 239.05915917720733,
    "high": 458.3650173227926,
    "count": 4,
    "base": 84731
  },
  "Compilation.module hashing": {
    "min": 250.922807,
    "max": 260.403457,
    "mean": 255.98107925,
    "median": 256.29902649999997,
    "variance": 11.952298425125182,
    "stdDev": 3.457209629907504,
    "confidence": 11.000841042365664,
    "low": 250.48065872881716,
    "high": 261.4814997711828,
    "count": 4,
    "base": 84731
  },
  "Compilation.code generation": {
    "min": 4736.109351,
    "max": 5030.042913,
    "mean": 4825.175902,
    "median": 4767.275672,
    "variance": 14592.524069486164,
    "stdDev": 120.79952015420493,
    "confidence": 384.3840731306809,
    "low": 4632.9838654346595,
    "high": 5017.36793856534,
    "count": 4,
    "base": 84731
  },
  "Compilation.runtime requirements": {
    "min": 4.790973,
    "max": 5.205871,
    "mean": 4.9337475,
    "median": 4.869073,