{
  "stats": {
    "min": 11501,
    "max": 12140,
    "mean": 11699.863636363636,
    "median": 11664,
    "variance": 26525.026859504134,
    "stdDev": 162.8650572084268,
    "confidence": 144.44745896311724,
    "low": 11627.639906882077,
    "high": 11772.087365845195,
    "count": 22,
    "base": 13359.5
  },
  "heap memory": {
    "min": 535449088,
    "max": 623753216,
    "mean": 603152289.4545455,
    "median": 612332680,
    "variance": 436017354720230.75,
    "stdDev": 20881028.583866045,
    "confidence": 18519697.049660444,
    "low": 593892440.9297153,
    "high": 612412137.9793757,
    "count": 22,
    "base": 13359.5
  },
  "rss memory": {
    "min": 729788416,
    "max": 816386048,
    "mean": 796075101.0909091,
    "median": 804083712,
    "variance": 428402406984881.8,
    "stdDev": 20697884.118548974,
    "confidence": 18357263.479859352,
    "low": 786896469.3509794,
    "high": 805253732.8308388,
    "count": 22,
    "base": 13359.5
  },
  "external memory": {
    "min": 99576442,
    "max": 99601018,
    "mean": 99595804.9090909,
    "median": 99592826,
    "variance": 33831741.35537192,
    "stdDev": 5816.50594045703,
    "confidence": 5158.746250092983,
    "low": 99593225.53596586,
    "high": 99598384.28221595,
    "count": 22,
    "base": 13359.5
  },
  "array buffers memory": {
    "min": 86052516,
    "max": 86077092,
    "mean": 86071878.9090909,
    "median": 86068900,
    "variance": 33831741.35537192,
    "stdDev": 5816.50594045703,
    "confidence": 5158.746250092983,
    "low": 86069299.53596586,
    "high": 86074458.28221595,
    "count": 22,
    "base": 13359.5
  },
  "Compiler.make hook": {
    "min": 8699.413046,
    "max": 9224.477439,
    "mean": 8847.373270954546,
    "median": 8827.8442315,
    "variance": 16689.253192931126,
    "stdDev": 129.18689249661176,
    "confidence": 114.57779017997746,
    "low": 8790.084375864557,
    "high": 8904.662166044534,
    "count": 22,
    "base": 13359.5
  },
  "Compiler.finish make hook": {
    "min": 0.092099,
    "max": 0.163699,
    "mean": 0.11556286363636364,
    "median": 0.1131995,
    "variance": 0.0003285732307541323,
    "stdDev": 0.018126589054594147,
    "confidence": 0.016076743369536683,
    "low": 0.1075244919515953,
    "high": 0.12360123532113199,
    "count": 22,
    "base": 13359.5
  },
  "Compiler.finish compilation": {
    "min": 412.126202,
    "max": 458.613901,
    "mean": 430.19789618181824,
    "median": 427.014759,
    "variance": 114.66250621007029,
    "stdDev": 10.708058003675097,
    "confidence": 9.497137050589572,
    "low": 425.44932765652345,
    "high": 434.946464707113,
    "count": 22,
    "base": 13359.5
  },
  "Compiler.seal compilation": {
    "min": 2033.085427,
    "max": 2260.138031,
    "mean": 2116.7708925909096,
    "median": 2104.788552,
    "variance": 3153.9365718441722,
    "stdDev": 56.159919621062244,
    "confidence": 49.80907398972522,
    "low": 2091.866355596047,
    "high": 2141.6754295857722,
    "count": 22,
    "base": 13359.5
  },
  "Compiler.afterCompile hook": {
    "min": 0.067299,
    "max": 0.180498,
    "mean": 0.09259018181818181,
    "median": 0.0796995,
    "variance": 0.000812457349876033,
    "stdDev": 0.02850363748499537,
    "confidence": 0.025280303071053223,
    "low": 0.0799500302826552,
    "high": 0.10523033335370842,
    "count": 22,
    "base": 13359.5
  },
  "Compiler.emitAssets": {
    "min": 256.826491,
    "max": 418.013074,
    "mean": 288.93093172727276,
    "median": 278.9410305,
    "variance": 1192.606369263868,
    "stdDev": 34.53413339384482,
    "confidence": 30.628840229677735,
    "low": 273.6165116124339,
    "high": 304.24535184211163,
    "count": 22,
    "base": 13359.5
  },
  "Compiler.emitRecords": {
    "min": 0.084099,
    "max": 0.160599,
    "mean": 0.10949031818181817,
    "median": 0.10564899999999999,
    "variance": 0.00044630777048966936,
    "stdDev": 0.02112599750283213,
    "confidence": 0.0187369636535355,
    "low": 0.10012183635505043,
    "high": 0.11885880000858592,
    "count": 22,
    "base": 13359.5
  },
  "FlagDependencyExportsPlugin.restore cached provided exports": {
    "min": 25.947241,
    "max": 38.248353,
    "mean": 30.33074977272727,
    "median": 27.926868499999998,
    "variance": 21.350447981773087,
    "stdDev": 4.620654497121927,
    "confidence": 4.0981276910835795,
    "low": 28.28168592718548,
    "high": 32.37981361826906,
    "count": 22,
    "base": 13359.5
  },
  "FlagDependencyExportsPlugin.figure out provided exports": {
    "min": 273.894092,
    "max": 307.163424,
    "mean": 288.76156659090907,
    "median": 289.2061875,
    "variance": 97.75671839016286,
    "stdDev": 9.887199724399364,
    "confidence": 8.769105546210653,
    "low": 284.37701381780374,
    "high": 293.1461193640144,
    "count": 22,
    "base": 13359.5
  },
  "FlagDependencyExportsPlugin.store provided exports into cache": {
    "min": 24.054831,
    "max": 36.352998,
    "mean": 27.510996454545452,
    "median": 26.341823499999997,
    "variance": 12.250154551046798,
    "stdDev": 3.500022078651333,
    "confidence": 3.1042220120242945,
    "low": 25.958885448533305,
    "high": 29.0631074605576,
    "count": 22,
    "base": 13359.5
  },
  "Compilation.finish modules": {
    "min": 333.801196,
    "max": 378.150444,
    "mean": 349.5794292272728,
    "median": 348.265152,
    "variance": 104.98434663084831,
    "stdDev": 10.246186931285624,
    "confidence": 9.087496677640502,
    "low": 345.03568088845253,
    "high": 354.12317756609303,
    "count": 22,
    "base": 13359.5
  },
  "Compilation.report dependency errors and warnings": {
    "min": 74.456905,
    "max": 84.122233,
    "mean": 80.16472,
    "median": 80.516166,
    "variance": 5.994553941018717,
    "stdDev": 2.448377818274524,
    "confidence": 2.1715029638237127,
    "low": 79.07896851808815,
    "high": 81.25047148191186,
    "count": 22,
    "base": 13359.5
  },
  "Compilation.optimize dependencies": {
    "min": 104.937104,
    "max": 147.663221,
    "mean": 133.234181,
    "median": 136.15475750000002,
    "variance": 149.26952872927183,
    "stdDev": 12.217590954409623,
    "confidence": 10.835964437459026,
    "low": 127.8161987812705,
    "high": 138.65216321872953,
    "count": 22,
    "base": 13359.5
  },
  "Compilation.create chunks": {
    "min": 194.42533,
    "max": 225.851498,
    "mean": 211.78740286363634,
    "median": 214.0625045,
    "variance": 75.31684498781227,
    "stdDev": 8.67852781223937,
    "confidence": 7.697116321363126,
    "low": 207.93884470295478,
    "high": 215.6359610243179,
    "count": 22,
    "base": 13359.5
  },
  "Compilation.optimize": {
    "min": 117.100321,
    "max": 146.385669,
    "mean": 131.6932263181818,
    "median": 130.62660699999998,
    "variance": 42.29744816848268,
    "stdDev": 6.503648834960471,
    "confidence": 5.768183576641832,
    "low": 128.80913452986087,
    "high": 134.5773181065027,
    "count": 22,
    "base": 13359.5
  },
  "Compilation.module hashing": {
    "min": 293.779646,
    "max": 363.84668,
    "mean": 316.68926113636365,
    "median": 313.887698,
    "variance": 162.97831550245448,
    "stdDev": 12.76629607609249,
    "confidence": 11.322619229503857,
    "low": 311.0279515216117,
    "high": 322.3505707511156,
    "count": 22,
    "base": 13359.5
  },
  "Compilation.code generation": {
    "min": 728.626879,
    "max": 820.039663,
    "mean": 770.2887783181818,
    "median": 770.069976,
    "variance": 709.6630717086177,
    "stdDev": 26.639502091980205,
    "confidence": 23.626973466166646,
    "low": 758.4752915850985,
    "high": 782.1022650512651,
    "count": 22,
    "base": 13359.5
  },
  "Compilation.runtime requirements": {
    "min": 37.735346,
    "max": 52.554244,
    "mean": 45.24999309090909,
    "median": 44.6139345,
    "variance": 20.575704093878983,
    "stdDev": 4.536044983670133,
    "confidence": 4.023086246149347,
    "low": 43.23844996783442,
    "high": 47.26153621398377,