{
  "stats": {
    "min": 49755,
    "max": 52793,
    "mean": 51108,
    "median": 50674.5,
    "variance": 1398272.6666666667,
    "stdDev": 1182.485799773793,
    "confidence": 2482.289219765502,
    "low": 49866.85539011725,
    "high": 52349.14460988275,
    "count": 6,
    "base": 48448
  },
  "heap memory": {
    "min": 332731816,
    "max": 529061456,
    "mean": 417280273.3333333,
    "median": 399871016,
    "variance": 4287755226105908,
    "stdDev": 65480953.155142054,
    "confidence": 137458449.0977167,
    "low": 348551048.78447497,
    "high": 486009497.88219166,
    "count": 6,
    "base": 48448
  },
  "rss memory": {
    "min": 947904512,
    "max": 1056436224,
    "mean": 1005361152,
    "median": 1002170368,
    "variance": 1984308186535253.2,
    "stdDev": 44545574.26428863,
    "confidence": 93510635.65047455,
    "low": 958605834.1747627,
    "high": 1052116469.8252373,
    "count": 6,
    "base": 48448
  },
  "external memory": {
    "min": 121944697,
    "max": 121969273,
    "mean": 121956985,
    "median": 121956985,
    "variance": 61516458.666666664,
    "stdDev": 7843.242866739922,
    "confidence": 16464.635110080242,
    "low": 121948752.68244496,
    "high": 121965217.31755504,
    "count": 6,
    "base": 48448
  },
  "array buffers memory": {
    "min": 120630620,
    "max": 120655196,
    "mean": 120642908,
    "median": 120642908,
    "variance": 61516458.666666664,
    "stdDev": 7843.242866739922,
    "confidence": 16464.635110080242,
    "low": 120634675.68244496,
    "high": 120651140.31755504,
    "count": 6,
    "base": 48448
  },
  "Compiler.make hook": {
    "min": 47696.528087,
    "max": 50966.534944,
    "mean": 49095.272827333334,
    "median": 48606.530298,
    "variance": 1508252.1901667484,
    "stdDev": 1228.1091930959349,
    "confidence": 2578.0624268808315,
    "low": 47806.24161389292,
    "high": 50384.30404077375,
    "count": 6,
    "base": 48448
  },
  "Compiler.finish make hook": {
    "min": 0.133011,
    "max": 0.202717,
    "mean": 0.17866483333333336,
    "median": 0.1882655,
    "variance": 0.0005942551548055559,
    "stdDev": 0.024377349216138246,
    "confidence": 0.05117324130002626,
    "low": 0.15307821268332023,
    "high": 0.2042514539833465,
    "count": 6,
    "base": 48448
  },
  "Compiler.finish compilation": {
    "min": 238.409084,
    "max": 280.918318,
    "mean": 258.458727,
    "median": 258.706385,
    "variance": 178.40983903093255,
    "stdDev": 13.357014600236557,
    "confidence": 28.039214810664276,
    "low": 244.43911959466786,
    "high": 272.47833440533213,
    "count": 6,
    "base": 48448
  },
  "Compiler.seal compilation": {
    "min": 1297.338966,
    "max": 1804.509822,
    "mean": 1402.5797128333334,
    "median": 1314.5589625,
    "variance": 32871.95313492081,
    "stdDev": 181.30624130161877,
    "confidence": 380.6003660638503,
    "low": 1212.2795298014082,
    "high": 1592.8798958652585,
    "count": 6,
    "base": 48448
  },
  "Compiler.afterCompile hook": {
    "min": 0.058004,
    "max": 0.077906,
    "mean": 0.06845566666666668,
    "median": 0.067956,
    "variance": 0.00003569613388888889,
    "stdDev": 0.005974624162982044,
    "confidence": 0.012542006977807163,
    "low": 0.0621846631777631,
    "high": 0.07472667015557026,
    "count": 6,
    "base": 48448
  },
  "Compiler.emitAssets": {
    "min": 238.920422,
    "max": 523.473587,
    "mean": 335.06631416666664,
    "median": 301.134673,
    "variance": 10827.325727862828,
    "stdDev": 104.05443636800321,
    "confidence": 218.432395310354,
    "low": 225.85011651148963,
    "high": 444.2825118218436,
    "count": 6,
    "base": 48448
  },
  "Compiler.emitRecords": {
    "min": 0.077207,
    "max": 0.23302,
    "mean": 0.12121016666666667,
    "median": 0.097908,
    "variance": 0.002852119621138889,
    "stdDev": 0.05340523964124578,
    "confidence": 0.11210895781227753,
    "low": 0.06515568776052791,
    "high": 0.17726464557280544,
    "count": 6,
    "base": 48448
  },
  "FlagDependencyExportsPlugin.restore cached provided exports": {
    "min": 15.717816,
    "max": 27.480703,
    "mean": 18.10241716666667,
    "median": 16.3509205,
    "variance": 17.649909560754466,
    "stdDev": 4.201179543979817,
    "confidence": 8.819169493887697,
    "low": 13.692832419722821,
    "high": 22.51200191361052,
    "count": 6,
    "base": 48448
  },
  "FlagDependencyExportsPlugin.figure out provided exports": {
    "min": 152.678498,
    "max": 190.05331,
    "mean": 168.5927455,
    "median": 166.5958685,
    "variance": 132.8160802320247,
    "stdDev": 11.524585902843741,
    "confidence": 24.192557199725343,
    "low": 156.49646690013734,
    "high": 180.68902409986268,
    "count": 6,
    "base": 48448
  },
  "FlagDependencyExportsPlugin.store provided exports into cache": {
    "min": 16.362071,
    "max": 31.000699,
    "mean": 21.502818833333333,
    "median": 19.57939,
    "variance": 27.262941522084805,
    "stdDev": 5.221392680318615,
    "confidence": 10.960813876155456,
    "low": 16.022411895255605,
    "high": 26.98322577141106,
    "count": 6,
    "base": 48448
  },
  "Compilation.finish modules": {
    "min": 197.374745,
    "max": 230.676711,
    "mean": 211.49035733333335,
    "median": 210.4015915,
    "variance": 136.7465917939097,
    "stdDev": 11.693869838249,
    "confidence": 24.547920188453247,
    "low": 199.21639723910673,
    "high": 223.76431742755997,
    "count": 6,
    "base": 48448
  },
  "Compilation.report dependency errors and warnings": {
    "min": 40.634407,
    "max": 60.358659,
    "mean": 46.534533333333336,
    "median": 43.4271405,
    "variance": 47.57239369484557,
    "stdDev": 6.897274367084839,
    "confidence": 14.47884601274265,
    "low": 39.29511032696201,
    "high": 53.77395633970466,
    "count": 6,
    "base": 48448
  },
  "Compilation.optimize dependencies": {
    "min": 1.2006,
    "max": 1.421619,
    "mean": 1.3348283333333333,
    "median": 1.3431125000000002,
    "variance": 0.004651087733888891,
    "stdDev": 0.06819888367040103,
    "confidence": 0.14316396337906312,
    "low": 1.2632463516438017,
    "high": 1.4064103150228648,
    "count": 6,
    "base": 48448
  },
  "Compilation.create chunks": {
    "min": 119.579625,
    "max": 140.945311,
    "mean": 128.75175666666667,
    "median": 124.93516550000001,
    "variance": 71.82966000702754,
    "stdDev": 8.475238050168711,
    "confidence": 17.791327431504612,
    "low": 119.85609295091436,
    "high": 137.64742038241897,
    "count": 6,
    "base": 48448
  },
  "Compilation.optimize": {
    "min": 60.521475,
    "max": 70.706526,
    "mean": 65.79031366666666,
    "median": 65.8479695,
    "variance": 11.635427118345214,
    "stdDev": 3.4110741883379223,
    "confidence": 7.160570289428705,
    "low": 62.21002852195231,
    "high": 69.37059881138102,
    "count": 6,
    "base": 48448
  },
  "Compilation.module hashing": {
    "min": 179.83107,
    "max": 196.963107,
    "mean": 187.78328783333333,
    "median": 184.86983800000002,
    "variance": 42.35586550390652,
    "stdDev": 6.508138405404922,
    "confidence": 13.661966856235324,
    "low": 180.95230440521567,
    "high": 194.614271261451,
    "count": 6,
    "base": 48448
  },
  "Compilation.code generation": {
    "min": 527.324209,
    "max": 1021.351591,
    "mean": 622.3512401666666,
    "median": 536.84233,
    "variance": 31964.59485699511,
    "stdDev": 178.78645042898276,
    "confidence": 375.3107890385663,
    "low": 434.6958456473834,
    "high": 810.0066346859497,
    "count": 6,
    "base": 48448
  },
  "Compilation.runtime requirements": {
    "min": 22.843613,
    "max": 33.457704,
    "mean": 28.510123000000004,
    "median": 28.62525,
    "variance": 22.784785576456326,
    "stdDev": 4.77334113346787,
    "confidence": 10.020258374466032,
    "low": 23.499993812766988,
    "high": 33.52025218723302,
    "count": 6,
    "base": 48448
  },
  "Compilation.hashing: initialize hash": {
    "min": 0.0045,