{
  "stats": {
    "min": 5192,
    "max": 5822,
    "mean": 5645.433333333333,
    "median": 5678,
    "variance": 15726.912222222223,
    "stdDev": 125.40698633737365,
    "confidence": 93.6449607728664,
    "low": 5598.6108529469,
    "high": 5692.255813719767,
    "count": 30,
    "base": 4881.5
  },
  "heap memory": {
    "min": 228519008,
    "max": 334952904,
    "mean": 252723535.2,
    "median": 254890792,
    "variance": 332398282875448.94,
    "stdDev": 18231793.18869784,
    "confidence": 13614198.12275505,
    "low": 245916436.13862246,
    "high": 259530634.2613775,
    "count": 30,
    "base": 4881.5
  },
  "rss memory": {
    "min": 527966208,
    "max": 698736640,
    "mean": 661957427.2,
    "median": 672821248,
    "variance": 1413804871430526.2,
    "stdDev": 37600596.68982031,
    "confidence": 28077434.159704924,
    "low": 647918710.1201476,
    "high": 675996144.2798525,
    "count": 30,
    "base": 4881.5
  },
  "external memory": {
    "min": 103662365,
    "max": 103744285,
    "mean": 103694859.93333334,
    "median": 103695133,
    "variance": 346654565.262222,
    "stdDev": 18618.661747349674,
    "confidence": 13903.083870321512,
    "low": 103687908.39139818,
    "high": 103701811.4752685,
    "count": 30,
    "base": 4881.5
  },
  "array buffers memory": {
    "min": 102151826,
    "max": 102233746,
    "mean": 102184320.93333334,
    "median": 102184594,
    "variance": 346654565.262222,
    "stdDev": 18618.661747349674,
    "confidence": 13903.083870321512,
    "low": 102177369.39139818,
    "high": 102191272.4752685,
    "count": 30,
    "base": 4881.5
  },
  "Compiler.make hook": {
    "min": 3893.517276,
    "max": 4458.624521,
    "mean": 4313.267355833333,
    "median": 4337.9504425,
    "variance": 12455.518223016943,
    "stdDev": 111.60429303130299,
    "confidence": 83.33809740777906,
    "low": 4271.598307129443,
    "high": 4354.936404537222,
    "count": 30,
    "base": 4881.5
  },
  "Compiler.finish make hook": {
    "min": 0.079128,
    "max": 0.126647,
    "mean": 0.08524373333333334,
    "median": 0.08308,
    "variance": 0.00006753845966222224,
    "stdDev": 0.008218178609778583,
    "confidence": 0.0061367475290950435,
    "low": 0.08217535956878581,
    "high": 0.08831210709788086,
    "count": 30,
    "base": 4881.5
  },
  "Compiler.finish compilation": {
    "min": 194.680404,
    "max": 212.032505,
    "mean": 201.75222753333335,
    "median": 201.6773265,
    "variance": 16.69392245059617,
    "stdDev": 4.08581967915817,
    "confidence": 3.0509976736897784,
    "low": 200.22672869648846,
    "high": 203.27772637017824,
    "count": 30,
    "base": 4881.5
  },
  "Compiler.seal compilation": {
    "min": 892.666931,
    "max": 1019.723136,
    "mean": 954.3251389666665,
    "median": 916.3435099999999,
    "variance": 2040.9467682558081,
    "stdDev": 45.17683884753124,
    "confidence": 33.73482949616505,
    "low": 937.457724218584,
    "high": 971.192553714749,
    "count": 30,
    "base": 4881.5
  },
  "Compiler.afterCompile hook": {
    "min": 0.056326,
    "max": 0.073668,
    "mean": 0.060307599999999996,
    "median": 0.0586195,
    "variance": 0.000019435811639999993,
    "stdDev": 0.0044086065417544345,
    "confidence": 0.00329203179761417,
    "low": 0.05866158410119291,
    "high": 0.06195361589880708,
    "count": 30,
    "base": 4881.5
  },
  "Compiler.emitAssets": {
    "min": 120.498555,
    "max": 191.016209,
    "mean": 157.38872706666672,
    "median": 148.4058075,
    "variance": 569.7972375063323,
    "stdDev": 23.870426001777435,
    "confidence": 17.82472549459476,
    "low": 148.47636431936934,
    "high": 166.3010898139641,
    "count": 30,
    "base": 4881.5
  },
  "Compiler.emitRecords": {
    "min": 0.063158,
    "max": 0.097902,
    "mean": 0.08216263333333333,
    "median": 0.086687,
    "variance": 0.00010286679463222223,
    "stdDev": 0.010142326884508418,
    "confidence": 0.007573563730255556,
    "low": 0.07837585146820555,
    "high": 0.08594941519846111,
    "count": 30,
    "base": 4881.5
  },
  "Compilation.compute affected modules": {
    "min": 20.056951,
    "max": 30.085033,
    "mean": 26.366939333333335,
    "median": 27.4690185,
    "variance": 7.362124155222423,
    "stdDev": 2.7133234520090714,
    "confidence": 2.0261157344450638,
    "low": 25.353881466110803,
    "high": 27.379997200555866,
    "count": 30,
    "base": 4881.5
  },
  "Compilation.finish modules": {
    "min": 135.840682,
    "max": 149.93128,
    "mean": 141.62302793333336,
    "median": 141.86511050000001,
    "variance": 10.028720366803386,
    "stdDev": 3.16681549301556,
    "confidence": 2.3647511297380674,
    "low": 140.44065236846433,
    "high": 142.8054034982024,
    "count": 30,
    "base": 4881.5
  },
  "Compilation.report dependency errors and warnings": {
    "min": 30.213621,
    "max": 41.195089,
    "mean": 33.30708006666667,
    "median": 32.483584,
    "variance": 6.617151145736797,
    "stdDev": 2.5723823871533558,
    "confidence": 1.920871035763028,
    "low": 32.34664454878516,
    "high": 34.267515584548185,
    "count": 30,
    "base": 4881.5
  },
  "Compilation.optimize dependencies": {
    "min": 1.129918,
    "max": 1.264599,
    "mean": 1.1798383666666663,
    "median": 1.1673529999999999,
    "variance": 0.001031184155498889,
    "stdDev": 0.03211205623280591,
    "confidence": 0.02397898501577389,
    "low": 1.1678488741587794,
    "high": 1.1918278591745533,
    "count": 30,
    "base": 4881.5
  },
  "Compilation.create chunks": {
    "min": 89.283789,
    "max": 99.971189,
    "mean": 95.60897123333334,
    "median": 94.95697050000001,
    "variance": 7.425910885671504,
    "stdDev": 2.725052455581636,
    "confidence": 2.0348741147517444,
    "low": 94.59153417595746,
    "high": 96.62640829070921,
    "count": 30,
    "base": 4881.5
  },
  "Compilation.compute affected modules with chunk graph": {
    "min": 14.170007,
    "max": 22.909424,
    "mean": 18.20414653333334,
    "median": 18.532857,
    "variance": 6.908368962402579,
    "stdDev": 2.628377629337645,
    "confidence": 1.9626842744904778,
    "low": 17.2228043960881,
    "high": 19.18548867057858,
    "count": 30,
    "base": 4881.5
  },
  "Compilation.optimize": {
    "min": 62.999102,
    "max": 70.119169,
    "mean": 65.71182473333333,
    "median": 65.50926000000001,
    "variance": 2.7511612157158654,
    "stdDev": 1.6586624779369266,
    "confidence": 1.2385704115715725,
    "low": 65.09253952754754,
    "high": 66.33110993911912,
    "count": 30,
    "base": 4881.5
  },
  "Compilation.module hashing": {
    "min": 80.446374,
    "max": 92.398409,
    "mean": 87.77787549999998,
    "median": 87.927885,
    "variance": 6.513258436393783,
    "stdDev": 2.552108625508284,
    "confidence": 1.9057320417610129,
    "low": 86.82500947911947,
    "high": 88.73074152088049,
    "count": 30,
    "base": 4881.5
  },
  "Compilation.code generation": {
    "min": 380.445529,
    "max": 469.686566,
    "mean": 403.433395,
    "median": 394.950477,
    "variance": 559.5722053144747,
    "stdDev": 23.655278593042922,
    "confidence": 17.664068809989317,
    "low": 394.60136059500536,
    "high": 412.2654294049947,
    "count": 30,
    "base": 4881.5
  },
  "Compilation.runtime requirements.modules": {
    "min": 15.183319,
    "max": 40.336426,
    "mean": 18.834055599999996,
    "median": 17.047162,
    "variance": 29.92498190106191,
    "stdDev": 5.470373104374318,
    "confidence": 4.0848830653975625,
    "low": 16.791614067301214,
    "high": 20.876497132698777,
    "count": 30,
    "base": 4881.5
  },
  "Compilation.runtime requirements.chunks": {
    "min": 2.864434,
    "max": 8.069938,
    "mean": 4.840134033333333,
    "median": 3.5484355,
    "variance": 3.1725527501606323,
    "stdDev": 1.7811661208771719,
    "confidence": 1.3300473633165861,
    "low": 4.17511035167504,
    "high": 5.505157714991626,
    "count": 30,
    "base": 4881.5
  },