{
  "cache.PackFileCacheStrategy.restore cache container": {
    "min": 18.417345,
    "max": 20.16523,
    "mean": 19.21642692857143,
    "median": 19.182906000000003,
    "variance": 0.3203238554270663,
    "stdDev": 0.5659716030218003,
    "confidence": 0.6534530215665342,
    "low": 18.889700417788163,
    "high": 19.543153439354697,
    "count": 14,
    "base": 17484
  },
  "stats": {
    "min": 18267,
    "max": 19085,
    "mean": 18617.571428571428,
    "median": 18678,
    "variance": 53639.95918367347,
    "stdDev": 231.60302067044262,
    "confidence": 267.40156723942346,
    "low": 18483.870644951716,
    "high": 18751.27221219114,
    "count": 14,
    "base": 17484
  },
  "heap memory": {
    "min": 329306304,
    "max": 364992416,
    "mean": 347483740,
    "median": 348995048,
    "variance": 108714961196989.72,
    "stdDev": 10426646.689947335,
    "confidence": 12038278.507217526,
    "low": 341464600.74639124,
    "high": 353502879.25360876,
    "count": 14,
    "base": 17484
  },
  "rss memory": {
    "min": 494051328,
    "max": 594563072,
    "mean": 530609005.71428573,
    "median": 528424960,
    "variance": 657871772560488.4,
    "stdDev": 25649011.14196195,
    "confidence": 29613541.989425898,
    "low": 515802234.7195728,
    "high": 545415776.7089987,
    "count": 14,
    "base": 17484
  },
  "external memory": {
    "min": 32907324,
    "max": 32940092,
    "mean": 32919612,
    "median": 32919612,
    "variance": 64712118.85714286,
    "stdDev": 8044.384305659623,
    "confidence": 9287.793244592845,
    "low": 32914968.103377704,
    "high": 32924255.896622296,
    "count": 14,
    "base": 17484
  },
  "array buffers memory": {
    "min": 31624965,
    "max": 31657733,
    "mean": 31637253,
    "median": 31637253,
    "variance": 64712118.85714286,
    "stdDev": 8044.384305659623,
    "confidence": 9287.793244592845,
    "low": 31632609.103377704,
    "high": 31641896.896622296,
    "count": 14,
    "base": 17484
  },
  "Compiler.make hook": {
    "min": 17423.924606,
    "max": 18245.789945,
    "mean": 17752.395540642854,
    "median": 17767.306324999998,
    "variance": 60781.67428059827,
    "stdDev": 246.53939701515915,
    "confidence": 284.64663784296135,
    "low": 17610.072221721373,
    "high": 17894.718859564335,
    "count": 14,
    "base": 17484
  },
  "Compiler.finish make hook": {
    "min": 0.09911,
    "max": 0.191519,
    "mean": 0.11098250000000001,
    "median": 0.10586000000000001,
    "variance": 0.0005098367928214286,
    "stdDev": 0.02257956582446679,
    "confidence": 0.02606965691367022,
    "low": 0.0979476715431649,
    "high": 0.12401732845683512,
    "count": 14,
    "base": 17484
  },
  "Compiler.finish compilation": {
    "min": 140.142405,
    "max": 182.04138,
    "mean": 165.6755290714286,
    "median": 167.991413,
    "variance": 145.305724594463,
    "stdDev": 12.054282417235088,
    "confidence": 13.917495553315291,
    "low": 158.71678129477095,
    "high": 172.63427684808624,
    "count": 14,
    "base": 17484
  },
  "Compiler.seal compilation": {
    "min": 575.317538,
    "max": 686.855238,
    "mean": 615.6517719999999,
    "median": 606.366475,
    "variance": 1072.8214151009618,
    "stdDev": 32.75395266377726,
    "confidence": 37.816684127115195,
    "low": 596.7434299364423,
    "high": 634.5601140635575,
    "count": 14,
    "base": 17484
  },
  "Compiler.afterCompile hook": {
    "min": 0.064206,
    "max": 0.092409,
    "mean": 0.07156414285714287,
    "median": 0.070257,
    "variance": 0.000041912492408163284,
    "stdDev": 0.006473985820818832,
    "confidence": 0.007474660519372428,
    "low": 0.06782681259745665,
    "high": 0.07530147311682908,
    "count": 14,
    "base": 17484
  },
  "Compiler.emitAssets": {
    "min": 59.48424,
    "max": 75.138577,
    "mean": 68.34616507142857,
    "median": 69.308183,
    "variance": 21.316696902624066,
    "stdDev": 4.617000855817992,
    "confidence": 5.330644052990294,
    "low": 65.68084304493343,
    "high": 71.01148709792372,
    "count": 14,
    "base": 17484
  },
  "Compiler.emitRecords": {
    "min": 0.081508,
    "max": 0.122412,
    "mean": 0.09251621428571428,
    "median": 0.0902085,
    "variance": 0.00008842294888265312,
    "stdDev": 0.009403347748682546,
    "confidence": 0.01085680971697231,
    "low": 0.08708780942722813,
    "high": 0.09794461914420044,
    "count": 14,
    "base": 17484
  },
  "FlagDependencyExportsPlugin.restore cached provided exports": {
    "min": 8.358223,
    "max": 17.967997,
    "mean": 9.861417714285716,
    "median": 8.6926545,
    "variance": 6.745472409194348,
    "stdDev": 2.5972047299345404,
    "confidence": 2.998650938211913,
    "low": 8.36209224517976,
    "high": 11.360743183391673,
    "count": 14,
    "base": 17484
  },
  "FlagDependencyExportsPlugin.figure out provided exports": {
    "min": 69.75417,
    "max": 99.388756,
    "mean": 85.198449,
    "median": 87.4709015,
    "variance": 79.34520601347889,
    "stdDev": 8.90759260482196,
    "confidence": 10.284426411903269,
    "low": 80.05623579404836,
    "high": 90.34066220595163,
    "count": 14,
    "base": 17484
  },
  "FlagDependencyExportsPlugin.store provided exports into cache": {
    "min": 18.042007,
    "max": 44.008195,
    "mean": 32.28471821428571,
    "median": 33.2030185,
    "variance": 66.6595401424523,
    "stdDev": 8.164529388914728,
    "confidence": 9.426508980963138,
    "low": 27.57146372380414,
    "high": 36.99797270476728,
    "count": 14,
    "base": 17484
  },
  "Compilation.finish modules": {
    "min": 108.932586,
    "max": 143.683449,
    "mean": 128.5969957142857,
    "median": 129.217044,
    "variance": 85.21640213102562,
    "stdDev": 9.23127305039915,
    "confidence": 10.658137679491844,
    "low": 123.26792687453978,
    "high": 133.92606455403163,
    "count": 14,
    "base": 17484
  },
  "Compilation.report dependency errors and warnings": {
    "min": 27.957007,
    "max": 51.420551,
    "mean": 36.621723499999995,
    "median": 34.1249825,
    "variance": 50.07524931371283,
    "stdDev": 7.076386741389481,
    "confidence": 8.170173685827507,
    "low": 32.53663665708624,
    "high": 40.70681034291375,
    "count": 14,
    "base": 17484
  },
  "Compilation.optimize dependencies": {
    "min": 0.708471,
    "max": 0.906191,
    "mean": 0.7846279999999999,
    "median": 0.786078,
    "variance": 0.002457248682857143,
    "stdDev": 0.04957064335730517,
    "confidence": 0.05723270657022783,
    "low": 0.756011646714886,
    "high": 0.8132443532851138,
    "count": 14,
    "base": 17484
  },
  "Compilation.create chunks": {
    "min": 54.255735,
    "max": 68.409768,
    "mean": 60.36913457142857,
    "median": 58.827408000000005,
    "variance": 18.24908584396781,
    "stdDev": 4.271894877448157,
    "confidence": 4.932195538749639,
    "low": 57.90303680205375,
    "high": 62.83523234080339,
    "count": 14,
    "base": 17484
  },
  "Compilation.optimize": {
    "min": 29.603373,
    "max": 46.167649,
    "mean": 35.620134785714285,
    "median": 34.6718575,
    "variance": 27.48748153969446,
    "stdDev": 5.242850516626853,
    "confidence": 6.0532303978147155,
    "low": 32.59351958680693,
    "high": 38.64674998462164,
    "count": 14,
    "base": 17484
  },
  "Compilation.module hashing": {
    "min": 102.061656,
    "max": 142.894408,
    "mean": 116.69807571428568,
    "median": 112.477432,
    "variance": 156.91115348773437,
    "stdDev": 12.52641822260994,
    "confidence": 14.462608712641156,
    "low": 109.4667713579651,
    "high": 123.92938007060626,
    "count": 14,
    "base": 17484
  },
  "Compilation.code generation": {
    "min": 209.754542,
    "max": 271.94788,
    "mean": 229.68166728571433,
    "median": 225.7962725,
    "variance": 307.45497326210295,
    "stdDev": 17.534394008978552,
    "confidence": 20.24466013017235,
    "low": 219.55933722062815,
    "high": 239.8039973508005,
    "count": 14,
    "base": 17484
  },