{
  "cache.PackFileCacheStrategy.restore cache container": {
    "min": 22.073341,
    "max": 23.914449,
    "mean": 22.74276375,
    "median": 22.6600995,
    "variance": 0.17353227139068791,
    "stdDev": 0.41657204825898714,
    "confidence": 0.44385751741994994,
    "low": 22.520834991290027,
    "high": 22.964692508709977,
    "count": 16,
    "base": 16492
  },
  "stats": {
    "min": 16023,
    "max": 17424,
    "mean": 16680.625,
    "median": 16722.5,
    "variance": 116158.109375,
    "stdDev": 340.81976083408074,
    "confidence": 363.14345516871253,
    "low": 16499.053272415644,
    "high": 16862.196727584356,
    "count": 16,
    "base": 16492
  },
  "heap memory": {
    "min": 134255656,
    "max": 406745816,
    "mean": 271946594,
    "median": 259713888,
    "variance": 13592930628475650,
    "stdDev": 116588724.2767312,
    "confidence": 124225285.71685708,
    "low": 209833951.14157146,
    "high": 334059236.85842854,
    "count": 16,
    "base": 16492
  },
  "rss memory": {
    "min": 506863616,
    "max": 657141760,
    "mean": 581856000,
    "median": 581132288,
    "variance": 1146071815749632,
    "stdDev": 33853682.45478816,
    "confidence": 36071098.655576706,
    "low": 563820450.6722116,
    "high": 599891549.3277884,
    "count": 16,
    "base": 16492
  },
  "external memory": {
    "min": 32685438,
    "max": 32718206,
    "mean": 32699262,
    "median": 32701822,
    "variance": 81526784,
    "stdDev": 9029.21834933678,
    "confidence": 9620.632151216269,
    "low": 32694451.683924392,
    "high": 32704072.316075608,
    "count": 16,
    "base": 16492
  },
  "array buffers memory": {
    "min": 31162891,
    "max": 31195659,
    "mean": 31176715,
    "median": 31179275,
    "variance": 81526784,
    "stdDev": 9029.21834933678,
    "confidence": 9620.632151216269,
    "low": 31171904.683924392,
    "high": 31181525.316075608,
    "count": 16,
    "base": 16492
  },
  "Compiler.make hook": {
    "min": 15296.861108,
    "max": 16596.048824,
    "mean": 15916.7162340625,
    "median": 15961.1569925,
    "variance": 104675.74394458767,
    "stdDev": 323.5363100868087,
    "confidence": 344.7279383974965,
    "low": 15744.352264863752,
    "high": 16089.080203261248,
    "count": 16,
    "base": 16492
  },
  "Compiler.finish make hook": {
    "min": 0.0915,
    "max": 0.1003,
    "mean": 0.09479350000000002,
    "median": 0.0946,
    "variance": 0.000004346820500000002,
    "stdDev": 0.0020849029953453474,
    "confidence": 0.00222146414154048,
    "low": 0.09368276792922978,
    "high": 0.09590423207077026,
    "count": 16,
    "base": 16492
  },
  "Compiler.finish compilation": {
    "min": 101.356053,
    "max": 219.820074,
    "mean": 134.09950099999998,
    "median": 129.2434675,
    "variance": 745.6538457613417,
    "stdDev": 27.306663028670158,
    "confidence": 29.095249457048055,
    "low": 119.55187627147595,
    "high": 148.647125728524,
    "count": 16,
    "base": 16492
  },
  "Compiler.seal compilation": {
    "min": 494.342393,
    "max": 610.158885,
    "mean": 528.7642130625001,
    "median": 519.763443,
    "variance": 1043.5986915122508,
    "stdDev": 32.304778152964474,
    "confidence": 34.42074112198361,
    "low": 511.55384250150826,
    "high": 545.9745836234919,
    "count": 16,
    "base": 16492
  },
  "Compiler.afterCompile hook": {
    "min": 0.0552,
    "max": 0.061599,
    "mean": 0.057237249999999996,
    "median": 0.056400000000000006,
    "variance": 0.0000031915626874999992,
    "stdDev": 0.00178649452490065,
    "confidence": 0.0019035099162816455,
    "low": 0.056285495041859174,
    "high": 0.05818900495814082,
    "count": 16,
    "base": 16492
  },
  "Compiler.emitAssets": {
    "min": 49.63498,
    "max": 146.98038,
    "mean": 81.70086687500002,
    "median": 57.4844135,
    "variance": 1165.8209006308477,
    "stdDev": 34.14411956151231,
    "confidence": 36.380559392791355,
    "low": 63.51058717860434,
    "high": 99.8911465713957,
    "count": 16,
    "base": 16492
  },
  "Compiler.emitRecords": {
    "min": 0.0725,
    "max": 0.081299,
    "mean": 0.0770311875,
    "median": 0.07730000000000001,
    "variance": 0.000004541614902343752,
    "stdDev": 0.0021311064971849137,
    "confidence": 0.002270693972750537,
    "low": 0.07589584051362473,
    "high": 0.07816653448637527,
    "count": 16,
    "base": 16492
  },
  "Compilation.compute affected modules": {
    "min": 0.260299,
    "max": 0.273599,
    "mean": 0.266761625,
    "median": 0.266699,
    "variance": 0.000011820665734374991,
    "stdDev": 0.003438119505540055,
    "confidence": 0.0036633163331529772,
    "low": 0.2649299668334235,
    "high": 0.2685932831665765,
    "count": 16,
    "base": 16492
  },
  "Compilation.finish modules": {
    "min": 71.190726,
    "max": 173.730506,
    "mean": 98.137908375,
    "median": 78.2074525,
    "variance": 578.3964934436765,
    "stdDev": 24.049875123244956,
    "confidence": 25.625141943817482,
    "low": 85.32533740309125,
    "high": 110.95047934690874,
    "count": 16,
    "base": 16492
  },
  "Compilation.report dependency errors and warnings": {
    "min": 28.091235,
    "max": 45.980389,
    "mean": 35.22206949999999,
    "median": 34.9396645,
    "variance": 34.975850456217245,
    "stdDev": 5.914038421942932,
    "confidence": 6.301407938580198,
    "low": 32.07136553070989,
    "high": 38.37277346929009,
    "count": 16,
    "base": 16492
  },
  "Compilation.optimize dependencies": {
    "min": 0.641698,
    "max": 0.867498,
    "mean": 0.7275731874999999,
    "median": 0.6951485,
    "variance": 0.005677540634527346,
    "stdDev": 0.07534945676331944,
    "confidence": 0.08028484618131682,
    "low": 0.6874307644093415,
    "high": 0.7677156105906583,
    "count": 16,
    "base": 16492
  },
  "Compilation.create chunks": {
    "min": 30.568226,
    "max": 71.141027,
    "mean": 42.4802960625,
    "median": 40.7792505,
    "variance": 97.05217619093742,
    "stdDev": 9.851506290458197,
    "confidence": 10.496779952483209,
    "low": 37.2319060862584,
    "high": 47.72868603874161,
    "count": 16,
    "base": 16492
  },
  "Compilation.compute affected modules with chunk graph": {
    "min": 0.148999,
    "max": 0.1753,
    "mean": 0.15666212499999999,
    "median": 0.15574949999999999,
    "variance": 0.00003425117835937505,
    "stdDev": 0.005852450628529475,
    "confidence": 0.006235786144698163,
    "low": 0.1535442319276509,
    "high": 0.15978001807234907,
    "count": 16,
    "base": 16492
  },
  "Compilation.optimize": {
    "min": 24.387041,
    "max": 33.790026,
    "mean": 29.107372375000004,
    "median": 29.227175000000003,
    "variance": 8.089842146898363,
    "stdDev": 2.8442647814326927,
    "confidence": 3.0305641246165322,
    "low": 27.592090312691738,
    "high": 30.62265443730827,
    "count": 16,
    "base": 16492
  },
  "Compilation.module hashing": {
    "min": 58.459457,
    "max": 98.244586,
    "mean": 70.97267643750001,
    "median": 68.40898250000001,
    "variance": 106.56597857464861,
    "stdDev": 10.323079897716989,
    "confidence": 10.99924163101744,
    "low": 65.47305562199129,
    "high": 76.47229725300873,
    "count": 16,
    "base": 16492
  },
  "Compilation.code generation": {
    "min": 216.70806,
    "max": 252.243449,
    "mean": 228.50037231249996,
    "median": 225.5330065,
    "variance": 80.62516078824939,
    "stdDev": 8.97915145145962,
    "confidence": 9.567285871530203,
    "low": 223.71672937673486,
    "high": 233.28401524826506,
    "count": 16,
    "base": 16492
  },
  "Compilation.runtime requirements.modules": {
    "min": 5.945386,
    "max": 11.028273,
    "mean": 7.231519875000001,
    "median": 6.267583999999999,
    "variance": 2.7275541946454847,
    "stdDev": 1.651530863969997,
    "confidence": 1.759706135560032,
    "low": 6.351666807219985,
    "high": 8.111372942780017,
    "count": 16,
    "base": 16492
  },
  "Compilation.runtime requirements.chunks": {
    "min": 1.956295,