{
  "stats": {
    "min": 199.9090909090909,
    "max": 208.72727272727272,
    "mean": 204.7272727272727,
    "median": 204.45454545454547,
    "variance": 6.05509641873278,
    "stdDev": 2.460710551595368,
    "confidence": 2.7256632220434085,
    "low": 203.364441116251,
    "high": 206.0901043382944,
    "count": 15,
    "base": 260.45454545454544
  },
  "heap memory": {
    "min": 275343170.90909094,
    "max": 285989526.54545456,
    "mean": 284416471.030303,
    "median": 284800012.3636364,
    "variance": 6107954397984.87,
    "stdDev": 2471427.603225486,
    "confidence": 2737534.213313818,
    "low": 283047703.9236461,
    "high": 285785238.1369599,
    "count": 15,
    "base": 260.45454545454544
  },
  "rss memory": {
    "min": 598920843.6363636,
    "max": 653806126.5454545,
    "mean": 628493566.4484847,
    "median": 642744320,
    "variance": 503839302558094.8,
    "stdDev": 22446365.018819746,
    "confidence": 24863237.79962349,
    "low": 616061947.5486729,
    "high": 640925185.3482964,
    "count": 15,
    "base": 260.45454545454544
  },
  "external memory": {
    "min": 147837185,
    "max": 153004384.9090909,
    "mean": 152634236.64848486,
    "median": 152979808.9090909,
    "variance": 1643922308709.3118,
    "stdDev": 1282155.3371995578,
    "confidence": 1420209.1527122855,
    "low": 151924132.0721287,
    "high": 153344341.224841,
    "count": 15,
    "base": 260.45454545454544
  },
  "array buffers memory": {
    "min": 146377195.63636363,
    "max": 151544395.54545453,
    "mean": 151174247.28484848,
    "median": 151519819.54545453,
    "variance": 1643922308709.3118,
    "stdDev": 1282155.3371995578,
    "confidence": 1420209.1527122855,
    "low": 150464142.70849234,
    "high": 151884351.86120462,
    "count": 15,
    "base": 260.45454545454544
  },
  "Compiler.make hook": {
    "min": 51.380417090909084,
    "max": 54.341975818181815,
    "mean": 52.5050934,
    "median": 52.450713,
    "variance": 0.5039178925009578,
    "stdDev": 0.7098717436980836,
    "confidence": 0.7863059322077675,
    "low": 52.111940433896116,
    "high": 52.89824636610388,
    "count": 15,
    "base": 260.45454545454544
  },
  "Compiler.finish make hook": {
    "min": 0.0029189999999999997,
    "max": 0.0034820909090909095,
    "mean": 0.0031336303030303023,
    "median": 0.003127454545454546,
    "variance": 1.6888371864095534e-8,
    "stdDev": 0.00012995526870464134,
    "confidence": 0.0001439479731532656,
    "low": 0.0030616563164536695,
    "high": 0.003205604289606935,
    "count": 15,
    "base": 260.45454545454544
  },
  "Compiler.finish compilation": {
    "min": 14.94067481818182,
    "max": 16.866687454545456,
    "mean": 15.583366987878787,
    "median": 15.659493272727273,
    "variance": 0.21536660941998356,
    "stdDev": 0.4640760814995571,
    "confidence": 0.5140446554160008,
    "low": 15.326344660170786,
    "high": 15.840389315586787,
    "count": 15,
    "base": 260.45454545454544
  },
  "Compiler.seal compilation": {
    "min": 93.02138981818182,
    "max": 98.85127236363637,
    "mean": 95.86965009696972,
    "median": 95.8822951818182,
    "variance": 2.113586327578437,
    "stdDev": 1.4538178453913808,
    "confidence": 1.6103551188353151,
    "low": 95.06447253755206,
    "high": 96.67482765638738,
    "count": 15,
    "base": 260.45454545454544
  },
  "Compiler.afterCompile hook": {
    "min": 0.002391545454545455,
    "max": 0.003235909090909091,
    "mean": 0.002729387878787878,
    "median": 0.0026759090909090908,
    "variance": 7.133819114784206e-8,
    "stdDev": 0.0002670921023689058,
    "confidence": 0.0002958507736121937,
    "low": 0.0025814624919817813,
    "high": 0.002877313265593975,
    "count": 15,
    "base": 260.45454545454544
  },
  "Compiler.emitAssets": {
    "min": 35.958790909090915,
    "max": 39.842524999999995,
    "mean": 37.145799600000004,
    "median": 36.93054036363637,
    "variance": 1.2877795878927727,
    "stdDev": 1.1348037662489372,
    "confidence": 1.2569917611381385,
    "low": 36.517303719430934,
    "high": 37.77429548056907,
    "count": 15,
    "base": 260.45454545454544
  },
  "Compiler.emitRecords": {
    "min": 0.005585818181818182,
    "max": 0.006364636363636364,
    "mean": 0.00594129696969697,
    "median": 0.005929363636363636,
    "variance": 3.1385328337924666e-8,
    "stdDev": 0.00017715904814015191,
    "confidence": 0.00019623433631995452,
    "low": 0.005843179801536993,
    "high": 0.006039414137856947,
    "count": 15,
    "base": 260.45454545454544
  },
  "Compilation.compute affected modules": {
    "min": 0.0018934545454545454,
    "max": 0.002506545454545454,
    "mean": 0.0022111878787878787,
    "median": 0.0022140000000000003,
    "variance": 2.2983362497704315e-8,
    "stdDev": 0.00015160264673713423,
    "confidence": 0.0001679261944514121,
    "low": 0.0021272247815621727,
    "high": 0.0022951509760135848,
    "count": 15,
    "base": 260.45454545454544
  },
  "Compilation.finish modules": {
    "min": 0.4921728181818183,
    "max": 0.6678404545454546,
    "mean": 0.5784311696969697,
    "median": 0.558276,
    "variance": 0.0021619181828560494,
    "stdDev": 0.04649643193682768,
    "confidence": 0.051502853273128535,
    "low": 0.5526797430604055,
    "high": 0.604182596333534,
    "count": 15,
    "base": 260.45454545454544
  },
  "Compilation.report dependency errors and warnings": {
    "min": 14.357968454545453,
    "max": 16.274923090909088,
    "mean": 14.969400818181818,
    "median": 14.989718818181819,
    "variance": 0.2093764472102078,
    "stdDev": 0.45757671183115056,
    "confidence": 0.5068454775768387,
    "low": 14.715978079393398,
    "high": 15.222823556970237,
    "count": 15,
    "base": 260.45454545454544
  },
  "Compilation.optimize dependencies": {
    "min": 0.020118363636363636,
    "max": 0.025159636363636363,
    "mean": 0.022037315151515153,
    "median": 0.021850818181818187,
    "variance": 0.000002128428028503213,
    "stdDev": 0.0014589133039708743,
    "confidence": 0.0016159992219341376,
    "low": 0.021229315540548084,
    "high": 0.02284531476248222,
    "count": 15,
    "base": 260.45454545454544
  },
  "Compilation.create chunks": {
    "min": 20.44788109090909,
    "max": 24.15012181818182,
    "mean": 23.194883957575758,
    "median": 23.23583127272727,
    "variance": 0.7366519882803272,
    "stdDev": 0.8582843283436598,
    "confidence": 0.9506985802559456,
    "low": 22.719534667447785,
    "high": 23.67023324770373,
    "count": 15,
    "base": 260.45454545454544
  },
  "Compilation.compute affected modules with chunk graph": {
    "min": 0.002571181818181818,
    "max": 0.003174272727272727,
    "mean": 0.00283710303030303,
    "median": 0.0028080000000000006,
    "variance": 2.9380266519742855e-8,
    "stdDev": 0.0001714067283386007,
    "confidence": 0.00018986264562502377,
    "low": 0.0027421717074905183,
    "high": 0.002932034353115542,
    "count": 15,
    "base": 260.45454545454544
  },
  "Compilation.optimize": {
    "min": 6.962819363636364,
    "max": 8.066478,
    "mean": 7.5668809090909095,
    "median": 7.5761437272727274,
    "variance": 0.09124662499835264,
    "stdDev": 0.302070562945734,
    "confidence": 0.33459547826514147,
    "low": 7.399583169958339,
    "high": 7.73417864822348,
    "count": 15,
    "base": 260.45454545454544
  },
  "Compilation.module hashing": {
    "min": 32.318709272727276,
    "max": 33.83748981818182,
    "mean": 33.06562223030303,
    "median": 33.19883345454545,
    "variance": 0.1593785481726629,
    "stdDev": 0.39922242944587033,
    "confidence": 0.44220800071342126,
    "low": 32.84451822994632,
    "high": 33.28672623065974,
    "count": 15,
    "base": 260.45454545454544
  },
  "Compilation.code generation": {
    "min": 6.088493909090909,
    "max": 7.384291727272728,
    "mean": 6.8088816727272725,
    "median": 6.778445181818182,
    "variance": 0.115538787507892,
    "stdDev": 0.3399099697094688,