{
  "stats": {
    "min": 572.9090909090909,
    "max": 601.7272727272727,
    "mean": 591.1545454545455,
    "median": 595.3636363636364,
    "variance": 82.77033057851264,
    "stdDev": 9.0978201003599,
    "confidence": 13.01547256664253,
    "low": 584.6468091712243,
    "high": 597.6622817378668,
    "count": 10,
    "base": 641
  },
  "heap memory": {
    "min": 310747370.1818182,
    "max": 395306325.8181818,
    "mean": 355736450.2545455,
    "median": 360231981.8181818,
    "variance": 668390656884040.6,
    "stdDev": 25853252.346349783,
    "confidence": 36986035.441511035,
    "low": 337243432.53379,
    "high": 374229467.975301,
    "count": 10,
    "base": 641
  },
  "rss memory": {
    "min": 773160960,
    "max": 811930717.0909091,
    "mean": 801327364.6545454,
    "median": 806773666.909091,
    "variance": 138134622613597.4,
    "stdDev": 11753068.646681061,
    "confidence": 16814109.40832877,
    "low": 792920309.950381,
    "high": 809734419.3587098,
    "count": 10,
    "base": 641
  },
  "external memory": {
    "min": 257052176.36363637,
    "max": 257117712.36363637,
    "mean": 257078390.76363644,
    "median": 257076752.36363637,
    "variance": 534186557.44000006,
    "stdDev": 23112.476229084587,
    "confidence": 33065.041624069214,
    "low": 257061858.2428244,
    "high": 257094923.28444847,
    "count": 10,
    "base": 641
  },
  "array buffers memory": {
    "min": 225543395.72727272,
    "max": 255549793,
    "mean": 240176892.5636364,
    "median": 240578931.54545456,
    "variance": 85553884806464.55,
    "stdDev": 9249534.302140003,
    "confidence": 13232517.090435803,
    "low": 233560634.0184185,
    "high": 246793151.1088543,
    "count": 10,
    "base": 641
  },
  "Compiler.make hook": {
    "min": 272.97088918181817,
    "max": 292.8526851818182,
    "mean": 285.4514541,
    "median": 287.299345,
    "variance": 31.06969807706256,
    "stdDev": 5.574019920762982,
    "confidence": 7.974273239557647,
    "low": 281.46431748022115,
    "high": 289.4385907197788,
    "count": 10,
    "base": 641
  },
  "Compiler.finish make hook": {
    "min": 0.0029319090909090905,
    "max": 0.004146,
    "mean": 0.003439263636363636,
    "median": 0.0034028181818181818,
    "variance": 8.090230818181825e-8,
    "stdDev": 0.000284433310605172,
    "confidence": 0.0004069143938199536,
    "low": 0.003235806439453659,
    "high": 0.0036427208332736128,
    "count": 10,
    "base": 641
  },
  "Compiler.finish compilation": {
    "min": 58.431506818181816,
    "max": 64.42339827272727,
    "mean": 62.392954499999995,
    "median": 62.86535659090909,
    "variance": 2.8589334780315387,
    "stdDev": 1.690838099296186,
    "confidence": 2.4189373556807254,
    "low": 61.18348582215963,
    "high": 63.60242317784036,
    "count": 10,
    "base": 641
  },
  "Compiler.seal compilation": {
    "min": 129.30971572727273,
    "max": 141.97912754545456,
    "mean": 136.39069217272726,
    "median": 137.747806,
    "variance": 11.383934336263424,
    "stdDev": 3.374008644959794,
    "confidence": 4.826905398618692,
    "low": 133.9772394734179,
    "high": 138.8041448720366,
    "count": 10,
    "base": 641
  },
  "Compiler.afterCompile hook": {
    "min": 0.002618545454545454,
    "max": 0.0032077272727272723,
    "mean": 0.0028595,
    "median": 0.0028526818181818184,
    "variance": 3.4775197107438035e-8,
    "stdDev": 0.0001864810904822203,
    "confidence": 0.0002667825358816352,
    "low": 0.0027261087320591825,
    "high": 0.0029928912679408177,
    "count": 10,
    "base": 641
  },
  "Compiler.emitAssets": {
    "min": 95.07371181818183,
    "max": 107.55493072727273,
    "mean": 101.9687194181818,
    "median": 103.24832468181818,
    "variance": 10.16038059758639,
    "stdDev": 3.187535191583991,
    "confidence": 4.560133788491584,
    "low": 99.68865252393601,
    "high": 104.2487863124276,
    "count": 10,
    "base": 641
  },
  "Compiler.emitRecords": {
    "min": 0.006903,
    "max": 0.00957809090909091,
    "mean": 0.00796569090909091,
    "median": 0.007584227272727274,
    "variance": 0.0000010111993523966947,
    "stdDev": 0.0010055840851946169,
    "confidence": 0.0014386030862255823,
    "low": 0.007246389365978118,
    "high": 0.0086849924522037,
    "count": 10,
    "base": 641
  },
  "Compilation.compute affected modules": {
    "min": 0.0019054545454545457,
    "max": 0.002820727272727273,
    "mean": 0.002468272727272727,
    "median": 0.0025133181818181817,
    "variance": 8.23819570247934e-8,
    "stdDev": 0.00028702257232627785,
    "confidence": 0.0004106186289583886,
    "low": 0.0022629634127935326,
    "high": 0.0026735820417519212,
    "count": 10,
    "base": 641
  },
  "Compilation.finish modules": {
    "min": 36.45783509090909,
    "max": 42.17906463636364,
    "mean": 40.388821754545454,
    "median": 40.73089072727272,
    "variance": 2.5622397212958523,
    "stdDev": 1.6006997598849861,
    "confidence": 2.289984148113703,
    "low": 39.2438296804886,
    "high": 41.533813828602305,
    "count": 10,
    "base": 641
  },
  "Compilation.report dependency errors and warnings": {
    "min": 20.831498545454544,
    "max": 23.549779363636365,
    "mean": 21.936258790909086,
    "median": 21.989127318181815,
    "variance": 0.6037897324516788,
    "stdDev": 0.7770390803889331,
    "confidence": 1.111643308226249,
    "low": 21.380437136795962,
    "high": 22.49208044502221,
    "count": 10,
    "base": 641
  },
  "Compilation.optimize dependencies": {
    "min": 0.998475909090909,
    "max": 1.1417805454545453,
    "mean": 1.0448101,
    "median": 1.0351798636363636,
    "variance": 0.001658109457299914,
    "stdDev": 0.04071989019263085,
    "confidence": 0.05825446182409344,
    "low": 1.0156828690879534,
    "high": 1.0739373309120468,
    "count": 10,
    "base": 641
  },
  "Compilation.create chunks": {
    "min": 37.48050854545455,
    "max": 41.19562709090909,
    "mean": 39.073533127272725,
    "median": 39.025423045454545,
    "variance": 1.1943390192286933,
    "stdDev": 1.0928581880686503,
    "confidence": 1.5634586757189766,
    "low": 38.29180378941324,
    "high": 39.85526246513221,
    "count": 10,
    "base": 641
  },
  "Compilation.compute affected modules with chunk graph": {
    "min": 0.002973909090909091,
    "max": 0.005848090909090909,
    "mean": 0.004060363636363637,
    "median": 0.0038603181818181818,
    "variance": 7.94358327272727e-7,
    "stdDev": 0.0008912678201712025,
    "confidence": 0.001275060589790154,
    "low": 0.00342283334146856,
    "high": 0.004697893931258714,
    "count": 10,
    "base": 641
  },
  "Compilation.optimize": {
    "min": 7.511110000000001,
    "max": 10.236688090909091,
    "mean": 8.927349372727274,
    "median": 8.790273181818181,
    "variance": 0.5740751734900688,
    "stdDev": 0.7576774864611385,
    "confidence": 1.0839443328855793,
    "low": 8.385377206284485,
    "high": 9.469321539170064,
    "count": 10,
    "base": 641
  },
  "Compilation.module hashing": {
    "min": 43.52099509090909,
    "max": 46.94866763636364,
    "mean": 45.599594136363635,
    "median": 45.724923363636364,
    "variance": 1.1264405017947472,
    "stdDev": 1.0613390136025092,
    "confidence": 1.5183668904273588,
    "low": 44.840410691149955,
    "high": 46.358777581577314,
    "count": 10,
    "base": 641
  },
  "Compilation.code generation": {
    "min": 8.437698727272727,
    "max": 10.495661818181818,
    "mean": 9.459481518181818,
    "median": 9.27575081818182,
    "variance": 0.29801639573232064,
    "stdDev": 0.5459087796805623,
    "confidence": 0.7809849686454662,
    "low": 9.068989033859085,
    "high": 9.84997400250455,
    "count": 10,
    "base": 641
  },
  "Compilation.runtime requirements.modules": {
    "min": 4.387566363636363,
    "max": 5.86471590909091,
    "mean": 5.078837063636364,
    "median": 5.0460367727272715,
    "variance": 0.21049695127835394,
    "stdDev": 0.4587994673910966,
    "confidence": 0.6563651309375551,