{
  "stats": {
    "min": 299.1818181818182,
    "max": 323.3636363636364,
    "mean": 307.9772727272727,
    "median": 305.95454545454544,
    "variance": 53.34590220385682,
    "stdDev": 7.30382791444711,
    "confidence": 9.281324294558203,
    "low": 303.3366105799936,
    "high": 312.6179348745518,
    "count": 12,
    "base": 411.9545454545455
  },
  "heap memory": {
    "min": 276620236.3636364,
    "max": 284528309.09090906,
    "mean": 282794141.3333333,
    "median": 283301677.8181818,
    "variance": 3825460787804.7427,
    "stdDev": 1955878.5207176704,
    "confidence": 2485428.605955243,
    "low": 281551427.0303557,
    "high": 284036855.63631094,
    "count": 12,
    "base": 411.9545454545455
  },
  "rss memory": {
    "min": 585163869.0909091,
    "max": 648315997.0909091,
    "mean": 608966904.2424242,
    "median": 600037376,
    "variance": 378860974589874.8,
    "stdDev": 19464351.37860686,
    "confidence": 24734284.4661963,
    "low": 596599762.0093261,
    "high": 621334046.4755224,
    "count": 12,
    "base": 411.9545454545455
  },
  "external memory": {
    "min": 149549754.1818182,
    "max": 152991405.63636363,
    "mean": 152689582.68181813,
    "median": 152975021.63636363,
    "variance": 896341212598.6813,
    "stdDev": 946752.9839396764,
    "confidence": 1203084.40638417,
    "low": 152088040.47862604,
    "high": 153291124.8850102,
    "count": 12,
    "base": 411.9545454545455
  },
  "array buffers memory": {
    "min": 148092880.8181818,
    "max": 151534532.27272728,
    "mean": 151232709.3181818,
    "median": 151518148.27272728,
    "variance": 896341212598.6968,
    "stdDev": 946752.9839396847,
    "confidence": 1203084.40638417,
    "low": 150631167.11498973,
    "high": 151834251.5213739,
    "count": 12,
    "base": 411.9545454545455
  },
  "Compiler.make hook": {
    "min": 83.03746718181819,
    "max": 92.90879381818182,
    "mean": 86.68070890151516,
    "median": 86.27746418181817,
    "variance": 6.492591281384219,
    "stdDev": 2.5480563732743864,
    "confidence": 3.237937393677697,
    "low": 85.06174020467631,
    "high": 88.29967759835401,
    "count": 12,
    "base": 411.9545454545455
  },
  "Compiler.finish make hook": {
    "min": 0.0036367272727272724,
    "max": 0.005491454545454546,
    "mean": 0.004157810606060606,
    "median": 0.003954681818181819,
    "variance": 3.51304840851699e-7,
    "stdDev": 0.0005927097441848742,
    "confidence": 0.0007531846879145492,
    "low": 0.003781218262103331,
    "high": 0.00453440295001788,
    "count": 12,
    "base": 411.9545454545455
  },
  "Compiler.finish compilation": {
    "min": 22.057001181818183,
    "max": 24.119626000000004,
    "mean": 22.98442815151515,
    "median": 22.960247136363638,
    "variance": 0.48729356967163656,
    "stdDev": 0.6980641587072327,
    "confidence": 0.8870635934006899,
    "low": 22.540896354814805,
    "high": 23.427959948215495,
    "count": 12,
    "base": 411.9545454545455
  },
  "Compiler.seal compilation": {
    "min": 145.71923900000002,
    "max": 160.31542145454543,
    "mean": 150.60802900757577,
    "median": 149.0367392727273,
    "variance": 20.985005509112426,
    "stdDev": 4.580939369726741,
    "confidence": 5.821219278735043,
    "low": 147.69741936820824,
    "high": 153.5186386469433,
    "count": 12,
    "base": 411.9545454545455
  },
  "Compiler.afterCompile hook": {
    "min": 0.0032821818181818186,
    "max": 0.004363909090909091,
    "mean": 0.0037956818181818183,
    "median": 0.0037140454545454542,
    "variance": 9.212247314049592e-8,
    "stdDev": 0.00030351684160931814,
    "confidence": 0.00038569340198500116,
    "low": 0.0036028351171893177,
    "high": 0.003988528519174319,
    "count": 12,
    "base": 411.9545454545455
  },
  "Compiler.emitAssets": {
    "min": 39.35139518181818,
    "max": 47.179545636363635,
    "mean": 42.29886053787878,
    "median": 41.58707218181818,
    "variance": 6.668459824469694,
    "stdDev": 2.5823361176403226,
    "confidence": 3.2814983082996747,
    "low": 40.658111383728944,
    "high": 43.93960969202862,
    "count": 12,
    "base": 411.9545454545455
  },
  "Compiler.emitRecords": {
    "min": 0.007027727272727272,
    "max": 0.009255363636363636,
    "mean": 0.00786040909090909,
    "median": 0.007541681818181817,
    "variance": 5.802220268595046e-7,
    "stdDev": 0.0007617230644135076,
    "confidence": 0.0009679580168478752,
    "low": 0.007376430082485152,
    "high": 0.008344388099333027,
    "count": 12,
    "base": 411.9545454545455
  },
  "Compilation.compute affected modules": {
    "min": 0.002300090909090909,
    "max": 0.004054727272727272,
    "mean": 0.002795628787878788,
    "median": 0.0027364545454545454,
    "variance": 2.0116055021808993e-7,
    "stdDev": 0.0004485092532134537,
    "confidence": 0.0005699422107070928,
    "low": 0.0025106576825252415,
    "high": 0.0030805998932323343,
    "count": 12,
    "base": 411.9545454545455
  },
  "Compilation.finish modules": {
    "min": 0.688231,
    "max": 0.8662349090909092,
    "mean": 0.7893926136363637,
    "median": 0.7968845454545456,
    "variance": 0.002562771380848658,
    "stdDev": 0.05062382226628742,
    "confidence": 0.06433011798568034,
    "low": 0.7572275546435235,
    "high": 0.8215576726292039,
    "count": 12,
    "base": 411.9545454545455
  },
  "Compilation.report dependency errors and warnings": {
    "min": 21.22114109090909,
    "max": 23.382828090909086,
    "mean": 22.145033590909083,
    "median": 22.10549422727273,
    "variance": 0.50135882474185,
    "stdDev": 0.7080669634588596,
    "confidence": 0.8997746369579147,
    "low": 21.695146272430126,
    "high": 22.59492090938804,
    "count": 12,
    "base": 411.9545454545455
  },
  "Compilation.optimize dependencies": {
    "min": 0.034048,
    "max": 0.041012,
    "mean": 0.03824131818181819,
    "median": 0.03852554545454546,
    "variance": 0.000005659778569559233,
    "stdDev": 0.002379028913140661,
    "confidence": 0.003023146096489071,
    "low": 0.03672974513357365,
    "high": 0.039752891230062724,
    "count": 12,
    "base": 411.9545454545455
  },
  "Compilation.create chunks": {
    "min": 34.59704563636364,
    "max": 40.98429890909092,
    "mean": 36.986582371212116,
    "median": 36.55593045454546,
    "variance": 2.8585813217432445,
    "stdDev": 1.6907339594812794,
    "confidence": 2.1484967003026583,
    "low": 35.912334021060786,
    "high": 38.060830721363445,
    "count": 12,
    "base": 411.9545454545455
  },
  "Compilation.compute affected modules with chunk graph": {
    "min": 0.0045274545454545454,
    "max": 0.006154818181818183,
    "mean": 0.0049358636363636375,
    "median": 0.004877545454545454,
    "variance": 1.720552059228654e-7,
    "stdDev": 0.0004147953783769359,
    "confidence": 0.000527100373625345,
    "low": 0.004672313449550965,
    "high": 0.00519941382317631,
    "count": 12,
    "base": 411.9545454545455
  },
  "Compilation.optimize": {
    "min": 11.665729545454543,
    "max": 13.873296636363635,
    "mean": 12.519085174242425,
    "median": 12.475089909090908,
    "variance": 0.42095001941596494,
    "stdDev": 0.648806611723374,
    "confidence": 0.824469666919029,
    "low": 12.106850340782911,
    "high": 12.93132000770194,
    "count": 12,
    "base": 411.9545454545455
  },
  "Compilation.module hashing": {
    "min": 50.47863163636364,
    "max": 56.28898827272728,
    "mean": 52.399282916666664,
    "median": 52.134747181818184,
    "variance": 2.8151048582503875,
    "stdDev": 1.677827422070097,
    "confidence": 2.132095744442779,
    "low": 51.333235044445274,
    "high": 53.46533078888805,
    "count": 12,
    "base": 411.9545454545455
  },
  "Compilation.code generation": {
    "min": 11.40942090909091,
    "max": 13.914635727272726,
    "mean": 12.507689416666667,
    "median": 12.271214909090908,
    "variance": 0.7117892668892883,
    "stdDev": 0.8436760438043078,
    "confidence": 1.0720995967893607,
    "low": 11.971639618271986,