{
  "stats": {
    "min": 10379,
    "max": 11049,
    "mean": 10690.217391304348,
    "median": 10700,
    "variance": 24104.60491493384,
    "stdDev": 155.25657768653102,
    "confidence": 134.2841759793264,
    "low": 10623.075303314685,
    "high": 10757.359479294011,
    "count": 23,
    "base": 11292
  },
  "heap memory": {
    "min": 238804640,
    "max": 261516504,
    "mean": 250068552.6956522,
    "median": 250498752,
    "variance": 40487914661648.2,
    "stdDev": 6363011.445978091,
    "confidence": 5503481.794474244,
    "low": 247316811.79841506,
    "high": 252820293.5928893,
    "count": 23,
    "base": 11292
  },
  "rss memory": {
    "min": 607924224,
    "max": 640503808,
    "mean": 627736041.7391304,
    "median": 629690368,
    "variance": 88020718828360.11,
    "stdDev": 9381935.771916162,
    "confidence": 8114603.149158716,
    "low": 623678740.164551,
    "high": 631793343.3137097,
    "count": 23,
    "base": 11292
  },
  "external memory": {
    "min": 107722811,
    "max": 107821115,
    "mean": 107775524.73913044,
    "median": 107780155,
    "variance": 763442615.4102083,
    "stdDev": 27630.465349143295,
    "confidence": 23898.08101287484,
    "low": 107763575.698624,
    "high": 107787473.77963687,
    "count": 23,
    "base": 11292
  },
  "array buffers memory": {
    "min": 82655846,
    "max": 82754150,
    "mean": 82708559.73913044,
    "median": 82713190,
    "variance": 763442615.4102083,
    "stdDev": 27630.465349143295,
    "confidence": 23898.08101287484,
    "low": 82696610.698624,
    "high": 82720508.77963687,
    "count": 23,
    "base": 11292
  },
  "Compiler.make hook": {
    "min": 8137.468289,
    "max": 8772.5247,
    "mean": 8413.521926913045,
    "median": 8388.383293,
    "variance": 22049.094159056935,
    "stdDev": 148.48937389273664,
    "confidence": 128.43110103284198,
    "low": 8349.306376396624,
    "high": 8477.737477429466,
    "count": 23,
    "base": 11292
  },
  "Compiler.finish make hook": {
    "min": 0.1219,
    "max": 0.2088,
    "mean": 0.14865213043478262,
    "median": 0.148,
    "variance": 0.000529969638982987,
    "stdDev": 0.02302106945784637,
    "confidence": 0.019911332507607793,
    "low": 0.13869646418097872,
    "high": 0.15860779668858652,
    "count": 23,
    "base": 11292
  },
  "Compiler.finish compilation": {
    "min": 209.869415,
    "max": 257.374598,
    "mean": 233.75458443478266,
    "median": 233.171292,
    "variance": 168.74675074517663,
    "stdDev": 12.99025599228809,
    "confidence": 11.235503498002572,
    "low": 228.13683268578137,
    "high": 239.37233618378394,
    "count": 23,
    "base": 11292
  },
  "Compiler.seal compilation": {
    "min": 1532.977991,
    "max": 1822.127865,
    "mean": 1622.0713349565212,
    "median": 1599.61245,
    "variance": 5705.42628269156,
    "stdDev": 75.5342722391072,
    "confidence": 65.33093577720047,
    "low": 1589.405867067921,
    "high": 1654.7368028451215,
    "count": 23,
    "base": 11292
  },
  "Compiler.afterCompile hook": {
    "min": 0.0746,
    "max": 8.1586,
    "mean": 0.45571739130434785,
    "median": 0.0934,
    "variance": 2.698665095349716,
    "stdDev": 1.642761423746527,
    "confidence": 1.1661441809628912,
    "low": 0,
    "high": 1.1661441809628912,
    "count": 23,
    "base": 11292
  },
  "Compiler.emitAssets": {
    "min": 236.363895,
    "max": 472.487599,
    "mean": 402.16856808695655,
    "median": 419.288597,
    "variance": 4592.441781292204,
    "stdDev": 67.76755699663522,
    "confidence": 58.61336559793767,
    "low": 372.8618852879877,
    "high": 431.4752508859254,
    "count": 23,
    "base": 11292
  },
  "Compiler.emitRecords": {
    "min": 0.0982,
    "max": 0.3632,
    "mean": 0.1341782608695652,
    "median": 0.1115,
    "variance": 0.004154166918714557,
    "stdDev": 0.0644528270808547,
    "confidence": 0.05574639672636228,
    "low": 0.10630506250638405,
    "high": 0.16205145923274633,
    "count": 23,
    "base": 11292
  },
  "FlagDependencyExportsPlugin.restore cached provided exports": {
    "min": 13.5863,
    "max": 27.355299,
    "mean": 15.764820652173912,
    "median": 15.051799,
    "variance": 6.843327959916399,
    "stdDev": 2.6159755273924867,
    "confidence": 2.262603770561288,
    "low": 14.633518766893268,
    "high": 16.896122537454556,
    "count": 23,
    "base": 11292
  },
  "FlagDependencyExportsPlugin.figure out provided exports": {
    "min": 134.282768,
    "max": 172.019898,
    "mean": 151.23766908695652,
    "median": 148.851099,
    "variance": 95.03415783140666,
    "stdDev": 9.748546447107213,
    "confidence": 8.4316912439553,
    "low": 147.02182346497887,
    "high": 155.45351470893416,
    "count": 23,
    "base": 11292
  },
  "FlagDependencyExportsPlugin.store provided exports into cache": {
    "min": 12.8856,
    "max": 26.168099,
    "mean": 17.389607260869564,
    "median": 16.5388,
    "variance": 12.48057283856176,
    "stdDev": 3.532785422094266,
    "confidence": 3.0555689580864964,
    "low": 15.861822781826316,
    "high": 18.917391739912812,
    "count": 23,
    "base": 11292
  },
  "Compilation.finish modules": {
    "min": 170.720512,
    "max": 204.759798,
    "mean": 187.16877508695651,
    "median": 187.027098,
    "variance": 116.44215236790824,
    "stdDev": 10.790836499915484,
    "confidence": 9.333186452457198,
    "low": 182.50218186072792,
    "high": 191.8353683131851,
    "count": 23,
    "base": 11292
  },
  "Compilation.report dependency errors and warnings": {
    "min": 38.902703,
    "max": 65.371799,
    "mean": 46.34240065217391,
    "median": 44.9692,
    "variance": 43.877740066196566,
    "stdDev": 6.624027480785128,
    "confidence": 5.7292392063258575,
    "low": 43.47778104901098,
    "high": 49.207020255336836,
    "count": 23,
    "base": 11292
  },
  "Compilation.optimize dependencies": {
    "min": 1.2257,
    "max": 1.725,
    "mean": 1.3992912173913044,
    "median": 1.3619,
    "variance": 0.018900898757822308,
    "stdDev": 0.1374805395604131,
    "confidence": 0.11890936437706223,
    "low": 1.3398365352027732,
    "high": 1.4587458995798355,
    "count": 23,
    "base": 11292
  },
  "Compilation.create chunks": {
    "min": 104.808698,
    "max": 140.952303,
    "mean": 118.17986104347827,
    "median": 115.544599,
    "variance": 99.17891608929892,
    "stdDev": 9.958861184357321,
    "confidence": 8.613596201598796,
    "low": 113.87306294267887,
    "high": 122.48665914427767,
    "count": 23,
    "base": 11292
  },
  "Compilation.optimize": {
    "min": 98.481399,
    "max": 121.958897,
    "mean": 105.3657368695652,
    "median": 105.6441,
    "variance": 24.44898552871924,
    "stdDev": 4.9445915431630185,
    "confidence": 4.276665187536196,
    "low": 103.2274042757971,
    "high": 107.5040694633333,
    "count": 23,
    "base": 11292
  },
  "Compilation.module hashing": {
    "min": 190.669599,
    "max": 217.136899,
    "mean": 206.04152630434783,
    "median": 205.921393,
    "variance": 47.593100375446035,
    "stdDev": 6.898775280833985,
    "confidence": 5.966873466216498,
    "low": 203.05808957123958,
    "high": 209.02496303745608,
    "count": 23,
    "base": 11292
  },
  "Compilation.code generation": {
    "min": 704.083494,
    "max": 804.224554,
    "mean": 736.3947412173912,
    "median": 731.221875,
    "variance": 591.7616091618332,
    "stdDev": 24.3261507263651,
    "confidence": 21.040120513504235,
    "low": 725.8746809606391,
    "high": 746.9148014741434,
    "count": 23,
    "base": 11292
  },
  "Compilation.runtime requirements": {
    "min": 20.474699,
    "max": 45.625297,
    "mean": 28.105915826086957,
    "median": 25.7952,
    "variance": 49.44694348045153,
    "stdDev": 7.0318520661666035,
    "confidence": 6.081973945221328,
    "low": 25.064928853476292,
    "high": 31.14690279869762,
    "count": 23,
    "base": 11292
  },
  "Compilation.hashing: initialize hash": {
    "min": 0.0054,
    "max": 0.007,