{
  "cache.PackFileCacheStrategy.restore cache container": {
    "min": 37.209977,
    "max": 42.768726,
    "mean": 39.2407443,
    "median": 39.0888995,
    "variance": 1.7505725027058108,
    "stdDev": 1.3230920235213464,
    "confidence": 0.9879904163252036,
    "low": 38.7467490918374,
    "high": 39.734739508162605,
    "count": 30,
    "base": 2736.5
  },
  "cache.PackFileCacheStrategy.check build dependencies": {
    "min": 68.441744,
    "max": 76.012385,
    "mean": 71.82388993333332,
    "median": 71.528952,
    "variance": 5.497780522687728,
    "stdDev": 2.3447346380108196,
    "confidence": 1.7508799917143847,
    "low": 70.94844993747613,
    "high": 72.69932992919051,
    "count": 30,
    "base": 2736.5
  },
  "cache.PackFileCacheStrategy.restore cache content metadata": {
    "min": 79.651645,
    "max": 93.358822,
    "mean": 86.48689636666664,
    "median": 86.12551,
    "variance": 15.298818020007497,
    "stdDev": 3.9113703506581294,
    "confidence": 2.920731402237493,
    "low": 85.0265306655479,
    "high": 87.94726206778539,
    "count": 30,
    "base": 2736.5
  },
  "cache.PackFileCacheStrategy.restore cache content": {
    "min": 615.747174,
    "max": 671.095093,
    "mean": 641.1947643666667,
    "median": 644.614737,
    "variance": 234.53798588680678,
    "stdDev": 15.314633064060228,
    "confidence": 11.435871751806644,
    "low": 635.4768284907634,
    "high": 646.91270024257,
    "count": 30,
    "base": 2736.5
  },
  "stats": {
    "min": 2690,
    "max": 2860,
    "mean": 2762.9,
    "median": 2758.5,
    "variance": 1313.6899999999998,
    "stdDev": 36.24486170479893,
    "confidence": 27.065068316312136,
    "low": 2749.367465841844,
    "high": 2776.432534158156,
    "count": 30,
    "base": 2736.5
  },
  "heap memory": {
    "min": 253085056,
    "max": 281485288,
    "mean": 262772334.13333333,
    "median": 257775780,
    "variance": 105493247222309.06,
    "stdDev": 10270990.566752024,
    "confidence": 7669640.558417141,
    "low": 258937513.85412475,
    "high": 266607154.4125419,
    "count": 30,
    "base": 2736.5
  },
  "rss memory": {
    "min": 484179968,
    "max": 516833280,
    "mean": 496176469.3333333,
    "median": 490907648,
    "variance": 131038763309829.69,
    "stdDev": 11447216.400061183,
    "confidence": 8547961.816564202,
    "low": 491902488.4250512,
    "high": 500450450.2416154,
    "count": 30,
    "base": 2736.5
  },
  "external memory": {
    "min": 167603605,
    "max": 170816169,
    "mean": 168460288.73333332,
    "median": 167603605,
    "variance": 2018244302134.3286,
    "stdDev": 1420649.253733774,
    "confidence": 1060839.172707677,
    "low": 167929869.14697948,
    "high": 168990708.31968716,
    "count": 30,
    "base": 2736.5
  },
  "array buffers memory": {
    "min": 149567578,
    "max": 152780142,
    "mean": 150424261.73333332,
    "median": 149567578,
    "variance": 2018244302134.3286,
    "stdDev": 1420649.253733774,
    "confidence": 1060839.172707677,
    "low": 149893842.14697948,
    "high": 150954681.31968716,
    "count": 30,
    "base": 2736.5
  },
  "Compiler.make hook": {
    "min": 1905.912903,
    "max": 2024.199997,
    "mean": 1966.094877266667,
    "median": 1964.7990635,
    "variance": 730.3530026980006,
    "stdDev": 27.02504399067651,
    "confidence": 20.18036840135528,
    "low": 1956.0046930659894,
    "high": 1976.1850614673447,
    "count": 30,
    "base": 2736.5
  },
  "Compiler.finish make hook": {
    "min": 0.128806,
    "max": 0.522724,
    "mean": 0.1498712333333333,
    "median": 0.13305650000000002,
    "variance": 0.005039542682645555,
    "stdDev": 0.07098973645989648,
    "confidence": 0.05301005374755596,
    "low": 0.12336620645955532,
    "high": 0.17637626020711128,
    "count": 30,
    "base": 2736.5
  },
  "Compiler.finish compilation": {
    "min": 190.942764,
    "max": 238.588217,
    "mean": 209.4529026333333,
    "median": 207.72828099999998,
    "variance": 115.20737161430654,
    "stdDev": 10.733469691311685,
    "confidence": 8.014986864412776,
    "low": 205.44540920112692,
    "high": 213.4603960655397,
    "count": 30,
    "base": 2736.5
  },
  "Compiler.seal compilation": {
    "min": 531.812184,
    "max": 591.052471,
    "mean": 553.3331365,
    "median": 552.359854,
    "variance": 153.88182879921072,
    "stdDev": 12.404911478894588,
    "confidence": 9.263099949685738,
    "low": 548.7015865251572,
    "high": 557.9646864748429,
    "count": 30,
    "base": 2736.5
  },
  "Compiler.afterCompile hook": {
    "min": 0.084304,
    "max": 0.295013,
    "mean": 0.09676846666666668,
    "median": 0.08855550000000001,
    "variance": 0.001387796314115556,
    "stdDev": 0.03725313831230271,
    "confidence": 0.027817977114422743,
    "low": 0.0828594781094553,
    "high": 0.11067745522387805,
    "count": 30,
    "base": 2736.5
  },
  "Compiler.emitAssets": {
    "min": 15.477233,
    "max": 18.320368,
    "mean": 16.659158433333328,
    "median": 16.613504,
    "variance": 0.4043972083115788,
    "stdDev": 0.6359223288355103,
    "confidence": 0.4748612758956341,
    "low": 16.42172779538551,
    "high": 16.896589071281145,
    "count": 30,
    "base": 2736.5
  },
  "Compiler.emitRecords": {
    "min": 0.106505,
    "max": 0.151307,
    "mean": 0.11468613333333336,
    "median": 0.113155,
    "variance": 0.00007458483384888889,
    "stdDev": 0.008636251145542775,
    "confidence": 0.006448934173198945,
    "low": 0.11146166624673388,
    "high": 0.11791060041993283,
    "count": 30,
    "base": 2736.5
  },
  "FlagDependencyExportsPlugin.restore cached provided exports": {
    "min": 28.676241,
    "max": 48.098379,
    "mean": 35.35320823333333,
    "median": 35.0903965,
    "variance": 24.759061561786453,
    "stdDev": 4.975847823415267,
    "confidence": 3.715606983664628,
    "low": 33.49540474150102,
    "high": 37.21101172516565,
    "count": 30,
    "base": 2736.5
  },
  "FlagDependencyExportsPlugin.figure out provided exports": {
    "min": 104.043432,
    "max": 143.706757,
    "mean": 124.09830493333332,
    "median": 123.8830205,
    "variance": 133.5596520251527,
    "stdDev": 11.556801115583529,
    "confidence": 8.629791838049456,
    "low": 119.78340901430859,
    "high": 128.41320085235805,
    "count": 30,
    "base": 2736.5
  },
  "FlagDependencyExportsPlugin.store provided exports into cache": {
    "min": 0.071704,
    "max": 0.133006,
    "mean": 0.08234446666666666,
    "median": 0.08030499999999999,
    "variance": 0.0001256060479155556,
    "stdDev": 0.011207410401852677,
    "confidence": 0.008368891862399724,
    "low": 0.0781600207354668,
    "high": 0.08652891259786652,
    "count": 30,
    "base": 2736.5
  },
  "Compilation.finish modules": {
    "min": 139.493212,
    "max": 188.533264,
    "mean": 162.4371937,
    "median": 162.6472165,
    "variance": 141.41314118240658,
    "stdDev": 11.891725744500105,
    "confidence": 8.879889577041297,
    "low": 157.99724891147935,
    "high": 166.87713848852064,
    "count": 30,
    "base": 2736.5
  },
  "Compilation.report dependency errors and warnings": {
    "min": 39.017409,
    "max": 58.1558,
    "mean": 46.55905429999999,
    "median": 44.185539500000004,
    "variance": 26.023176561743217,
    "stdDev": 5.101291656212495,
    "confidence": 3.809279458736242,
    "low": 44.65441457063187,
    "high": 48.46369402936811,
    "count": 30,
    "base": 2736.5
  },
  "Compilation.optimize dependencies": {
    "min": 1.120155,
    "max": 4.676623,
    "mean": 1.447709666666667,
    "median": 1.195475,
    "variance": 0.7226278020833555,
    "stdDev": 0.8500751743718643,
    "confidence": 0.6347752918955014,
    "low": 1.1303220207189162,
    "high": 1.7650973126144176,
    "count": 30,
    "base": 2736.5
  },
  "Compilation.create chunks": {
    "min": 106.873966,
    "max": 124.864211,
    "mean": 115.38664773333332,
    "median": 115.267062,
    "variance": 17.59820044017665,
    "stdDev": 4.1950209105768055,