{
  "stats": {
    "min": 428.6363636363636,
    "max": 447.09090909090907,
    "mean": 436.3272727272727,
    "median": 434.0909090909091,
    "variance": 42.80694214876024,
    "stdDev": 6.5427014412060895,
    "confidence": 9.360082984756104,
    "low": 431.64723123489466,
    "high": 441.00731421965077,
    "count": 10,
    "base": 509.3636363636364
  },
  "heap memory": {
    "min": 5890143824,
    "max": 5991680368,
    "mean": 5948182360,
    "median": 5947864864,
    "variance": 923215792072256,
    "stdDev": 30384466.295662593,
    "confidence": 43468455.4278698,
    "low": 5926448132.286065,
    "high": 5969916587.713935,
    "count": 10,
    "base": 509.3636363636364
  },
  "rss memory": {
    "min": 7588528128,
    "max": 7841157120,
    "mean": 7702072115.2,
    "median": 7664949248,
    "variance": 8363761896217642,
    "stdDev": 91453605.15702835,
    "confidence": 130834845.70054054,
    "low": 7636654692.34973,
    "high": 7767489538.05027,
    "count": 10,
    "base": 509.3636363636364
  },
  "external memory": {
    "min": 372915055,
    "max": 430663616,
    "mean": 384469872.6,
    "median": 372915055,
    "variance": 533465704002710,
    "stdDev": 23096876.49884092,
    "confidence": 33042724.425151348,
    "low": 367948510.38742435,
    "high": 400991234.8125757,
    "count": 10,
    "base": 509.3636363636364
  },
  "array buffers memory": {
    "min": 148255550,
    "max": 148305970,
    "mean": 148260782.2,
    "median": 148255550,
    "variance": 226962309.95999998,
    "stdDev": 15065.268333488122,
    "confidence": 21552.590020537376,
    "low": 148250005.90498972,
    "high": 148271558.49501026,
    "count": 10,
    "base": 509.3636363636364
  },
  "buildChunkGraph.visitModules.prepare": {
    "min": 15.829037999999999,
    "max": 17.575514363636362,
    "mean": 16.67895258181818,
    "median": 16.640328681818183,
    "variance": 0.2971512405405589,
    "stdDev": 0.5451158047062651,
    "confidence": 0.7798505272177252,
    "low": 16.289027318209317,
    "high": 17.068877845427043,
    "count": 10,
    "base": 509.3636363636364
  },
  "buildChunkGraph.visitModules.visiting": {
    "min": 4.366168181818183,
    "max": 4.722544636363637,
    "mean": 4.565248563636364,
    "median": 4.576802545454546,
    "variance": 0.012802804156044281,
    "stdDev": 0.11314947704715334,
    "confidence": 0.16187327273913787,
    "low": 4.484311927266795,
    "high": 4.646185200005933,
    "count": 10,
    "base": 509.3636363636364
  },
  "exec": {
    "min": 1002.6363636363636,
    "max": 1024.7272727272727,
    "mean": 1011.009090909091,
    "median": 1007.4090909090909,
    "variance": 52.57595041322327,
    "stdDev": 7.250927555369952,
    "confidence": 10.373281471667724,
    "low": 1005.8224501732572,
    "high": 1016.1957316449249,
    "count": 10,
    "base": 509.3636363636364
  },
  "main.js size": {
    "min": 19249310,
    "max": 19249310,
    "mean": 19249310,
    "median": 19249310,
    "variance": 0,
    "stdDev": 0,
    "confidence": 0,
    "low": 19249310,
    "high": 19249310,
    "count": 10,
    "base": 509.3636363636364
  },
  "main.js gzip size": {
    "min": 2773634,
    "max": 2773634,
    "mean": 2773634,
    "median": 2773634,
    "variance": 0,
    "stdDev": 0,
    "confidence": 0,
    "low": 2773634,
    "high": 2773634,
    "count": 10,
    "base": 509.3636363636364
  }
}