{
  "stats": {
    "min": 10246,
    "max": 10780,
    "mean": 10484.583333333334,
    "median": 10479,
    "variance": 20589.24305555556,
    "stdDev": 143.48952245915225,
    "confidence": 121.20067979164742,
    "low": 10423.98299343751,
    "high": 10545.183673229158,
    "count": 24,
    "base": 11644
  },
  "heap memory": {
    "min": 303738088,
    "max": 594255800,
    "mean": 477166093.6666667,
    "median": 543088876,
    "variance": 12665225059521746,
    "stdDev": 112539882.0841827,
    "confidence": 95058579.73816586,
    "low": 429636803.79758376,
    "high": 524695383.5357496,
    "count": 24,
    "base": 11644
  },
  "rss memory": {
    "min": 681050112,
    "max": 794877952,
    "mean": 755179861.3333334,
    "median": 754976768,
    "variance": 484656136031800.94,
    "stdDev": 22014907.13202763,
    "confidence": 18595237.228636503,
    "low": 745882242.7190151,
    "high": 764477479.9476516,
    "count": 24,
    "base": 11644
  },
  "external memory": {
    "min": 107647455,
    "max": 107680223,
    "mean": 107664180.33333333,
    "median": 107663839,
    "variance": 41826531.55555558,
    "stdDev": 6467.343469737446,
    "confidence": 5462.743282884359,
    "low": 107661448.96169189,
    "high": 107666911.70497477,
    "count": 24,
    "base": 11644
  },
  "array buffers memory": {
    "min": 106187502,
    "max": 106220270,
    "mean": 106204227.33333333,
    "median": 106203886,
    "variance": 41826531.55555558,
    "stdDev": 6467.343469737446,
    "confidence": 5462.743282884359,
    "low": 106201495.96169189,
    "high": 106206958.70497477,
    "count": 24,
    "base": 11644
  },
  "Compiler.make hook": {
    "min": 7949.875471,
    "max": 8306.925166,
    "mean": 8106.637109958334,
    "median": 8109.0971795000005,
    "variance": 8047.457842400118,
    "stdDev": 89.70762421555995,
    "confidence": 75.77295436685745,
    "low": 8068.750632774905,
    "high": 8144.523587141763,
    "count": 24,
    "base": 11644
  },
  "Compiler.finish make hook": {
    "min": 0.086202,
    "max": 0.147703,
    "mean": 0.09335608333333333,
    "median": 0.091052,
    "variance": 0.00013868436690972223,
    "stdDev": 0.011776432690323595,
    "confidence": 0.009947148914612236,
    "low": 0.08838250887602721,
    "high": 0.09832965779063944,
    "count": 24,
    "base": 11644
  },
  "Compiler.finish compilation": {
    "min": 91.662523,
    "max": 116.146206,
    "mean": 99.54992191666668,
    "median": 92.4567825,
    "variance": 56.81987898581727,
    "stdDev": 7.53789619096849,
    "confidence": 6.367002460436225,
    "low": 96.36642068644856,
    "high": 102.73342314688479,
    "count": 24,
    "base": 11644
  },
  "Compiler.seal compilation": {
    "min": 1769.929787,
    "max": 1899.742022,
    "mean": 1829.1284586666663,
    "median": 1831.230241,
    "variance": 686.3024831751391,
    "stdDev": 26.19737550166312,
    "confidence": 22.128024856047887,
    "low": 1818.0644462386424,
    "high": 1840.1924710946903,
    "count": 24,
    "base": 11644
  },
  "Compiler.afterCompile hook": {
    "min": 0.063301,
    "max": 0.202405,
    "mean": 0.088472875,
    "median": 0.075902,
    "variance": 0.0011166603774427084,
    "stdDev": 0.033416468656078974,
    "confidence": 0.02822574532231767,
    "low": 0.07436000233884117,
    "high": 0.10258574766115884,
    "count": 24,
    "base": 11644
  },
  "Compiler.emitAssets": {
    "min": 266.408889,
    "max": 590.395963,
    "mean": 428.87213174999994,
    "median": 402.21799699999997,
    "variance": 10904.54095394504,
    "stdDev": 104.4248100498394,
    "confidence": 88.20405663247652,
    "low": 384.7701034337617,
    "high": 472.9741600662382,
    "count": 24,
    "base": 11644
  },
  "Compiler.emitRecords": {
    "min": 0.074802,
    "max": 0.108503,
    "mean": 0.08216425000000001,
    "median": 0.0809015,
    "variance": 0.000048509891937500006,
    "stdDev": 0.006964904302106383,
    "confidence": 0.005883015858104634,
    "low": 0.07922274207094769,
    "high": 0.08510575792905233,
    "count": 24,
    "base": 11644
  },
  "Compilation.compute affected modules": {
    "min": 0.252706,
    "max": 0.285007,
    "mean": 0.2609267916666667,
    "median": 0.259006,
    "variance": 0.000057382234498263933,
    "stdDev": 0.007575106236764204,
    "confidence": 0.0063984325102979245,
    "low": 0.25772757541151775,
    "high": 0.2641260079218157,
    "count": 24,
    "base": 11644
  },
  "Compilation.finish modules": {
    "min": 1.883543,
    "max": 2.484056,
    "mean": 2.1078015000000003,
    "median": 2.1070975,
    "variance": 0.009500054001583326,
    "stdDev": 0.09746822046997332,
    "confidence": 0.08232806393516068,
    "low": 2.06663746803242,
    "high": 2.1489655319675807,
    "count": 24,
    "base": 11644
  },
  "Compilation.report dependency errors and warnings": {
    "min": 88.732459,
    "max": 113.190139,
    "mean": 96.610410125,
    "median": 89.598518,
    "variance": 56.222085287357025,
    "stdDev": 7.498138788216515,
    "confidence": 6.333420745494919,
    "low": 93.44369975225254,
    "high": 99.77712049774746,
    "count": 24,
    "base": 11644
  },
  "Compilation.optimize dependencies": {
    "min": 0.138603,
    "max": 0.280506,
    "mean": 0.1861917916666667,
    "median": 0.179054,
    "variance": 0.0010149643183315971,
    "stdDev": 0.031858504646822286,
    "confidence": 0.02690978654165771,
    "low": 0.17273689839583783,
    "high": 0.19964668493749554,
    "count": 24,
    "base": 11644
  },
  "Compilation.create chunks": {
    "min": 165.698539,
    "max": 192.920454,
    "mean": 175.986670375,
    "median": 174.4867865,
    "variance": 44.333018809362294,
    "stdDev": 6.658304499597649,
    "confidence": 5.624041517322212,
    "low": 173.17464961633888,
    "high": 178.7986911336611,
    "count": 24,
    "base": 11644
  },
  "Compilation.compute affected modules with chunk graph": {
    "min": 0.162304,
    "max": 0.211705,
    "mean": 0.20165879166666667,
    "median": 0.20465450000000002,
    "variance": 0.0001543050985815972,
    "stdDev": 0.0124219603356957,
    "confidence": 0.010492403983432153,
    "low": 0.1964125896749506,
    "high": 0.20690499365838275,
    "count": 24,
    "base": 11644
  },
  "Compilation.optimize": {
    "min": 122.303949,
    "max": 135.13253,
    "mean": 128.52598387499998,
    "median": 128.6434055,
    "variance": 16.518707540859857,
    "stdDev": 4.064321289078886,
    "confidence": 3.4329928393778886,
    "low": 126.80948745531104,
    "high": 130.24248029468893,
    "count": 24,
    "base": 11644
  },
  "Compilation.module hashing": {
    "min": 201.769654,
    "max": 230.665387,
    "mean": 210.75688704166666,
    "median": 209.47155750000002,
    "variance": 44.861458359927134,
    "stdDev": 6.697869688186471,
    "confidence": 5.657460875550385,
    "low": 207.92815660389147,
    "high": 213.58561747944185,
    "count": 24,
    "base": 11644
  },
  "Compilation.code generation": {
    "min": 738.813408,
    "max": 804.624195,
    "mean": 772.86529575,
    "median": 770.711196,
    "variance": 284.69522791109205,
    "stdDev": 16.87291403140228,
    "confidence": 14.25197196021145,
    "low": 765.7393097698942,
    "high": 779.9912817301057,
    "count": 24,
    "base": 11644
  },
  "Compilation.runtime requirements.modules": {
    "min": 29.83107,
    "max": 40.487093,
    "mean": 37.50249125,
    "median": 37.728297999999995,
    "variance": 5.904315014047936,
    "stdDev": 2.4298796295388656,
    "confidence": 2.0524360097150804,
    "low": 36.47627324514246,
    "high": 38.52870925485754,
    "count": 24,
    "base": 11644
  },
  "Compilation.runtime requirements.chunks": {
    "min": 10.120327,
    "max": 17.954404,
    "mean": 10.877298291666667,
    "median": 10.474636,
    "variance": 2.4368779875781232,
    "stdDev": 1.5610502834880506,
    "confidence": 1.318565650684036,
    "low": 10.21801546632465,
    "high": 11.536581117008685,
    "count": 24,
    "base": 11644
  },