{
  "stats": {
    "min": 376.1818181818182,
    "max": 418.6363636363636,
    "mean": 389.6454545454545,
    "median": 388.8636363636364,
    "variance": 129.89495867768582,
    "stdDev": 11.397146953412763,
    "confidence": 16.30492270387606,
    "low": 381.4929931935165,
    "high": 397.79791589739256,
    "count": 10,
    "base": 411.4545454545455
  },
  "heap memory": {
    "min": 371707556.3636364,
    "max": 375140856.72727275,
    "mean": 373459201.3090909,
    "median": 373375368.3636364,
    "variance": 1256732057853.435,
    "stdDev": 1121040.6138287028,
    "confidence": 1603776.8602175713,
    "low": 372657312.8789821,
    "high": 374261089.7391997,
    "count": 10,
    "base": 411.4545454545455
  },
  "rss memory": {
    "min": 661452613.8181819,
    "max": 703336075.6363636,
    "mean": 677434014.2545455,
    "median": 675693661.0909091,
    "variance": 97722234749908.12,
    "stdDev": 9885455.717866937,
    "confidence": 14142275.43360281,
    "low": 670362876.537744,
    "high": 684505151.9713469,
    "count": 10,
    "base": 411.4545454545455
  },
  "external memory": {
    "min": 154041975.63636363,
    "max": 154066551.63636363,
    "mean": 154047710.0363636,
    "median": 154041975.63636363,
    "variance": 67779952.63999999,
    "stdDev": 8232.858108822233,
    "confidence": 11778.045474469662,
    "low": 154041821.01362637,
    "high": 154053599.05910084,
    "count": 10,
    "base": 411.4545454545455
  },
  "array buffers memory": {
    "min": 131154336.27272727,
    "max": 131178912.27272727,
    "mean": 131160070.67272727,
    "median": 131154336.27272727,
    "variance": 67779952.64,
    "stdDev": 8232.858108822233,
    "confidence": 11778.04547443986,
    "low": 131154181.64999005,
    "high": 131165959.69546449,
    "count": 10,
    "base": 411.4545454545455
  },
  "Compiler.make hook": {
    "min": 132.23081245454546,
    "max": 145.31202436363637,
    "mean": 136.95932433636364,
    "median": 136.7933429090909,
    "variance": 13.014697951639084,
    "stdDev": 3.6075889388397737,
    "confidence": 5.161068733743662,
    "low": 134.3787899694918,
    "high": 139.53985870323547,
    "count": 10,
    "base": 411.4545454545455
  },
  "Compiler.finish make hook": {
    "min": 0.003718272727272727,
    "max": 0.005018272727272728,
    "mean": 0.004295490909090908,
    "median": 0.004295545454545455,
    "variance": 1.9227124165289264e-7,
    "stdDev": 0.00043848744754313395,
    "confidence": 0.0006273064625765701,
    "low": 0.003981837677802623,
    "high": 0.004609144140379193,
    "count": 10,
    "base": 411.4545454545455
  },
  "Compiler.finish compilation": {
    "min": 55.03077627272728,
    "max": 60.95151954545454,
    "mean": 57.54246526363636,
    "median": 57.81700886363636,
    "variance": 2.8446353654234793,
    "stdDev": 1.6866046855809098,
    "confidence": 2.4128809730015206,
    "low": 56.3360247771356,
    "high": 58.74890575013712,
    "count": 10,
    "base": 411.4545454545455
  },
  "Compiler.seal compilation": {
    "min": 142.986298,
    "max": 162.91793345454542,
    "mean": 150.51431690909092,
    "median": 150.33411786363638,
    "variance": 27.82925463153304,
    "stdDev": 5.275344029684987,
    "confidence": 7.54698320482845,
    "low": 146.7408253066767,
    "high": 154.28780851150515,
    "count": 10,
    "base": 411.4545454545455
  },
  "Compiler.afterCompile hook": {
    "min": 0.003136363636363636,
    "max": 0.0046,
    "mean": 0.0036881818181818183,
    "median": 0.0036363636363636364,
    "variance": 1.6899553884297521e-7,
    "stdDev": 0.0004110906698563897,
    "confidence": 0.0005881122375355494,
    "low": 0.0033941256994140436,
    "high": 0.003982237936949593,
    "count": 10,
    "base": 411.4545454545455
  },
  "Compiler.emitAssets": {
    "min": 35.92752945454545,
    "max": 44.012938999999996,
    "mean": 39.52026423636364,
    "median": 39.236264590909094,
    "variance": 4.169399086605137,
    "stdDev": 2.041910646087418,
    "confidence": 2.921186801290432,
    "low": 38.05967083571842,
    "high": 40.98085763700885,
    "count": 10,
    "base": 411.4545454545455
  },
  "Compiler.emitRecords": {
    "min": 0.004545454545454546,
    "max": 0.005809090909090909,
    "mean": 0.0050718181818181825,
    "median": 0.004990909090909091,
    "variance": 1.885198347107438e-7,
    "stdDev": 0.00043418870864031435,
    "confidence": 0.0006211566247424933,
    "low": 0.004761239869446936,
    "high": 0.005382396494189429,
    "count": 10,
    "base": 411.4545454545455
  },
  "FlagDependencyExportsPlugin.restore cached provided exports": {
    "min": 7.533922636363636,
    "max": 9.141132272727273,
    "mean": 8.206791763636364,
    "median": 8.10869109090909,
    "variance": 0.21412378558134418,
    "stdDev": 0.462735113840893,
    "confidence": 0.6619955234749169,
    "low": 7.875794001898906,
    "high": 8.537789525373823,
    "count": 10,
    "base": 411.4545454545455
  },
  "FlagDependencyExportsPlugin.figure out provided exports": {
    "min": 30.854063181818187,
    "max": 34.543718090909096,
    "mean": 32.443007672727276,
    "median": 32.03146613636363,
    "variance": 1.0540674376846506,
    "stdDev": 1.0266778646121921,
    "confidence": 1.4687801510947196,
    "low": 31.708617597179916,
    "high": 33.177397748274636,
    "count": 10,
    "base": 411.4545454545455
  },
  "FlagDependencyExportsPlugin.store provided exports into cache": {
    "min": 0.00826390909090909,
    "max": 0.014054545454545457,
    "mean": 0.012448245454545455,
    "median": 0.01294559090909091,
    "variance": 0.0000024321148711570245,
    "stdDev": 0.001559523924522168,
    "confidence": 0.0022310774045573925,
    "low": 0.011332706752266759,
    "high": 0.013563784156824151,
    "count": 10,
    "base": 411.4545454545455
  },
  "Compilation.finish modules": {
    "min": 39.33636154545455,
    "max": 44.19699381818182,
    "mean": 41.53393782727272,
    "median": 41.47299136363637,
    "variance": 1.7996984646375698,
    "stdDev": 1.3415284061985306,
    "confidence": 1.9192098739738697,
    "low": 40.57433289028579,
    "high": 42.49354276425966,
    "count": 10,
    "base": 411.4545454545455
  },
  "Compilation.report dependency errors and warnings": {
    "min": 15.239460545454547,
    "max": 17.011435363636362,
    "mean": 15.980419981818184,
    "median": 15.899920090909093,
    "variance": 0.33223098086306396,
    "stdDev": 0.57639481335545,
    "confidence": 0.8245987278299935,
    "low": 15.568120617903187,
    "high": 16.39271934573318,
    "count": 10,
    "base": 411.4545454545455
  },
  "Compilation.optimize dependencies": {
    "min": 0.2636384545454545,
    "max": 0.3257200909090909,
    "mean": 0.28045869999999995,
    "median": 0.2724098181818182,
    "variance": 0.0003302734501670247,
    "stdDev": 0.01817342703418991,
    "confidence": 0.02599916665707891,
    "low": 0.2674591166714605,
    "high": 0.2934582833285394,
    "count": 10,
    "base": 411.4545454545455
  },
  "Compilation.create chunks": {
    "min": 32.48279372727273,
    "max": 37.562070363636366,
    "mean": 34.682617309090915,
    "median": 34.67226368181818,
    "variance": 1.8319566397000522,
    "stdDev": 1.3534979274827326,
    "confidence": 1.9363336436452698,
    "low": 33.71445048726828,
    "high": 35.65078413091355,
    "count": 10,
    "base": 411.4545454545455
  },
  "Compilation.optimize": {
    "min": 11.492783636363637,
    "max": 13.670522272727272,
    "mean": 12.633454909090908,
    "median": 12.531512590909092,
    "variance": 0.36247727553873377,
    "stdDev": 0.6020608570059457,
    "confidence": 0.861316939812891,
    "low": 12.202796439184462,
    "high": 13.064113378997353,
    "count": 10,
    "base": 411.4545454545455
  },
  "Compilation.module hashing": {
    "min": 55.27805227272727,
    "max": 62.68725318181817,
    "mean": 59.066452654545444,
    "median": 59.22765236363636,
    "variance": 3.800345388872897,
    "stdDev": 1.9494474573255103,
    "confidence": 2.7889076307331635,