{
  "stats": {
    "min": 16239,
    "max": 17077,
    "mean": 16651.70588235294,
    "median": 16714,
    "variance": 75513.9723183391,
    "stdDev": 274.7980573409119,
    "confidence": 282.5888708468192,
    "low": 16510.41144692953,
    "high": 16793.00031777635,
    "count": 17,
    "base": 16566.5
  },
  "heap memory": {
    "min": 134087104,
    "max": 352121280,
    "mean": 302144566.11764705,
    "median": 322022672,
    "variance": 3843030066562691.5,
    "stdDev": 61992177.46266614,
    "confidence": 63749720.7950691,
    "low": 270269705.7201125,
    "high": 334019426.5151816,
    "count": 17,
    "base": 16566.5
  },
  "rss memory": {
    "min": 467320832,
    "max": 573427712,
    "mean": 508734765.1764706,
    "median": 501288960,
    "variance": 815767590305678.8,
    "stdDev": 28561645.441144995,
    "confidence": 29371398.083529115,
    "low": 494049066.134706,
    "high": 523420464.21823514,
    "count": 17,
    "base": 16566.5
  },
  "external memory": {
    "min": 15662024,
    "max": 15670216,
    "mean": 15663951.529411765,
    "median": 15662024,
    "variance": 12074951.307958476,
    "stdDev": 3474.903064541294,
    "confidence": 3573.420215602964,
    "low": 15662164.819303963,
    "high": 15665738.239519566,
    "count": 17,
    "base": 16566.5
  },
  "array buffers memory": {
    "min": 7766691,
    "max": 7774883,
    "mean": 7768618.529411765,
    "median": 7766691,
    "variance": 12074951.307958476,
    "stdDev": 3474.903064541294,
    "confidence": 3573.420215604827,
    "low": 7766831.819303962,
    "high": 7770405.239519567,
    "count": 17,
    "base": 16566.5
  },
  "Compiler.make hook": {
    "min": 15419.200472,
    "max": 16123.88157,
    "mean": 15792.402532882355,
    "median": 15867.369488,
    "variance": 65412.97940346777,
    "stdDev": 255.75961253385526,
    "confidence": 263.0106661361824,
    "low": 15660.897199814264,
    "high": 15923.907865950447,
    "count": 17,
    "base": 16566.5
  },
  "Compiler.finish make hook": {
    "min": 0.092902,
    "max": 0.126602,
    "mean": 0.10089017647058822,
    "median": 0.097702,
    "variance": 0.00005741113085121105,
    "stdDev": 0.007577013319983742,
    "confidence": 0.007791829604636508,
    "low": 0.09699426166826997,
    "high": 0.10478609127290647,
    "count": 17,
    "base": 16566.5
  },
  "Compiler.finish compilation": {
    "min": 100.724608,
    "max": 191.26772,
    "mean": 109.44949223529409,
    "median": 104.603853,
    "variance": 425.2480818088169,
    "stdDev": 20.621544117956272,
    "confidence": 21.206186549498454,
    "low": 98.84639896054486,
    "high": 120.05258551004331,
    "count": 17,
    "base": 16566.5
  },
  "Compiler.seal compilation": {
    "min": 670.532696,
    "max": 798.525909,
    "mean": 703.5228591764707,
    "median": 696.583265,
    "variance": 736.8715695587175,
    "stdDev": 27.14537841988425,
    "confidence": 27.914978404917065,
    "low": 689.5653699740121,
    "high": 717.4803483789292,
    "count": 17,
    "base": 16566.5
  },
  "Compiler.afterCompile hook": {
    "min": 0.058101,
    "max": 0.065401,
    "mean": 0.06016588235294118,
    "median": 0.059101,
    "variance": 0.000004352802221453289,
    "stdDev": 0.002086337034482514,
    "confidence": 0.0021454868803853777,
    "low": 0.05909313891274849,
    "high": 0.06123862579313387,
    "count": 17,
    "base": 16566.5
  },
  "Compiler.emitAssets": {
    "min": 27.687624,
    "max": 43.531425,
    "mean": 31.30447394117647,
    "median": 29.60266,
    "variance": 20.9343046437497,
    "stdDev": 4.575402129184899,
    "confidence": 4.705119584424374,
    "low": 28.951914148964285,
    "high": 33.65703373338866,
    "count": 17,
    "base": 16566.5
  },
  "Compiler.emitRecords": {
    "min": 0.077001,
    "max": 0.084402,
    "mean": 0.08004270588235293,
    "median": 0.080302,
    "variance": 0.000005921284678200696,
    "stdDev": 0.0024333689975424393,
    "confidence": 0.0025023575640350793,
    "low": 0.07879152710033539,
    "high": 0.08129388466437047,
    "count": 17,
    "base": 16566.5
  },
  "FlagDependencyExportsPlugin.restore cached provided exports": {
    "min": 3.848673,
    "max": 5.82411,
    "mean": 4.027887764705882,
    "median": 3.915074,
    "variance": 0.2026396484755917,
    "stdDev": 0.45015513823080117,
    "confidence": 0.46291750913188645,
    "low": 3.796429010139939,
    "high": 4.259346519271825,
    "count": 17,
    "base": 16566.5
  },
  "FlagDependencyExportsPlugin.figure out provided exports": {
    "min": 55.413049,
    "max": 146.967681,
    "mean": 64.08328194117647,
    "median": 59.385524,
    "variance": 434.2531271417793,
    "stdDev": 20.838741016236543,
    "confidence": 21.42954120793516,
    "low": 53.368511337208886,
    "high": 74.79805254514405,
    "count": 17,
    "base": 16566.5
  },
  "FlagDependencyExportsPlugin.store provided exports into cache": {
    "min": 7.323538,
    "max": 16.009503,
    "mean": 10.69060205882353,
    "median": 16.009503,
    "variance": 9.492769237897937,
    "stdDev": 3.0810337936961902,
    "confidence": 3.1683843373076,
    "low": 9.10640989016973,
    "high": 12.27479422747733,
    "count": 17,
    "base": 16566.5
  },
  "InnerGraphPlugin.infer dependency usage": {
    "min": 16.80991,
    "max": 34.143833,
    "mean": 24.270512647058823,
    "median": 24.354359,
    "variance": 29.798390666630468,
    "stdDev": 5.4587902200607115,
    "confidence": 5.6135526553701,
    "low": 21.463736319373773,
    "high": 27.077288974743873,
    "count": 17,
    "base": 16566.5
  },
  "Compilation.finish modules": {
    "min": 69.348114,
    "max": 164.002805,
    "mean": 80.448903,
    "median": 75.008921,
    "variance": 448.19914227532803,
    "stdDev": 21.170714259923496,
    "confidence": 21.770926241703677,
    "low": 69.56343987914816,
    "high": 91.33436612085184,
    "count": 17,
    "base": 16566.5
  },
  "Compilation.report dependency errors and warnings": {
    "min": 25.740584,
    "max": 32.227405,
    "mean": 28.59841705882353,
    "median": 28.460339,
    "variance": 3.867569042064878,
    "stdDev": 1.9666135975490655,
    "confidence": 2.0223691582868213,
    "low": 27.587232479680118,
    "high": 29.60960163796694,
    "count": 17,
    "base": 16566.5
  },
  "Compilation.optimize dependencies": {
    "min": 194.951089,
    "max": 220.279452,
    "mean": 204.31155529411765,
    "median": 203.645957,
    "variance": 29.904714235194433,
    "stdDev": 5.468520296679389,
    "confidence": 5.623558589878996,
    "low": 201.49977599917815,
    "high": 207.12333458905715,
    "count": 17,
    "base": 16566.5
  },
  "Compilation.create chunks": {
    "min": 54.561832,
    "max": 58.662911,
    "mean": 56.78876141176471,
    "median": 57.442387,
    "variance": 1.5247211028778898,
    "stdDev": 1.2347959762154594,
    "confidence": 1.269803738867168,
    "low": 56.153859542331126,
    "high": 57.423663281198294,
    "count": 17,
    "base": 16566.5
  },
  "Compilation.optimize": {
    "min": 67.218672,
    "max": 75.658121,
    "mean": 69.51589635294117,
    "median": 69.345008,
    "variance": 3.4665416201702257,
    "stdDev": 1.8618650918286819,
    "confidence": 1.9146509224271995,
    "low": 68.55857089172757,
    "high": 70.47322181415477,
    "count": 17,
    "base": 16566.5
  },
  "Compilation.module hashing": {
    "min": 93.311067,
    "max": 109.545773,
    "mean": 100.40751535294118,
    "median": 109.545773,
    "variance": 19.658198338448933,
    "stdDev": 4.433756684624105,
    "confidence": 4.559458342760735,
    "low": 98.12778618156081,
    "high": 102.68724452432154,
    "count": 17,
    "base": 16566.5
  },
  "Compilation.code generation": {
    "min": 169.697698,
    "max": 181.994017,
    "mean": 176.0876983529412,
    "median": 177.539963,
    "variance": 12.990155540063066,
    "stdDev": 3.6041858359500645,
    "confidence": 3.706368289349598,
    "low": 174.2345142082664,
    "high": 177.940882497616,
    "count": 17,
    "base": 16566.5
  },