{
  "stats": {
    "min": 725.3636363636364,
    "max": 828.6363636363636,
    "mean": 791.3636363636364,
    "median": 798.4545454545455,
    "variance": 1023.1900826446278,
    "stdDev": 31.987342538020062,
    "confidence": 53.492674031123215,
    "low": 764.6172993480748,
    "high": 818.109973379198,
    "count": 8,
    "base": 982.5
  },
  "heap memory": {
    "min": 491107757.8181818,
    "max": 493920533.09090906,
    "mean": 491672371.63636357,
    "median": 491225108.3636364,
    "variance": 840204855108.4895,
    "stdDev": 916626.8898022191,
    "confidence": 1532882.0568970442,
    "low": 490905930.60791504,
    "high": 492438812.6648121,
    "count": 8,
    "base": 982.5
  },
  "rss memory": {
    "min": 919594449.4545455,
    "max": 950810810.1818181,
    "mean": 935811072,
    "median": 938796869.8181818,
    "variance": 80303738091130.33,
    "stdDev": 8961235.299395408,
    "confidence": 14985941.336545467,
    "low": 928318101.3317273,
    "high": 943304042.6682727,
    "count": 8,
    "base": 982.5
  },
  "external memory": {
    "min": 234195274.72727272,
    "max": 234228042.72727272,
    "mean": 234211658.72727272,
    "median": 234215754.72727272,
    "variance": 184549376,
    "stdDev": 13584.895141295718,
    "confidence": 22718.12254101038,
    "low": 234200299.6660022,
    "high": 234223017.78854322,
    "count": 8,
    "base": 982.5
  },
  "array buffers memory": {
    "min": 232684699.36363637,
    "max": 232717467.36363637,
    "mean": 232701083.36363643,
    "median": 232705179.36363637,
    "variance": 184549376,
    "stdDev": 13584.895141295718,
    "confidence": 22718.12254101038,
    "low": 232689724.30236593,
    "high": 232712442.42490694,
    "count": 8,
    "base": 982.5
  },
  "Compiler.make hook": {
    "min": 140.10707281818182,
    "max": 157.1865281818182,
    "mean": 149.6135763181818,
    "median": 150.1787513181818,
    "variance": 33.91939214834573,
    "stdDev": 5.824035726911857,
    "confidence": 9.739578844820016,
    "low": 144.7437868957718,
    "high": 154.4833657405918,
    "count": 8,
    "base": 982.5
  },
  "Compiler.finish make hook": {
    "min": 0.003913636363636363,
    "max": 0.004704181818181817,
    "mean": 0.004203284090909091,
    "median": 0.0042278636363636355,
    "variance": 5.54385422262397e-8,
    "stdDev": 0.00023545390679757195,
    "confidence": 0.0003937513430728578,
    "low": 0.004006408419372662,
    "high": 0.00440015976244552,
    "count": 8,
    "base": 982.5
  },
  "Compiler.finish compilation": {
    "min": 130.66199581818182,
    "max": 148.6118941818182,
    "mean": 142.87109227272728,
    "median": 144.40474531818182,
    "variance": 34.508540485019005,
    "stdDev": 5.874397031612607,
    "confidence": 9.823798434269747,
    "low": 137.9591930555924,
    "high": 147.78299148986216,
    "count": 8,
    "base": 982.5
  },
  "Compiler.seal compilation": {
    "min": 342.2191655454546,
    "max": 398.4012905454545,
    "mean": 378.8003760795455,
    "median": 383.5035656818182,
    "variance": 321.6858394911748,
    "stdDev": 17.93560256838824,
    "confidence": 29.993843364830923,
    "low": 363.80345439713005,
    "high": 393.797297761961,
    "count": 8,
    "base": 982.5
  },
  "Compiler.afterCompile hook": {
    "min": 0.0034848181818181822,
    "max": 0.004331818181818182,
    "mean": 0.003961477272727273,
    "median": 0.003996454545454545,
    "variance": 7.692163997933888e-8,
    "stdDev": 0.00027734750761335293,
    "confidence": 0.00046381032749036365,
    "low": 0.0037295721089820907,
    "high": 0.004193382436472454,
    "count": 8,
    "base": 982.5
  },
  "Compiler.emitAssets": {
    "min": 103.56565763636364,
    "max": 117.40875145454544,
    "mean": 111.1343017840909,
    "median": 111.29173081818182,
    "variance": 13.423442606055655,
    "stdDev": 3.6638016603052703,
    "confidence": 6.127003132456167,
    "low": 108.07080021786281,
    "high": 114.19780335031898,
    "count": 8,
    "base": 982.5
  },
  "Compiler.emitRecords": {
    "min": 0.008612545454545454,
    "max": 0.11176054545454545,
    "mean": 0.022906329545454546,
    "median": 0.010370272727272728,
    "variance": 0.0011284024973097879,
    "stdDev": 0.03359170280455857,
    "confidence": 0.050994158444320016,
    "low": 0,
    "high": 0.050994158444320016,
    "count": 8,
    "base": 982.5
  },
  "Compilation.compute affected modules": {
    "min": 0.0026466363636363636,
    "max": 0.0033890909090909093,
    "mean": 0.0030077840909090913,
    "median": 0.002948727272727273,
    "variance": 6.550207011880172e-8,
    "stdDev": 0.0002559337221211807,
    "confidence": 0.0004279998926052641,
    "low": 0.0027937841446064593,
    "high": 0.0032217840372117234,
    "count": 8,
    "base": 982.5
  },
  "Compilation.finish modules": {
    "min": 75.75997018181819,
    "max": 85.59112690909092,
    "mean": 81.1433377159091,
    "median": 81.98624486363637,
    "variance": 7.719054957900871,
    "stdDev": 2.7783187286380358,
    "confidence": 4.646203351495984,
    "low": 78.8202360401611,
    "high": 83.46643939165709,
    "count": 8,
    "base": 982.5
  },
  "Compilation.report dependency errors and warnings": {
    "min": 54.85780645454545,
    "max": 65.24023345454545,
    "mean": 61.67834826136364,
    "median": 63.01794945454546,
    "variance": 11.809977949913513,
    "stdDev": 3.4365648473313453,
    "confidence": 5.746993297321005,
    "low": 58.80485161270314,
    "high": 64.55184491002414,
    "count": 8,
    "base": 982.5
  },
  "Compilation.optimize dependencies": {
    "min": 34.642849000000005,
    "max": 41.89268836363636,
    "mean": 39.34458629545455,
    "median": 39.79411013636364,
    "variance": 5.008928320119033,
    "stdDev": 2.238063520126056,
    "confidence": 3.74273049412443,
    "low": 37.47322104839233,
    "high": 41.21595154251676,
    "count": 8,
    "base": 982.5
  },
  "Compilation.create chunks": {
    "min": 77.54365909090909,
    "max": 90.59375436363638,
    "mean": 85.79819086363636,
    "median": 86.8444005,
    "variance": 17.18242713946174,
    "stdDev": 4.145169132793225,
    "confidence": 6.931997585008077,
    "low": 82.33219207113233,
    "high": 89.2641896561404,
    "count": 8,
    "base": 982.5
  },
  "Compilation.compute affected modules with chunk graph": {
    "min": 0.004794272727272727,
    "max": 0.0062963636363636355,
    "mean": 0.005576431818181818,
    "median": 0.0053824090909090905,
    "variance": 2.628921647727272e-7,
    "stdDev": 0.0005127301090951527,
    "confidence": 0.0008574424261461929,
    "low": 0.005147710605108722,
    "high": 0.0060051530312549145,
    "count": 8,
    "base": 982.5
  },
  "Compilation.optimize": {
    "min": 27.860573272727276,
    "max": 31.033238272727274,
    "mean": 29.66303540909091,
    "median": 29.82849777272727,
    "variance": 1.3555168521231942,
    "stdDev": 1.164266658512213,
    "confidence": 1.9470119086971138,
    "low": 28.689529454742352,
    "high": 30.636541363439466,
    "count": 8,
    "base": 982.5
  },
  "Compilation.module hashing": {
    "min": 108.44102472727272,
    "max": 125.27317645454545,
    "mean": 120.22292239772727,
    "median": 121.76673736363637,
    "variance": 28.32524967902127,
    "stdDev": 5.3221470929523615,
    "confidence": 8.900266699260868,
    "low": 115.77278904809684,
    "high": 124.67305574735771,
    "count": 8,
    "base": 982.5
  },
  "Compilation.code generation": {
    "min": 19.61787518181818,
    "max": 25.25134181818182,
    "mean": 23.022456102272727,
    "median": 23.181796272727272,
    "variance": 3.2936993724363273,
    "stdDev": 1.8148551932416888,
    "confidence": 3.0349960191403227,
    "low": 21.504958092702566,
    "high": 24.53995411184289,
    "count": 8,
    "base": 982.5
  },
  "Compilation.runtime requirements.modules": {
    "min": 13.815918545454547,
    "max": 19.055721272727272,
    "mean": 16.93216521590909,
    "median": 17.17717095454546,
    "variance": 1.8804536940299925,
    "stdDev": 1.3712963552894,