{
  "cache.PackFileCacheStrategy.restore cache container": {
    "min": 4.288717818181818,
    "max": 5.025008636363636,
    "mean": 4.537472714285714,
    "median": 4.501914454545455,
    "variance": 0.04394484862481641,
    "stdDev": 0.20963026648081237,
    "confidence": 0.19084845073494705,
    "low": 4.442048488918241,
    "high": 4.632896939653188,
    "count": 21,
    "base": 178.5
  },
  "cache.PackFileCacheStrategy.check build dependencies": {
    "min": 1.580889,
    "max": 2.1656868181818183,
    "mean": 1.7199186796536796,
    "median": 1.6959920000000002,
    "variance": 0.013703990690549884,
    "stdDev": 0.11706404525109272,
    "confidence": 0.10657569657281263,
    "low": 1.6666308313672733,
    "high": 1.773206527940086,
    "count": 21,
    "base": 178.5
  },
  "cache.PackFileCacheStrategy.restore cache content metadata": {
    "min": 4.078139090909091,
    "max": 6.180860181818182,
    "mean": 4.71806035930736,
    "median": 4.604663,
    "variance": 0.2433863774916722,
    "stdDev": 0.49334204918258506,
    "confidence": 0.44914108706491973,
    "low": 4.4934898157749,
    "high": 4.94263090283982,
    "count": 21,
    "base": 178.5
  },
  "cache.PackFileCacheStrategy.restore cache content": {
    "min": 29.820297454545457,
    "max": 39.013799545454546,
    "mean": 35.2233036017316,
    "median": 34.92931545454546,
    "variance": 5.37932109538857,
    "stdDev": 2.319336348050573,
    "confidence": 2.1115354962314967,
    "low": 34.16753585361585,
    "high": 36.27907134984735,
    "count": 21,
    "base": 178.5
  },
  "stats": {
    "min": 120.45454545454545,
    "max": 134.9090909090909,
    "mean": 126.6926406926407,
    "median": 126.72727272727273,
    "variance": 14.337250051535767,
    "stdDev": 3.7864561335813423,
    "confidence": 3.4472087404229086,
    "low": 124.96903632242923,
    "high": 128.41624506285214,
    "count": 21,
    "base": 178.5
  },
  "heap memory": {
    "min": 134369435.63636363,
    "max": 257813297.45454547,
    "mean": 194784543.6190476,
    "median": 192170334.54545453,
    "variance": 406579775723570.3,
    "stdDev": 20163823.440101095,
    "confidence": 18357246.446512282,
    "low": 185605920.39579147,
    "high": 203963166.84230375,
    "count": 21,
    "base": 178.5
  },
  "rss memory": {
    "min": 374894592,
    "max": 476364427.6363636,
    "mean": 424451900.95238084,
    "median": 422432768,
    "variance": 354441498168432.1,
    "stdDev": 18826616.747797042,
    "confidence": 17139846.736905098,
    "low": 415881977.5839283,
    "high": 433021824.3208334,
    "count": 21,
    "base": 178.5
  },
  "external memory": {
    "min": 59604586,
    "max": 104054204.18181819,
    "mean": 83926750.56709954,
    "median": 79729269.27272727,
    "variance": 88041950918861.92,
    "stdDev": 9383067.24471598,
    "confidence": 8542391.692087978,
    "low": 79655554.72105555,
    "high": 88197946.41314353,
    "count": 21,
    "base": 178.5
  },
  "array buffers memory": {
    "min": 58083874.63636363,
    "max": 102533492.81818181,
    "mean": 82406039.20346321,
    "median": 78208557.9090909,
    "variance": 88041950918861.92,
    "stdDev": 9383067.24471598,
    "confidence": 8542391.692087978,
    "low": 78134843.35741922,
    "high": 86677235.0495072,
    "count": 21,
    "base": 178.5
  },
  "Compiler.make hook": {
    "min": 38.011652454545455,
    "max": 41.90864654545455,
    "mean": 40.242029536796544,
    "median": 40.04255772727272,
    "variance": 1.063522965477304,
    "stdDev": 1.0312724981678236,
    "confidence": 0.9388756779494116,
    "low": 39.77259169782184,
    "high": 40.71146737577125,
    "count": 21,
    "base": 178.5
  },
  "Compiler.finish make hook": {
    "min": 0.0035001818181818176,
    "max": 0.005145454545454545,
    "mean": 0.0038541818181818187,
    "median": 0.0038000000000000004,
    "variance": 1.2572502558048013e-7,
    "stdDev": 0.00035457724910163105,
    "confidence": 0.0003228089139651973,
    "low": 0.00369277736119922,
    "high": 0.004015586275164417,
    "count": 21,
    "base": 178.5
  },
  "Compiler.finish compilation": {
    "min": 8.786950090909091,
    "max": 10.773596363636363,
    "mean": 9.4574543982684,
    "median": 9.157260909090908,
    "variance": 0.2517593504787829,
    "stdDev": 0.5017562660084903,
    "confidence": 0.45680143245458993,
    "low": 9.229053682041105,
    "high": 9.685855114495695,
    "count": 21,
    "base": 178.5
  },
  "Compiler.seal compilation": {
    "min": 56.96786872727273,
    "max": 66.88742981818181,
    "mean": 60.87889497402598,
    "median": 60.67993945454544,
    "variance": 8.037215822866665,
    "stdDev": 2.8349983814575035,
    "confidence": 2.580996809383791,
    "low": 59.58839656933409,
    "high": 62.16939337871788,
    "count": 21,
    "base": 178.5
  },
  "Compiler.afterCompile hook": {
    "min": 0.0032727272727272726,
    "max": 0.004045454545454546,
    "mean": 0.0036762554112554115,
    "median": 0.003681818181818182,
    "variance": 5.53637139858699e-8,
    "stdDev": 0.00023529495104202705,
    "confidence": 0.0002142137088598159,
    "low": 0.0035691485568255035,
    "high": 0.0037833622656853194,
    "count": 21,
    "base": 178.5
  },
  "Compiler.emitAssets": {
    "min": 11.212997090909093,
    "max": 15.088113181818182,
    "mean": 12.593544857142856,
    "median": 12.507052272727272,
    "variance": 0.721642621903168,
    "stdDev": 0.8494955102313184,
    "confidence": 0.7733849923278164,
    "low": 12.206852360978948,
    "high": 12.980237353306764,
    "count": 21,
    "base": 178.5
  },
  "Compiler.emitRecords": {
    "min": 0.0062183636363636365,
    "max": 0.011200454545454543,
    "mean": 0.007075926406926406,
    "median": 0.0069,
    "variance": 9.78772964674574e-7,
    "stdDev": 0.0009893295531189666,
    "confidence": 0.0009006906094656663,
    "low": 0.006625581102193573,
    "high": 0.0075262717116592395,
    "count": 21,
    "base": 178.5
  },
  "Compilation.compute affected modules": {
    "min": 0.0021363636363636363,
    "max": 0.0032000909090909094,
    "mean": 0.00261217316017316,
    "median": 0.0026272727272727264,
    "variance": 7.866520338824236e-8,
    "stdDev": 0.00028047317766275327,
    "confidence": 0.0002553441939861468,
    "low": 0.0024845010631800867,
    "high": 0.0027398452571662335,
    "count": 21,
    "base": 178.5
  },
  "Compilation.finish modules": {
    "min": 0.23117899999999994,
    "max": 1.0145276363636364,
    "mean": 0.32937828138528136,
    "median": 0.25609763636363636,
    "variance": 0.031452858294691785,
    "stdDev": 0.17734953705801373,
    "confidence": 0.16145991203603316,
    "low": 0.24864832536726478,
    "high": 0.41010823740329794,
    "count": 21,
    "base": 178.5
  },
  "Compilation.report dependency errors and warnings": {
    "min": 8.491233090909093,
    "max": 10.278382636363636,
    "mean": 9.082798155844156,
    "median": 8.906671181818181,
    "variance": 0.18255826082793242,
    "stdDev": 0.42726837096599185,
    "confidence": 0.3889872775330758,
    "low": 8.888304517077618,
    "high": 9.277291794610694,
    "count": 21,
    "base": 178.5
  },
  "Compilation.optimize dependencies": {
    "min": 0.03507381818181818,
    "max": 0.0939570909090909,
    "mean": 0.059914658008658014,
    "median": 0.06843818181818181,
    "variance": 0.00027178139284447447,
    "stdDev": 0.016485793667411784,
    "confidence": 0.015008749611304516,
    "low": 0.05241028320300576,
    "high": 0.06741903281431028,
    "count": 21,
    "base": 178.5
  },
  "Compilation.create chunks": {
    "min": 11.004093454545455,
    "max": 15.525833636363638,
    "mean": 12.650902580086578,
    "median": 12.243762454545452,
    "variance": 1.807795132099465,
    "stdDev": 1.3445427223035589,
    "confidence": 1.224078468278197,
    "low": 12.03886334594748,
    "high": 13.262941814225677,
    "count": 21,
    "base": 178.5
  },
  "Compilation.compute affected modules with chunk graph": {
    "min": 0.004781818181818182,