{
  "stats": {
    "min": 19048,
    "max": 19732,
    "mean": 19370.133333333335,
    "median": 19292,
    "variance": 45807.048888888894,
    "stdDev": 214.02581360408115,
    "confidence": 237.07066575966746,
    "low": 19251.5980004535,
    "high": 19488.66866621317,
    "count": 15,
    "base": 21220
  },
  "heap memory": {
    "min": 132633504,
    "max": 322856920,
    "mean": 293414573.3333333,
    "median": 307980096,
    "variance": 2106341764775012,
    "stdDev": 45894899.11498893,
    "confidence": 50836551.465191364,
    "low": 267996297.60073763,
    "high": 318832849.065929,
    "count": 15,
    "base": 21220
  },
  "rss memory": {
    "min": 337035264,
    "max": 661581824,
    "mean": 573921143.4666667,
    "median": 570548224,
    "variance": 5239950109467098,
    "stdDev": 72387499.67685787,
    "confidence": 80181696.08651066,
    "low": 533830295.42341137,
    "high": 614011991.509922,
    "count": 15,
    "base": 21220
  },
  "external memory": {
    "min": 14650672,
    "max": 14683440,
    "mean": 14670289.733333332,
    "median": 14667056,
    "variance": 87291519.39555557,
    "stdDev": 9342.993064085811,
    "confidence": 10348.983370706439,
    "low": 14665115.24164798,
    "high": 14675464.225018686,
    "count": 15,
    "base": 21220
  },
  "array buffers memory": {
    "min": 13060307,
    "max": 13093075,
    "mean": 13079967.8,
    "median": 13076691,
    "variance": 87688915.62666668,
    "stdDev": 9364.235987343905,
    "confidence": 10372.51358827576,
    "low": 13074781.543205863,
    "high": 13085154.056794139,
    "count": 15,
    "base": 21220
  },
  "Compiler.make hook": {
    "min": 8798.559624,
    "max": 9373.297749,
    "mean": 9046.6382006,
    "median": 8997.749075,
    "variance": 33649.31843849106,
    "stdDev": 183.43750553932819,
    "confidence": 203.18881555076223,
    "low": 8945.04379282462,
    "high": 9148.232608375381,
    "count": 15,
    "base": 21220
  },
  "Compiler.finish make hook": {
    "min": 0.082524,
    "max": 0.106267,
    "mean": 0.08700500000000003,
    "median": 0.08584,
    "variance": 0.000035647620133333335,
    "stdDev": 0.005970562798709459,
    "confidence": 0.006613432622049775,
    "low": 0.08369828368897514,
    "high": 0.09031171631102491,
    "count": 15,
    "base": 21220
  },
  "Compiler.finish compilation": {
    "min": 80.801592,
    "max": 90.848131,
    "mean": 84.73381306666667,
    "median": 84.448284,
    "variance": 6.669125055342861,
    "stdDev": 2.582464918511549,
    "confidence": 2.860527275766202,
    "low": 83.30354942878357,
    "high": 86.16407670454977,
    "count": 15,
    "base": 21220
  },
  "Compiler.seal compilation": {
    "min": 10134.924865,
    "max": 10472.520743,
    "mean": 10212.9709422,
    "median": 10201.425461,
    "variance": 6878.237130121703,
    "stdDev": 82.93513809068929,
    "confidence": 91.86503287122468,
    "low": 10167.038425764387,
    "high": 10258.903458635612,
    "count": 15,
    "base": 21220
  },
  "Compiler.afterCompile hook": {
    "min": 0.051756,
    "max": 0.060673,
    "mean": 0.05449926666666667,
    "median": 0.053991,
    "variance": 0.000004635696862222222,
    "stdDev": 0.0021530668503839407,
    "confidence": 0.002384894527675166,
    "low": 0.05330681940282909,
    "high": 0.055691713930504254,
    "count": 15,
    "base": 21220
  },
  "Compiler.emitAssets": {
    "min": 5.913869,
    "max": 6.505562,
    "mean": 6.073734333333334,
    "median": 6.01424,
    "variance": 0.023488315530088916,
    "stdDev": 0.15325898189042272,
    "confidence": 0.16976087257223682,
    "low": 5.988853897047216,
    "high": 6.158614769619453,
    "count": 15,
    "base": 21220
  },
  "Compiler.emitRecords": {
    "min": 0.060252,
    "max": 0.067185,
    "mean": 0.06256713333333333,
    "median": 0.062005,
    "variance": 0.0000032951330488888845,
    "stdDev": 0.0018152501339729697,
    "confidence": 0.0020107039918903294,
    "low": 0.06156178133738816,
    "high": 0.06357248532927849,
    "count": 15,
    "base": 21220
  },
  "Compilation.compute affected modules": {
    "min": 0.208247,
    "max": 0.248101,
    "mean": 0.21688053333333335,
    "median": 0.212625,
    "variance": 0.00010669738918222219,
    "stdDev": 0.010329442830192836,
    "confidence": 0.011441647376284392,
    "low": 0.21115970964519115,
    "high": 0.22260135702147554,
    "count": 15,
    "base": 21220
  },
  "Compilation.finish modules": {
    "min": 55.476468,
    "max": 62.736795,
    "mean": 58.19779126666667,
    "median": 57.66656,
    "variance": 4.937759502351664,
    "stdDev": 2.2221069961529,
    "confidence": 2.4613684494230768,
    "low": 56.96710704195513,
    "high": 59.42847549137821,
    "count": 15,
    "base": 21220
  },
  "Compilation.report dependency errors and warnings": {
    "min": 23.652864,
    "max": 28.212827,
    "mean": 25.9606434,
    "median": 25.971688,
    "variance": 2.005141058227972,
    "stdDev": 1.416030034366493,
    "confidence": 1.5684985718776474,
    "low": 25.176394114061175,
    "high": 26.744892685938822,
    "count": 15,
    "base": 21220
  },
  "Compilation.optimize dependencies": {
    "min": 153.407155,
    "max": 167.720133,
    "mean": 161.13898939999999,
    "median": 160.18847,
    "variance": 15.794802826141852,
    "stdDev": 3.97426758361108,
    "confidence": 4.402189839103528,
    "low": 158.93789448044822,
    "high": 163.34008431955175,
    "count": 15,
    "base": 21220
  },
  "Compilation.create chunks": {
    "min": 35.655432,
    "max": 47.638197,
    "mean": 41.7831202,
    "median": 41.837975,
    "variance": 13.014408500261629,
    "stdDev": 3.6075488216047233,
    "confidence": 3.995985280917708,
    "low": 39.785127559541145,
    "high": 43.78111284045885,
    "count": 15,
    "base": 21220
  },
  "Compilation.compute affected modules with chunk graph": {
    "min": 0.114884,
    "max": 0.143256,
    "mean": 0.12205753333333333,
    "median": 0.118831,
    "variance": 0.0000797939171822222,
    "stdDev": 0.008932744101463011,
    "confidence": 0.009894561574297064,
    "low": 0.1171102525461848,
    "high": 0.12700481412048187,
    "count": 15,
    "base": 21220
  },
  "Compilation.optimize": {
    "min": 47.32563,
    "max": 57.211429,
    "mean": 50.04234673333334,
    "median": 49.204497,
    "variance": 7.338579142160328,
    "stdDev": 2.7089812000381857,
    "confidence": 3.000665974859942,
    "low": 48.54201374590337,
    "high": 51.54267972076331,
    "count": 15,
    "base": 21220
  },
  "Compilation.module hashing": {
    "min": 55.37384,
    "max": 61.657207,
    "mean": 59.875263333333336,
    "median": 60.509518,
    "variance": 2.9008099272530212,
    "stdDev": 1.703176422820907,
    "confidence": 1.8865629414742102,
    "low": 58.93198186259623,
    "high": 60.81854480407044,
    "count": 15,
    "base": 21220
  },
  "Compilation.code generation": {
    "min": 180.421253,
    "max": 195.369559,
    "mean": 187.880348,
    "median": 188.79244,
    "variance": 24.216467355765356,
    "stdDev": 4.921022998906361,
    "confidence": 5.450885474625466,
    "low": 185.15490526268727,
    "high": 190.60579073731273,
    "count": 15,
    "base": 21220
  },
  "Compilation.runtime requirements.modules": {
    "min": 4.499119,
    "max": 7.979088,
    "mean": 5.197443466666668,
    "median": 4.718072,
    "variance": 1.1433415373818492,
    "stdDev": 1.0692714984426777,
    "confidence": 1.1844034219282236,
    "low": 4.605241755702556,
    "high": 5.78964517763078,
    "count": 15,
    "base": 21220
  },
  "Compilation.runtime requirements.chunks": {
    "min": 1.620344,
    "max": 2.368523,
    "mean": 1.9936092666666665,
    "median": 2.079188,
    "variance": 0.08064615692019557,
    "stdDev": 0.2839826701054055,
    "confidence": 0.3145600034519087,
    "low": 1.8363292649407121,
    "high": 2.150889268392621,
    "count": 15,
    "base": 21220
  },
  "Compilation.runtime requirements.entries": {
    "min": 1.230328,
    "max": 4.83566,