{
  "stats": {
    "min": 485.3636363636364,
    "max": 509.8181818181818,
    "mean": 496.60606060606057,
    "median": 497,
    "variance": 46.55280073461881,
    "stdDev": 6.822961287785445,
    "confidence": 10.489165819755499,
    "low": 491.3614776961828,
    "high": 501.8506435159383,
    "count": 9,
    "base": 485.95454545454544
  },
  "heap memory": {
    "min": 377694309.09090906,
    "max": 382756760.72727275,
    "mean": 380330325.5757577,
    "median": 381103765.8181818,
    "variance": 3930639229154.518,
    "stdDev": 1982583.977831587,
    "confidence": 3047892.4352531433,
    "low": 378806379.3581311,
    "high": 381854271.79338425,
    "count": 9,
    "base": 485.95454545454544
  },
  "rss memory": {
    "min": 681922932.3636364,
    "max": 713019764.3636364,
    "mean": 691431030.9494948,
    "median": 691530286.5454545,
    "variance": 77384809187740.66,
    "stdDev": 8796863.599473432,
    "confidence": 13523711.64025712,
    "low": 684669175.1293663,
    "high": 698192886.7696234,
    "count": 9,
    "base": 485.95454545454544
  },
  "external memory": {
    "min": 153937135.63636363,
    "max": 153986287.63636363,
    "mean": 153964442.30303028,
    "median": 153961711.63636363,
    "variance": 208783132.44444445,
    "stdDev": 14449.329826827417,
    "confidence": 22213.436387121677,
    "low": 153953335.58483672,
    "high": 153975549.02122384,
    "count": 9,
    "base": 485.95454545454544
  },
  "array buffers memory": {
    "min": 131082640.27272727,
    "max": 131131792.27272727,
    "mean": 131109946.93939394,
    "median": 131107216.27272727,
    "variance": 208783132.44444448,
    "stdDev": 14449.32982682742,
    "confidence": 22213.436387121677,
    "low": 131098840.22120038,
    "high": 131121053.6575875,
    "count": 9,
    "base": 485.95454545454544
  },
  "Compiler.make hook": {
    "min": 179.21087072727275,
    "max": 190.08653500000003,
    "mean": 184.95152897979798,
    "median": 185.14911000000004,
    "variance": 7.866694111095969,
    "stdDev": 2.80476275486822,
    "confidence": 4.3118552751507195,
    "low": 182.79560134222262,
    "high": 187.10745661737334,
    "count": 9,
    "base": 485.95454545454544
  },
  "Compiler.finish make hook": {
    "min": 0.004009090909090909,
    "max": 0.005881999999999999,
    "mean": 0.004663767676767677,
    "median": 0.0045639090909090916,
    "variance": 2.3544941067238016e-7,
    "stdDev": 0.0004852312960562006,
    "confidence": 0.0007459622458037326,
    "low": 0.00429078655386581,
    "high": 0.005036748799669543,
    "count": 9,
    "base": 485.95454545454544
  },
  "Compiler.finish compilation": {
    "min": 60.27451409090909,
    "max": 64.35957954545455,
    "mean": 61.94840693939394,
    "median": 61.82711018181819,
    "variance": 1.8180823152029069,
    "stdDev": 1.3483628277295792,
    "confidence": 2.0728831204962717,
    "low": 60.911965379145805,
    "high": 62.98484849964208,
    "count": 9,
    "base": 485.95454545454544
  },
  "Compiler.seal compilation": {
    "min": 201.25452327272725,
    "max": 208.6059676363636,
    "mean": 204.6500854040404,
    "median": 205.42056518181818,
    "variance": 5.431099407715951,
    "stdDev": 2.330471928111547,
    "confidence": 3.5827121774834723,
    "low": 202.85872931529866,
    "high": 206.44144149278213,
    "count": 9,
    "base": 485.95454545454544
  },
  "Compiler.afterCompile hook": {
    "min": 0.0035364545454545453,
    "max": 0.004863818181818181,
    "mean": 0.003916252525252525,
    "median": 0.003709090909090909,
    "variance": 1.7040841097847147e-7,
    "stdDev": 0.000412805536516253,
    "confidence": 0.0006346197114709862,
    "low": 0.0035989426695170316,
    "high": 0.004233562380988018,
    "count": 9,
    "base": 485.95454545454544
  },
  "Compiler.emitAssets": {
    "min": 37.15121754545454,
    "max": 43.43314409090909,
    "mean": 39.97212512121212,
    "median": 39.18607254545455,
    "variance": 4.249856818278207,
    "stdDev": 2.0615180858479527,
    "confidence": 3.1692404706435866,
    "low": 38.38750488589033,
    "high": 41.556745356533916,
    "count": 9,
    "base": 485.95454545454544
  },
  "Compiler.emitRecords": {
    "min": 0.005136454545454546,
    "max": 0.005900181818181818,
    "mean": 0.005501171717171718,
    "median": 0.005545545454545455,
    "variance": 4.696047097234968e-8,
    "stdDev": 0.00021670364780582187,
    "confidence": 0.000333145741226816,
    "low": 0.00533459884655831,
    "high": 0.005667744587785126,
    "count": 9,
    "base": 485.95454545454544
  },
  "FlagDependencyExportsPlugin.restore cached provided exports": {
    "min": 8.346851,
    "max": 9.312152727272728,
    "mean": 8.726378555555558,
    "median": 8.622719545454546,
    "variance": 0.11473415962034267,
    "stdDev": 0.3387243121187829,
    "confidence": 0.5207321758306094,
    "low": 8.466012467640253,
    "high": 8.986744643470862,
    "count": 9,
    "base": 485.95454545454544
  },
  "FlagDependencyExportsPlugin.figure out provided exports": {
    "min": 30.958968909090913,
    "max": 33.156529909090914,
    "mean": 31.85845868686868,
    "median": 31.805995999999997,
    "variance": 0.542372717721769,
    "stdDev": 0.7364595832235256,
    "confidence": 1.1321838659422987,
    "low": 31.29236675389753,
    "high": 32.42455061983983,
    "count": 9,
    "base": 485.95454545454544
  },
  "FlagDependencyExportsPlugin.store provided exports into cache": {
    "min": 0.010991636363636363,
    "max": 0.018073181818181818,
    "mean": 0.014253040404040403,
    "median": 0.014182272727272726,
    "variance": 0.0000047549853390470345,
    "stdDev": 0.0021805928870486197,
    "confidence": 0.003352298131689413,
    "low": 0.012576891338195697,
    "high": 0.01592918946988511,
    "count": 9,
    "base": 485.95454545454544
  },
  "Compilation.finish modules": {
    "min": 40.226701999999996,
    "max": 43.17346736363637,
    "mean": 41.56102996969697,
    "median": 41.44562481818181,
    "variance": 0.8537578802404302,
    "stdDev": 0.9239901948832737,
    "confidence": 1.4204809262672171,
    "low": 40.85078950656336,
    "high": 42.271270432830576,
    "count": 9,
    "base": 485.95454545454544
  },
  "Compilation.report dependency errors and warnings": {
    "min": 19.00431809090909,
    "max": 21.159148090909092,
    "mean": 20.346960666666668,
    "median": 20.269108181818183,
    "variance": 0.4242262501836336,
    "stdDev": 0.6513265311528723,
    "confidence": 1.0013059872256846,
    "low": 19.846307673053825,
    "high": 20.84761366027951,
    "count": 9,
    "base": 485.95454545454544
  },
  "Compilation.optimize dependencies": {
    "min": 0.2895634545454545,
    "max": 0.3890301818181818,
    "mean": 0.33567298989898986,
    "median": 0.34251981818181826,
    "variance": 0.0007802343218116519,
    "stdDev": 0.027932674805890893,
    "confidence": 0.0429418320682563,
    "low": 0.3142020738648617,
    "high": 0.357143905933118,
    "count": 9,
    "base": 485.95454545454544
  },
  "Compilation.create chunks": {
    "min": 40.84671972727272,
    "max": 44.790768,
    "mean": 42.48560884848485,
    "median": 42.05669372727272,
    "variance": 1.342937098614759,
    "stdDev": 1.1588516292497324,
    "confidence": 1.781541238033256,
    "low": 41.59483822946822,
    "high": 43.37637946750148,
    "count": 9,
    "base": 485.95454545454544
  },
  "Compilation.optimize": {
    "min": 18.949270181818182,
    "max": 21.20593209090909,
    "mean": 20.566250333333336,
    "median": 20.943341272727274,
    "variance": 0.5091309507007555,
    "stdDev": 0.7135341272151988,
    "confidence": 1.0969397982388358,
    "low": 20.01778043421392,
    "high": 21.114720232452754,
    "count": 9,
    "base": 485.95454545454544
  },
  "Compilation.module hashing": {
    "min": 81.9833939090909,
    "max": 86.12195090909091,
    "mean": 84.39671981818181,
    "median": 84.6614779090909,
    "variance": 2.083173214879577,
    "stdDev": 1.443320205248848,
    "confidence": 2.2188642622025725,