{
  "stats": {
    "min": 1298.2727272727273,
    "max": 1350.090909090909,
    "mean": 1318.8,
    "median": 1317.4545454545455,
    "variance": 315.51537190082564,
    "stdDev": 17.76275237402204,
    "confidence": 44.10366865985816,
    "low": 1296.7481656700709,
    "high": 1340.851834329929,
    "count": 5,
    "base": 1275.2272727272727
  },
  "heap memory": {
    "min": 737330231.2727273,
    "max": 741498644.3636364,
    "mean": 739847279.8545455,
    "median": 740478461.0909091,
    "variance": 2594725027987.796,
    "stdDev": 1610815.0197920913,
    "confidence": 3999540.747363806,
    "low": 737847509.4808636,
    "high": 741847050.2282274,
    "count": 5,
    "base": 1275.2272727272727
  },
  "rss memory": {
    "min": 1133295802.1818182,
    "max": 1143357067.6363637,
    "mean": 1137084676.6545455,
    "median": 1135263744,
    "variance": 13541390489933.98,
    "stdDev": 3679862.835749993,
    "confidence": 9136841.397338867,
    "low": 1132516255.955876,
    "high": 1141653097.353215,
    "count": 5,
    "base": 1275.2272727272727
  },
  "external memory": {
    "min": 232089791.54545453,
    "max": 232371816.1818182,
    "mean": 232271828.16363636,
    "median": 232362600.54545453,
    "variance": 14084774147.142078,
    "stdDev": 118679.29114694812,
    "confidence": 294672.35838896036,
    "low": 232124491.98444188,
    "high": 232419164.34283084,
    "count": 5,
    "base": 1275.2272727272727
  },
  "array buffers memory": {
    "min": 230775824.1818182,
    "max": 231057848.8181818,
    "mean": 230957860.8,
    "median": 231048633.1818182,
    "variance": 14084774147.140987,
    "stdDev": 118679.29114694352,
    "confidence": 294672.35838896036,
    "low": 230810524.62080553,
    "high": 231105196.9791945,
    "count": 5,
    "base": 1275.2272727272727
  },
  "Compiler.make hook": {
    "min": 406.6671078181818,
    "max": 429.39449881818194,
    "mean": 418.29588609090905,
    "median": 418.2756109090908,
    "variance": 63.070820296915144,
    "stdDev": 7.941713939504189,
    "confidence": 19.718718856404394,
    "low": 408.43652666270685,
    "high": 428.15524551911125,
    "count": 5,
    "base": 1275.2272727272727
  },
  "Compiler.finish make hook": {
    "min": 0.004591090909090909,
    "max": 0.005700181818181818,
    "mean": 0.0050366181818181826,
    "median": 0.004827545454545454,
    "variance": 1.580168641322313e-7,
    "stdDev": 0.0003975133508855159,
    "confidence": 0.0009869977774933682,
    "low": 0.0045431192930714985,
    "high": 0.005530117070564867,
    "count": 5,
    "base": 1275.2272727272727
  },
  "Compiler.finish compilation": {
    "min": 143.58143581818183,
    "max": 150.02148681818184,
    "mean": 146.8005608727273,
    "median": 146.348373,
    "variance": 4.685972593256317,
    "stdDev": 2.164710741243808,
    "confidence": 5.374824985787711,
    "low": 144.11314837983343,
    "high": 149.48797336562114,
    "count": 5,
    "base": 1275.2272727272727
  },
  "Compiler.seal compilation": {
    "min": 590.612507090909,
    "max": 599.0522679999999,
    "mean": 595.3404367272726,
    "median": 595.8653385454545,
    "variance": 9.964928514012936,
    "stdDev": 3.1567275007534206,
    "confidence": 7.83793304163305,
    "low": 591.4214702064561,
    "high": 599.2594032480891,
    "count": 5,
    "base": 1275.2272727272727
  },
  "Compiler.afterCompile hook": {
    "min": 0.0057820909090909095,
    "max": 0.006882181818181818,
    "mean": 0.006096618181818182,
    "median": 0.005882272727272727,
    "variance": 1.715684872727271e-7,
    "stdDev": 0.00041420826557750763,
    "confidence": 0.0010284500800631577,
    "low": 0.005582393141786603,
    "high": 0.006610843221849761,
    "count": 5,
    "base": 1275.2272727272727
  },
  "Compiler.emitAssets": {
    "min": 126.06634472727274,
    "max": 156.28736609090907,
    "mean": 139.7278759454545,
    "median": 137.49450399999998,
    "variance": 143.40561860232688,
    "stdDev": 11.975208499325884,
    "confidence": 29.733603028740447,
    "low": 124.86107443108429,
    "high": 154.59467745982474,
    "count": 5,
    "base": 1275.2272727272727
  },
  "Compiler.emitRecords": {
    "min": 0.00600009090909091,
    "max": 0.006163818181818181,
    "mean": 0.006105727272727272,
    "median": 0.006127545454545455,
    "variance": 3.1996859504131892e-9,
    "stdDev": 0.00005656576659440928,
    "confidence": 0.0001404488321877003,
    "low": 0.006035502856633422,
    "high": 0.006175951688821122,
    "count": 5,
    "base": 1275.2272727272727
  },
  "FlagDependencyExportsPlugin.restore cached provided exports": {
    "min": 20.74265736363636,
    "max": 23.775398545454546,
    "mean": 22.623371272727276,
    "median": 23.235058909090906,
    "variance": 1.1891894796328568,
    "stdDev": 1.0904996467825456,
    "confidence": 2.707634159542124,
    "low": 21.269554192956214,
    "high": 23.977188352498338,
    "count": 5,
    "base": 1275.2272727272727
  },
  "FlagDependencyExportsPlugin.figure out provided exports": {
    "min": 70.60733427272727,
    "max": 72.71855381818182,
    "mean": 72.03056821818181,
    "median": 72.3099788181818,
    "variance": 0.6128152358943919,
    "stdDev": 0.7828251630436978,
    "confidence": 1.943699989871618,
    "low": 71.058718223246,
    "high": 73.00241821311762,
    "count": 5,
    "base": 1275.2272727272727
  },
  "FlagDependencyExportsPlugin.store provided exports into cache": {
    "min": 0.04121063636363637,
    "max": 0.048239000000000004,
    "mean": 0.045014654545454544,
    "median": 0.04712000000000001,
    "variance": 0.000009725895224462814,
    "stdDev": 0.0031186367573769816,
    "confidence": 0.007743356396667789,
    "low": 0.04114297634712065,
    "high": 0.04888633274378844,
    "count": 5,
    "base": 1275.2272727272727
  },
  "Compilation.finish modules": {
    "min": 95.53434663636364,
    "max": 97.48246100000001,
    "mean": 96.66809409090908,
    "median": 96.89107745454545,
    "variance": 0.447317380778783,
    "stdDev": 0.6688178980700076,
    "confidence": 1.6606279448787689,
    "low": 95.8377801184697,
    "high": 97.49840806334846,
    "count": 5,
    "base": 1275.2272727272727
  },
  "Compilation.report dependency errors and warnings": {
    "min": 47.99196863636364,
    "max": 52.48067727272726,
    "mean": 50.075258781818185,
    "median": 49.91615045454546,
    "variance": 2.439806989467872,
    "stdDev": 1.561988152793699,
    "confidence": 3.878307060238484,
    "low": 48.13610525169894,
    "high": 52.01441231193743,
    "count": 5,
    "base": 1275.2272727272727
  },
  "Compilation.optimize dependencies": {
    "min": 46.534856999999995,
    "max": 51.25074281818181,
    "mean": 49.02808121818181,
    "median": 49.299397727272726,
    "variance": 3.486200215556117,
    "stdDev": 1.867136903270919,
    "confidence": 4.6359700113191735,
    "low": 46.710096212522224,
    "high": 51.3460662238414,
    "count": 5,
    "base": 1275.2272727272727
  },
  "Compilation.create chunks": {
    "min": 113.6469821818182,
    "max": 119.68966827272726,
    "mean": 116.01330725454545,
    "median": 115.78921100000001,
    "variance": 4.290609266252136,
    "stdDev": 2.0713785907583713,
    "confidence": 5.143087800375952,
    "low": 113.44176335435748,
    "high": 118.58485115473343,
    "count": 5,
    "base": 1275.2272727272727
  },
  "Compilation.optimize": {
    "min": 67.69830754545455,
    "max": 71.14050045454546,
    "mean": 69.6226835090909,
    "median": 69.45809163636363,
    "variance": 1.3614062072822004,
    "stdDev": 1.1667931296001877,
    "confidence": 2.897065527848355,
    "low": 68.17415074516673,
    "high": 71.07121627301508,
    "count": 5,
    "base": 1275.2272727272727
  },
  "Compilation.module hashing": {
    "min": 206.92242672727272,
    "max": 210.610448,
    "mean": 208.80139136363636,
    "median": 209.46209354545456,
    "variance": 2.1071590629646124,
    "stdDev": 1.4516056843938758,
    "confidence": 3.6042351309758374,
    "low": 206.99927379814844,