{
  "stats": {
    "min": 288.54545454545456,
    "max": 300,
    "mean": 295.8939393939394,
    "median": 296.6818181818182,
    "variance": 10.822084481175343,
    "stdDev": 3.289693675887672,
    "confidence": 4.1803714700446335,
    "low": 293.80375365891706,
    "high": 297.9841251289617,
    "count": 12,
    "base": 528.9090909090909
  },
  "heap memory": {
    "min": 559434939.6363636,
    "max": 568420586.1818181,
    "mean": 563879693.8787879,
    "median": 563904840,
    "variance": 4406422506056.387,
    "stdDev": 2099148.0429108343,
    "confidence": 2667488.056503296,
    "low": 562545949.8505362,
    "high": 565213437.9070395,
    "count": 12,
    "base": 528.9090909090909
  },
  "rss memory": {
    "min": 952560174.5454545,
    "max": 978376890.1818181,
    "mean": 963621608.7272729,
    "median": 963527773.090909,
    "variance": 35658107147966.32,
    "stdDev": 5971440.9607703835,
    "confidence": 7588196.314577818,
    "low": 959827510.569984,
    "high": 967415706.8845618,
    "count": 12,
    "base": 528.9090909090909
  },
  "external memory": {
    "min": 164808036,
    "max": 164840804,
    "mean": 164823736.83333334,
    "median": 164824420,
    "variance": 139351611.63888887,
    "stdDev": 11804.728359385863,
    "confidence": 15000.834274291992,
    "low": 164816236.4161962,
    "high": 164831237.2504705,
    "count": 12,
    "base": 528.9090909090909
  },
  "array buffers memory": {
    "min": 163348046.63636363,
    "max": 163380814.63636363,
    "mean": 163363747.4696969,
    "median": 163364430.63636363,
    "variance": 139351611.63888893,
    "stdDev": 11804.728359385866,
    "confidence": 15000.834274291992,
    "low": 163356247.05255976,
    "high": 163371247.88683406,
    "count": 12,
    "base": 528.9090909090909
  },
  "Compiler.make hook": {
    "min": 101.95370336363636,
    "max": 105.27579054545454,
    "mean": 103.60718495454545,
    "median": 103.92588268181817,
    "variance": 1.179513545919609,
    "stdDev": 1.0860541173991327,
    "confidence": 1.3801010351137961,
    "low": 102.91713443698855,
    "high": 104.29723547210234,
    "count": 12,
    "base": 528.9090909090909
  },
  "Compiler.finish make hook": {
    "min": 0.002855545454545454,
    "max": 0.004346363636363636,
    "mean": 0.0037695227272727273,
    "median": 0.003948681818181818,
    "variance": 2.5922965444214896e-7,
    "stdDev": 0.0005091460050340658,
    "confidence": 0.0006469962383221922,
    "low": 0.003446024608111631,
    "high": 0.004093020846433823,
    "count": 12,
    "base": 528.9090909090909
  },
  "Compiler.finish compilation": {
    "min": 2.936763181818182,
    "max": 4.489005363636364,
    "mean": 3.7948419090909096,
    "median": 3.748371636363636,
    "variance": 0.15570321264755788,
    "stdDev": 0.3945924640024919,
    "confidence": 0.5014275617517923,
    "low": 3.5441281282150134,
    "high": 4.045555689966806,
    "count": 12,
    "base": 528.9090909090909
  },
  "Compiler.seal compilation": {
    "min": 131.72063536363638,
    "max": 139.4298778181818,
    "mean": 135.82722210606062,
    "median": 135.9917626818182,
    "variance": 4.62836484511464,
    "stdDev": 2.1513634851216192,
    "confidence": 2.7338407222586056,
    "low": 134.46030174493131,
    "high": 137.19414246718992,
    "count": 12,
    "base": 528.9090909090909
  },
  "Compiler.afterCompile hook": {
    "min": 0.00251,
    "max": 0.004886363636363637,
    "mean": 0.003405893939393939,
    "median": 0.0033545454545454547,
    "variance": 3.5477442539026646e-7,
    "stdDev": 0.0005956294363026952,
    "confidence": 0.0007568948806659639,
    "low": 0.003027446499060957,
    "high": 0.003784341379726921,
    "count": 12,
    "base": 528.9090909090909
  },
  "Compiler.emitAssets": {
    "min": 45.06852263636364,
    "max": 49.62635981818182,
    "mean": 47.13458531818183,
    "median": 46.912647681818186,
    "variance": 1.5242488376686971,
    "stdDev": 1.2346047293238014,
    "confidence": 1.5688714195721616,
    "low": 46.350149608395746,
    "high": 47.91902102796791,
    "count": 12,
    "base": 528.9090909090909
  },
  "Compiler.emitRecords": {
    "min": 0.005227999999999999,
    "max": 0.007166181818181819,
    "mean": 0.006475962121212122,
    "median": 0.006583818181818182,
    "variance": 4.2633517418503245e-7,
    "stdDev": 0.0006529434693639507,
    "confidence": 0.0008297265702541506,
    "low": 0.006061098836085047,
    "high": 0.006890825406339197,
    "count": 12,
    "base": 528.9090909090909
  },
  "Compilation.compute affected modules": {
    "min": 1.7609573636363636,
    "max": 2.1003959090909095,
    "mean": 1.8757042121212122,
    "median": 1.8822473636363637,
    "variance": 0.008447181407551435,
    "stdDev": 0.09190854915377261,
    "confidence": 0.11679259973406353,
    "low": 1.8173079122541804,
    "high": 1.934100511988244,
    "count": 12,
    "base": 528.9090909090909
  },
  "Compilation.finish modules": {
    "min": 0.45516172727272736,
    "max": 0.7964938181818183,
    "mean": 0.6672246969696971,
    "median": 0.6725069545454545,
    "variance": 0.010265325067859965,
    "stdDev": 0.1013179405034467,
    "confidence": 0.12874956443171093,
    "low": 0.6028499147538416,
    "high": 0.7315994791855526,
    "count": 12,
    "base": 528.9090909090909
  },
  "Compilation.report dependency errors and warnings": {
    "min": 0.6936969090909091,
    "max": 1.765822636363636,
    "mean": 1.2249737196969694,
    "median": 1.203636590909091,
    "variance": 0.16277457590774436,
    "stdDev": 0.40345331316986893,
    "confidence": 0.5126874675999185,
    "low": 0.9686299858970102,
    "high": 1.4813174534969287,
    "count": 12,
    "base": 528.9090909090909
  },
  "Compilation.optimize dependencies": {
    "min": 0.020412727272727273,
    "max": 0.027304090909090906,
    "mean": 0.024587795454545456,
    "median": 0.025255590909090908,
    "variance": 0.000004635151172348485,
    "stdDev": 0.002152940122796843,
    "confidence": 0.002735844231340434,
    "low": 0.02321987333887524,
    "high": 0.025955717570215673,
    "count": 12,
    "base": 528.9090909090909
  },
  "Compilation.create chunks": {
    "min": 28.59540563636364,
    "max": 33.303737272727275,
    "mean": 31.10206691666667,
    "median": 31.403692954545456,
    "variance": 2.0176435297840745,
    "stdDev": 1.420437795112505,
    "confidence": 1.8050184055690899,
    "low": 30.199557713882125,
    "high": 32.004576119451215,
    "count": 12,
    "base": 528.9090909090909
  },
  "Compilation.compute affected modules with chunk graph": {
    "min": 2.8088403636363632,
    "max": 5.248694454545454,
    "mean": 4.0491119848484844,
    "median": 3.919216863636364,
    "variance": 0.5243450127973843,
    "stdDev": 0.7241167121378875,
    "confidence": 0.9201698220692127,
    "low": 3.589027073813878,
    "high": 4.509196895883091,
    "count": 12,
    "base": 528.9090909090909
  },
  "Compilation.optimize": {
    "min": 19.378418000000003,
    "max": 22.70015363636364,
    "mean": 20.850239492424244,
    "median": 20.605247318181817,
    "variance": 0.8589929015471668,
    "stdDev": 0.9268186993944214,
    "confidence": 1.177752955313352,
    "low": 20.261363014767568,
    "high": 21.43911597008092,
    "count": 12,
    "base": 528.9090909090909
  },
  "Compilation.module hashing": {
    "min": 4.418425090909091,
    "max": 5.744244090909091,
    "mean": 5.123696295454546,
    "median": 5.224793227272728,
    "variance": 0.14798417422334176,
    "stdDev": 0.3846871121097531,
    "confidence": 0.4888403562144905,
    "low": 4.879276117347301,
    "high": 5.368116473561791,
    "count": 12,
    "base": 528.9090909090909
  },
  "Compilation.code generation": {
    "min": 15.040797272727275,
    "max": 16.377937999999997,
    "mean": 15.748102712121215,
    "median": 15.769993227272728,
    "variance": 0.1335758577347008,
    "stdDev": 0.36548031100826867,
    "confidence": 0.4644333532330336,
    "low": 15.515886035504698,
    "high": 15.980319388737732,
    "count": 12,