{
  "cache.PackFileCacheStrategy.restore cache container": {
    "min": 33.186702,
    "max": 36.469537,
    "mean": 34.328289466666675,
    "median": 34.0767495,
    "variance": 0.5786852016731826,
    "stdDev": 0.7607136134401583,
    "confidence": 0.5680464746863976,
    "low": 34.044266229323476,
    "high": 34.612312704009874,
    "count": 30,
    "base": 991
  },
  "cache.PackFileCacheStrategy.check build dependencies": {
    "min": 17.604685,
    "max": 19.268835,
    "mean": 18.228796699999997,
    "median": 18.132224,
    "variance": 0.15714092966527654,
    "stdDev": 0.3964100524271257,
    "confidence": 0.2960106521469399,
    "low": 18.080791373926527,
    "high": 18.376802026073467,
    "count": 30,
    "base": 991
  },
  "cache.PackFileCacheStrategy.restore cache content metadata": {
    "min": 34.408619,
    "max": 40.346963,
    "mean": 36.87251869999999,
    "median": 37.003563,
    "variance": 1.5953434034584766,
    "stdDev": 1.2630690414456671,
    "confidence": 0.9431695497522128,
    "low": 36.40093392512389,
    "high": 37.3441034748761,
    "count": 30,
    "base": 991
  },
  "cache.PackFileCacheStrategy.restore cache content": {
    "min": 221.730575,
    "max": 236.164862,
    "mean": 227.02036980000003,
    "median": 225.915705,
    "variance": 20.899496649056406,
    "stdDev": 4.571596728612051,
    "confidence": 3.413741202332517,
    "low": 225.31349919883377,
    "high": 228.72724040116628,
    "count": 30,
    "base": 991
  },
  "stats": {
    "min": 919,
    "max": 1001,
    "mean": 948.0666666666667,
    "median": 935.5,
    "variance": 585.1955555555554,
    "stdDev": 24.19081552067965,
    "confidence": 18.063969453850177,
    "low": 939.0346819397416,
    "high": 957.0986513935918,
    "count": 30,
    "base": 991
  },
  "heap memory": {
    "min": 87926448,
    "max": 93809400,
    "mean": 91171294.13333334,
    "median": 91271312,
    "variance": 1318989605728.7825,
    "stdDev": 1148472.7274640799,
    "confidence": 857597.2252674401,
    "low": 90742495.52069962,
    "high": 91600092.74596706,
    "count": 30,
    "base": 991
  },
  "rss memory": {
    "min": 211021824,
    "max": 215658496,
    "mean": 213312443.73333332,
    "median": 212901888,
    "variance": 1780968233078.3289,
    "stdDev": 1334529.2177686964,
    "confidence": 996530.8943154812,
    "low": 212814178.28617558,
    "high": 213810709.18049106,
    "count": 30,
    "base": 991
  },
  "external memory": {
    "min": 45057554,
    "max": 45057554,
    "mean": 45057554,
    "median": 45057554,
    "variance": 0,
    "stdDev": 0,
    "confidence": 0,
    "low": 45057554,
    "high": 45057554,
    "count": 30,
    "base": 991
  },
  "array buffers memory": {
    "min": 43568238,
    "max": 43568238,
    "mean": 43568238,
    "median": 43568238,
    "variance": 0,
    "stdDev": 0,
    "confidence": 0,
    "low": 43568238,
    "high": 43568238,
    "count": 30,
    "base": 991
  },
  "Compiler.make hook": {
    "min": 693.983011,
    "max": 746.53056,
    "mean": 712.6433495666666,
    "median": 708.1394965,
    "variance": 260.2774988935608,
    "stdDev": 16.13311807722118,
    "confidence": 12.047057772531616,
    "low": 706.6198206804008,
    "high": 718.6668784529325,
    "count": 30,
    "base": 991
  },
  "Compiler.finish make hook": {
    "min": 0.08546,
    "max": 0.132388,
    "mean": 0.09776060000000002,
    "median": 0.09366,
    "variance": 0.00013329095404,
    "stdDev": 0.011545170160720888,
    "confidence": 0.00862110667350105,
    "low": 0.09345004666324949,
    "high": 0.10207115333675054,
    "count": 30,
    "base": 991
  },
  "Compiler.finish compilation": {
    "min": 59.775179,
    "max": 70.318432,
    "mean": 64.96020886666668,
    "median": 65.5064785,
    "variance": 10.873259818723643,
    "stdDev": 3.2974626334082457,
    "confidence": 2.462309062469558,
    "low": 63.7290543354319,
    "high": 66.19136339790145,
    "count": 30,
    "base": 991
  },
  "Compiler.seal compilation": {
    "min": 138.932077,
    "max": 163.420428,
    "mean": 148.12659769999996,
    "median": 146.6720795,
    "variance": 49.311858733324776,
    "stdDev": 7.0222402930492756,
    "confidence": 5.243706399348127,
    "low": 145.5047445003259,
    "high": 150.74845089967403,
    "count": 30,
    "base": 991
  },
  "Compiler.afterCompile hook": {
    "min": 0.050274,
    "max": 0.062166,
    "mean": 0.05441376666666667,
    "median": 0.052764000000000005,
    "variance": 0.000010970801845555548,
    "stdDev": 0.003312220078067813,
    "confidence": 0.0024733288658043973,
    "low": 0.05317710223376447,
    "high": 0.05565043109956887,
    "count": 30,
    "base": 991
  },
  "Compiler.emitAssets": {
    "min": 5.268053,
    "max": 7.746395,
    "mean": 6.161574233333335,
    "median": 6.182116,
    "variance": 0.19555288575897883,
    "stdDev": 0.44221362005141684,
    "confidence": 0.33021347783238575,
    "low": 5.996467494417142,
    "high": 6.326680972249528,
    "count": 30,
    "base": 991
  },
  "Compiler.emitRecords": {
    "min": 0.059992,
    "max": 0.095469,
    "mean": 0.06638833333333333,
    "median": 0.06415000000000001,
    "variance": 0.000047500338355555565,
    "stdDev": 0.006892048922893363,
    "confidence": 0.005146488803205451,
    "low": 0.0638150889317306,
    "high": 0.06896157773493605,
    "count": 30,
    "base": 991
  },
  "Compilation.compute affected modules": {
    "min": 0.209561,
    "max": 0.312354,
    "mean": 0.22345520000000005,
    "median": 0.2135035,
    "variance": 0.0007093165337600002,
    "stdDev": 0.026632997085570376,
    "confidence": 0.019887615835313732,
    "low": 0.21351139208234318,
    "high": 0.23339900791765691,
    "count": 30,
    "base": 991
  },
  "Compilation.finish modules": {
    "min": 31.079161,
    "max": 42.093643,
    "mean": 36.428948500000004,
    "median": 36.941967000000005,
    "variance": 9.10793948135418,
    "stdDev": 3.017936295111973,
    "confidence": 2.2535788015069187,
    "low": 35.302159099246545,
    "high": 37.55573790075346,
    "count": 30,
    "base": 991
  },
  "Compilation.report dependency errors and warnings": {
    "min": 24.050856,
    "max": 32.23396,
    "mean": 27.90422376666667,
    "median": 27.848392,
    "variance": 4.399256454254446,
    "stdDev": 2.097440453089061,
    "confidence": 1.5662183957164046,
    "low": 27.12111456880847,
    "high": 28.687332964524874,
    "count": 30,
    "base": 991
  },
  "Compilation.optimize dependencies": {
    "min": 0.668589,
    "max": 3.505683,
    "mean": 0.8328338666666667,
    "median": 0.731201,
    "variance": 0.24937637125404882,
    "stdDev": 0.49937598185540405,
    "confidence": 0.37289823794948185,
    "low": 0.6463847476919258,
    "high": 1.0192829856414076,
    "count": 30,
    "base": 991
  },
  "Compilation.create chunks": {
    "min": 26.269156,
    "max": 36.020259,
    "mean": 29.857905633333335,
    "median": 29.102815999999997,
    "variance": 8.336126236429697,
    "stdDev": 2.8872350504296835,
    "confidence": 2.1559804675647385,
    "low": 28.779915399550966,
    "high": 30.935895867115704,
    "count": 30,
    "base": 991
  },
  "Compilation.compute affected modules with chunk graph": {
    "min": 0.116508,
    "max": 0.188051,
    "mean": 0.1312602,
    "median": 0.1252585,
    "variance": 0.00029224468129333326,
    "stdDev": 0.017095165436266865,
    "confidence": 0.012765445876979795,
    "low": 0.1248774770615101,
    "high": 0.1376429229384899,
    "count": 30,
    "base": 991
  },
  "Compilation.optimize": {
    "min": 22.873643,
    "max": 30.377884,
    "mean": 25.292352699999995,
    "median": 25.052964,
    "variance": 2.8399779069784112,
    "stdDev": 1.6852233997243247,
    "confidence": 1.2584042067333456,
    "low": 24.663150596633322,
    "high": 25.921554803366668,
    "count": 30,
    "base": 991
  },
  "Compilation.module hashing": {
    "min": 48.950965,
    "max": 61.399946,
    "mean": 53.673806633333335,
    "median": 53.3465725,