{
  "stats": {
    "min": 7694,
    "max": 7984,
    "mean": 7841.3,
    "median": 7841.5,
    "variance": 4537.876666666666,
    "stdDev": 67.36376375074856,
    "confidence": 50.30243687525399,
    "low": 7816.148781562373,
    "high": 7866.451218437627,
    "count": 30,
    "base": 8243.5
  },
  "heap memory": {
    "min": 397265048,
    "max": 654204624,
    "mean": 596886648.5333333,
    "median": 611255408,
    "variance": 2703983788360491,
    "stdDev": 51999844.11861723,
    "confidence": 38829761.44234085,
    "low": 577471767.8121629,
    "high": 616301529.2545037,
    "count": 30,
    "base": 8243.5
  },
  "rss memory": {
    "min": 675627008,
    "max": 849158144,
    "mean": 794802449.0666667,
    "median": 804911104,
    "variance": 1742069677682123.8,
    "stdDev": 41738108.21877441,
    "confidence": 31167031.60672307,
    "low": 779218933.2633052,
    "high": 810385964.8700283,
    "count": 30,
    "base": 8243.5
  },
  "external memory": {
    "min": 100590702,
    "max": 100639854,
    "mean": 100608178.26666667,
    "median": 100607086,
    "variance": 110655060.19555552,
    "stdDev": 10519.270896576223,
    "confidence": 7855.038536846638,
    "low": 100604250.74739824,
    "high": 100612105.78593509,
    "count": 30,
    "base": 8243.5
  },
  "array buffers memory": {
    "min": 99068731,
    "max": 99117883,
    "mean": 99086207.26666667,
    "median": 99085115,
    "variance": 110655060.19555552,
    "stdDev": 10519.270896576223,
    "confidence": 7855.038536846638,
    "low": 99082279.74739824,
    "high": 99090134.78593509,
    "count": 30,
    "base": 8243.5
  },
  "Compiler.make hook": {
    "min": 5501.177613,
    "max": 5827.766676,
    "mean": 5735.946701,
    "median": 5740.611072,
    "variance": 4483.264038369542,
    "stdDev": 66.95718063336852,
    "confidence": 49.99882970638646,
    "low": 5710.947286146807,
    "high": 5760.946115853193,
    "count": 30,
    "base": 8243.5
  },
  "Compiler.finish make hook": {
    "min": 0.08599,
    "max": 0.13931,
    "mean": 0.1003732,
    "median": 0.0930745,
    "variance": 0.0002326661682933333,
    "stdDev": 0.015253398581736901,
    "confidence": 0.011390146223567849,
    "low": 0.09467812688821607,
    "high": 0.10606827311178392,
    "count": 30,
    "base": 8243.5
  },
  "Compiler.finish compilation": {
    "min": 308.322064,
    "max": 332.722235,
    "mean": 320.8744386,
    "median": 321.95515250000005,
    "variance": 38.28093115199827,
    "stdDev": 6.187158568519015,
    "confidence": 4.620127142564115,
    "low": 318.56437502871796,
    "high": 323.1845021712821,
    "count": 30,
    "base": 8243.5
  },
  "Compiler.seal compilation": {
    "min": 1541.198942,
    "max": 1668.401656,
    "mean": 1579.8206016000001,
    "median": 1579.095572,
    "variance": 636.2142949429949,
    "stdDev": 25.22328874161724,
    "confidence": 18.83494655088043,
    "low": 1570.40312832456,
    "high": 1589.2380748754404,
    "count": 30,
    "base": 8243.5
  },
  "Compiler.afterCompile hook": {
    "min": 0.050294,
    "max": 0.162123,
    "mean": 0.07599473333333333,
    "median": 0.065853,
    "variance": 0.0009503818199955554,
    "stdDev": 0.03082826333083905,
    "confidence": 0.023020340370396825,
    "low": 0.06448456314813492,
    "high": 0.08750490351853174,
    "count": 30,
    "base": 8243.5
  },
  "Compiler.emitAssets": {
    "min": 167.677985,
    "max": 211.040478,
    "mean": 187.46141563333336,
    "median": 185.8161455,
    "variance": 73.40328444688356,
    "stdDev": 8.56757167737064,
    "confidence": 6.39764926243987,
    "low": 184.26259100211342,
    "high": 190.6602402645533,
    "count": 30,
    "base": 8243.5
  },
  "Compiler.emitRecords": {
    "min": 0.086231,
    "max": 0.166631,
    "mean": 0.09491733333333334,
    "median": 0.09309899999999999,
    "variance": 0.00019035153115555555,
    "stdDev": 0.013796794234732776,
    "confidence": 0.010302458360869099,
    "low": 0.08976610415289879,
    "high": 0.10006856251376789,
    "count": 30,
    "base": 8243.5
  },
  "Compilation.compute affected modules": {
    "min": 0.209943,
    "max": 0.329285,
    "mean": 0.2280214,
    "median": 0.2181275,
    "variance": 0.0007278868899066667,
    "stdDev": 0.02697937897555588,
    "confidence": 0.020146269036761866,
    "low": 0.21794826548161908,
    "high": 0.23809453451838095,
    "count": 30,
    "base": 8243.5
  },
  "Compilation.finish modules": {
    "min": 243.323765,
    "max": 264.760832,
    "mean": 255.93263443333336,
    "median": 255.6439155,
    "variance": 27.358909694359184,
    "stdDev": 5.2305745090151605,
    "confidence": 3.905818639151107,
    "low": 253.9797251137578,
    "high": 257.8855437529089,
    "count": 30,
    "base": 8243.5
  },
  "Compilation.report dependency errors and warnings": {
    "min": 57.330819,
    "max": 68.488027,
    "mean": 64.3308586,
    "median": 64.30739600000001,
    "variance": 5.588355843465441,
    "stdDev": 2.3639703558770444,
    "confidence": 1.7652438489254507,
    "low": 63.448236675537274,
    "high": 65.21348052446272,
    "count": 30,
    "base": 8243.5
  },
  "Compilation.optimize dependencies": {
    "min": 121.423584,
    "max": 157.623424,
    "mean": 144.66442756666672,
    "median": 146.566256,
    "variance": 56.46930306740443,
    "stdDev": 7.514605982179267,
    "confidence": 5.611369852486575,
    "low": 141.85874264042343,
    "high": 147.47011249291,
    "count": 30,
    "base": 8243.5
  },
  "Compilation.create chunks": {
    "min": 147.857008,
    "max": 180.263225,
    "mean": 159.43305213333335,
    "median": 157.7468045,
    "variance": 70.42652680165767,
    "stdDev": 8.392051406042368,
    "confidence": 6.266583287541437,
    "low": 156.29976048956263,
    "high": 162.56634377710407,
    "count": 30,
    "base": 8243.5
  },
  "Compilation.compute affected modules with chunk graph": {
    "min": 0.126096,
    "max": 0.164618,
    "mean": 0.1358568,
    "median": 0.1336545,
    "variance": 0.00008325782855999997,
    "stdDev": 0.009124572787807655,
    "confidence": 0.006813577821611128,
    "low": 0.13245001108919444,
    "high": 0.13926358891080556,
    "count": 30,
    "base": 8243.5
  },
  "Compilation.optimize": {
    "min": 81.870461,
    "max": 91.973983,
    "mean": 87.57564693333333,
    "median": 87.5472615,
    "variance": 5.212678574840398,
    "stdDev": 2.2831291191784135,
    "confidence": 1.704877399969348,
    "low": 86.72320823334866,
    "high": 88.428085633318,
    "count": 30,
    "base": 8243.5
  },
  "Compilation.module hashing": {
    "min": 154.734047,
    "max": 251.923947,
    "mean": 171.3304398,
    "median": 169.9352,
    "variance": 241.24790998119488,
    "stdDev": 15.532157286777483,
    "confidence": 11.598303270962276,
    "low": 165.53128816451886,
    "high": 177.12959143548113,
    "count": 30,
    "base": 8243.5
  },
  "Compilation.code generation": {
    "min": 590.376433,
    "max": 627.229643,
    "mean": 608.3707799999999,
    "median": 606.6771855,
    "variance": 75.4610560648283,
    "stdDev": 8.686832337787365,
    "confidence": 6.486704586968699,
    "low": 605.1274277065155,
    "high": 611.6141322934842,
    "count": 30,
    "base": 8243.5
  },
  "Compilation.runtime requirements.modules": {
    "min": 21.100716,
    "max": 27.048812,
    "mean": 25.431886000000002,
    "median": 25.594908500000003,
    "variance": 1.3490066175862003,
    "stdDev": 1.1614674414662687,
    "confidence": 0.8673007475234797,
    "low": 24.998235626238262,
    "high": 25.865536373761742,
    "count": 30,
    "base": 8243.5
  },
  "Compilation.runtime requirements.chunks": {
    "min": 5.27108,
    "max": 10.383896,
    "mean": 6.462216933333333,
    "median": 6.115666,
    "variance": 1.1881426864846623,
    "stdDev": 1.0900195807803923,
    "confidence": 0.8139485993964666,
    "low": 6.0552426336351,
    "high": 6.869191233031566,
    "count": 30,
    "base": 8243.5
  },
  "Compilation.runtime requirements.entries": {
    "min": 1.865165,