{
  "stats": {
    "min": 52525,
    "max": 54154,
    "mean": 53618.333333333336,
    "median": 53780.5,
    "variance": 301388.88888888893,
    "stdDev": 548.9889697333535,
    "confidence": 1152.4446226753498,
    "low": 53042.11102199566,
    "high": 54194.55564467101,
    "count": 6,
    "base": 56858
  },
  "heap memory": {
    "min": 567828304,
    "max": 1055080744,
    "mean": 767984764,
    "median": 653294972,
    "variance": 29923345297291744,
    "stdDev": 172983656.1565622,
    "confidence": 363129489.55090904,
    "low": 586420019.2245455,
    "high": 949549508.7754545,
    "count": 6,
    "base": 56858
  },
  "rss memory": {
    "min": 957628416,
    "max": 1270284288,
    "mean": 1079655082.6666667,
    "median": 1091004416,
    "variance": 9761120078499386,
    "stdDev": 98798380.95079993,
    "confidence": 207398816.9763819,
    "low": 975955674.1784757,
    "high": 1183354491.1548576,
    "count": 6,
    "base": 56858
  },
  "external memory": {
    "min": 25097315,
    "max": 25130083,
    "mean": 25109603,
    "median": 25109603,
    "variance": 128625322.66666667,
    "stdDev": 11341.310447504145,
    "confidence": 23807.823034524918,
    "low": 25097699.088482738,
    "high": 25121506.911517262,
    "count": 6,
    "base": 56858
  },
  "array buffers memory": {
    "min": 23718604,
    "max": 23751372,
    "mean": 23730892,
    "median": 23730892,
    "variance": 128625322.66666667,
    "stdDev": 11341.310447504145,
    "confidence": 23807.823034524918,
    "low": 23718988.088482738,
    "high": 23742795.911517262,
    "count": 6,
    "base": 56858
  },
  "Compiler.make hook": {
    "min": 32316.46468,
    "max": 33655.20476,
    "mean": 32948.87502283333,
    "median": 32848.937944000005,
    "variance": 187282.68077629156,
    "stdDev": 432.7616905137186,
    "confidence": 908.4588409393145,
    "low": 32494.645602363675,
    "high": 33403.10444330299,
    "count": 6,
    "base": 56858
  },
  "Compiler.finish make hook": {
    "min": 0.163715,
    "max": 0.196418,
    "mean": 0.18328366666666665,
    "median": 0.18876749999999998,
    "variance": 0.0001512530902222222,
    "stdDev": 0.0122984995110063,
    "confidence": 0.02581716648208565,
    "low": 0.17037508342562382,
    "high": 0.19619224990770948,
    "count": 6,
    "base": 56858
  },
  "Compiler.finish compilation": {
    "min": 126.33654,
    "max": 174.934992,
    "mean": 144.40504966666666,
    "median": 136.71490599999998,
    "variance": 363.87897504890043,
    "stdDev": 19.075612049129653,
    "confidence": 40.043767256267714,
    "low": 124.38316603853279,
    "high": 164.4269332948005,
    "count": 6,
    "base": 56858
  },
  "Compiler.seal compilation": {
    "min": 20023.229674,
    "max": 20770.839855,
    "mean": 20452.941327,
    "median": 20484.836022000003,
    "variance": 60391.944476587094,
    "stdDev": 245.7477252724572,
    "confidence": 515.8767482386756,
    "low": 20195.002952880663,
    "high": 20710.87970111934,
    "count": 6,
    "base": 56858
  },
  "Compiler.afterCompile hook": {
    "min": 0.080308,
    "max": 0.084007,
    "mean": 0.08212399999999999,
    "median": 0.0821575,
    "variance": 0.0000012508446666666643,
    "stdDev": 0.0011184116713744828,
    "confidence": 0.0023477839950753476,
    "low": 0.08095010800246231,
    "high": 0.08329789199753766,
    "count": 6,
    "base": 56858
  },
  "Compiler.emitAssets": {
    "min": 31.302636,
    "max": 103.67561,
    "mean": 52.203207166666665,
    "median": 35.505177,
    "variance": 641.6391561411373,
    "stdDev": 25.330597232223667,
    "confidence": 53.1743116507606,
    "low": 25.61605134128637,
    "high": 78.79036299204697,
    "count": 6,
    "base": 56858
  },
  "Compiler.emitRecords": {
    "min": 0.094209,
    "max": 0.124212,
    "mean": 0.10606,
    "median": 0.1042595,
    "variance": 0.00012679130133333333,
    "stdDev": 0.01126016435640854,
    "confidence": 0.02363748012876568,
    "low": 0.09424125993561716,
    "high": 0.11787874006438284,
    "count": 6,
    "base": 56858
  },
  "FlagDependencyExportsPlugin.restore cached provided exports": {
    "min": 4.554526,
    "max": 6.233685,
    "mean": 5.075008833333333,
    "median": 4.674188,
    "variance": 0.42144684912480573,
    "stdDev": 0.6491893784750377,
    "confidence": 1.3627865942095223,
    "low": 4.393615536228572,
    "high": 5.756402130438095,
    "count": 6,
    "base": 56858
  },
  "FlagDependencyExportsPlugin.figure out provided exports": {
    "min": 69.556419,
    "max": 112.27242,
    "mean": 83.80763733333333,
    "median": 72.763667,
    "variance": 244.85062243752586,
    "stdDev": 15.647703423746433,
    "confidence": 32.847857902635155,
    "low": 67.38370838201575,
    "high": 100.23156628465091,
    "count": 6,
    "base": 56858
  },
  "FlagDependencyExportsPlugin.store provided exports into cache": {
    "min": 15.631665,
    "max": 24.009952,
    "mean": 19.687195,
    "median": 20.060429499999998,
    "variance": 8.982540493963999,
    "stdDev": 2.9970886696866343,
    "confidence": 6.291526627099991,
    "low": 16.541431686450004,
    "high": 22.832958313549995,
    "count": 6,
    "base": 56858
  },
  "InnerGraphPlugin.infer dependency usage": {
    "min": 19.391818,
    "max": 27.92849,
    "mean": 22.555067833333336,
    "median": 20.257989000000002,
    "variance": 14.024618393596805,
    "stdDev": 3.7449457130373474,
    "confidence": 7.86143763743965,
    "low": 18.62434901461351,
    "high": 26.48578665205316,
    "count": 6,
    "base": 56858
  },
  "Compilation.finish modules": {
    "min": 96.159212,
    "max": 142.200425,
    "mean": 110.56651199999999,
    "median": 119.1798185,
    "variance": 334.1300164155144,
    "stdDev": 18.27922362726367,
    "confidence": 38.371978559336085,
    "low": 91.38052272033194,
    "high": 129.75250127966802,
    "count": 6,
    "base": 56858
  },
  "Compilation.report dependency errors and warnings": {
    "min": 29.213438,
    "max": 40.287874,
    "mean": 33.351859,
    "median": 32.6867625,
    "variance": 13.777338215930007,
    "stdDev": 3.711783697352259,
    "confidence": 7.7918235126387145,
    "low": 29.45594724368064,
    "high": 37.247770756319355,
    "count": 6,
    "base": 56858
  },
  "Compilation.optimize dependencies": {
    "min": 236.722073,
    "max": 283.456588,
    "mean": 249.5320683333333,
    "median": 244.3358425,
    "variance": 247.05488638994635,
    "stdDev": 15.717979717188413,
    "confidence": 32.99538279100966,
    "low": 233.03437693782848,
    "high": 266.02975972883814,
    "count": 6,
    "base": 56858
  },
  "Compilation.create chunks": {
    "min": 63.326531,
    "max": 70.206479,
    "mean": 66.4588285,
    "median": 66.08524299999999,
    "variance": 8.802503064888244,
    "stdDev": 2.9669012563427595,
    "confidence": 6.2281568253396316,
    "low": 63.344750087330176,
    "high": 69.57290691266981,
    "count": 6,
    "base": 56858
  },
  "Compilation.optimize": {
    "min": 180.562712,
    "max": 186.770019,
    "mean": 183.68751633333332,
    "median": 183.594009,
    "variance": 5.074327024785205,
    "stdDev": 2.2526266945024878,
    "confidence": 4.728742587005456,
    "low": 181.3231450398306,
    "high": 186.05188762683605,
    "count": 6,
    "base": 56858
  },
  "Compilation.module hashing": {
    "min": 128.460037,
    "max": 139.238242,
    "mean": 133.73671783333333,
    "median": 133.23179149999999,
    "variance": 16.65128582407584,
    "stdDev": 4.0805987090224685,
    "confidence": 8.566044672615249,
    "low": 129.4536954970257,
    "high": 138.01974016964095,
    "count": 6,
    "base": 56858
  },
  "Compilation.code generation": {
    "min": 1198.323003,
    "max": 1251.292169,
    "mean": 1217.6728798333334,
    "median": 1211.7463480000001,
    "variance": 349.7307051499677,
    "stdDev": 18.70108834132302,
    "confidence": 39.25756232880667,
    "low": 1198.04409866893,
    "high": 1237.3016609977367,
    "count": 6,
    "base": 56858
  },