{
  "stats": {
    "min": 9174,
    "max": 9928,
    "mean": 9449.172413793103,
    "median": 9419,
    "variance": 33022.21165279429,
    "stdDev": 181.72014652424835,
    "confidence": 138.21781631960403,
    "low": 9380.063505633301,
    "high": 9518.281321952905,
    "count": 29,
    "base": 11826
  },
  "heap memory": {
    "min": 128644672,
    "max": 357645504,
    "mean": 273562570.7586207,
    "median": 282237304,
    "variance": 3336156913139099.5,
    "stdDev": 57759474.66121121,
    "confidence": 43932324.577863574,
    "low": 251596408.4696889,
    "high": 295528733.04755247,
    "count": 29,
    "base": 11826
  },
  "rss memory": {
    "min": 429838336,
    "max": 596533248,
    "mean": 498081650.7586207,
    "median": 495460352,
    "variance": 1356926289659940.5,
    "stdDev": 36836480.41900774,
    "confidence": 28018125.572751284,
    "low": 484072587.97224504,
    "high": 512090713.5449963,
    "count": 29,
    "base": 11826
  },
  "external memory": {
    "min": 34294693,
    "max": 34335653,
    "mean": 34318421.551724136,
    "median": 34319269,
    "variance": 71018892.93697976,
    "stdDev": 8427.27078816029,
    "confidence": 6409.850465968251,
    "low": 34315216.62649115,
    "high": 34321626.47695712,
    "count": 29,
    "base": 11826
  },
  "array buffers memory": {
    "min": 32750923,
    "max": 32791883,
    "mean": 32774651.55172414,
    "median": 32775499,
    "variance": 71018892.93697985,
    "stdDev": 8427.270788160295,
    "confidence": 6409.850465960801,
    "low": 32771446.62649116,
    "high": 32777856.47695712,
    "count": 29,
    "base": 11826
  },
  "Compiler.make hook": {
    "min": 8597.447835,
    "max": 9316.454262,
    "mean": 8866.256575310344,
    "median": 8825.132527,
    "variance": 31263.08512488058,
    "stdDev": 176.81370174531324,
    "confidence": 134.48593465316299,
    "low": 8799.013607983763,
    "high": 8933.499542636926,
    "count": 29,
    "base": 11826
  },
  "Compiler.finish make hook": {
    "min": 0.08529,
    "max": 0.18229,
    "mean": 0.13506524137931036,
    "median": 0.13866,
    "variance": 0.0005396806342520807,
    "stdDev": 0.02323102740414381,
    "confidence": 0.017669707735092632,
    "low": 0.12623038751176405,
    "high": 0.14390009524685668,
    "count": 29,
    "base": 11826
  },
  "Compiler.finish compilation": {
    "min": 70.39553,
    "max": 88.827582,
    "mean": 79.27306510344827,
    "median": 79.003752,
    "variance": 13.522431358698652,
    "stdDev": 3.677285868503923,
    "confidence": 2.7969734366229773,
    "low": 77.87457838513679,
    "high": 80.67155182175976,
    "count": 29,
    "base": 11826
  },
  "Compiler.seal compilation": {
    "min": 420.930156,
    "max": 486.17838,
    "mean": 438.1057994827586,
    "median": 435.006472,
    "variance": 202.44357507806436,
    "stdDev": 14.22826676296394,
    "confidence": 10.822135022476914,
    "low": 432.6947319715201,
    "high": 443.51686699399704,
    "count": 29,
    "base": 11826
  },
  "Compiler.afterCompile hook": {
    "min": 0.046798,
    "max": 0.057478,
    "mean": 0.05251448275862068,
    "median": 0.052638,
    "variance": 0.00000686620487039239,
    "stdDev": 0.00262034441827642,
    "confidence": 0.0019930552028864096,
    "low": 0.05151795515717748,
    "high": 0.053511010360063886,
    "count": 29,
    "base": 11826
  },
  "Compiler.emitAssets": {
    "min": 42.595173,
    "max": 93.758629,
    "mean": 48.18951248275863,
    "median": 45.552644,
    "variance": 92.09081740948707,
    "stdDev": 9.596396063600494,
    "confidence": 7.299096626426774,
    "low": 44.53996416954524,
    "high": 51.83906079597202,
    "count": 29,
    "base": 11826
  },
  "Compiler.emitRecords": {
    "min": 0.063448,
    "max": 0.113011,
    "mean": 0.07249617241379312,
    "median": 0.065693,
    "variance": 0.0001540700997288942,
    "stdDev": 0.012412497723218088,
    "confidence": 0.009441046373723616,
    "low": 0.06777564922693131,
    "high": 0.07721669560065493,
    "count": 29,
    "base": 11826
  },
  "Compilation.compute affected modules": {
    "min": 0.207929,
    "max": 0.235821,
    "mean": 0.21662831034482755,
    "median": 0.213348,
    "variance": 0.00007169614759334125,
    "stdDev": 0.008467357769300955,
    "confidence": 0.006440340948731582,
    "low": 0.21340813987046175,
    "high": 0.21984848081919334,
    "count": 29,
    "base": 11826
  },
  "Compilation.finish modules": {
    "min": 45.041477,
    "max": 57.275449,
    "mean": 51.746408379310346,
    "median": 52.141582,
    "variance": 7.663624386476442,
    "stdDev": 2.768325195217578,
    "confidence": 2.105610581237684,
    "low": 50.6936030886915,
    "high": 52.79921366992919,
    "count": 29,
    "base": 11826
  },
  "Compilation.report dependency errors and warnings": {
    "min": 24.473671,
    "max": 33.182987,
    "mean": 26.930768758620687,
    "median": 26.762033,
    "variance": 3.183756426790458,
    "stdDev": 1.7843083889256526,
    "confidence": 1.3571594227453971,
    "low": 26.252189047247988,
    "high": 27.609348469993385,
    "count": 29,
    "base": 11826
  },
  "Compilation.optimize dependencies": {
    "min": 0.708094,
    "max": 1.071082,
    "mean": 0.7635468275862067,
    "median": 0.755753,
    "variance": 0.004281291942763379,
    "stdDev": 0.0654315821508496,
    "confidence": 0.04976779171824264,
    "low": 0.7386629317270854,
    "high": 0.788430723445328,
    "count": 29,
    "base": 11826
  },
  "Compilation.create chunks": {
    "min": 31.87119,
    "max": 47.685902,
    "mean": 38.12332599999999,
    "median": 37.984159,
    "variance": 13.92765788687462,
    "stdDev": 3.7319777446917635,
    "confidence": 2.8385725209385697,
    "low": 36.70403973953071,
    "high": 39.54261226046928,
    "count": 29,
    "base": 11826
  },
  "Compilation.compute affected modules with chunk graph": {
    "min": 0.116387,
    "max": 0.145682,
    "mean": 0.12243806896551723,
    "median": 0.120535,
    "variance": 0.00004184308268489896,
    "stdDev": 0.006468622935749073,
    "confidence": 0.004920087034240045,
    "low": 0.11997802544839721,
    "high": 0.12489811248263726,
    "count": 29,
    "base": 11826
  },
  "Compilation.optimize": {
    "min": 21.433272,
    "max": 29.629551,
    "mean": 25.107170310344827,
    "median": 25.360101,
    "variance": 4.725598511234904,
    "stdDev": 2.173844178232401,
    "confidence": 1.653443501347148,
    "low": 24.280448559671253,
    "high": 25.9338920610184,
    "count": 29,
    "base": 11826
  },
  "Compilation.module hashing": {
    "min": 47.720513,
    "max": 56.636713,
    "mean": 51.55132124137931,
    "median": 51.207708,
    "variance": 6.513080527228388,
    "stdDev": 2.5520737699424734,
    "confidence": 1.9411279944181814,
    "low": 50.58075724417022,
    "high": 52.5218852385884,
    "count": 29,
    "base": 11826
  },
  "Compilation.code generation": {
    "min": 184.659565,
    "max": 210.101598,
    "mean": 193.11170631034486,
    "median": 192.647996,
    "variance": 26.487930173752027,
    "stdDev": 5.146642611815204,
    "confidence": 3.9145780849764265,
    "low": 191.15441726785664,
    "high": 195.06899535283307,
    "count": 29,
    "base": 11826
  },
  "Compilation.runtime requirements.modules": {
    "min": 4.579639,
    "max": 7.822773,
    "mean": 5.120426172413794,
    "median": 5.075474,
    "variance": 0.32827878392269433,
    "stdDev": 0.5729561797578365,
    "confidence": 0.4357951142328851,
    "low": 4.902528615297351,
    "high": 5.338323729530236,
    "count": 29,
    "base": 11826
  },
  "Compilation.runtime requirements.chunks": {
    "min": 1.587267,
    "max": 2.553122,
    "mean": 2.151962413793104,
    "median": 2.132967,
    "variance": 0.07821996915900117,
    "stdDev": 0.27967833158648736,
    "confidence": 0.21272560584600164,
    "low": 2.045599610870103,
    "high": 2.2583252167161048,
    "count": 29,
    "base": 11826
  },
  "Compilation.runtime requirements.entries": {
    "min": 1.709525,
    "max": 2.153294,