{
  "stats": {
    "min": 22337,
    "max": 23184,
    "mean": 22662.23076923077,
    "median": 22590,
    "variance": 52420.33136094675,
    "stdDev": 228.95486751966368,
    "confidence": 276.7358543589944,
    "low": 22523.862842051272,
    "high": 22800.598696410267,
    "count": 13,
    "base": 21642
  },
  "heap memory": {
    "min": 134628088,
    "max": 286995776,
    "mean": 226347249.23076922,
    "median": 225096584,
    "variance": 2110150382483966.2,
    "stdDev": 45936373.19689013,
    "confidence": 55522914.27786869,
    "low": 198585792.09183487,
    "high": 254108706.36970356,
    "count": 13,
    "base": 21642
  },
  "rss memory": {
    "min": 775446528,
    "max": 989794304,
    "mean": 820442033.2307693,
    "median": 808271872,
    "variance": 2806504635673776,
    "stdDev": 52976453.59661003,
    "confidence": 64032201.21847153,
    "low": 788425932.6215335,
    "high": 852458133.840005,
    "count": 13,
    "base": 21642
  },
  "external memory": {
    "min": 13574324,
    "max": 13598900,
    "mean": 13585567.384615384,
    "median": 13582516,
    "variance": 57862118.390532546,
    "stdDev": 7606.7153483308775,
    "confidence": 9194.173915542662,
    "low": 13580970.297657613,
    "high": 13590164.471573155,
    "count": 13,
    "base": 21642
  },
  "array buffers memory": {
    "min": 11983959,
    "max": 12008535,
    "mean": 11995301.76923077,
    "median": 11992151,
    "variance": 57181517.25443788,
    "stdDev": 7561.846153846154,
    "confidence": 9139.940891347826,
    "low": 11990731.798785096,
    "high": 11999871.739676444,
    "count": 13,
    "base": 21642
  },
  "Compiler.make hook": {
    "min": 11706.769024,
    "max": 12589.580713,
    "mean": 12022.959648615386,
    "median": 11964.487826,
    "variance": 54027.539456219594,
    "stdDev": 232.4382486946148,
    "confidence": 280.9461883691474,
    "low": 11882.486554430812,
    "high": 12163.43274279996,
    "count": 13,
    "base": 21642
  },
  "Compiler.finish make hook": {
    "min": 0.084568,
    "max": 0.168325,
    "mean": 0.10049515384615385,
    "median": 0.088005,
    "variance": 0.0006539036579763315,
    "stdDev": 0.025571540000092513,
    "confidence": 0.03090810885945927,
    "low": 0.08504109941642421,
    "high": 0.11594920827588348,
    "count": 13,
    "base": 21642
  },
  "Compiler.finish compilation": {
    "min": 21.385044,
    "max": 23.92522,
    "mean": 22.64131876923077,
    "median": 22.55121,
    "variance": 0.48119510790910014,
    "stdDev": 0.693682281674471,
    "confidence": 0.8384480354251309,
    "low": 22.222094751518206,
    "high": 23.060542786943337,
    "count": 13,
    "base": 21642
  },
  "Compiler.seal compilation": {
    "min": 10497.143491,
    "max": 10685.198078,
    "mean": 10590.727111846152,
    "median": 10581.414039,
    "variance": 3580.599378849076,
    "stdDev": 59.83810975330918,
    "confidence": 72.32582825253485,
    "low": 10554.564197719885,
    "high": 10626.89002597242,
    "count": 13,
    "base": 21642
  },
  "Compiler.afterCompile hook": {
    "min": 0.052478,
    "max": 0.074239,
    "mean": 0.056239,
    "median": 0.054582,
    "variance": 0.00003143070630769231,
    "stdDev": 0.0056063095087314175,
    "confidence": 0.006776299925427456,
    "low": 0.05285085003728627,
    "high": 0.059627149962713726,
    "count": 13,
    "base": 21642
  },
  "Compiler.emitAssets": {
    "min": 6.717363,
    "max": 8.141024,
    "mean": 6.962763923076924,
    "median": 6.88003,
    "variance": 0.12732029993960942,
    "stdDev": 0.3568197022861958,
    "confidence": 0.43128502238901945,
    "low": 6.747121411882414,
    "high": 7.178406434271434,
    "count": 13,
    "base": 21642
  },
  "Compiler.emitRecords": {
    "min": 0.061846,
    "max": 0.097122,
    "mean": 0.06671576923076923,
    "median": 0.063479,
    "variance": 0.00008140745648520711,
    "stdDev": 0.009022608075562582,
    "confidence": 0.010905551742081847,
    "low": 0.06126299335972831,
    "high": 0.07216854510181016,
    "count": 13,
    "base": 21642
  },
  "Compilation.compute affected modules": {
    "min": 0.206497,
    "max": 0.235331,
    "mean": 0.21283223076923077,
    "median": 0.210525,
    "variance": 0.00004838132633136097,
    "stdDev": 0.006955668647323632,
    "confidence": 0.008407259153771274,
    "low": 0.20862860119234514,
    "high": 0.2170358603461164,
    "count": 13,
    "base": 21642
  },
  "Compilation.finish modules": {
    "min": 0.690073,
    "max": 0.831577,
    "mean": 0.7473185384615384,
    "median": 0.734136,
    "variance": 0.001551457993325444,
    "stdDev": 0.03938855155150344,
    "confidence": 0.04760861642145464,
    "low": 0.7235142302508111,
    "high": 0.7711228466722657,
    "count": 13,
    "base": 21642
  },
  "Compilation.report dependency errors and warnings": {
    "min": 20.052841,
    "max": 22.550546,
    "mean": 21.255938999999998,
    "median": 21.167895,
    "variance": 0.4890863278700006,
    "stdDev": 0.6993470725398088,
    "confidence": 0.845295021282503,
    "low": 20.833291489358746,
    "high": 21.67858651064125,
    "count": 13,
    "base": 21642
  },
  "Compilation.optimize dependencies": {
    "min": 0.066395,
    "max": 0.109154,
    "mean": 0.07682707692307691,
    "median": 0.071213,
    "variance": 0.00016492439191715977,
    "stdDev": 0.012842289200806831,
    "confidence": 0.015522368720138069,
    "low": 0.06906589256300788,
    "high": 0.08458826128314595,
    "count": 13,
    "base": 21642
  },
  "Compilation.create chunks": {
    "min": 27.571902,
    "max": 37.673798,
    "mean": 32.49233907692308,
    "median": 32.489978,
    "variance": 7.761305062045607,
    "stdDev": 2.7859118905747193,
    "confidence": 3.367308655889861,
    "low": 30.80868474897815,
    "high": 34.17599340486801,
    "count": 13,
    "base": 21642
  },
  "Compilation.compute affected modules with chunk graph": {
    "min": 0.115927,
    "max": 0.139822,
    "mean": 0.12175807692307691,
    "median": 0.118953,
    "variance": 0.00004746633530177516,
    "stdDev": 0.006889581649256736,
    "confidence": 0.008327380345907576,
    "low": 0.11759438675012313,
    "high": 0.1259217670960307,
    "count": 13,
    "base": 21642
  },
  "Compilation.optimize": {
    "min": 37.005139,
    "max": 44.927835,
    "mean": 40.389590076923064,
    "median": 40.088955,
    "variance": 3.799852873446687,
    "stdDev": 1.9493211314318344,
    "confidence": 2.3561283259483616,
    "low": 39.21152591394888,
    "high": 41.567654239897244,
    "count": 13,
    "base": 21642
  },
  "Compilation.module hashing": {
    "min": 43.13116,
    "max": 54.063386,
    "mean": 50.782228538461545,
    "median": 52.473988,
    "variance": 12.162147143214245,
    "stdDev": 3.4874270090159945,
    "confidence": 4.215224176318472,
    "low": 48.67461645030231,
    "high": 52.88984062662078,
    "count": 13,
    "base": 21642
  },
  "Compilation.code generation": {
    "min": 172.798857,
    "max": 206.843748,
    "mean": 189.8757189230769,
    "median": 191.577829,
    "variance": 80.43891420780149,
    "stdDev": 8.968774398311147,
    "confidence": 10.840483421723093,
    "low": 184.45547721221536,
    "high": 195.29596063393845,
    "count": 13,
    "base": 21642
  },
  "Compilation.runtime requirements.modules": {
    "min": 5.323104,
    "max": 8.77782,
    "mean": 6.087587,
    "median": 5.881005,
    "variance": 0.6772510810352308,
    "stdDev": 0.822952660263779,
    "confidence": 0.9946960726464837,
    "low": 5.590238963676758,
    "high": 6.584935036323242,
    "count": 13,
    "base": 21642
  },
  "Compilation.runtime requirements.chunks": {
    "min": 1.707299,
    "max": 2.418853,
    "mean": 2.190245923076923,
    "median": 2.276203,
    "variance": 0.05074765651560948,
    "stdDev": 0.2252724051356701,
    "confidence": 0.27228489253835786,
    "low": 2.054103476807744,
    "high": 2.326388369346102,
    "count": 13,
    "base": 21642
  },
  "Compilation.runtime requirements.entries": {
    "min": 1.738256,