{
  "stats": {
    "min": 4959,
    "max": 5686,
    "mean": 5385.166666666667,
    "median": 5513,
    "variance": 61841.1388888889,
    "stdDev": 248.67878656791154,
    "confidence": 185.6955173976312,
    "low": 5292.318907967851,
    "high": 5478.014425365483,
    "count": 30,
    "base": 5081
  },
  "heap memory": {
    "min": 206091872,
    "max": 323618120,
    "mean": 247465274.93333334,
    "median": 234615896,
    "variance": 1602143856787931.5,
    "stdDev": 40026789.239057526,
    "confidence": 29889141.088771224,
    "low": 232520704.38894773,
    "high": 262409845.47771895,
    "count": 30,
    "base": 5081
  },
  "rss memory": {
    "min": 489701376,
    "max": 665939968,
    "mean": 580358963.2,
    "median": 618006528,
    "variance": 4892185334305696,
    "stdDev": 69944158.68609542,
    "confidence": 52229291.10846996,
    "low": 554244317.6457651,
    "high": 606473608.754235,
    "count": 30,
    "base": 5081
  },
  "external memory": {
    "min": 103774415,
    "max": 103856335,
    "mean": 103812644.33333333,
    "median": 103807183,
    "variance": 368353097.9555554,
    "stdDev": 19192.52713833057,
    "confidence": 14331.60546708107,
    "low": 103805478.53059979,
    "high": 103819810.13606687,
    "count": 30,
    "base": 5081
  },
  "array buffers memory": {
    "min": 102314462,
    "max": 102396382,
    "mean": 102352691.33333333,
    "median": 102347230,
    "variance": 368353097.9555554,
    "stdDev": 19192.52713833057,
    "confidence": 14331.60546708107,
    "low": 102345525.53059979,
    "high": 102359857.13606687,
    "count": 30,
    "base": 5081
  },
  "Compiler.make hook": {
    "min": 3824.348635,
    "max": 4571.750878,
    "mean": 4206.687418533334,
    "median": 4328.689162500001,
    "variance": 58841.82503811155,
    "stdDev": 242.5733395039767,
    "confidence": 181.13640655778727,
    "low": 4116.11921525444,
    "high": 4297.255621812227,
    "count": 30,
    "base": 5081
  },
  "Compiler.finish make hook": {
    "min": 0.08041,
    "max": 0.125945,
    "mean": 0.09096826666666666,
    "median": 0.086281,
    "variance": 0.0001908269058622222,
    "stdDev": 0.013814011215509498,
    "confidence": 0.010315314769722805,
    "low": 0.08581060928180526,
    "high": 0.09612592405152806,
    "count": 30,
    "base": 5081
  },
  "Compiler.finish compilation": {
    "min": 162.613273,
    "max": 182.670838,
    "mean": 171.25292486666666,
    "median": 170.62424700000003,
    "variance": 25.917702492788035,
    "stdDev": 5.090943183024933,
    "confidence": 3.801551959702806,
    "low": 169.35214888681526,
    "high": 173.15370084651806,
    "count": 30,
    "base": 5081
  },
  "Compiler.seal compilation": {
    "min": 781.037163,
    "max": 922.032309,
    "mean": 826.6958570333333,
    "median": 810.6156595,
    "variance": 1204.4892590575612,
    "stdDev": 34.705752535531644,
    "confidence": 25.91577175803741,
    "low": 813.7379711543146,
    "high": 839.653742912352,
    "count": 30,
    "base": 5081
  },
  "Compiler.afterCompile hook": {
    "min": 0.056125,
    "max": 0.095858,
    "mean": 0.062254666666666666,
    "median": 0.059396000000000004,
    "variance": 0.0000669270350888889,
    "stdDev": 0.008180894516425993,
    "confidence": 0.006108906436972289,
    "low": 0.05920021344818052,
    "high": 0.06530911988515281,
    "count": 30,
    "base": 5081
  },
  "Compiler.emitAssets": {
    "min": 122.233301,
    "max": 190.297056,
    "mean": 163.89400503333334,
    "median": 173.01727699999998,
    "variance": 475.0869506594733,
    "stdDev": 21.79648941135873,
    "confidence": 16.27605810111561,
    "low": 155.75597598277554,
    "high": 172.03203408389115,
    "count": 30,
    "base": 5081
  },
  "Compiler.emitRecords": {
    "min": 0.065192,
    "max": 0.135914,
    "mean": 0.0867017,
    "median": 0.08596,
    "variance": 0.00014048547014333334,
    "stdDev": 0.01185265667027158,
    "confidence": 0.008850715588969243,
    "low": 0.08227634220551538,
    "high": 0.09112705779448463,
    "count": 30,
    "base": 5081
  },
  "Compilation.compute affected modules": {
    "min": 0.205944,
    "max": 0.315488,
    "mean": 0.2247191,
    "median": 0.215296,
    "variance": 0.0006839262627566666,
    "stdDev": 0.026151983916266594,
    "confidence": 0.019528429631368915,
    "low": 0.21495488518431555,
    "high": 0.23448331481568446,
    "count": 30,
    "base": 5081
  },
  "Compilation.finish modules": {
    "min": 131.640608,
    "max": 145.755481,
    "mean": 137.92085646666663,
    "median": 137.52124,
    "variance": 13.547615009744172,
    "stdDev": 3.68070849290516,
    "confidence": 2.7484896376282677,
    "low": 136.5466116478525,
    "high": 139.29510128548077,
    "count": 30,
    "base": 5081
  },
  "Compilation.report dependency errors and warnings": {
    "min": 29.111957,
    "max": 38.680999,
    "mean": 32.71469293333334,
    "median": 32.194919,
    "variance": 6.263173225091395,
    "stdDev": 2.5026332582085207,
    "confidence": 1.868787378905111,
    "low": 31.780299243880783,
    "high": 33.649086622785894,
    "count": 30,
    "base": 5081
  },
  "Compilation.optimize dependencies": {
    "min": 0.698152,
    "max": 0.856567,
    "mean": 0.7559556666666666,
    "median": 0.7384364999999999,
    "variance": 0.001970651992688888,
    "stdDev": 0.04439202622869211,
    "confidence": 0.033148787609251995,
    "low": 0.7393812728620406,
    "high": 0.7725300604712926,
    "count": 30,
    "base": 5081
  },
  "Compilation.create chunks": {
    "min": 69.683552,
    "max": 82.901481,
    "mean": 76.2178435,
    "median": 76.5180925,
    "variance": 11.088936041509717,
    "stdDev": 3.3300054116336986,
    "confidence": 2.4866096798383808,
    "low": 74.97453866008081,
    "high": 77.46114833991919,
    "count": 30,
    "base": 5081
  },
  "Compilation.compute affected modules with chunk graph": {
    "min": 0.146363,
    "max": 0.207427,
    "mean": 0.16901156666666672,
    "median": 0.1554145,
    "variance": 0.00040091066784555553,
    "stdDev": 0.020022753752807217,
    "confidence": 0.014951559275191817,
    "low": 0.16153578702907082,
    "high": 0.17648734630426263,
    "count": 30,
    "base": 5081
  },
  "Compilation.optimize": {
    "min": 43.346272,
    "max": 53.39321,
    "mean": 47.06340736666667,
    "median": 46.399404000000004,
    "variance": 4.616049028346035,
    "stdDev": 2.148499250254939,
    "confidence": 1.6043454506545203,
    "low": 46.261234641339406,
    "high": 47.86558009199393,
    "count": 30,
    "base": 5081
  },
  "Compilation.module hashing": {
    "min": 79.08493,
    "max": 107.046291,
    "mean": 86.87216516666668,
    "median": 86.145172,
    "variance": 23.036216959548128,
    "stdDev": 4.799605917109042,
    "confidence": 3.5840021434192693,
    "low": 85.08016409495704,
    "high": 88.66416623837631,
    "count": 30,
    "base": 5081
  },
  "Compilation.code generation": {
    "min": 327.859938,
    "max": 415.431453,
    "mean": 347.60427126666673,
    "median": 336.5595495,
    "variance": 691.3544537390507,
    "stdDev": 26.293620019674936,
    "confidence": 19.634193335091254,
    "low": 337.7871745991211,
    "high": 357.42136793421236,
    "count": 30,
    "base": 5081
  },
  "Compilation.runtime requirements.modules": {
    "min": 11.184331,
    "max": 17.753515,
    "mean": 13.930364466666664,
    "median": 12.645095999999999,
    "variance": 4.982934667572651,
    "stdDev": 2.23224879159395,
    "confidence": 1.6668836133397953,
    "low": 13.096922659996766,
    "high": 14.763806273336561,
    "count": 30,
    "base": 5081
  },
  "Compilation.runtime requirements.chunks": {
    "min": 2.955732,
    "max": 7.583801,
    "mean": 3.6458150999999996,
    "median": 3.3589685,
    "variance": 1.138481884439957,
    "stdDev": 1.0669966656180125,
    "confidence": 0.7967567343319635,
    "low": 3.247436732834018,
    "high": 4.044193467165981,
    "count": 30,
    "base": 5081
  },