{
  "stats": {
    "min": 8587,
    "max": 10138,
    "mean": 8977.888888888889,
    "median": 8835,
    "variance": 128634.54320987653,
    "stdDev": 358.65658116069267,
    "confidence": 283.82459592372106,
    "low": 8835.976590927028,
    "high": 9119.80118685075,
    "count": 27,
    "base": 8618
  },
  "heap memory": {
    "min": 245253912,
    "max": 305661152,
    "mean": 290322029.3333333,
    "median": 293473480,
    "variance": 159378858891648.03,
    "stdDev": 12624534.00691083,
    "confidence": 9990485.19238329,
    "low": 285326786.73714167,
    "high": 295317271.92952496,
    "count": 27,
    "base": 8618
  },
  "rss memory": {
    "min": 471216128,
    "max": 614461440,
    "mean": 491009365.3333333,
    "median": 483504128,
    "variance": 970309989098382.2,
    "stdDev": 31149799.182312272,
    "confidence": 24650542.13535714,
    "low": 478684094.26565474,
    "high": 503334636.4010119,
    "count": 27,
    "base": 8618
  },
  "external memory": {
    "min": 103486659,
    "max": 103511235,
    "mean": 103496671.44444445,
    "median": 103494851,
    "variance": 41425224.69135802,
    "stdDev": 6436.2430572002195,
    "confidence": 5093.35163757205,
    "low": 103494124.76862566,
    "high": 103499218.12026323,
    "count": 27,
    "base": 8618
  },
  "array buffers memory": {
    "min": 102228630,
    "max": 102253206,
    "mean": 102238642.44444445,
    "median": 102236822,
    "variance": 41425224.69135802,
    "stdDev": 6436.2430572002195,
    "confidence": 5093.35163757205,
    "low": 102236095.76862566,
    "high": 102241189.12026323,
    "count": 27,
    "base": 8618
  },
  "Compiler.make hook": {
    "min": 6655.784865,
    "max": 8228.739239,
    "mean": 7006.994612629628,
    "median": 6875.469374,
    "variance": 115908.24622303565,
    "stdDev": 340.4530014892447,
    "confidence": 269.4191063384078,
    "low": 6872.285059460424,
    "high": 7141.704165798832,
    "count": 27,
    "base": 8618
  },
  "Compiler.finish make hook": {
    "min": 0.110901,
    "max": 0.183902,
    "mean": 0.13990899999999998,
    "median": 0.133202,
    "variance": 0.0003255524995555555,
    "stdDev": 0.018043073450927243,
    "confidence": 0.014278472222253702,
    "low": 0.13276976388887313,
    "high": 0.14704823611112683,
    "count": 27,
    "base": 8618
  },
  "Compiler.finish compilation": {
    "min": 249.889744,
    "max": 311.494618,
    "mean": 269.8329586666666,
    "median": 266.419187,
    "variance": 196.27688920057352,
    "stdDev": 14.009885409972972,
    "confidence": 11.086789631894817,
    "low": 264.2895638507192,
    "high": 275.37635348261404,
    "count": 27,
    "base": 8618
  },
  "Compiler.seal compilation": {
    "min": 1362.740814,
    "max": 1673.872431,
    "mean": 1426.3572354074074,
    "median": 1411.245531,
    "variance": 3949.9410558258264,
    "stdDev": 62.848556513462,
    "confidence": 49.7355049197613,
    "low": 1401.4894829475268,
    "high": 1451.224987867288,
    "count": 27,
    "base": 8618
  },
  "Compiler.afterCompile hook": {
    "min": 0.082401,
    "max": 0.132002,
    "mean": 0.10235674074074073,
    "median": 0.094401,
    "variance": 0.0002495869301920439,
    "stdDev": 0.01579832048643285,
    "confidence": 0.012502076258643191,
    "low": 0.09610570261141914,
    "high": 0.10860777887006233,
    "count": 27,
    "base": 8618
  },
  "Compiler.emitAssets": {
    "min": 200.251493,
    "max": 332.281959,
    "mean": 255.06079925925926,
    "median": 253.015399,
    "variance": 912.872371092171,
    "stdDev": 30.21377783548709,
    "confidence": 23.909817178690048,
    "low": 243.10589066991423,
    "high": 267.0157078486043,
    "count": 27,
    "base": 8618
  },
  "Compiler.emitRecords": {
    "min": 0.093901,
    "max": 0.207702,
    "mean": 0.12065307407407408,
    "median": 0.109501,
    "variance": 0.0006610368811056241,
    "stdDev": 0.02571063750873603,
    "confidence": 0.020346235605777863,
    "low": 0.11047995627118515,
    "high": 0.130826191876963,
    "count": 27,
    "base": 8618
  },
  "FlagDependencyExportsPlugin.restore cached provided exports": {
    "min": 13.479048,
    "max": 23.017353,
    "mean": 15.984321851851856,
    "median": 14.830462,
    "variance": 6.871725495577608,
    "stdDev": 2.6213976225627444,
    "confidence": 2.074455509979673,
    "low": 14.947094096862019,
    "high": 17.021549606841692,
    "count": 27,
    "base": 8618
  },
  "FlagDependencyExportsPlugin.figure out provided exports": {
    "min": 166.156952,
    "max": 204.717942,
    "mean": 181.99161318518523,
    "median": 180.539388,
    "variance": 112.6440064215026,
    "stdDev": 10.61338807457367,
    "confidence": 8.398955267735232,
    "low": 177.7921355513176,
    "high": 186.19109081905285,
    "count": 27,
    "base": 8618
  },
  "FlagDependencyExportsPlugin.store provided exports into cache": {
    "min": 14.744062,
    "max": 28.016407,
    "mean": 18.66643674074074,
    "median": 17.8223,
    "variance": 16.190756795613236,
    "stdDev": 4.023773949368085,
    "confidence": 3.1842327040866536,
    "low": 17.074320388697412,
    "high": 20.258553092784066,
    "count": 27,
    "base": 8618
  },
  "Compilation.finish modules": {
    "min": 201.768946,
    "max": 253.801384,
    "mean": 219.72694259259262,
    "median": 215.682164,
    "variance": 180.9490294990367,
    "stdDev": 13.451729609943722,
    "confidence": 10.645090377713814,
    "low": 214.40439740373571,
    "high": 225.04948778144953,
    "count": 27,
    "base": 8618
  },
  "Compilation.report dependency errors and warnings": {
    "min": 40.050217,
    "max": 64.504514,
    "mean": 49.52409114814814,
    "median": 48.784238,
    "variance": 31.904673395595083,
    "stdDev": 5.648422204084525,
    "confidence": 4.469905848354074,
    "low": 47.2891382239711,
    "high": 51.759044072325175,
    "count": 27,
    "base": 8618
  },
  "Compilation.optimize dependencies": {
    "min": 1.035711,
    "max": 2.079519,
    "mean": 1.3896520740740739,
    "median": 1.355715,
    "variance": 0.04016043875480931,
    "stdDev": 0.20040069549482434,
    "confidence": 0.1585880460845832,
    "low": 1.3103580510317823,
    "high": 1.4689460971163655,
    "count": 27,
    "base": 8618
  },
  "Compilation.create chunks": {
    "min": 123.24673,
    "max": 168.529954,
    "mean": 142.4207163333333,
    "median": 142.243462,
    "variance": 129.93440938822744,
    "stdDev": 11.398877549488258,
    "confidence": 9.020556109684037,
    "low": 137.91043827849128,
    "high": 146.93099438817532,
    "count": 27,
    "base": 8618
  },
  "Compilation.optimize": {
    "min": 70.016069,
    "max": 88.294146,
    "mean": 81.26206951851853,
    "median": 82.01441,
    "variance": 23.973018481252698,
    "stdDev": 4.8962249214320925,
    "confidence": 3.8746509415213666,
    "low": 79.32474404775785,
    "high": 83.19939498927921,
    "count": 27,
    "base": 8618
  },
  "Compilation.module hashing": {
    "min": 179.024065,
    "max": 221.834383,
    "mean": 196.47202592592592,
    "median": 193.66707,
    "variance": 148.60233206552314,
    "stdDev": 12.190255619367592,
    "confidence": 9.646816919340722,
    "low": 191.64861746625556,
    "high": 201.29543438559628,
    "count": 27,
    "base": 8618
  },
  "Compilation.code generation": {
    "min": 530.837287,
    "max": 776.532904,
    "mean": 568.1276212962963,
    "median": 555.359895,
    "variance": 2120.1271142,
    "stdDev": 46.044838084197885,
    "confidence": 36.43780220434678,
    "low": 549.9087201941229,
    "high": 586.3465223984697,
    "count": 27,
    "base": 8618
  },
  "Compilation.runtime requirements": {
    "min": 22.014339,
    "max": 43.352275,
    "mean": 28.557485074074073,
    "median": 26.475796,
    "variance": 30.234339630390814,
    "stdDev": 5.498576145729984,
    "confidence": 4.351324455463967,
    "low": 26.38182284634209,
    "high": 30.733147301806056,
    "count": 27,
    "base": 8618
  },
  "Compilation.hashing: initialize hash": {
    "min": 0.0053,