{
  "stats": {
    "min": 21553,
    "max": 22303,
    "mean": 21993.23076923077,
    "median": 22055,
    "variance": 56199.408284023666,
    "stdDev": 237.06414381770952,
    "confidence": 286.53746953706286,
    "low": 21849.962034462238,
    "high": 22136.4995039993,
    "count": 13,
    "base": 22421
  },
  "heap memory": {
    "min": 393369824,
    "max": 483057544,
    "mean": 439941769.2307692,
    "median": 439055304,
    "variance": 537452047468424.3,
    "stdDev": 23183012.04478021,
    "confidence": 28021114.878792167,
    "low": 425931211.79137313,
    "high": 453952326.6701653,
    "count": 13,
    "base": 22421
  },
  "rss memory": {
    "min": 591638528,
    "max": 706564096,
    "mean": 652548253.5384616,
    "median": 649748480,
    "variance": 1189821775060749.8,
    "stdDev": 34493793.28315095,
    "confidence": 41692362.594018936,
    "low": 631702072.2414521,
    "high": 673394434.835471,
    "count": 13,
    "base": 22421
  },
  "external memory": {
    "min": 32779496,
    "max": 32804072,
    "mean": 32794625.923076924,
    "median": 32795880,
    "variance": 70596795.14792898,
    "stdDev": 8402.189901920152,
    "confidence": 10155.657427966595,
    "low": 32789548.09436294,
    "high": 32799703.751790907,
    "count": 13,
    "base": 22421
  },
  "array buffers memory": {
    "min": 31206363,
    "max": 31230939,
    "mean": 31221492.923076924,
    "median": 31222747,
    "variance": 70596795.14792898,
    "stdDev": 8402.189901920152,
    "confidence": 10155.657427966595,
    "low": 31216415.09436294,
    "high": 31226570.751790907,
    "count": 13,
    "base": 22421
  },
  "Compiler.make hook": {
    "min": 20807.196194,
    "max": 21579.412225,
    "mean": 21259.27570376923,
    "median": 21316.835946,
    "variance": 54569.63448378945,
    "stdDev": 233.60144366803354,
    "confidence": 282.3521325110778,
    "low": 21118.099637513693,
    "high": 21400.45177002477,
    "count": 13,
    "base": 22421
  },
  "Compiler.finish make hook": {
    "min": 0.094202,
    "max": 0.153202,
    "mean": 0.11237107692307693,
    "median": 0.104002,
    "variance": 0.0004000780286863907,
    "stdDev": 0.02000195062203661,
    "confidence": 0.024176192252214762,
    "low": 0.10028298079696955,
    "high": 0.12445917304918432,
    "count": 13,
    "base": 22421
  },
  "Compiler.finish compilation": {
    "min": 110.188899,
    "max": 140.824648,
    "mean": 125.61248161538461,
    "median": 128.535459,
    "variance": 99.3113072474154,
    "stdDev": 9.965505870120964,
    "confidence": 12.045224506313048,
    "low": 119.58986936222809,
    "high": 131.63509386854113,
    "count": 13,
    "base": 22421
  },
  "Compiler.seal compilation": {
    "min": 500.246442,
    "max": 541.137685,
    "mean": 520.5900353846155,
    "median": 522.256363,
    "variance": 105.40955441935245,
    "stdDev": 10.266915526064897,
    "confidence": 12.409535864063628,
    "low": 514.3852674525837,
    "high": 526.7948033166473,
    "count": 13,
    "base": 22421
  },
  "Compiler.afterCompile hook": {
    "min": 0.060201,
    "max": 0.069301,
    "mean": 0.06455484615384616,
    "median": 0.065301,
    "variance": 0.000010385562130177516,
    "stdDev": 0.003222663825188336,
    "confidence": 0.003895207106259624,
    "low": 0.06260724260071635,
    "high": 0.06650244970697597,
    "count": 13,
    "base": 22421
  },
  "Compiler.emitAssets": {
    "min": 51.206397,
    "max": 139.10851,
    "mean": 67.84224476923076,
    "median": 61.405849,
    "variance": 456.1808975331543,
    "stdDev": 21.35839173564232,
    "confidence": 25.815711405172294,
    "low": 54.93438906664461,
    "high": 80.7501004718169,
    "count": 13,
    "base": 22421
  },
  "Compiler.emitRecords": {
    "min": 0.070001,
    "max": 0.080101,
    "mean": 0.0741933846153846,
    "median": 0.073301,
    "variance": 0.000009587388236686402,
    "stdDev": 0.0030963507935449436,
    "confidence": 0.0037425335898273737,
    "low": 0.07232211782047092,
    "high": 0.07606465141029829,
    "count": 13,
    "base": 22421
  },
  "Compilation.compute affected modules": {
    "min": 0.247603,
    "max": 0.300204,
    "mean": 0.2582266923076923,
    "median": 0.254504,
    "variance": 0.00015904851621301796,
    "stdDev": 0.012611443859170842,
    "confidence": 0.01524334786535353,
    "low": 0.25060501837501553,
    "high": 0.26584836624036906,
    "count": 13,
    "base": 22421
  },
  "Compilation.finish modules": {
    "min": 71.052166,
    "max": 99.655777,
    "mean": 83.96905753846156,
    "median": 82.351617,
    "variance": 69.97132386637026,
    "stdDev": 8.364886363027908,
    "confidence": 10.11056894909487,
    "low": 78.91377306391412,
    "high": 89.02434201300899,
    "count": 13,
    "base": 22421
  },
  "Compilation.report dependency errors and warnings": {
    "min": 34.381476,
    "max": 57.921301,
    "mean": 40.93608369230769,
    "median": 38.499033,
    "variance": 38.028280093170515,
    "stdDev": 6.166707394807258,
    "confidence": 7.453648214477724,
    "low": 37.20925958506883,
    "high": 44.66290779954655,
    "count": 13,
    "base": 22421
  },
  "Compilation.optimize dependencies": {
    "min": 0.683409,
    "max": 0.898711,
    "mean": 0.7566335384615386,
    "median": 0.74671,
    "variance": 0.0030989098776331363,
    "stdDev": 0.05566785317966857,
    "confidence": 0.06728527363011239,
    "low": 0.7229909016464824,
    "high": 0.7902761752765948,
    "count": 13,
    "base": 22421
  },
  "Compilation.create chunks": {
    "min": 32.287909,
    "max": 45.59643,
    "mean": 37.64055415384615,
    "median": 38.78564,
    "variance": 15.943855236596288,
    "stdDev": 3.992975737040771,
    "confidence": 4.82627674176797,
    "low": 35.22741578296217,
    "high": 40.05369252473014,
    "count": 13,
    "base": 22421
  },
  "Compilation.compute affected modules with chunk graph": {
    "min": 0.141102,
    "max": 0.150802,
    "mean": 0.14476346153846154,
    "median": 0.144202,
    "variance": 0.00000774286871005916,
    "stdDev": 0.002782601069154391,
    "confidence": 0.00336330689342762,
    "low": 0.14308180809174773,
    "high": 0.14644511498517535,
    "count": 13,
    "base": 22421
  },
  "Compilation.optimize": {
    "min": 20.077377,
    "max": 27.243969,
    "mean": 24.27697830769231,
    "median": 24.681538,
    "variance": 4.8987328668245205,
    "stdDev": 2.2133081274021746,
    "confidence": 2.675207224165021,
    "low": 22.9393746956098,
    "high": 25.61458191977482,
    "count": 13,
    "base": 22421
  },
  "Compilation.module hashing": {
    "min": 62.329346,
    "max": 86.817092,
    "mean": 70.30801715384615,
    "median": 68.583654,
    "variance": 46.86798087485905,
    "stdDev": 6.846019345200468,
    "confidence": 8.274726949360684,
    "low": 66.17065367916581,
    "high": 74.4453806285265,
    "count": 13,
    "base": 22421
  },
  "Compilation.code generation": {
    "min": 207.700083,
    "max": 241.951847,
    "mean": 229.63801276923076,
    "median": 231.747223,
    "variance": 87.82282770731351,
    "stdDev": 9.371383446819019,
    "confidence": 11.327113648101317,
    "low": 223.9744559451801,
    "high": 235.3015695932814,
    "count": 13,
    "base": 22421
  },
  "Compilation.runtime requirements.modules": {
    "min": 6.127484,
    "max": 17.110332,
    "mean": 9.246126692307694,
    "median": 6.396988,
    "variance": 12.951980205439135,
    "stdDev": 3.5988859672736417,
    "confidence": 4.349943697128591,
    "low": 7.071154843743399,
    "high": 11.42109854087199,
    "count": 13,
    "base": 22421
  },
  "Compilation.runtime requirements.chunks": {
    "min": 2.19363,
    "max": 2.953741,
    "mean": 2.4080482307692312,
    "median": 2.330432,
    "variance": 0.04376711583879289,
    "stdDev": 0.20920591731304564,
    "confidence": 0.25286546161597023,
    "low": 2.281615499961246,
    "high": 2.5344809615772164,
    "count": 13,
    "base": 22421
  },
  "Compilation.runtime requirements.entries": {
    "min": 2.378533,