{
  "stats": {
    "min": 54454,
    "max": 55897,
    "mean": 55246.166666666664,
    "median": 55204,
    "variance": 278520.80555555556,
    "stdDev": 527.7507039839508,
    "confidence": 1107.8609852850786,
    "low": 54692.236174024125,
    "high": 55800.0971593092,
    "count": 6,
    "base": 52645.5
  },
  "heap memory": {
    "min": 303020016,
    "max": 458585680,
    "mean": 331437658.6666667,
    "median": 306548400,
    "variance": 3242324937325390.5,
    "stdDev": 56941416.7133677,
    "confidence": 119532145.66534889,
    "low": 271671585.83399224,
    "high": 391203731.49934113,
    "count": 6,
    "base": 52645.5
  },
  "rss memory": {
    "min": 898179072,
    "max": 1301528576,
    "mean": 1005757098.6666666,
    "median": 908361728,
    "variance": 19073189767166180,
    "stdDev": 138105719.5309672,
    "confidence": 289913281.70305085,
    "low": 860800457.8151412,
    "high": 1150713739.518192,
    "count": 6,
    "base": 52645.5
  },
  "external memory": {
    "min": 122453945,
    "max": 122478521,
    "mean": 122473059.66666667,
    "median": 122478521,
    "variance": 82021944.88888891,
    "stdDev": 9056.596760863813,
    "confidence": 19011.723025798798,
    "low": 122463553.80515377,
    "high": 122482565.52817957,
    "count": 6,
    "base": 52645.5
  },
  "array buffers memory": {
    "min": 121139868,
    "max": 121164444,
    "mean": 121158982.66666667,
    "median": 121164444,
    "variance": 82021944.88888891,
    "stdDev": 9056.596760863813,
    "confidence": 19011.723025798798,
    "low": 121149476.80515377,
    "high": 121168488.52817957,
    "count": 6,
    "base": 52645.5
  },
  "Compiler.make hook": {
    "min": 52078.899978,
    "max": 53826.399068,
    "mean": 52945.74543416667,
    "median": 52870.02144,
    "variance": 337288.80850607535,
    "stdDev": 580.7657087897626,
    "confidence": 1219.1507571710972,
    "low": 52336.17005558112,
    "high": 53555.320812752216,
    "count": 6,
    "base": 52645.5
  },
  "Compiler.finish make hook": {
    "min": 0.173803,
    "max": 0.203904,
    "mean": 0.19498800000000002,
    "median": 0.1976065,
    "variance": 0.0000952093149999999,
    "stdDev": 0.00975752606965515,
    "confidence": 0.020483122739333726,
    "low": 0.18474643863033316,
    "high": 0.20522956136966689,
    "count": 6,
    "base": 52645.5
  },
  "Compiler.finish compilation": {
    "min": 266.603739,
    "max": 285.24165,
    "mean": 276.3487303333333,
    "median": 276.875886,
    "variance": 38.368298850886454,
    "stdDev": 6.194214950329577,
    "confidence": 13.002974749510486,
    "low": 269.8472429585781,
    "high": 282.85021770808856,
    "count": 6,
    "base": 52645.5
  },
  "Compiler.seal compilation": {
    "min": 1395.757028,
    "max": 1471.028654,
    "mean": 1433.6610838333334,
    "median": 1436.135737,
    "variance": 558.9233251888336,
    "stdDev": 23.64155927998053,
    "confidence": 49.628661714473765,
    "low": 1408.8467529760965,
    "high": 1458.4754146905702,
    "count": 6,
    "base": 52645.5
  },
  "Compiler.afterCompile hook": {
    "min": 0.071401,
    "max": 0.078602,
    "mean": 0.07455200000000001,
    "median": 0.0748025,
    "variance": 0.000006111300666666663,
    "stdDev": 0.002472104501566765,
    "confidence": 0.005189473189062266,
    "low": 0.07195726340546887,
    "high": 0.07714673659453114,
    "count": 6,
    "base": 52645.5
  },
  "Compiler.emitAssets": {
    "min": 370.646122,
    "max": 685.28249,
    "mean": 572.5983928333334,
    "median": 588.1297629999999,
    "variance": 10359.70331110267,
    "stdDev": 101.78262774708988,
    "confidence": 213.66338577963302,
    "low": 465.76669994351687,
    "high": 679.4300857231499,
    "count": 6,
    "base": 52645.5
  },
  "Compiler.emitRecords": {
    "min": 0.092102,
    "max": 0.127302,
    "mean": 0.1000525,
    "median": 0.09500349999999999,
    "variance": 0.00015209281791666665,
    "stdDev": 0.012332591695043936,
    "confidence": 0.025888733228114275,
    "low": 0.08710813338594287,
    "high": 0.11299686661405714,
    "count": 6,
    "base": 52645.5
  },
  "FlagDependencyExportsPlugin.restore cached provided exports": {
    "min": 16.586933,
    "max": 24.110531,
    "mean": 18.177889000000004,
    "median": 17.1664935,
    "variance": 7.135687521430337,
    "stdDev": 2.6712707690218034,
    "confidence": 5.607565549020533,
    "low": 15.374106225489738,
    "high": 20.98167177451027,
    "count": 6,
    "base": 52645.5
  },
  "FlagDependencyExportsPlugin.figure out provided exports": {
    "min": 176.040501,
    "max": 191.371774,
    "mean": 182.79246933333332,
    "median": 182.2090475,
    "variance": 28.690081862965485,
    "stdDev": 5.356312338070427,
    "confidence": 11.244038936478262,
    "low": 177.17044986509418,
    "high": 188.41448880157245,
    "count": 6,
    "base": 52645.5
  },
  "FlagDependencyExportsPlugin.store provided exports into cache": {
    "min": 16.025252,
    "max": 36.359533,
    "mean": 24.062470666666666,
    "median": 21.2160245,
    "variance": 62.903321106506574,
    "stdDev": 7.931161397078399,
    "confidence": 16.649194806359738,
    "low": 15.737873263486797,
    "high": 32.387068069846535,
    "count": 6,
    "base": 52645.5
  },
  "Compilation.finish modules": {
    "min": 221.149829,
    "max": 237.516788,
    "mean": 228.869838,
    "median": 227.57684,
    "variance": 33.87450482842962,
    "stdDev": 5.8201808243756155,
    "confidence": 12.21779755849684,
    "low": 222.76093922075157,
    "high": 234.9787367792484,
    "count": 6,
    "base": 52645.5
  },
  "Compilation.report dependency errors and warnings": {
    "min": 44.9775,
    "max": 51.009826,
    "mean": 46.984080166666665,
    "median": 46.564502,
    "variance": 4.306032238488139,
    "stdDev": 2.0750981274359384,
    "confidence": 4.3560723627084315,
    "low": 44.80604398531245,
    "high": 49.16211634802088,
    "count": 6,
    "base": 52645.5
  },
  "Compilation.optimize dependencies": {
    "min": 1.361627,
    "max": 1.454029,
    "mean": 1.4004506666666663,
    "median": 1.3926465000000001,
    "variance": 0.0010195478815555562,
    "stdDev": 0.03193035987200201,
    "confidence": 0.06702861726429665,
    "low": 1.366936358034518,
    "high": 1.4339649752988146,
    "count": 6,
    "base": 52645.5
  },
  "Compilation.create chunks": {
    "min": 130.591115,
    "max": 140.264627,
    "mean": 134.40659100000002,
    "median": 133.629365,
    "variance": 13.550858629040656,
    "stdDev": 3.681149090846587,
    "confidence": 7.727514957309495,
    "low": 130.54283352134527,
    "high": 138.27034847865477,
    "count": 6,
    "base": 52645.5
  },
  "Compilation.optimize": {
    "min": 67.187745,
    "max": 73.600652,
    "mean": 69.41553683333335,
    "median": 68.2140155,
    "variance": 5.885581083287801,
    "stdDev": 2.4260216576295854,
    "confidence": 5.092735497376424,
    "low": 66.86916908464514,
    "high": 71.96190458202156,
    "count": 6,
    "base": 52645.5
  },
  "Compilation.module hashing": {
    "min": 199.652862,
    "max": 215.111808,
    "mean": 207.23225983333336,
    "median": 207.2716765,
    "variance": 28.19530288705614,
    "stdDev": 5.309924941753522,
    "confidence": 11.14666192456616,
    "low": 201.65892887105028,
    "high": 212.80559079561644,
    "count": 6,
    "base": 52645.5
  },
  "Compilation.code generation": {
    "min": 561.026746,
    "max": 605.971815,
    "mean": 577.3665616666666,
    "median": 570.8289605,
    "variance": 250.82365069770586,
    "stdDev": 15.837413005213504,
    "confidence": 33.24609866717719,
    "low": 560.743512333078,
    "high": 593.9896110002552,
    "count": 6,
    "base": 52645.5
  },
  "Compilation.runtime requirements": {
    "min": 24.825101,
    "max": 37.443855,
    "mean": 33.47806683333334,
    "median": 34.550325,
    "variance": 16.695125411410135,
    "stdDev": 4.085966888193067,
    "confidence": 8.577313622557387,
    "low": 29.18941002205464,
    "high": 37.76672364461203,
    "count": 6,