{
  "stats": {
    "min": 9389,
    "max": 9856,
    "mean": 9619.72,
    "median": 9604,
    "variance": 9049.801599999999,
    "stdDev": 95.13044517923797,
    "confidence": 78.5396955399774,
    "low": 9580.45015223001,
    "high": 9658.989847769988,
    "count": 25,
    "base": 11162.5
  },
  "heap memory": {
    "min": 239079328,
    "max": 253499856,
    "mean": 247102309.44,
    "median": 246974352,
    "variance": 16872595960548.965,
    "stdDev": 4107626.5605029096,
    "confidence": 3391256.488351226,
    "low": 245406681.19582438,
    "high": 248797937.6841756,
    "count": 25,
    "base": 11162.5
  },
  "rss memory": {
    "min": 432390144,
    "max": 450260992,
    "mean": 442009845.76,
    "median": 443654144,
    "variance": 24073674321978.98,
    "stdDev": 4906493.077746974,
    "confidence": 4050800.6849879026,
    "low": 439984445.41750604,
    "high": 444035246.10249394,
    "count": 25,
    "base": 11162.5
  },
  "external memory": {
    "min": 34742581,
    "max": 34799925,
    "mean": 34779936.52,
    "median": 34783541,
    "variance": 225915279.76960003,
    "stdDev": 15030.478361303078,
    "confidence": 12409.162935093045,
    "low": 34773731.93853246,
    "high": 34786141.10146755,
    "count": 25,
    "base": 11162.5
  },
  "array buffers memory": {
    "min": 13638065,
    "max": 13695409,
    "mean": 13675420.52,
    "median": 13679025,
    "variance": 225915279.7695999,
    "stdDev": 15030.478361303072,
    "confidence": 12409.162935093045,
    "low": 13669215.938532453,
    "high": 13681625.101467546,
    "count": 25,
    "base": 11162.5
  },
  "buildChunkGraph.visitModules.prepare": {
    "min": 37.734061,
    "max": 51.633639,
    "mean": 44.33481779999999,
    "median": 44.888807,
    "variance": 17.339676856771288,
    "stdDev": 4.164093761765132,
    "confidence": 3.43787580971329,
    "low": 42.615879895143344,
    "high": 46.053755704856634,
    "count": 25,
    "base": 11162.5
  },
  "buildChunkGraph.visitModules.visiting": {
    "min": 16.468077,
    "max": 24.085916,
    "mean": 19.683471360000002,
    "median": 18.689986,
    "variance": 5.072585944543673,
    "stdDev": 2.252240205782605,
    "confidence": 1.8594495138941198,
    "low": 18.753746603052942,
    "high": 20.613196116947062,
    "count": 25,
    "base": 11162.5
  },
  "exec": {
    "min": 10519,
    "max": 11006,
    "mean": 10743.4,
    "median": 10727,
    "variance": 10382.72,
    "stdDev": 101.89563287992277,
    "confidence": 84.1250345056651,
    "low": 10701.337482747167,
    "high": 10785.462517252832,
    "count": 25,
    "base": 11162.5
  },
  "main.js size": {
    "min": 19938738,
    "max": 19938738,
    "mean": 19938738,
    "median": 19938738,
    "variance": 0,
    "stdDev": 0,
    "confidence": 0,
    "low": 19938738,
    "high": 19938738,
    "count": 25,
    "base": 11162.5
  },
  "main.js gzip size": {
    "min": 2783751,
    "max": 2783751,
    "mean": 2783751,
    "median": 2783751,
    "variance": 0,
    "stdDev": 0,
    "confidence": 0,
    "low": 2783751,
    "high": 2783751,
    "count": 25,
    "base": 11162.5
  }
}