{
  "stats": {
    "min": 502.6363636363636,
    "max": 525,
    "mean": 514.2613636363636,
    "median": 513.7727272727273,
    "variance": 41.263300619834766,
    "stdDev": 6.42365165772824,
    "confidence": 10.742321085533092,
    "low": 508.8902030935971,
    "high": 519.6325241791302,
    "count": 8,
    "base": 520.8636363636364
  },
  "heap memory": {
    "min": 359428821.8181818,
    "max": 381539783.27272725,
    "mean": 373909805.5454545,
    "median": 374881614.9090909,
    "variance": 34785528003287.496,
    "stdDev": 5897925.737349318,
    "confidence": 9863145.666221023,
    "low": 368978232.712344,
    "high": 378841378.378565,
    "count": 8,
    "base": 520.8636363636364
  },
  "rss memory": {
    "min": 678030987.6363636,
    "max": 716821969.4545455,
    "mean": 695024128,
    "median": 693262149.8181818,
    "variance": 245459529019832.1,
    "stdDev": 15667148.081888806,
    "confidence": 26200289.82856822,
    "low": 681923983.0857159,
    "high": 708124272.9142841,
    "count": 8,
    "base": 520.8636363636364
  },
  "external memory": {
    "min": 148906454.36363637,
    "max": 154138451.54545453,
    "mean": 153468067.89772725,
    "median": 154113875.54545453,
    "variance": 2972763063511.0225,
    "stdDev": 1724170.2536324603,
    "confidence": 2883342.911093533,
    "low": 152026396.44218048,
    "high": 154909739.35327402,
    "count": 8,
    "base": 520.8636363636364
  },
  "array buffers memory": {
    "min": 147647020,
    "max": 152879017.1818182,
    "mean": 152208633.53409094,
    "median": 152854441.1818182,
    "variance": 2972763063511.0557,
    "stdDev": 1724170.25363247,
    "confidence": 2883342.911093533,
    "low": 150766962.07854417,
    "high": 153650304.9896377,
    "count": 8,
    "base": 520.8636363636364
  },
  "Compiler.make hook": {
    "min": 179.0695329090909,
    "max": 187.02818781818186,
    "mean": 183.71139681818184,
    "median": 185.18108363636364,
    "variance": 7.818507589418431,
    "stdDev": 2.7961594356220876,
    "confidence": 4.6760385002598355,
    "low": 181.37337756805192,
    "high": 186.04941606831176,
    "count": 8,
    "base": 520.8636363636364
  },
  "Compiler.finish make hook": {
    "min": 0.004763636363636364,
    "max": 0.007836363636363634,
    "mean": 0.006182954545454545,
    "median": 0.005772727272727272,
    "variance": 0.000001186889204545454,
    "stdDev": 0.001089444447663787,
    "confidence": 0.0018218861615224135,
    "low": 0.0052720114646933386,
    "high": 0.007093897626215752,
    "count": 8,
    "base": 520.8636363636364
  },
  "Compiler.finish compilation": {
    "min": 73.48861445454544,
    "max": 78.21454790909091,
    "mean": 75.72839277272726,
    "median": 75.3606209090909,
    "variance": 2.4500760842645004,
    "stdDev": 1.5652718882879422,
    "confidence": 2.6176159770304537,
    "low": 74.41958478421203,
    "high": 77.03720076124249,
    "count": 8,
    "base": 520.8636363636364
  },
  "Compiler.seal compilation": {
    "min": 190.5321073636364,
    "max": 204.6272456363636,
    "mean": 197.20937730681817,
    "median": 196.71779222727272,
    "variance": 15.42419816168173,
    "stdDev": 3.927365295166943,
    "confidence": 6.56776258564787,
    "low": 193.92549601399423,
    "high": 200.4932585996421,
    "count": 8,
    "base": 520.8636363636364
  },
  "Compiler.afterCompile hook": {
    "min": 0.004118181818181819,
    "max": 0.00689090909090909,
    "mean": 0.004939772727272728,
    "median": 0.004704545454545454,
    "variance": 6.089449896694208e-7,
    "stdDev": 0.0007803492741519151,
    "confidence": 0.0013049839730517286,
    "low": 0.004287280740746864,
    "high": 0.005592264713798593,
    "count": 8,
    "base": 520.8636363636364
  },
  "Compiler.emitAssets": {
    "min": 41.74602000000001,
    "max": 53.59048663636363,
    "mean": 49.76180053409091,
    "median": 50.975865590909095,
    "variance": 14.734008606171367,
    "stdDev": 3.838490407200644,
    "confidence": 6.41913644060682,
    "low": 46.5522323137875,
    "high": 52.97136875439432,
    "count": 8,
    "base": 520.8636363636364
  },
  "Compiler.emitRecords": {
    "min": 0.006054545454545454,
    "max": 0.01660872727272727,
    "mean": 0.009002227272727273,
    "median": 0.006663636363636365,
    "variance": 0.00001374911736983471,
    "stdDev": 0.003707980227810649,
    "confidence": 0.00620088328389165,
    "low": 0.0059017856307814484,
    "high": 0.012102668914673098,
    "count": 8,
    "base": 520.8636363636364
  },
  "FlagDependencyExportsPlugin.restore cached provided exports": {
    "min": 10.54977890909091,
    "max": 13.432926545454547,
    "mean": 11.607125250000001,
    "median": 11.39067840909091,
    "variance": 0.7430352235817034,
    "stdDev": 0.8619949092550973,
    "confidence": 1.4415205840392602,
    "low": 10.886364957980371,
    "high": 12.327885542019631,
    "count": 8,
    "base": 520.8636363636364
  },
  "FlagDependencyExportsPlugin.figure out provided exports": {
    "min": 39.325589,
    "max": 45.268654454545455,
    "mean": 42.42472923863637,
    "median": 42.476321999999996,
    "variance": 3.657841255772671,
    "stdDev": 1.91254836691067,
    "confidence": 3.1983690498298643,
    "low": 40.825544713721435,
    "high": 44.0239137635513,
    "count": 8,
    "base": 520.8636363636364
  },
  "FlagDependencyExportsPlugin.store provided exports into cache": {
    "min": 0.01570909090909091,
    "max": 0.023090999999999997,
    "mean": 0.017969306818181815,
    "median": 0.017281863636363637,
    "variance": 0.000004767815584581609,
    "stdDev": 0.002183532821961147,
    "confidence": 0.0036515383965577755,
    "low": 0.016143537619902927,
    "high": 0.019795076016460703,
    "count": 8,
    "base": 520.8636363636364
  },
  "Compilation.finish modules": {
    "min": 53.83494136363636,
    "max": 57.998833727272725,
    "mean": 55.184689215909096,
    "median": 54.454145909090904,
    "variance": 2.048069926747167,
    "stdDev": 1.4311079367913404,
    "confidence": 2.393252589681083,
    "low": 53.988062921068554,
    "high": 56.38131551074964,
    "count": 8,
    "base": 520.8636363636364
  },
  "Compilation.report dependency errors and warnings": {
    "min": 19.611508,
    "max": 21.27805990909091,
    "mean": 20.492488829545454,
    "median": 20.457670727272728,
    "variance": 0.2519004954653091,
    "stdDev": 0.5018968972461467,
    "confidence": 0.8393259643156981,
    "low": 20.072825847387605,
    "high": 20.912151811703303,
    "count": 8,
    "base": 520.8636363636364
  },
  "Compilation.optimize dependencies": {
    "min": 0.16377272727272726,
    "max": 0.4064362727272728,
    "mean": 0.3373172272727273,
    "median": 0.34441868181818186,
    "variance": 0.004905453705919424,
    "stdDev": 0.07003894420905718,
    "confidence": 0.11712665431978153,
    "low": 0.2787539001128365,
    "high": 0.39588055443261805,
    "count": 8,
    "base": 520.8636363636364
  },
  "Compilation.create chunks": {
    "min": 45.44491609090909,
    "max": 50.84969345454545,
    "mean": 47.72862511363637,
    "median": 47.62126481818183,
    "variance": 2.4055424950763578,
    "stdDev": 1.5509811394973048,
    "confidence": 2.5937174501112708,
    "low": 46.43176638858073,
    "high": 49.025483838692004,
    "count": 8,
    "base": 520.8636363636364
  },
  "Compilation.optimize": {
    "min": 13.985933636363638,
    "max": 17.849755363636362,
    "mean": 15.922446318181818,
    "median": 15.733952772727273,
    "variance": 1.5508451106104042,
    "stdDev": 1.2453293181365337,
    "confidence": 2.0825736053971617,
    "low": 14.881159515483237,
    "high": 16.9637331208804,
    "count": 8,
    "base": 520.8636363636364
  },
  "Compilation.module hashing": {
    "min": 74.89992700000002,
    "max": 80.65549463636364,
    "mean": 78.01563402272727,
    "median": 78.39223559090908,
    "variance": 3.1538693408357554,
    "stdDev": 1.7759136636773072,
    "confidence": 2.9698738057277865,
    "low": 76.53069711986338,
    "high": 79.50057092559116,