{
  "stats": {
    "min": 39763,
    "max": 40402,
    "mean": 40015.75,
    "median": 40016,
    "variance": 31759.1875,
    "stdDev": 178.21107569396466,
    "confidence": 298.0237251501094,
    "low": 39866.738137424945,
    "high": 40164.761862575055,
    "count": 8,
    "base": 40384
  },
  "heap memory": {
    "min": 415881432,
    "max": 986761440,
    "mean": 793881850,
    "median": 818642084,
    "variance": 37371883498950970,
    "stdDev": 193318088.90776613,
    "confidence": 323287297.21674824,
    "low": 632238201.3916259,
    "high": 955525498.6083741,
    "count": 8,
    "base": 40384
  },
  "rss memory": {
    "min": 1114955776,
    "max": 1214353408,
    "mean": 1156248576,
    "median": 1151727616,
    "variance": 1082547747422208,
    "stdDev": 32902093.35927135,
    "confidence": 55022418.72444153,
    "low": 1128737366.6377792,
    "high": 1183759785.3622208,
    "count": 8,
    "base": 40384
  },
  "external memory": {
    "min": 29120345,
    "max": 29209273,
    "mean": 29181007.5,
    "median": 29189303,
    "variance": 687224009,
    "stdDev": 26214.957734087613,
    "confidence": 43839.471414119005,
    "low": 29159087.76429294,
    "high": 29202927.23570706,
    "count": 8,
    "base": 40384
  },
  "array buffers memory": {
    "min": 27686362,
    "max": 27774644,
    "mean": 27746459.25,
    "median": 27754674,
    "variance": 677472659.1875,
    "stdDev": 26028.30496185835,
    "confidence": 43527.330576226115,
    "low": 27724695.584711887,
    "high": 27768222.915288113,
    "count": 8,
    "base": 40384
  },
  "Compiler.make hook": {
    "min": 18310.335358,
    "max": 18553.45123,
    "mean": 18454.56069075,
    "median": 18490.832955500002,
    "variance": 6065.836480838537,
    "stdDev": 77.88348015361497,
    "confidence": 130.2451309081007,
    "low": 18389.43812529595,
    "high": 18519.68325620405,
    "count": 8,
    "base": 40384
  },
  "Compiler.finish make hook": {
    "min": 0.082975,
    "max": 0.091952,
    "mean": 0.08653325,
    "median": 0.086532,
    "variance": 0.00000855695493750001,
    "stdDev": 0.002925227330909516,
    "confidence": 0.004891879714399083,
    "low": 0.08408731014280046,
    "high": 0.08897918985719955,
    "count": 8,
    "base": 40384
  },
  "Compiler.finish compilation": {
    "min": 262.927435,
    "max": 284.10899,
    "mean": 277.488029875,
    "median": 280.13548049999997,
    "variance": 44.1223369332056,
    "stdDev": 6.64246467308676,
    "confidence": 11.108243740421585,
    "low": 271.9339080047892,
    "high": 283.0421517452108,
    "count": 8,
    "base": 40384
  },
  "Compiler.seal compilation": {
    "min": 20957.891542,
    "max": 21558.709749,
    "mean": 21256.215643375,
    "median": 21279.213657,
    "variance": 31428.185903113736,
    "stdDev": 177.27996475381457,
    "confidence": 296.46662130663753,
    "low": 21107.98233272168,
    "high": 21404.448954028318,
    "count": 8,
    "base": 40384
  },
  "Compiler.afterCompile hook": {
    "min": 0.052819,
    "max": 0.068949,
    "mean": 0.058034875,
    "median": 0.057412500000000005,
    "variance": 0.000024406170359374993,
    "stdDev": 0.004940260150981423,
    "confidence": 0.008261634287727679,
    "low": 0.05390405785613616,
    "high": 0.06216569214386384,
    "count": 8,
    "base": 40384
  },
  "Compiler.emitAssets": {
    "min": 13.357512,
    "max": 14.387161,
    "mean": 13.604102375000002,
    "median": 13.5181745,
    "variance": 0.09368456985273446,
    "stdDev": 0.3060793522156215,
    "confidence": 0.5118588077851953,
    "low": 13.348172971107404,
    "high": 13.8600317788926,
    "count": 8,
    "base": 40384
  },
  "Compiler.emitRecords": {
    "min": 0.064892,
    "max": 0.092534,
    "mean": 0.0717835,
    "median": 0.067141,
    "variance": 0.00008707257375000002,
    "stdDev": 0.009331268603464378,
    "confidence": 0.015604750820068292,
    "low": 0.06398112458996585,
    "high": 0.07958587541003415,
    "count": 8,
    "base": 40384
  },
  "FlagDependencyExportsPlugin.restore cached provided exports": {
    "min": 12.614653,
    "max": 14.711869,
    "mean": 13.673477125000002,
    "median": 13.8053905,
    "variance": 0.37224488718685933,
    "stdDev": 0.6101187484308767,
    "confidence": 1.0203061817747958,
    "low": 13.163324034112604,
    "high": 14.1836302158874,
    "count": 8,
    "base": 40384
  },
  "FlagDependencyExportsPlugin.figure out provided exports": {
    "min": 185.023716,
    "max": 198.021017,
    "mean": 193.8210105,
    "median": 195.8159125,
    "variance": 21.607842294851235,
    "stdDev": 4.648423635475927,
    "confidence": 7.773593883128285,
    "low": 189.93421355843586,
    "high": 197.70780744156414,
    "count": 8,
    "base": 40384
  },
  "FlagDependencyExportsPlugin.store provided exports into cache": {
    "min": 10.725915,
    "max": 17.065886,
    "mean": 13.758809750000001,
    "median": 13.8982275,
    "variance": 5.808532092481437,
    "stdDev": 2.4100896440758044,
    "confidence": 4.0304110778535644,
    "low": 11.743604211073219,
    "high": 15.774015288926783,
    "count": 8,
    "base": 40384
  },
  "InnerGraphPlugin.infer dependency usage": {
    "min": 34.539179,
    "max": 49.349028,
    "mean": 38.644532125,
    "median": 36.838601,
    "variance": 20.395102450152102,
    "stdDev": 4.5160937158292125,
    "confidence": 7.552297561065501,
    "low": 34.86838334446725,
    "high": 42.42068090553275,
    "count": 8,
    "base": 40384
  },
  "Compilation.finish modules": {
    "min": 212.261606,
    "max": 229.620039,
    "mean": 224.09713887499998,
    "median": 225.97681849999998,
    "variance": 29.84888180330983,
    "stdDev": 5.463413017822269,
    "confidence": 9.1365067702136,
    "low": 219.52888548989318,
    "high": 228.66539226010678,
    "count": 8,
    "base": 40384
  },
  "Compilation.report dependency errors and warnings": {
    "min": 50.362993,
    "max": 55.528259,
    "mean": 53.06985225,
    "median": 52.8654505,
    "variance": 2.9413016029001833,
    "stdDev": 1.7150223330616379,
    "confidence": 2.8680447745704214,
    "low": 51.635829862714786,
    "high": 54.50387463728521,
    "count": 8,
    "base": 40384
  },
  "Compilation.optimize dependencies": {
    "min": 272.623335,
    "max": 280.935076,
    "mean": 278.399698125,
    "median": 279.038193,
    "variance": 6.347013624419128,
    "stdDev": 2.519328010485957,
    "confidence": 4.213091221386094,
    "low": 276.29315251430694,
    "high": 280.50624373569303,
    "count": 8,
    "base": 40384
  },
  "Compilation.create chunks": {
    "min": 128.131445,
    "max": 139.680594,
    "mean": 135.75316074999998,
    "median": 137.3634325,
    "variance": 14.331553613489675,
    "stdDev": 3.7857038465111974,
    "confidence": 6.3308610772868406,
    "low": 132.58773021135656,
    "high": 138.9185912886434,
    "count": 8,
    "base": 40384
  },
  "Compilation.optimize": {
    "min": 393.234449,
    "max": 408.178359,
    "mean": 402.53046712500003,
    "median": 403.2116925,
    "variance": 23.276963717654425,
    "stdDev": 4.824620577584772,
    "confidence": 8.06824935750251,
    "low": 398.4963424462488,
    "high": 406.5645918037513,
    "count": 8,
    "base": 40384
  },
  "Compilation.module hashing": {
    "min": 211.451093,
    "max": 233.105047,
    "mean": 220.24268762499997,
    "median": 219.63471099999998,
    "variance": 40.56218964802358,
    "stdDev": 6.368845236620496,
    "confidence": 10.650667894410844,
    "low": 214.91735367779455,
    "high": 225.5680215722054,
    "count": 8,
    "base": 40384
  },
  "Compilation.code generation": {
    "min": 1400.97103,
    "max": 1696.640885,
    "mean": 1510.5944613750003,
    "median": 1420.0655305,
    "variance": 16326.70983662883,
    "stdDev": 127.77601432439826,
    "confidence": 213.68079186718933,
    "low": 1403.7540654414056,
    "high": 1617.434857308595,
    "count": 8,
    "base": 40384
  },
  "Compilation.runtime requirements": {
    "min": 5.548755,
    "max": 5.98851,