{
  "cache.PackFileCacheStrategy.restore cache container": {
    "min": 21.969226,
    "max": 23.571036,
    "mean": 22.42228153333333,
    "median": 22.279827,
    "variance": 0.1736032408878487,
    "stdDev": 0.4166572222917163,
    "confidence": 0.46152005414167974,
    "low": 22.19152150626249,
    "high": 22.65304156040417,
    "count": 15,
    "base": 16393.5
  },
  "stats": {
    "min": 17233,
    "max": 18289,
    "mean": 17592.666666666668,
    "median": 17427,
    "variance": 100823.02222222222,
    "stdDev": 317.5264118498211,
    "confidence": 351.71550845155434,
    "low": 17416.80891244089,
    "high": 17768.524420892445,
    "count": 15,
    "base": 16393.5
  },
  "heap memory": {
    "min": 141261048,
    "max": 361195504,
    "mean": 326084972.26666665,
    "median": 337325248,
    "variance": 2671119707310975.5,
    "stdDev": 51682876.34517815,
    "confidence": 57247738.93952608,
    "low": 297461102.7969036,
    "high": 354708841.7364297,
    "count": 15,
    "base": 16393.5
  },
  "rss memory": {
    "min": 490024960,
    "max": 600133632,
    "mean": 554566178.1333333,
    "median": 553627648,
    "variance": 1275711962863952.5,
    "stdDev": 35717110.225548096,
    "confidence": 39562887.10036588,
    "low": 534784734.5831504,
    "high": 574347621.6835163,
    "count": 15,
    "base": 16393.5
  },
  "external memory": {
    "min": 33525516,
    "max": 33550092,
    "mean": 33540807.733333334,
    "median": 33541900,
    "variance": 61441893.2622222,
    "stdDev": 7838.487944892318,
    "confidence": 8682.483315221965,
    "low": 33536466.491675723,
    "high": 33545148.974990945,
    "count": 15,
    "base": 16393.5
  },
  "array buffers memory": {
    "min": 32002969,
    "max": 32027545,
    "mean": 32018260.733333334,
    "median": 32019353,
    "variance": 61441893.2622222,
    "stdDev": 7838.487944892318,
    "confidence": 8682.483315221965,
    "low": 32013919.491675723,
    "high": 32022601.974990945,
    "count": 15,
    "base": 16393.5
  },
  "Compiler.make hook": {
    "min": 16548.039719,
    "max": 17526.1409,
    "mean": 16878.749510466667,
    "median": 16759.682911,
    "variance": 84512.01521492949,
    "stdDev": 290.70950313832105,
    "confidence": 322.01113637234084,
    "low": 16717.743942280496,
    "high": 17039.755078652837,
    "count": 15,
    "base": 16393.5
  },
  "Compiler.finish make hook": {
    "min": 0.0889,
    "max": 5.12723,
    "mean": 0.43325586666666666,
    "median": 0.0947,
    "variance": 1.5739799183527823,
    "stdDev": 1.254583563718568,
    "confidence": 1.1280901852318486,
    "low": 0,
    "high": 1.1280901852318486,
    "count": 15,
    "base": 16393.5
  },
  "Compiler.finish compilation": {
    "min": 99.015763,
    "max": 146.405842,
    "mean": 122.65047446666667,
    "median": 125.571415,
    "variance": 161.85150609156867,
    "stdDev": 12.722087332335393,
    "confidence": 14.091915656999547,
    "low": 115.60451663816688,
    "high": 129.69643229516643,
    "count": 15,
    "base": 16393.5
  },
  "Compiler.seal compilation": {
    "min": 481.902841,
    "max": 626.127501,
    "mean": 511.80982019999993,
    "median": 505.122888,
    "variance": 1100.6017242546668,
    "stdDev": 33.175317997792675,
    "confidence": 36.74741187562762,
    "low": 493.4361142621861,
    "high": 530.1835261378137,
    "count": 15,
    "base": 16393.5
  },
  "Compiler.afterCompile hook": {
    "min": 0.0549,
    "max": 0.065601,
    "mean": 0.05867373333333334,
    "median": 0.0571,
    "variance": 0.000009751777128888893,
    "stdDev": 0.00312278355460139,
    "confidence": 0.0034590237684235386,
    "low": 0.05694422144912157,
    "high": 0.06040324521754511,
    "count": 15,
    "base": 16393.5
  },
  "Compiler.emitAssets": {
    "min": 47.631273,
    "max": 130.08564,
    "mean": 59.8745086,
    "median": 53.340116,
    "variance": 375.82412018195515,
    "stdDev": 19.386183744666074,
    "confidence": 21.47355690182807,
    "low": 49.13773014908596,
    "high": 70.61128705091403,
    "count": 15,
    "base": 16393.5
  },
  "Compiler.emitRecords": {
    "min": 0.0723,
    "max": 0.080201,
    "mean": 0.07511386666666667,
    "median": 0.074401,
    "variance": 0.000006151888248888888,
    "stdDev": 0.0024803000320301753,
    "confidence": 0.0027473619652480796,
    "low": 0.07374018568404263,
    "high": 0.07648754764929071,
    "count": 15,
    "base": 16393.5
  },
  "Compilation.compute affected modules": {
    "min": 0.255601,
    "max": 0.333701,
    "mean": 0.27044833333333335,
    "median": 0.264602,
    "variance": 0.00038287113355555573,
    "stdDev": 0.01956709312993516,
    "confidence": 0.021673945386215476,
    "low": 0.2596113606402256,
    "high": 0.2812853060264411,
    "count": 15,
    "base": 16393.5
  },
  "Compilation.finish modules": {
    "min": 69.613295,
    "max": 112.665748,
    "mean": 88.00368306666665,
    "median": 83.879577,
    "variance": 134.07145424918608,
    "stdDev": 11.578922844944865,
    "confidence": 12.82566294881073,
    "low": 81.59085159226129,
    "high": 94.41651454107202,
    "count": 15,
    "base": 16393.5
  },
  "Compilation.report dependency errors and warnings": {
    "min": 27.941156,
    "max": 40.665241,
    "mean": 33.91354726666666,
    "median": 33.888994,
    "variance": 11.713387793358732,
    "stdDev": 3.422482694384112,
    "confidence": 3.790992484717364,
    "low": 32.01805102430798,
    "high": 35.809043509025344,
    "count": 15,
    "base": 16393.5
  },
  "Compilation.optimize dependencies": {
    "min": 0.593804,
    "max": 0.747705,
    "mean": 0.6435705333333334,
    "median": 0.629504,
    "variance": 0.0017966357735822224,
    "stdDev": 0.04238674053972801,
    "confidence": 0.046950658100169074,
    "low": 0.6200952042832488,
    "high": 0.6670458623834179,
    "count": 15,
    "base": 16393.5
  },
  "Compilation.create chunks": {
    "min": 33.352186,
    "max": 62.424255,
    "mean": 41.69121833333333,
    "median": 37.355013,
    "variance": 84.67338474661607,
    "stdDev": 9.201814209524994,
    "confidence": 10.192603331878132,
    "low": 36.594916667394266,
    "high": 46.7875199992724,
    "count": 15,
    "base": 16393.5
  },
  "Compilation.compute affected modules with chunk graph": {
    "min": 0.147001,
    "max": 0.469003,
    "mean": 0.1711608666666667,
    "median": 0.1496,
    "variance": 0.006341157349848889,
    "stdDev": 0.07963138420151246,
    "confidence": 0.08820555310650002,
    "low": 0.12705809011341668,
    "high": 0.2152636432199167,
    "count": 15,
    "base": 16393.5
  },
  "Compilation.optimize": {
    "min": 24.152238,
    "max": 32.310785,
    "mean": 27.634711266666667,
    "median": 27.90306,
    "variance": 4.508817149988461,
    "stdDev": 2.123397548738451,
    "confidence": 2.352030636281519,
    "low": 26.458695948525907,
    "high": 28.810726584807426,
    "count": 15,
    "base": 16393.5
  },
  "Compilation.module hashing": {
    "min": 61.636644,
    "max": 87.103601,
    "mean": 68.62607253333334,
    "median": 65.625573,
    "variance": 42.31783325336878,
    "stdDev": 6.505215849867611,
    "confidence": 7.2056534979062405,
    "low": 65.02324578438022,
    "high": 72.22889928228646,
    "count": 15,
    "base": 16393.5
  },
  "Compilation.code generation": {
    "min": 211.944406,
    "max": 296.690407,
    "mean": 228.55706719999998,
    "median": 222.445275,
    "variance": 403.0113885501849,
    "stdDev": 20.07514354992723,
    "confidence": 22.236699239495124,
    "low": 217.43871758025242,
    "high": 239.67541681974754,
    "count": 15,
    "base": 16393.5
  },
  "Compilation.runtime requirements.modules": {
    "min": 5.805433,
    "max": 8.353348,
    "mean": 6.892386066666668,
    "median": 6.178336,
    "variance": 1.082240472805929,
    "stdDev": 1.0403078740478364,
    "confidence": 1.1523211903390944,
    "low": 6.316225471497121,
    "high": 7.468546661836215,
    "count": 15,
    "base": 16393.5
  },