{
  "stats": {
    "min": 56626,
    "max": 57748,
    "mean": 57329.4,
    "median": 57465,
    "variance": 175186.63999999998,
    "stdDev": 418.5530312875538,
    "confidence": 1039.2378286758612,
    "low": 56809.78108566207,
    "high": 57849.01891433793,
    "count": 5,
    "base": 57140
  },
  "heap memory": {
    "min": 795385704,
    "max": 864243672,
    "mean": 850110880,
    "median": 863510352,
    "variance": 748883438340019.2,
    "stdDev": 27365734.74876966,
    "confidence": 67947200.55651045,
    "low": 816137279.7217448,
    "high": 884084480.2782552,
    "count": 5,
    "base": 57140
  },
  "rss memory": {
    "min": 997851136,
    "max": 1204572160,
    "mean": 1127154483.2,
    "median": 1189359616,
    "variance": 6641415756300943,
    "stdDev": 81494881.77978383,
    "confidence": 202346077.21866655,
    "low": 1025981444.5906668,
    "high": 1228327521.8093333,
    "count": 5,
    "base": 57140
  },
  "external memory": {
    "min": 37619897,
    "max": 37644473,
    "mean": 37624812.2,
    "median": 37619897,
    "variance": 96636764.16,
    "stdDev": 9830.4,
    "confidence": 24408.19391413033,
    "low": 37612608.10304294,
    "high": 37637016.29695707,
    "count": 5,
    "base": 57140
  },
  "array buffers memory": {
    "min": 18415240,
    "max": 18439816,
    "mean": 18420155.2,
    "median": 18415240,
    "variance": 96636764.16,
    "stdDev": 9830.4,
    "confidence": 24408.19391413033,
    "low": 18407951.103042934,
    "high": 18432359.296957064,
    "count": 5,
    "base": 57140
  },
  "Compiler.make hook": {
    "min": 9933.32655,
    "max": 10690.72633,
    "mean": 10378.716180399999,
    "median": 10522.873577,
    "variance": 68493.78601613255,
    "stdDev": 261.7131750908474,
    "confidence": 649.8154630026329,
    "low": 10053.808448898682,
    "high": 10703.623911901315,
    "count": 5,
    "base": 57140
  },
  "Compiler.finish make hook": {
    "min": 0.124609,
    "max": 0.133304,
    "mean": 0.1293056,
    "median": 0.130303,
    "variance": 0.00001343896464000002,
    "stdDev": 0.003665919344448268,
    "confidence": 0.00910222068612343,
    "low": 0.12475448965693828,
    "high": 0.1338567103430617,
    "count": 5,
    "base": 57140
  },
  "Compiler.finish compilation": {
    "min": 394.731428,
    "max": 407.08527,
    "mean": 398.29828039999995,
    "median": 395.732574,
    "variance": 21.050064744853408,
    "stdDev": 4.588034954624192,
    "confidence": 11.391769089486843,
    "low": 392.60239585525653,
    "high": 403.9941649447434,
    "count": 5,
    "base": 57140
  },
  "Compiler.seal compilation": {
    "min": 46112.034936,
    "max": 46693.837661,
    "mean": 46448.41765639999,
    "median": 46561.029166,
    "variance": 61167.110305426315,
    "stdDev": 247.31985424835247,
    "confidence": 614.0778565784858,
    "low": 46141.37872811075,
    "high": 46755.45658468924,
    "count": 5,
    "base": 57140
  },
  "Compiler.afterCompile hook": {
    "min": 0.092402,
    "max": 0.099405,
    "mean": 0.0950836,
    "median": 0.093906,
    "variance": 0.0000060973066399999835,
    "stdDev": 0.002469272492051046,
    "confidence": 0.0061310304578469366,
    "low": 0.09201808477107654,
    "high": 0.09814911522892347,
    "count": 5,
    "base": 57140
  },
  "Compiler.emitAssets": {
    "min": 81.687521,
    "max": 90.900494,
    "mean": 84.646565,
    "median": 83.01132,
    "variance": 11.241333341769987,
    "stdDev": 3.352809768204869,
    "confidence": 8.324791562860781,
    "low": 80.4841692185696,
    "high": 88.80896078143039,
    "count": 5,
    "base": 57140
  },
  "Compiler.emitRecords": {
    "min": 0.106602,
    "max": 0.110307,
    "mean": 0.10806400000000001,
    "median": 0.108103,
    "variance": 0.0000017895632000000027,
    "stdDev": 0.0013377455662419526,
    "confidence": 0.0033215284412237978,
    "low": 0.10640323577938811,
    "high": 0.1097247642206119,
    "count": 5,
    "base": 57140
  },
  "FlagDependencyExportsPlugin.restore cached provided exports": {
    "min": 19.529357,
    "max": 28.815807,
    "mean": 21.757286,
    "median": 20.005126,
    "variance": 12.605983604838796,
    "stdDev": 3.5504906146670487,
    "confidence": 8.815619243683436,
    "low": 17.349476378158283,
    "high": 26.16509562184172,
    "count": 5,
    "base": 57140
  },
  "FlagDependencyExportsPlugin.figure out provided exports": {
    "min": 253.583787,
    "max": 273.09539,
    "mean": 264.11059839999996,
    "median": 266.027488,
    "variance": 41.6098085883851,
    "stdDev": 6.450566532358619,
    "confidence": 16.01630440041413,
    "low": 256.1024461997929,
    "high": 272.118750600207,
    "count": 5,
    "base": 57140
  },
  "FlagDependencyExportsPlugin.store provided exports into cache": {
    "min": 16.299855,
    "max": 19.954257,
    "mean": 17.5697588,
    "median": 17.226868,
    "variance": 1.5439400295421584,
    "stdDev": 1.2425538336595958,
    "confidence": 3.0851740438551687,
    "low": 16.027171778072415,
    "high": 19.112345821927583,
    "count": 5,
    "base": 57140
  },
  "InnerGraphPlugin.infer dependency usage": {
    "min": 50.654682,
    "max": 53.79148,
    "mean": 52.80732859999999,
    "median": 53.296685,
    "variance": 1.228956258865038,
    "stdDev": 1.1085829959299565,
    "confidence": 2.7525338475107617,
    "low": 51.43106167624461,
    "high": 54.18359552375537,
    "count": 5,
    "base": 57140
  },
  "Compilation.finish modules": {
    "min": 302.753162,
    "max": 317.050646,
    "mean": 307.6779312,
    "median": 307.134524,
    "variance": 25.078036969810903,
    "stdDev": 5.007797616698473,
    "confidence": 12.434010346589503,
    "low": 301.46092602670524,
    "high": 313.89493637329474,
    "count": 5,
    "base": 57140
  },
  "Compilation.report dependency errors and warnings": {
    "min": 87.753303,
    "max": 91.743559,
    "mean": 90.3854182,
    "median": 91.209056,
    "variance": 2.1704397418477615,
    "stdDev": 1.4732412368134966,
    "confidence": 3.657954690596739,
    "low": 88.55644085470163,
    "high": 92.21439554529837,
    "count": 5,
    "base": 57140
  },
  "Compilation.optimize dependencies": {
    "min": 411.49384,
    "max": 456.904547,
    "mean": 426.6750684,
    "median": 421.712854,
    "variance": 252.58162324626332,
    "stdDev": 15.892816718450613,
    "confidence": 39.46074954281937,
    "low": 406.9446936285903,
    "high": 446.4054431714097,
    "count": 5,
    "base": 57140
  },
  "Compilation.create chunks": {
    "min": 182.50645,
    "max": 208.429633,
    "mean": 197.7409228,
    "median": 203.88783,
    "variance": 97.67502495227014,
    "stdDev": 9.883067588166648,
    "confidence": 24.53896384261708,
    "low": 185.47144087869145,
    "high": 210.01040472130853,
    "count": 5,
    "base": 57140
  },
  "Compilation.optimize": {
    "min": 1233.65685,
    "max": 1264.601087,
    "mean": 1247.5690368,
    "median": 1243.249848,
    "variance": 119.25403899362263,
    "stdDev": 10.920349765168817,
    "confidence": 27.11446275618573,
    "low": 1234.0118054219072,
    "high": 1261.126268178093,
    "count": 5,
    "base": 57140
  },
  "Compilation.module hashing": {
    "min": 494.539263,
    "max": 528.806629,
    "mean": 509.55728259999995,
    "median": 508.248971,
    "variance": 128.5495929668494,
    "stdDev": 11.337971289734746,
    "confidence": 28.151387718986882,
    "low": 495.48158874050654,
    "high": 523.6329764594934,
    "count": 5,
    "base": 57140
  },
  "Compilation.code generation": {
    "min": 2771.910584,
    "max": 3084.240842,
    "mean": 2923.0217442000003,
    "median": 2924.915622,
    "variance": 11726.528036412328,
    "stdDev": 108.28909472524151,
    "confidence": 268.8742292113957,
    "low": 2788.5846295943024,
    "high": 3057.458858805698,
    "count": 5,
    "base": 57140
  },
  "Compilation.runtime requirements": {
    "min": 8.602602,
    "max": 9.630248,
    "mean": 8.956216000000001,
    "median": 8.866432,
    "variance": 0.12340737966520017,