{
  "stats": {
    "min": 280.09090909090907,
    "max": 354.3636363636364,
    "mean": 295.98181818181826,
    "median": 287.72727272727275,
    "variance": 432.7500826446282,
    "stdDev": 20.802646049111836,
    "confidence": 29.760565275969725,
    "low": 281.1015355438334,
    "high": 310.8621008198031,
    "count": 10,
    "base": 215.27272727272728
  },
  "heap memory": {
    "min": 3878863584,
    "max": 3957810536,
    "mean": 3908738204.8,
    "median": 3903018996,
    "variance": 475425986147842.5,
    "stdDev": 21804265.32006622,
    "confidence": 31193496.241796494,
    "low": 3893141456.679102,
    "high": 3924334952.9208984,
    "count": 10,
    "base": 215.27272727272728
  },
  "rss memory": {
    "min": 7362338816,
    "max": 8620683264,
    "mean": 7884306841.6,
    "median": 7727200256,
    "variance": 153088515460919500,
    "stdDev": 391265275.05123615,
    "confidence": 559749741.9747581,
    "low": 7604431970.612621,
    "high": 8164181712.587379,
    "count": 10,
    "base": 215.27272727272728
  },
  "external memory": {
    "min": 776399127,
    "max": 776669463,
    "mean": 776498250.2,
    "median": 776489239,
    "variance": 7226953564.160001,
    "stdDev": 85011.49077718848,
    "confidence": 121618.66401553154,
    "low": 776437440.8679923,
    "high": 776559059.5320078,
    "count": 10,
    "base": 215.27272727272728
  },
  "array buffers memory": {
    "min": 596668760,
    "max": 596939096,
    "mean": 596767883.2,
    "median": 596758872,
    "variance": 7226953564.160001,
    "stdDev": 85011.49077718848,
    "confidence": 121618.66401553154,
    "low": 596707073.8679923,
    "high": 596828692.5320078,
    "count": 10,
    "base": 215.27272727272728
  },
  "Compiler.make hook": {
    "min": 50.09386018181818,
    "max": 64.03355409090909,
    "mean": 53.95297881818182,
    "median": 52.700157227272726,
    "variance": 17.137528291647037,
    "stdDev": 4.139749786115948,
    "confidence": 5.922385712136148,
    "low": 50.991785962113745,
    "high": 56.91417167424989,
    "count": 10,
    "base": 215.27272727272728
  },
  "Compiler.finish make hook": {
    "min": 0.0032727272727272726,
    "max": 0.006500000000000001,
    "mean": 0.003848181818181818,
    "median": 0.00355,
    "variance": 8.16926446280992e-7,
    "stdDev": 0.0009038398344181297,
    "confidence": 0.0012930462945780338,
    "low": 0.003201658670892801,
    "high": 0.004494704965470835,
    "count": 10,
    "base": 215.27272727272728
  },
  "Compiler.finish compilation": {
    "min": 46.80324890909091,
    "max": 57.37007481818182,
    "mean": 49.798211245454546,
    "median": 48.58762027272727,
    "variance": 7.953917041120865,
    "stdDev": 2.8202689660954086,
    "confidence": 4.034717432730517,
    "low": 47.78085252908929,
    "high": 51.815569961819804,
    "count": 10,
    "base": 215.27272727272728
  },
  "Compiler.seal compilation": {
    "min": 156.04091745454545,
    "max": 194.97315618181818,
    "mean": 165.36137826363637,
    "median": 162.09621772727272,
    "variance": 115.83016296713045,
    "stdDev": 10.762442239897524,
    "confidence": 15.396904992429995,
    "low": 157.66292576742137,
    "high": 173.05983075985137,
    "count": 10,
    "base": 215.27272727272728
  },
  "Compiler.afterCompile hook": {
    "min": 0.002818181818181818,
    "max": 0.003854545454545455,
    "mean": 0.0032827363636363633,
    "median": 0.003213681818181818,
    "variance": 8.896444702479346e-8,
    "stdDev": 0.00029826908492968805,
    "confidence": 0.00042670805198998917,
    "low": 0.0030693823376413687,
    "high": 0.003496090389631358,
    "count": 10,
    "base": 215.27272727272728
  },
  "Compiler.emitAssets": {
    "min": 20.16042009090909,
    "max": 35.528180272727276,
    "mean": 24.763298963636366,
    "median": 24.344694045454546,
    "variance": 17.191932764870298,
    "stdDev": 4.146315565037265,
    "confidence": 5.931778810096581,
    "low": 21.797409558588075,
    "high": 27.729188368684657,
    "count": 10,
    "base": 215.27272727272728
  },
  "Compiler.emitRecords": {
    "min": 0.003645454545454545,
    "max": 0.008545454545454545,
    "mean": 0.005477272727272727,
    "median": 0.0055681818181818185,
    "variance": 0.0000020710454545454546,
    "stdDev": 0.001439112731701535,
    "confidence": 0.002058815416566261,
    "low": 0.004447865018989597,
    "high": 0.006506680435555858,
    "count": 10,
    "base": 215.27272727272728
  },
  "FlagDependencyExportsPlugin.restore cached provided exports": {
    "min": 5.748992181818182,
    "max": 8.34312090909091,
    "mean": 6.847935790909091,
    "median": 6.690818454545455,
    "variance": 0.6832330506787854,
    "stdDev": 0.8265791254796998,
    "confidence": 1.182516010776565,
    "low": 6.256677785520808,
    "high": 7.439193796297373,
    "count": 10,
    "base": 215.27272727272728
  },
  "FlagDependencyExportsPlugin.figure out provided exports": {
    "min": 18.176634818181817,
    "max": 23.529250636363642,
    "mean": 20.05878797272727,
    "median": 20.082891227272725,
    "variance": 2.017005854954981,
    "stdDev": 1.4202133131874877,
    "confidence": 2.0317776360340503,
    "low": 19.042899154710245,
    "high": 21.074676790744295,
    "count": 10,
    "base": 215.27272727272728
  },
  "FlagDependencyExportsPlugin.store provided exports into cache": {
    "min": 0.019754636363636367,
    "max": 0.03056381818181819,
    "mean": 0.02427009090909091,
    "median": 0.022286409090909093,
    "variance": 0.00001337867108264463,
    "stdDev": 0.003657686575233672,
    "confidence": 0.005232739134449077,
    "low": 0.021653721341866373,
    "high": 0.02688646047631545,
    "count": 10,
    "base": 215.27272727272728
  },
  "Compilation.finish modules": {
    "min": 25.314818727272726,
    "max": 31.22070381818182,
    "mean": 27.176925181818184,
    "median": 27.07392104545454,
    "variance": 2.359238480655171,
    "stdDev": 1.5359812761408165,
    "confidence": 2.197396952452003,
    "low": 26.078226705592183,
    "high": 28.275623658044186,
    "count": 10,
    "base": 215.27272727272728
  },
  "Compilation.report dependency errors and warnings": {
    "min": 20.993777090909088,
    "max": 26.113679909090912,
    "mean": 22.59688418181818,
    "median": 22.203760454545453,
    "variance": 2.1154553477279308,
    "stdDev": 1.4544605005732987,
    "confidence": 2.0807721559286634,
    "low": 21.556498103853848,
    "high": 23.63727025978251,
    "count": 10,
    "base": 215.27272727272728
  },
  "Compilation.optimize dependencies": {
    "min": 0.07507272727272728,
    "max": 0.12340036363636364,
    "mean": 0.09255468181818183,
    "median": 0.08823199999999999,
    "variance": 0.00018773786200041332,
    "stdDev": 0.01370174667699025,
    "confidence": 0.019601916285682308,
    "low": 0.08275372367534067,
    "high": 0.10235563996102298,
    "count": 10,
    "base": 215.27272727272728
  },
  "Compilation.create chunks": {
    "min": 20.68539227272727,
    "max": 26.90694854545455,
    "mean": 23.79588787272727,
    "median": 24.027389,
    "variance": 4.406086685456311,
    "stdDev": 2.0990680516496627,
    "confidence": 3.002957009523776,
    "low": 22.294409367965383,
    "high": 25.29736637748916,
    "count": 10,
    "base": 215.27272727272728
  },
  "Compilation.optimize": {
    "min": 8.411975727272726,
    "max": 11.540538909090907,
    "mean": 9.837498563636363,
    "median": 9.062906636363635,
    "variance": 0.8722071740835963,
    "stdDev": 0.9339203253402274,
    "confidence": 1.3360798784551449,
    "low": 9.16945862440879,
    "high": 10.505538502863935,
    "count": 10,
    "base": 215.27272727272728
  },
  "Compilation.module hashing": {
    "min": 69.23645172727272,
    "max": 88.67091472727273,
    "mean": 73.81118344545453,
    "median": 72.131637,
    "variance": 28.638761732978498,
    "stdDev": 5.351519572325088,
    "confidence": 7.655961034082509,
    "low": 69.98320292841328,
    "high": 77.63916396249579,
    "count": 10,