{
  "stats": {
    "min": 6739,
    "max": 8219,
    "mean": 7297.066666666667,
    "median": 6914.5,
    "variance": 289849.7955555555,
    "stdDev": 538.3770013248667,
    "confidence": 402.02140759885333,
    "low": 7096.05596286724,
    "high": 7498.077370466093,
    "count": 30,
    "base": 6901.5
  },
  "heap memory": {
    "min": 216325448,
    "max": 321979368,
    "mean": 274056239.73333335,
    "median": 293653812,
    "variance": 1241208005780652.8,
    "stdDev": 35230782.07733477,
    "confidence": 26307826.238275766,
    "low": 260902326.61419547,
    "high": 287210152.85247123,
    "count": 30,
    "base": 6901.5
  },
  "rss memory": {
    "min": 481779712,
    "max": 668278784,
    "mean": 555568742.4,
    "median": 507052032,
    "variance": 5171523600522063,
    "stdDev": 71913306.14373158,
    "confidence": 53699709.4783864,
    "low": 528718887.6608068,
    "high": 582418597.1391932,
    "count": 30,
    "base": 6901.5
  },
  "external memory": {
    "min": 103885843,
    "max": 103910419,
    "mean": 103895127.26666667,
    "median": 103894035,
    "variance": 16702650.595555557,
    "stdDev": 4086.887641660284,
    "confidence": 3051.7951516509056,
    "low": 103893601.36909084,
    "high": 103896653.16424249,
    "count": 30,
    "base": 6901.5
  },
  "array buffers memory": {
    "min": 102425890,
    "max": 102450466,
    "mean": 102435174.26666667,
    "median": 102434082,
    "variance": 16702650.595555557,
    "stdDev": 4086.887641660284,
    "confidence": 3051.7951516509056,
    "low": 102433648.36909084,
    "high": 102436700.16424249,
    "count": 30,
    "base": 6901.5
  },
  "Compiler.make hook": {
    "min": 5233.661234,
    "max": 6445.414265,
    "mean": 5695.861033600001,
    "median": 5371.000787,
    "variance": 195767.5474674203,
    "stdDev": 442.456266163584,
    "confidence": 330.3946685803585,
    "low": 5530.663699309822,
    "high": 5861.05836789018,
    "count": 30,
    "base": 6901.5
  },
  "Compiler.finish make hook": {
    "min": 0.090601,
    "max": 0.153001,
    "mean": 0.10046776666666667,
    "median": 0.09720100000000001,
    "variance": 0.0001613551023122222,
    "stdDev": 0.01270256282457293,
    "confidence": 0.009485364668774532,
    "low": 0.0957250843322794,
    "high": 0.10521044900105393,
    "count": 30,
    "base": 6901.5
  },
  "Compiler.finish compilation": {
    "min": 226.376945,
    "max": 256.755117,
    "mean": 240.42301766666662,
    "median": 240.4112675,
    "variance": 51.600494886187256,
    "stdDev": 7.183348445271694,
    "confidence": 5.3640104353168,
    "low": 237.74101244900822,
    "high": 243.10502288432502,
    "count": 30,
    "base": 6901.5
  },
  "Compiler.seal compilation": {
    "min": 1034.643872,
    "max": 1286.905126,
    "mean": 1142.891737433333,
    "median": 1104.134718,
    "variance": 8352.738354686237,
    "stdDev": 91.3933167944256,
    "confidence": 68.24598705443577,
    "low": 1108.768743906115,
    "high": 1177.0147309605509,
    "count": 30,
    "base": 6901.5
  },
  "Compiler.afterCompile hook": {
    "min": 0.066601,
    "max": 0.142302,
    "mean": 0.07968426666666667,
    "median": 0.073201,
    "variance": 0.00038285966032888894,
    "stdDev": 0.019566799951164445,
    "confidence": 0.014611085613268321,
    "low": 0.07237872386003251,
    "high": 0.08698980947330083,
    "count": 30,
    "base": 6901.5
  },
  "Compiler.emitAssets": {
    "min": 155.837746,
    "max": 314.002891,
    "mean": 196.79032009999997,
    "median": 187.7262715,
    "variance": 1159.8217172382872,
    "stdDev": 34.05615535021954,
    "confidence": 25.43069907817045,
    "low": 184.07497056091475,
    "high": 209.5056696390852,
    "count": 30,
    "base": 6901.5
  },
  "Compiler.emitRecords": {
    "min": 0.072201,
    "max": 0.089601,
    "mean": 0.07866423333333335,
    "median": 0.077401,
    "variance": 0.00001859608164555556,
    "stdDev": 0.004312317433301445,
    "confidence": 0.003220129983789566,
    "low": 0.07705416834143856,
    "high": 0.08027429832522813,
    "count": 30,
    "base": 6901.5
  },
  "Compilation.compute affected modules": {
    "min": 0.248003,
    "max": 0.448405,
    "mean": 0.26809313333333334,
    "median": 0.252703,
    "variance": 0.0023643669299155553,
    "stdDev": 0.04862475634813562,
    "confidence": 0.036309487483907166,
    "low": 0.24993838959137976,
    "high": 0.2862478770752869,
    "count": 30,
    "base": 6901.5
  },
  "Compilation.finish modules": {
    "min": 170.098702,
    "max": 207.430176,
    "mean": 191.90199303333327,
    "median": 190.85235699999998,
    "variance": 61.75699995542358,
    "stdDev": 7.858562206626832,
    "confidence": 5.868211740539948,
    "low": 188.9678871630633,
    "high": 194.83609890360324,
    "count": 30,
    "base": 6901.5
  },
  "Compilation.report dependency errors and warnings": {
    "min": 41.474402,
    "max": 58.30412,
    "mean": 47.7818162,
    "median": 47.138853999999995,
    "variance": 16.127759895315755,
    "stdDev": 4.015938233503568,
    "confidence": 2.9988152121842546,
    "low": 46.282408593907874,
    "high": 49.28122380609213,
    "count": 30,
    "base": 6901.5
  },
  "Compilation.optimize dependencies": {
    "min": 1.145815,
    "max": 1.525317,
    "mean": 1.2875743000000004,
    "median": 1.2550645,
    "variance": 0.009158375023276665,
    "stdDev": 0.09569939928378164,
    "confidence": 0.0714614612283837,
    "low": 1.2518435693858085,
    "high": 1.3233050306141922,
    "count": 30,
    "base": 6901.5
  },
  "Compilation.create chunks": {
    "min": 85.358633,
    "max": 114.900671,
    "mean": 98.70974363333335,
    "median": 92.120199,
    "variance": 46.38200239861564,
    "stdDev": 6.810433348812367,
    "confidence": 5.0855441345192105,
    "low": 96.16697156607374,
    "high": 101.25251570059295,
    "count": 30,
    "base": 6901.5
  },
  "Compilation.compute affected modules with chunk graph": {
    "min": 0.151801,
    "max": 0.210603,
    "mean": 0.1897454,
    "median": 0.198203,
    "variance": 0.00031876201043999993,
    "stdDev": 0.01785390742778734,
    "confidence": 0.013332020085545127,
    "low": 0.18307938995722745,
    "high": 0.19641141004277257,
    "count": 30,
    "base": 6901.5
  },
  "Compilation.optimize": {
    "min": 58.761926,
    "max": 77.755812,
    "mean": 68.61419613333334,
    "median": 68.19251449999999,
    "variance": 24.18663215229272,
    "stdDev": 4.917990662078642,
    "confidence": 3.672403396990262,
    "low": 66.7779944348382,
    "high": 70.45039783182847,
    "count": 30,
    "base": 6901.5
  },
  "Compilation.module hashing": {
    "min": 105.651178,
    "max": 124.175451,
    "mean": 114.09981796666665,
    "median": 114.217469,
    "variance": 27.95591399461376,
    "stdDev": 5.287335245150789,
    "confidence": 3.9482034939674406,
    "low": 112.12571621968293,
    "high": 116.07391971365037,
    "count": 30,
    "base": 6901.5
  },
  "Compilation.code generation": {
    "min": 424.454537,
    "max": 658.902781,
    "mean": 470.96347049999997,
    "median": 450.238297,
    "variance": 3822.420507609893,
    "stdDev": 61.82572690725029,
    "confidence": 46.16702737284447,
    "low": 447.87995681357773,
    "high": 494.0469841864222,
    "count": 30,
    "base": 6901.5
  },
  "Compilation.runtime requirements.modules": {
    "min": 14.158371,
    "max": 65.376915,
    "mean": 19.929675633333332,
    "median": 15.388026499999999,
    "variance": 89.66511692624542,
    "stdDev": 9.469166643704472,
    "confidence": 7.070895847189206,
    "low": 16.39422770973873,
    "high": 23.465123556927935,
    "count": 30,
    "base": 6901.5
  },
  "Compilation.runtime requirements.chunks": {
    "min": 4.419551,
    "max": 35.448242,
    "mean": 7.664330266666666,
    "median": 4.749005,
    "variance": 39.81715612885079,
    "stdDev": 6.310083686358746,
    "confidence": 4.711918821594972,
    "low": 5.30837085586918,
    "high": 10.020289677464152,
    "count": 30,
    "base": 6901.5
  },