{
  "stats": {
    "min": 40751,
    "max": 42023,
    "mean": 41238.57142857143,
    "median": 41170,
    "variance": 152566.53061224488,
    "stdDev": 390.5976582267806,
    "confidence": 722.5111942182848,
    "low": 40877.315831462285,
    "high": 41599.82702568057,
    "count": 7,
    "base": 41066.5
  },
  "heap memory": {
    "min": 384686808,
    "max": 804690144,
    "mean": 605557430.8571428,
    "median": 718317680,
    "variance": 37144452479020904,
    "stdDev": 192728961.18388876,
    "confidence": 356501963.01118827,
    "low": 427306449.3515487,
    "high": 783808412.3627369,
    "count": 7,
    "base": 41066.5
  },
  "rss memory": {
    "min": 706920448,
    "max": 957349888,
    "mean": 861762706.2857143,
    "median": 905101312,
    "variance": 9843994926680022,
    "stdDev": 99216908.47169156,
    "confidence": 183527283.16898274,
    "low": 769999064.7012229,
    "high": 953526347.8702056,
    "count": 7,
    "base": 41066.5
  },
  "external memory": {
    "min": 27174766,
    "max": 27240302,
    "mean": 27206363.714285713,
    "median": 27215726,
    "variance": 487566440.489796,
    "stdDev": 22080.90669537363,
    "confidence": 40844.33669757098,
    "low": 27185941.545936927,
    "high": 27226785.8826345,
    "count": 7,
    "base": 41066.5
  },
  "array buffers memory": {
    "min": 25826354,
    "max": 25891890,
    "mean": 25857951.714285713,
    "median": 25867314,
    "variance": 487566440.489796,
    "stdDev": 22080.90669537363,
    "confidence": 40844.33669757098,
    "low": 25837529.545936927,
    "high": 25878373.8826345,
    "count": 7,
    "base": 41066.5
  },
  "Compiler.make hook": {
    "min": 8178.524611,
    "max": 8583.345982,
    "mean": 8347.325837285714,
    "median": 8342.874024,
    "variance": 16227.843937208881,
    "stdDev": 127.38855496946687,
    "confidence": 235.63801533928563,
    "low": 8229.506829616072,
    "high": 8465.144844955357,
    "count": 7,
    "base": 41066.5
  },
  "Compiler.finish make hook": {
    "min": 0.084905,
    "max": 0.110007,
    "mean": 0.10387728571428571,
    "median": 0.106606,
    "variance": 0.00006346351877551022,
    "stdDev": 0.007966399360784658,
    "confidence": 0.014735911991665018,
    "low": 0.0965093297184532,
    "high": 0.11124524171011822,
    "count": 7,
    "base": 41066.5
  },
  "Compiler.finish compilation": {
    "min": 382.876082,
    "max": 438.421174,
    "mean": 399.42825285714287,
    "median": 397.229365,
    "variance": 340.5174363805726,
    "stdDev": 18.453114544178515,
    "confidence": 34.133798668655345,
    "low": 382.3613535228152,
    "high": 416.49515219147054,
    "count": 7,
    "base": 41066.5
  },
  "Compiler.seal compilation": {
    "min": 32036.500225,
    "max": 33201.198052,
    "mean": 32450.53466714286,
    "median": 32405.542203,
    "variance": 153954.69197113602,
    "stdDev": 392.37060538620375,
    "confidence": 725.7907176420922,
    "low": 32087.639308321814,
    "high": 32813.430025963906,
    "count": 7,
    "base": 41066.5
  },
  "Compiler.afterCompile hook": {
    "min": 0.066803,
    "max": 0.088805,
    "mean": 0.07587542857142858,
    "median": 0.073504,
    "variance": 0.00006425404110204078,
    "stdDev": 0.008015861843996613,
    "confidence": 0.014827405622161172,
    "low": 0.068461725760348,
    "high": 0.08328913138250917,
    "count": 7,
    "base": 41066.5
  },
  "Compiler.emitAssets": {
    "min": 19.408014,
    "max": 32.914716,
    "mean": 24.14548842857143,
    "median": 22.800216,
    "variance": 16.163616544075378,
    "stdDev": 4.020400047765817,
    "confidence": 7.436767677854348,
    "low": 20.427104589644255,
    "high": 27.863872267498603,
    "count": 7,
    "base": 41066.5
  },
  "Compiler.emitRecords": {
    "min": 0.072404,
    "max": 0.114106,
    "mean": 0.09014785714285715,
    "median": 0.090005,
    "variance": 0.00014918007783673473,
    "stdDev": 0.012213929663983445,
    "confidence": 0.022592815706281494,
    "low": 0.07885144928971641,
    "high": 0.1014442649959979,
    "count": 7,
    "base": 41066.5
  },
  "FlagDependencyExportsPlugin.restore cached provided exports": {
    "min": 16.305242,
    "max": 24.751197,
    "mean": 18.89443057142857,
    "median": 17.601723,
    "variance": 8.081441567288248,
    "stdDev": 2.8427876402025265,
    "confidence": 5.258469551906998,
    "low": 16.26519579547507,
    "high": 21.523665347382067,
    "count": 7,
    "base": 41066.5
  },
  "FlagDependencyExportsPlugin.figure out provided exports": {
    "min": 268.360842,
    "max": 305.033383,
    "mean": 281.17806328571425,
    "median": 282.236669,
    "variance": 139.3374200638455,
    "stdDev": 11.804127247020235,
    "confidence": 21.83478035343842,
    "low": 270.26067310899504,
    "high": 292.09545346243345,
    "count": 7,
    "base": 41066.5
  },
  "FlagDependencyExportsPlugin.store provided exports into cache": {
    "min": 14.930557,
    "max": 20.826891,
    "mean": 17.305421857142857,
    "median": 16.176948,
    "variance": 5.929240082180693,
    "stdDev": 2.435003096955052,
    "confidence": 4.504166777376717,
    "low": 15.053338468454498,
    "high": 19.557505245831216,
    "count": 7,
    "base": 41066.5
  },
  "InnerGraphPlugin.infer dependency usage": {
    "min": 37.447814,
    "max": 38.991436,
    "mean": 38.04071257142857,
    "median": 37.905331,
    "variance": 0.21751599665253057,
    "stdDev": 0.4663861025508056,
    "confidence": 0.8627014853354495,
    "low": 37.609361828760846,
    "high": 38.472063314096296,
    "count": 7,
    "base": 41066.5
  },
  "Compilation.finish modules": {
    "min": 305.650285,
    "max": 354.930798,
    "mean": 321.32087199999995,
    "median": 321.104951,
    "variance": 249.0906637886586,
    "stdDev": 15.782606368678735,
    "confidence": 29.194004457370625,
    "low": 306.72386977131464,
    "high": 335.91787422868526,
    "count": 7,
    "base": 41066.5
  },
  "Compilation.report dependency errors and warnings": {
    "min": 71.609779,
    "max": 85.089661,
    "mean": 77.630326,
    "median": 76.927325,
    "variance": 19.793442140650587,
    "stdDev": 4.44898214658708,
    "confidence": 8.229540899910234,
    "low": 73.51555555004488,
    "high": 81.74509644995511,
    "count": 7,
    "base": 41066.5
  },
  "Compilation.optimize dependencies": {
    "min": 319.659028,
    "max": 424.350636,
    "mean": 364.00113671428574,
    "median": 361.376941,
    "variance": 862.4611402237913,
    "stdDev": 29.367688710959044,
    "confidence": 54.32312097904685,
    "low": 336.8395762247623,
    "high": 391.16269720380916,
    "count": 7,
    "base": 41066.5
  },
  "Compilation.create chunks": {
    "min": 179.385098,
    "max": 207.693923,
    "mean": 192.994291,
    "median": 194.55878,
    "variance": 70.74391066470291,
    "stdDev": 8.410939939430248,
    "confidence": 15.55820454153286,
    "low": 185.21518872923357,
    "high": 200.77339327076643,
    "count": 7,
    "base": 41066.5
  },
  "Compilation.optimize": {
    "min": 513.369509,
    "max": 573.676561,
    "mean": 531.7126867142857,
    "median": 525.103877,
    "variance": 388.64625492013505,
    "stdDev": 19.714113089868768,
    "confidence": 36.46634098160803,
    "low": 513.4795162234817,
    "high": 549.9458572050897,
    "count": 7,
    "base": 41066.5
  },
  "Compilation.module hashing": {
    "min": 294.406508,
    "max": 332.712409,
    "mean": 307.61091142857146,
    "median": 303.750382,
    "variance": 159.07755523072515,
    "stdDev": 12.612595102940757,
    "confidence": 23.330250343504417,
    "low": 295.94578625681925,
    "high": 319.27603660032366,
    "count": 7,
    "base": 41066.5
  },
  "Compilation.code generation": {
    "min": 1920.782778,
    "max": 2077.446293,
    "mean": 2015.8408252857141,
    "median": 2041.499631,
    "variance": 3207.605236195747,
    "stdDev": 56.635724028176305,
    "confidence": 104.76239102093291,
    "low": 1963.4596297752475,
    "high": 2068.2220207961805,
    "count": 7,
    "base": 41066.5
  },