{
  "stats": {
    "min": 673.0909090909091,
    "max": 711.5454545454545,
    "mean": 697.2045454545455,
    "median": 698.7727272727273,
    "variance": 149.8094008264461,
    "stdDev": 12.23966506185713,
    "confidence": 20.468484139494876,
    "low": 686.9703033847981,
    "high": 707.4387875242929,
    "count": 8,
    "base": 707.0454545454545
  },
  "heap memory": {
    "min": 666570064.7272727,
    "max": 673474935.2727273,
    "mean": 669335762.3636364,
    "median": 668843262.1818182,
    "variance": 3641398131458.569,
    "stdDev": 1908244.7776578793,
    "confidence": 3191172.1250841618,
    "low": 667740176.3010943,
    "high": 670931348.4261785,
    "count": 8,
    "base": 707.0454545454545
  },
  "rss memory": {
    "min": 1073121838.5454545,
    "max": 1087448901.8181818,
    "mean": 1079239493.8181818,
    "median": 1078842833.4545455,
    "variance": 19392494281448.656,
    "stdDev": 4403690.983873489,
    "confidence": 7364325.625179768,
    "low": 1075557331.0055919,
    "high": 1082921656.6307716,
    "count": 8,
    "base": 707.0454545454545
  },
  "external memory": {
    "min": 233356955.45454547,
    "max": 233397915.45454547,
    "mean": 233377435.45454547,
    "median": 233377435.45454547,
    "variance": 117440512,
    "stdDev": 10836.997370120564,
    "confidence": 18122.792385995388,
    "low": 233368374.05835247,
    "high": 233386496.85073847,
    "count": 8,
    "base": 707.0454545454545
  },
  "array buffers memory": {
    "min": 232042988.0909091,
    "max": 232083948.0909091,
    "mean": 232063468.09090906,
    "median": 232063468.0909091,
    "variance": 117440512,
    "stdDev": 10836.997370120564,
    "confidence": 18122.792385995388,
    "low": 232054406.69471607,
    "high": 232072529.48710206,
    "count": 8,
    "base": 707.0454545454545
  },
  "Compiler.make hook": {
    "min": 206.4345189090909,
    "max": 216.19771154545452,
    "mean": 212.22613802272727,
    "median": 212.66590336363635,
    "variance": 8.424091456673514,
    "stdDev": 2.9024285446283624,
    "confidence": 4.853753132255122,
    "low": 209.7992614565997,
    "high": 214.65301458885483,
    "count": 8,
    "base": 707.0454545454545
  },
  "Compiler.finish make hook": {
    "min": 0.0031431818181818184,
    "max": 0.003917454545454544,
    "mean": 0.003457670454545454,
    "median": 0.0034260000000000002,
    "variance": 5.405647714359497e-8,
    "stdDev": 0.00023250048848033624,
    "confidence": 0.0003888123193595359,
    "low": 0.003263264294865686,
    "high": 0.003652076614225222,
    "count": 8,
    "base": 707.0454545454545
  },
  "Compiler.finish compilation": {
    "min": 86.14165609090911,
    "max": 95.1151719090909,
    "mean": 92.06537692045455,
    "median": 92.13413172727272,
    "variance": 6.376678854799096,
    "stdDev": 2.5252086754957688,
    "confidence": 4.222925501807595,
    "low": 89.95391416955076,
    "high": 94.17683967135835,
    "count": 8,
    "base": 707.0454545454545
  },
  "Compiler.seal compilation": {
    "min": 276.35195718181814,
    "max": 293.54232609090906,
    "mean": 285.97945011363635,
    "median": 287.7751242272727,
    "variance": 28.263964190824858,
    "stdDev": 5.316386384643695,
    "confidence": 8.890633023334885,
    "low": 281.5341336019689,
    "high": 290.4247666253038,
    "count": 8,
    "base": 707.0454545454545
  },
  "Compiler.afterCompile hook": {
    "min": 0.0029936363636363632,
    "max": 0.0033462727272727272,
    "mean": 0.0031488863636363633,
    "median": 0.0031015909090909097,
    "variance": 1.7261379648760305e-8,
    "stdDev": 0.0001313825698057406,
    "confidence": 0.0002197120617830721,
    "low": 0.003039030332744827,
    "high": 0.0032587423945278993,
    "count": 8,
    "base": 707.0454545454545
  },
  "Compiler.emitAssets": {
    "min": 91.96780554545454,
    "max": 102.36624627272728,
    "mean": 96.53875074999999,
    "median": 95.38772822727273,
    "variance": 10.342017258029529,
    "stdDev": 3.2159006915683093,
    "confidence": 5.377974966381032,
    "low": 93.84976326680948,
    "high": 99.22773823319051,
    "count": 8,
    "base": 707.0454545454545
  },
  "Compiler.emitRecords": {
    "min": 0.004443636363636364,
    "max": 0.006300818181818182,
    "mean": 0.004992829545454545,
    "median": 0.004949,
    "variance": 3.080344678460744e-7,
    "stdDev": 0.000555008529525515,
    "confidence": 0.0009281449473057431,
    "low": 0.0045287570718016736,
    "high": 0.005456902019107417,
    "count": 8,
    "base": 707.0454545454545
  },
  "FlagDependencyExportsPlugin.restore cached provided exports": {
    "min": 12.062050272727271,
    "max": 17.594848181818183,
    "mean": 15.472260068181818,
    "median": 15.457637818181817,
    "variance": 2.4040248050957875,
    "stdDev": 1.5504917945915702,
    "confidence": 2.5928991149369747,
    "low": 14.175810510713331,
    "high": 16.768709625650306,
    "count": 8,
    "base": 707.0454545454545
  },
  "FlagDependencyExportsPlugin.figure out provided exports": {
    "min": 43.67307272727273,
    "max": 47.47054163636364,
    "mean": 45.826065988636365,
    "median": 46.05751845454546,
    "variance": 1.1927379986419804,
    "stdDev": 1.0921254500477409,
    "confidence": 1.8263696220171681,
    "low": 44.91288117762778,
    "high": 46.73925079964495,
    "count": 8,
    "base": 707.0454545454545
  },
  "FlagDependencyExportsPlugin.store provided exports into cache": {
    "min": 0.022471181818181817,
    "max": 0.029064545454545457,
    "mean": 0.025697363636363633,
    "median": 0.025624409090909087,
    "variance": 0.00000298894296694215,
    "stdDev": 0.0017288559705603444,
    "confidence": 0.002891178870830638,
    "low": 0.024251774200948314,
    "high": 0.027142953071778952,
    "count": 8,
    "base": 707.0454545454545
  },
  "Compilation.finish modules": {
    "min": 56.97899727272728,
    "max": 64.92501854545455,
    "mean": 62.52925310227272,
    "median": 62.97050822727273,
    "variance": 5.440261665423891,
    "stdDev": 2.332436851326074,
    "confidence": 3.9005517272297823,
    "low": 60.57897723865783,
    "high": 64.47952896588761,
    "count": 8,
    "base": 707.0454545454545
  },
  "Compilation.report dependency errors and warnings": {
    "min": 28.59389881818182,
    "max": 30.766526272727276,
    "mean": 29.502947909090906,
    "median": 29.159321454545456,
    "variance": 0.47749621175679147,
    "stdDev": 0.6910110069722417,
    "confidence": 1.1555829154594193,
    "low": 28.925156451361197,
    "high": 30.080739366820616,
    "count": 8,
    "base": 707.0454545454545
  },
  "Compilation.optimize dependencies": {
    "min": 25.78088318181818,
    "max": 26.901146727272728,
    "mean": 26.34732605681818,
    "median": 26.35822936363636,
    "variance": 0.1391280642958817,
    "stdDev": 0.3729987457028263,
    "confidence": 0.6237686139191894,
    "low": 26.035441749858585,
    "high": 26.659210363777774,
    "count": 8,
    "base": 707.0454545454545
  },
  "Compilation.create chunks": {
    "min": 67.07497881818182,
    "max": 72.07624245454546,
    "mean": 69.15639101136364,
    "median": 68.62387190909091,
    "variance": 3.0018848759606365,
    "stdDev": 1.732594838951287,
    "confidence": 2.897431408622566,
    "low": 67.70767530705236,
    "high": 70.60510671567492,
    "count": 8,
    "base": 707.0454545454545
  },
  "Compilation.optimize": {
    "min": 22.619064636363635,
    "max": 23.979231181818182,
    "mean": 23.22826809090909,
    "median": 23.11018268181818,
    "variance": 0.20053027148326968,
    "stdDev": 0.4478060645896499,
    "confidence": 0.7488694571542496,
    "low": 22.853833362331965,
    "high": 23.602702819486215,
    "count": 8,
    "base": 707.0454545454545
  },
  "Compilation.module hashing": {
    "min": 94.87631272727272,
    "max": 99.40698172727274,
    "mean": 97.86034197727272,
    "median": 98.01279063636363,
    "variance": 1.506957070207005,
    "stdDev": 1.2275817977662447,
    "confidence": 2.0528942933098904,
    "low": 96.83389483061778,