{
  "stats": {
    "min": 95198,
    "max": 103769,
    "mean": 98347.5,
    "median": 95781.5,
    "variance": 10831532.25,
    "stdDev": 3291.129327449774,
    "confidence": 10472.373519945191,
    "low": 93111.3132400274,
    "high": 103583.6867599726,
    "count": 4,
    "base": 91838
  },
  "heap memory": {
    "min": 1185227672,
    "max": 1265999088,
    "mean": 1207032818,
    "median": 1188452256,
    "variance": 1164577813609484,
    "stdDev": 34125911.176252626,
    "confidence": 108588649.36283588,
    "low": 1152738493.318582,
    "high": 1261327142.681418,
    "count": 4,
    "base": 91838
  },
  "rss memory": {
    "min": 1507823616,
    "max": 1643229184,
    "mean": 1565790208,
    "median": 1556054016,
    "variance": 3173309365616640,
    "stdDev": 56332134.39606775,
    "confidence": 179248851.64828777,
    "low": 1476165782.175856,
    "high": 1655414633.824144,
    "count": 4,
    "base": 91838
  },
  "external memory": {
    "min": 54616285,
    "max": 56747371,
    "mean": 55678233.5,
    "median": 55674639,
    "variance": 1125639411406.75,
    "stdDev": 1060961.5503903758,
    "confidence": 3375979.6533421725,
    "low": 53990243.673328914,
    "high": 57366223.326671086,
    "count": 4,
    "base": 91838
  },
  "array buffers memory": {
    "min": 53185418,
    "max": 55316504,
    "mean": 54247366.5,
    "median": 54243772,
    "variance": 1125639411406.75,
    "stdDev": 1060961.5503903758,
    "confidence": 3375979.6533421725,
    "low": 52559376.673328914,
    "high": 55935356.326671086,
    "count": 4,
    "base": 91838
  },
  "Compiler.make hook": {
    "min": 31739.889092,
    "max": 37163.684822,
    "mean": 33431.229613,
    "median": 32410.672269,
    "variance": 4760371.858521865,
    "stdDev": 2181.827641799843,
    "confidence": 6942.575556207099,
    "low": 29959.941834896454,
    "high": 36902.51739110355,
    "count": 4,
    "base": 91838
  },
  "Compiler.finish make hook": {
    "min": 0.106408,
    "max": 0.195315,
    "mean": 0.13891025,
    "median": 0.126959,
    "variance": 0.0012047126081874996,
    "stdDev": 0.034708970140116514,
    "confidence": 0.11044394298585075,
    "low": 0.08368827850707464,
    "high": 0.1941322214929254,
    "count": 4,
    "base": 91838
  },
  "Compiler.finish compilation": {
    "min": 403.150132,
    "max": 483.603011,
    "mean": 439.28728025,
    "median": 435.197989,
    "variance": 908.2956223856288,
    "stdDev": 30.137943234162957,
    "confidence": 95.89893537110652,
    "low": 391.3378125644467,
    "high": 487.23674793555324,
    "count": 4,
    "base": 91838
  },
  "Compiler.seal compilation": {
    "min": 62948.854106,
    "max": 66013.734105,
    "mean": 64367.359111,
    "median": 64253.4241165,
    "variance": 1814030.2759082518,
    "stdDev": 1346.8594120799141,
    "confidence": 4285.70664923828,
    "low": 62224.505786380854,
    "high": 66510.21243561913,
    "count": 4,
    "base": 91838
  },
  "Compiler.afterCompile hook": {
    "min": 0.074006,
    "max": 0.098007,
    "mean": 0.08273125,
    "median": 0.079456,
    "variance": 0.00008294451268749997,
    "stdDev": 0.009107387808120393,
    "confidence": 0.028979708005439087,
    "low": 0.06824139599728046,
    "high": 0.09722110400271955,
    "count": 4,
    "base": 91838
  },
  "Compiler.emitAssets": {
    "min": 88.074492,
    "max": 96.142747,
    "mean": 91.185221,
    "median": 90.2618225,
    "variance": 9.377902389131496,
    "stdDev": 3.062336099962167,
    "confidence": 9.74435347007963,
    "low": 86.31304426496018,
    "high": 96.05739773503981,
    "count": 4,
    "base": 91838
  },
  "Compiler.emitRecords": {
    "min": 0.086407,
    "max": 0.100108,
    "mean": 0.09323224999999999,
    "median": 0.09320700000000001,
    "variance": 0.000023510312687500018,
    "stdDev": 0.004848743413246366,
    "confidence": 0.01542870154094994,
    "low": 0.08551789922952502,
    "high": 0.10094660077047496,
    "count": 4,
    "base": 91838
  },
  "FlagDependencyExportsPlugin.restore cached provided exports": {
    "min": 18.585921,
    "max": 24.420569,
    "mean": 20.95590325,
    "median": 20.408561499999998,
    "variance": 5.368420863532188,
    "stdDev": 2.3169852963564934,
    "confidence": 7.37264721300636,
    "low": 17.26957964349682,
    "high": 24.64222685650318,
    "count": 4,
    "base": 91838
  },
  "FlagDependencyExportsPlugin.figure out provided exports": {
    "min": 279.547179,
    "max": 347.735313,
    "mean": 307.48049725,
    "median": 301.31974849999995,
    "variance": 671.9923328522493,
    "stdDev": 25.9228149098868,
    "confidence": 82.48639704325979,
    "low": 266.2372987283701,
    "high": 348.7236957716299,
    "count": 4,
    "base": 91838
  },
  "FlagDependencyExportsPlugin.store provided exports into cache": {
    "min": 18.464713,
    "max": 24.423768,
    "mean": 21.8867745,
    "median": 22.329308500000003,
    "variance": 4.988660496629249,
    "stdDev": 2.2335309482138923,
    "confidence": 7.107095477216603,
    "low": 18.3332267613917,
    "high": 25.440322238608303,
    "count": 4,
    "base": 91838
  },
  "InnerGraphPlugin.infer dependency usage": {
    "min": 53.485977,
    "max": 66.291156,
    "mean": 57.357327749999996,
    "median": 54.826088999999996,
    "variance": 26.977760889261198,
    "stdDev": 5.1940120224409565,
    "confidence": 16.527346255407117,
    "low": 49.093654622296434,
    "high": 65.62100087770355,
    "count": 4,
    "base": 91838
  },
  "Compilation.finish modules": {
    "min": 324.217795,
    "max": 395.841994,
    "mean": 355.13616750000006,
    "median": 350.24244050000004,
    "variance": 710.7969804264087,
    "stdDev": 26.66077606571888,
    "confidence": 84.83458944111749,
    "low": 312.7188727794413,
    "high": 397.5534622205588,
    "count": 4,
    "base": 91838
  },
  "Compilation.report dependency errors and warnings": {
    "min": 78.537106,
    "max": 87.788211,
    "mean": 83.70610325,
    "median": 84.249548,
    "variance": 15.650652877975213,
    "stdDev": 3.956090605379914,
    "confidence": 12.588280306318893,
    "low": 77.41196309684055,
    "high": 90.00024340315944,
    "count": 4,
    "base": 91838
  },
  "Compilation.optimize dependencies": {
    "min": 384.539408,
    "max": 454.31457,
    "mean": 417.794986,
    "median": 416.162983,
    "variance": 691.45646558779,
    "stdDev": 26.2955598074616,
    "confidence": 83.67247130734279,
    "low": 375.9587503463286,
    "high": 459.6312216536714,
    "count": 4,
    "base": 91838
  },
  "Compilation.create chunks": {
    "min": 208.801181,
    "max": 580.092364,
    "mean": 310.776422,
    "median": 227.10607149999998,
    "variance": 24291.03533026908,
    "stdDev": 155.8558158371675,
    "confidence": 495.933205993867,
    "low": 62.80981900306651,
    "high": 558.7430249969335,
    "count": 4,
    "base": 91838
  },
  "Compilation.optimize": {
    "min": 597.065644,
    "max": 676.932307,
    "mean": 628.118526,
    "median": 619.2380765,
    "variance": 902.5062050184773,
    "stdDev": 30.041741045060576,
    "confidence": 95.59282000538269,
    "low": 580.3221159973086,
    "high": 675.9149360026913,
    "count": 4,
    "base": 91838
  },
  "Compilation.module hashing": {
    "min": 324.68343,
    "max": 360.824314,
    "mean": 339.6478825,
    "median": 336.541893,
    "variance": 180.342065340813,
    "stdDev": 13.429149836859109,
    "confidence": 42.73155478088563,
    "low": 318.28210510955716,
    "high": 361.0136598904428,
    "count": 4,
    "base": 91838
  },
  "Compilation.code generation": {
    "min": 2092.581534,
    "max": 2235.528088,
    "mean": 2153.4046042500004,
    "median": 2142.7543975,
    "variance": 3320.859771562582,
    "stdDev": 57.626901457241146,
    "confidence": 183.36880043694146,
    "low": 2061.7202040315296,
    "high": 2245.089004468471,
    "count": 4,
    "base": 91838
  },
  "Compilation.runtime requirements": {
    "min": 7.954008,
    "max": 9.044899,
    "mean": 8.45829875,
    "median": 8.417144,