{
  "stats": {
    "min": 58106,
    "max": 59574,
    "mean": 58780.8,
    "median": 58642,
    "variance": 251269.35999999996,
    "stdDev": 501.2677528028309,
    "confidence": 1244.6126824253006,
    "low": 58158.49365878735,
    "high": 59403.10634121265,
    "count": 5,
    "base": 59041
  },
  "heap memory": {
    "min": 293855704,
    "max": 295979720,
    "mean": 295112846.4,
    "median": 295915664,
    "variance": 1047381104112.64,
    "stdDev": 1023416.3884327044,
    "confidence": 2541071.1327888966,
    "low": 293842310.8336055,
    "high": 296383381.9663944,
    "count": 5,
    "base": 59041
  },
  "rss memory": {
    "min": 451416064,
    "max": 526114816,
    "mean": 494026752,
    "median": 513830912,
    "variance": 1131783240286208,
    "stdDev": 33641986.27141697,
    "confidence": 83530693.01039374,
    "low": 452261405.49480313,
    "high": 535792098.50519687,
    "count": 5,
    "base": 59041
  },
  "external memory": {
    "min": 41525655,
    "max": 41558423,
    "mean": 41532208.6,
    "median": 41525655,
    "variance": 171798691.84,
    "stdDev": 13107.2,
    "confidence": 32544.25855217874,
    "low": 41515936.47072391,
    "high": 41548480.72927609,
    "count": 5,
    "base": 59041
  },
  "array buffers memory": {
    "min": 40177243,
    "max": 40210011,
    "mean": 40183796.6,
    "median": 40177243,
    "variance": 171798691.84,
    "stdDev": 13107.2,
    "confidence": 32544.25855217874,
    "low": 40167524.47072391,
    "high": 40200068.72927609,
    "count": 5,
    "base": 59041
  },
  "Compiler.make hook": {
    "min": 5612.537652,
    "max": 6959.6959719999995,
    "mean": 6411.772250600001,
    "median": 6747.529963,
    "variance": 332538.5415157958,
    "stdDev": 576.6615484977266,
    "confidence": 1431.810190689821,
    "low": 5695.86715525509,
    "high": 7127.677345944911,
    "count": 5,
    "base": 59041
  },
  "Compiler.finish make hook": {
    "min": 0.109302,
    "max": 0.201803,
    "mean": 0.15932200000000002,
    "median": 0.167502,
    "variance": 0.0013536285604000002,
    "stdDev": 0.0367916914588063,
    "confidence": 0.09135119014033276,
    "low": 0.11364640492983365,
    "high": 0.2049975950701664,
    "count": 5,
    "base": 59041
  },
  "Compiler.finish compilation": {
    "min": 40.796388,
    "max": 45.968753,
    "mean": 43.2769678,
    "median": 43.842164,
    "variance": 3.32176880264696,
    "stdDev": 1.8225720294811287,
    "confidence": 4.525318554489331,
    "low": 41.014308522755336,
    "high": 45.53962707724467,
    "count": 5,
    "base": 59041
  },
  "Compiler.seal compilation": {
    "min": 51459.771044,
    "max": 53841.737261,
    "mean": 52264.8944914,
    "median": 52052.21591,
    "variance": 680624.1933168847,
    "stdDev": 824.9995111009973,
    "confidence": 2048.4159389260603,
    "low": 51240.68652193697,
    "high": 53289.10246086303,
    "count": 5,
    "base": 59041
  },
  "Compiler.afterCompile hook": {
    "min": 0.086201,
    "max": 0.195503,
    "mean": 0.1211816,
    "median": 0.115102,
    "variance": 0.0015851346246400003,
    "stdDev": 0.03981374919095161,
    "confidence": 0.09885474758925755,
    "low": 0.07175422620537122,
    "high": 0.17060897379462878,
    "count": 5,
    "base": 59041
  },
  "Compiler.emitAssets": {
    "min": 31.190876,
    "max": 60.837832,
    "mean": 42.2270058,
    "median": 33.341402,
    "variance": 154.59515227942734,
    "stdDev": 12.433629891525134,
    "confidence": 30.871831202078933,
    "low": 26.791090198960536,
    "high": 57.66292140103947,
    "count": 5,
    "base": 59041
  },
  "Compiler.emitRecords": {
    "min": 0.096101,
    "max": 0.102002,
    "mean": 0.0989612,
    "median": 0.098401,
    "variance": 0.000005771616159999983,
    "stdDev": 0.002402418814445138,
    "confidence": 0.005965037463983219,
    "low": 0.09597868126800839,
    "high": 0.10194371873199161,
    "count": 5,
    "base": 59041
  },
  "Compilation.finish modules": {
    "min": 2.254629,
    "max": 2.663832,
    "mean": 2.4817702000000006,
    "median": 2.48863,
    "variance": 0.018432865025360012,
    "stdDev": 0.13576768770720082,
    "confidence": 0.3371016488475469,
    "low": 2.313219375576227,
    "high": 2.650321024423774,
    "count": 5,
    "base": 59041
  },
  "Compilation.report dependency errors and warnings": {
    "min": 37.700951,
    "max": 42.959717,
    "mean": 40.2902912,
    "median": 40.900393,
    "variance": 3.3938307904209557,
    "stdDev": 1.8422352701055735,
    "confidence": 4.574141002216962,
    "low": 38.00322069889152,
    "high": 42.57736170110848,
    "count": 5,
    "base": 59041
  },
  "Compilation.optimize dependencies": {
    "min": 0.095202,
    "max": 0.116602,
    "mean": 0.10518160000000001,
    "median": 0.101001,
    "variance": 0.00007948730423999998,
    "stdDev": 0.008915565278769483,
    "confidence": 0.022136723447502088,
    "low": 0.09411323827624897,
    "high": 0.11624996172375106,
    "count": 5,
    "base": 59041
  },
  "Compilation.create chunks": {
    "min": 103.925553,
    "max": 137.220863,
    "mean": 121.62254560000001,
    "median": 118.59703,
    "variance": 168.1598922958811,
    "stdDev": 12.967647909157662,
    "confidence": 32.19776049570035,
    "low": 105.52366535214983,
    "high": 137.72142584785018,
    "count": 5,
    "base": 59041
  },
  "Compilation.optimize": {
    "min": 113.345056,
    "max": 131.09508,
    "mean": 120.66201000000001,
    "median": 121.244259,
    "variance": 39.03220134758679,
    "stdDev": 6.247575637604301,
    "confidence": 15.512292242010929,
    "low": 112.90586387899454,
    "high": 128.41815612100547,
    "count": 5,
    "base": 59041
  },
  "Compilation.module hashing": {
    "min": 151.081341,
    "max": 169.52624,
    "mean": 159.17159940000002,
    "median": 155.099469,
    "variance": 50.588818699029815,
    "stdDev": 7.112581718267272,
    "confidence": 17.66004168798736,
    "low": 150.34157855600634,
    "high": 168.0016202439937,
    "count": 5,
    "base": 59041
  },
  "Compilation.code generation": {
    "min": 424.201977,
    "max": 449.590809,
    "mean": 438.3984634,
    "median": 443.683648,
    "variance": 109.310221166957,
    "stdDev": 10.455152852395655,
    "confidence": 25.95941144034657,
    "low": 425.41875767982674,
    "high": 451.3781691201733,
    "count": 5,
    "base": 59041
  },
  "Compilation.runtime requirements": {
    "min": 22.268266,
    "max": 26.722444,
    "mean": 23.8780716,
    "median": 22.860776,
    "variance": 2.6787866553738375,
    "stdDev": 1.6366999283234045,
    "confidence": 4.063811160254581,
    "low": 21.846166019872708,
    "high": 25.90997718012729,
    "count": 5,
    "base": 59041
  },
  "Compilation.hashing: initialize hash": {
    "min": 0.0056,
    "max": 0.0069,
    "mean": 0.0060804000000000006,
    "median": 0.006,
    "variance": 1.8949623999999996e-7,
    "stdDev": 0.0004353116584701126,
    "confidence": 0.0010808483248923462,
    "low": 0.0055399758375538274,
    "high": 0.006620824162446174,
    "count": 5,
    "base": 59041
  },
  "Compilation.hashing: sort chunks": {
    "min": 0.095501,
    "max": 0.131202,
    "mean": 0.1130412,
    "median": 0.119301,
    "variance": 0.00019296566416000016,
    "stdDev": 0.013891208160559691,
    "confidence": 0.03449089584193317,
    "low": 0.09579575207903342,
    "high": 0.1302866479209666,
    "count": 5,
    "base": 59041
  },
  "Compilation.hashing: hash runtime modules": {
    "min": 2.406929,
    "max": 2.917835,
    "mean": 2.7436736,
    "median": 2.811536,
    "variance": 0.030999687837840028,
    "stdDev": 0.17606728213339362,
    "confidence": 0.4371627160895173,
    "low": 2.5250922419552415,
    "high": 2.962254958044759,
    "count": 5,
    "base": 59041
  },
  "Compilation.hashing: hash chunks": {
    "min": 16.455197,
    "max": 28.608844,
    "mean": 21.177739,
    "median": 17.766914,
    "variance": 25.345290599964805,
    "stdDev": 5.0344106507082635,
    "confidence": 12.500088643988867,