{
  "stats": {
    "min": 32217,
    "max": 36082,
    "mean": 33970.666666666664,
    "median": 33972,
    "variance": 1286811.111111111,
    "stdDev": 1134.3769704604863,
    "confidence": 1743.915529254591,
    "low": 33098.70890203937,
    "high": 34842.62443129396,
    "count": 9,
    "base": 32639.5
  },
  "heap memory": {
    "min": 160640752,
    "max": 387361536,
    "mean": 324586432.8888889,
    "median": 359756016,
    "variance": 7744473646929471,
    "stdDev": 88002691.13458674,
    "confidence": 135289470.504238,
    "low": 256941697.6367699,
    "high": 392231168.1410079,
    "count": 9,
    "base": 32639.5
  },
  "rss memory": {
    "min": 384319488,
    "max": 625250304,
    "mean": 560286378.6666666,
    "median": 563994624,
    "variance": 4751438135223182,
    "stdDev": 68930676.30034673,
    "confidence": 105969426.36573309,
    "low": 507301665.4838001,
    "high": 613271091.8495332,
    "count": 9,
    "base": 32639.5
  },
  "external memory": {
    "min": 13086865,
    "max": 13111441,
    "mean": 13095967.222222222,
    "median": 13095057,
    "variance": 51367278.61728394,
    "stdDev": 7167.096944878305,
    "confidence": 11018.217036593705,
    "low": 13090458.113703925,
    "high": 13101476.330740519,
    "count": 9,
    "base": 32639.5
  },
  "array buffers memory": {
    "min": 11788526,
    "max": 11813102,
    "mean": 11797628.222222222,
    "median": 11796718,
    "variance": 51367278.61728394,
    "stdDev": 7167.096944878305,
    "confidence": 11018.217036593705,
    "low": 11792119.113703925,
    "high": 11803137.330740519,
    "count": 9,
    "base": 32639.5
  },
  "Compiler.make hook": {
    "min": 18422.469269,
    "max": 20494.232998,
    "mean": 19690.960406999995,
    "median": 19887.263753,
    "variance": 508778.67470087786,
    "stdDev": 713.2872315560386,
    "confidence": 1096.560237312151,
    "low": 19142.68028834392,
    "high": 20239.24052565607,
    "count": 9,
    "base": 32639.5
  },
  "Compiler.finish make hook": {
    "min": 0.1027,
    "max": 0.241701,
    "mean": 0.13927088888888886,
    "median": 0.1142,
    "variance": 0.0019355078447654318,
    "stdDev": 0.043994406971402986,
    "confidence": 0.06763406831737018,
    "low": 0.10545385473020377,
    "high": 0.17308792304757395,
    "count": 9,
    "base": 32639.5
  },
  "Compiler.finish compilation": {
    "min": 110.751098,
    "max": 136.407593,
    "mean": 125.49156288888886,
    "median": 127.620716,
    "variance": 51.514273873483596,
    "stdDev": 7.177344486192898,
    "confidence": 11.033970923440563,
    "low": 119.97457742716858,
    "high": 131.00854835060915,
    "count": 9,
    "base": 32639.5
  },
  "Compiler.seal compilation": {
    "min": 13495.012046,
    "max": 15430.048719,
    "mean": 14127.196912333333,
    "median": 13922.862609,
    "variance": 381330.96677716926,
    "stdDev": 617.5200132604361,
    "confidence": 949.3341003857095,
    "low": 13652.529862140478,
    "high": 14601.863962526188,
    "count": 9,
    "base": 32639.5
  },
  "Compiler.afterCompile hook": {
    "min": 0.0733,
    "max": 0.0982,
    "mean": 0.07954466666666665,
    "median": 0.0785,
    "variance": 0.000051350005333333304,
    "stdDev": 0.007165891803071918,
    "confidence": 0.011016364331922573,
    "low": 0.07403648450070537,
    "high": 0.08505284883262794,
    "count": 9,
    "base": 32639.5
  },
  "Compiler.emitAssets": {
    "min": 6.842206,
    "max": 8.995201,
    "mean": 7.849686888888889,
    "median": 7.788614,
    "variance": 0.3436752450032098,
    "stdDev": 0.5862382152361016,
    "confidence": 0.9012435495563,
    "low": 7.399065114110739,
    "high": 8.300308663667039,
    "count": 9,
    "base": 32639.5
  },
  "Compiler.emitRecords": {
    "min": 0.087,
    "max": 0.1081,
    "mean": 0.09462266666666667,
    "median": 0.0918,
    "variance": 0.000045790176222222206,
    "stdDev": 0.006766843889304836,
    "confidence": 0.010402894672491309,
    "low": 0.08942121933042102,
    "high": 0.09982411400291233,
    "count": 9,
    "base": 32639.5
  },
  "FlagDependencyExportsPlugin.restore cached provided exports": {
    "min": 3.879005,
    "max": 4.771506,
    "mean": 4.347565,
    "median": 4.440404,
    "variance": 0.10604597399377776,
    "stdDev": 0.32564700826781406,
    "confidence": 0.5006280007103854,
    "low": 4.097250999644808,
    "high": 4.597879000355193,
    "count": 9,
    "base": 32639.5
  },
  "FlagDependencyExportsPlugin.figure out provided exports": {
    "min": 57.247251,
    "max": 73.468967,
    "mean": 66.78524566666667,
    "median": 66.775859,
    "variance": 21.119246572220234,
    "stdDev": 4.595568144660705,
    "confidence": 7.0649200943917165,
    "low": 63.25278561947081,
    "high": 70.31770571386252,
    "count": 9,
    "base": 32639.5
  },
  "FlagDependencyExportsPlugin.store provided exports into cache": {
    "min": 16.842615,
    "max": 21.635415,
    "mean": 18.828309333333333,
    "median": 19.168617,
    "variance": 2.107436535937555,
    "stdDev": 1.4517012557470477,
    "confidence": 2.231748730501792,
    "low": 17.712434968082437,
    "high": 19.94418369858423,
    "count": 9,
    "base": 32639.5
  },
  "InnerGraphPlugin.infer dependency usage": {
    "min": 18.647232,
    "max": 32.424628,
    "mean": 25.581101444444446,
    "median": 26.341977,
    "variance": 24.290179311493134,
    "stdDev": 4.9285068034337876,
    "confidence": 7.57675779247888,
    "low": 21.792722548205006,
    "high": 29.369480340683886,
    "count": 9,
    "base": 32639.5
  },
  "Compilation.finish modules": {
    "min": 79.599871,
    "max": 98.92619,
    "mean": 91.6476808888889,
    "median": 90.524687,
    "variance": 29.070574743493466,
    "stdDev": 5.3917135257257005,
    "confidence": 8.288860926882307,
    "low": 87.50325042544775,
    "high": 95.79211135233005,
    "count": 9,
    "base": 32639.5
  },
  "Compilation.report dependency errors and warnings": {
    "min": 28.297425,
    "max": 40.627628,
    "mean": 33.38362322222222,
    "median": 32.538731,
    "variance": 15.25306715489151,
    "stdDev": 3.905517527152005,
    "confidence": 6.004082278408347,
    "low": 30.381582083018046,
    "high": 36.38566436142639,
    "count": 9,
    "base": 32639.5
  },
  "Compilation.optimize dependencies": {
    "min": 254.532625,
    "max": 296.766291,
    "mean": 270.973944,
    "median": 270.587485,
    "variance": 133.9969211581274,
    "stdDev": 11.575703916312278,
    "confidence": 17.79571548734407,
    "low": 262.076086256328,
    "high": 279.87180174367205,
    "count": 9,
    "base": 32639.5
  },
  "Compilation.create chunks": {
    "min": 53.114848,
    "max": 61.421655,
    "mean": 58.03849100000001,
    "median": 58.218782,
    "variance": 7.170968791821333,
    "stdDev": 2.6778664626566675,
    "confidence": 4.116773375257523,
    "low": 55.980104312371246,
    "high": 60.09687768762877,
    "count": 9,
    "base": 32639.5
  },
  "Compilation.optimize": {
    "min": 60.560153,
    "max": 81.646972,
    "mean": 69.85602933333332,
    "median": 67.359239,
    "variance": 44.036590057694916,
    "stdDev": 6.636007086923199,
    "confidence": 10.201754894963273,
    "low": 64.75515188585169,
    "high": 74.95690678081496,
    "count": 9,
    "base": 32639.5
  },
  "Compilation.module hashing": {
    "min": 89.619455,
    "max": 122.496404,
    "mean": 108.52978733333333,
    "median": 113.752701,
    "variance": 104.96121071322197,
    "stdDev": 10.245057867734177,
    "confidence": 15.750068961996675,
    "low": 100.654752852335,
    "high": 116.40482181433167,
    "count": 9,
    "base": 32639.5
  },
  "Compilation.code generation": {
    "min": 195.138987,
    "max": 247.55602,
    "mean": 214.19603822222223,
    "median": 211.077237,
    "variance": 227.22379729327378,
    "stdDev": 15.073944317705097,
    "confidence": 23.173677064418655,
    "low": 202.6091996900129,
    "high": 225.78287675443156,
    "count": 9,
    "base": 32639.5
  },