{
  "stats": {
    "min": 12026,
    "max": 12632,
    "mean": 12229.272727272728,
    "median": 12192,
    "variance": 29364.380165289258,
    "stdDev": 171.36038096739065,
    "confidence": 151.98208886522843,
    "low": 12153.281682840114,
    "high": 12305.263771705342,
    "count": 22,
    "base": 13717
  },
  "heap memory": {
    "min": 468509080,
    "max": 504828832,
    "mean": 486872722.54545456,
    "median": 487171316,
    "variance": 91788074679804.42,
    "stdDev": 9580609.306291768,
    "confidence": 8497185.911654472,
    "low": 482624129.5896273,
    "high": 491121315.5012818,
    "count": 22,
    "base": 13717
  },
  "rss memory": {
    "min": 588820480,
    "max": 623616000,
    "mean": 607695592.7272727,
    "median": 608471040,
    "variance": 76646541444019.83,
    "stdDev": 8754801.05108162,
    "confidence": 7764764.199468374,
    "low": 603813210.6275386,
    "high": 611577974.8270069,
    "count": 22,
    "base": 13717
  },
  "external memory": {
    "min": 32932060,
    "max": 32973020,
    "mean": 32951795.272727273,
    "median": 32948444,
    "variance": 113835490.38016525,
    "stdDev": 10669.371601934448,
    "confidence": 9462.82550136,
    "low": 32947063.859976593,
    "high": 32956526.685477953,
    "count": 22,
    "base": 13717
  },
  "array buffers memory": {
    "min": 31674031,
    "max": 31714991,
    "mean": 31693766.272727273,
    "median": 31690415,
    "variance": 113835490.38016525,
    "stdDev": 10669.371601934448,
    "confidence": 9462.82550136,
    "low": 31689034.859976593,
    "high": 31698497.685477953,
    "count": 22,
    "base": 13717
  },
  "Compiler.make hook": {
    "min": 9386.437354,
    "max": 9968.78035,
    "mean": 9597.929400363635,
    "median": 9569.442629000001,
    "variance": 24095.799728015318,
    "stdDev": 155.22821820795122,
    "confidence": 137.67423205344676,
    "low": 9529.092284336912,
    "high": 9666.766516390358,
    "count": 22,
    "base": 13717
  },
  "Compiler.finish make hook": {
    "min": 0.1084,
    "max": 0.1815,
    "mean": 0.1293185,
    "median": 0.12685049999999998,
    "variance": 0.00025214494124999997,
    "stdDev": 0.01587907243040348,
    "confidence": 0.014083387207654521,
    "low": 0.12227680639617274,
    "high": 0.13636019360382726,
    "count": 22,
    "base": 13717
  },
  "Compiler.finish compilation": {
    "min": 380.177304,
    "max": 435.524547,
    "mean": 409.2225955454545,
    "median": 403.8500235,
    "variance": 185.72312905302562,
    "stdDev": 13.628027335349222,
    "confidence": 12.08690159210687,
    "low": 403.1791447494011,
    "high": 415.26604634150794,
    "count": 22,
    "base": 13717
  },
  "Compiler.seal compilation": {
    "min": 2038.999337,
    "max": 2201.15725,
    "mean": 2116.9105280454546,
    "median": 2114.9482905,
    "variance": 1428.7746117962051,
    "stdDev": 37.79913506677375,
    "confidence": 33.524619123251796,
    "low": 2100.1482184838287,
    "high": 2133.6728376070805,
    "count": 22,
    "base": 13717
  },
  "Compiler.afterCompile hook": {
    "min": 0.076,
    "max": 0.342297,
    "mean": 0.13851363636363637,
    "median": 0.107149,
    "variance": 0.0044244993157768605,
    "stdDev": 0.0665169099987128,
    "confidence": 0.0589948439037869,
    "low": 0.10901621441174292,
    "high": 0.16801105831552982,
    "count": 22,
    "base": 13717
  },
  "Compiler.emitAssets": {
    "min": 78.190524,
    "max": 97.099765,
    "mean": 86.95502145454545,
    "median": 86.5708695,
    "variance": 30.86209134534671,
    "stdDev": 5.5553659956250145,
    "confidence": 4.927137321120995,
    "low": 84.49145279398495,
    "high": 89.41859011510594,
    "count": 22,
    "base": 13717
  },
  "Compiler.emitRecords": {
    "min": 0.0797,
    "max": 0.1514,
    "mean": 0.1034730909090909,
    "median": 0.0943505,
    "variance": 0.00039562573199173565,
    "stdDev": 0.01989034268160646,
    "confidence": 0.017641042882432623,
    "low": 0.09465256946787459,
    "high": 0.11229361235030721,
    "count": 22,
    "base": 13717
  },
  "FlagDependencyExportsPlugin.restore cached provided exports": {
    "min": 16.88083,
    "max": 24.267827,
    "mean": 19.24459740909091,
    "median": 18.7590105,
    "variance": 3.1295067238093335,
    "stdDev": 1.7690411877085659,
    "confidence": 1.5689891296853133,
    "low": 18.460102844248254,
    "high": 20.029091973933568,
    "count": 22,
    "base": 13717
  },
  "FlagDependencyExportsPlugin.figure out provided exports": {
    "min": 275.525985,
    "max": 315.792809,
    "mean": 291.23522649999995,
    "median": 289.13667499999997,
    "variance": 106.88014637740935,
    "stdDev": 10.338285466043649,
    "confidence": 9.16918024775714,
    "low": 286.6506363761214,
    "high": 295.8198166238785,
    "count": 22,
    "base": 13717
  },
  "FlagDependencyExportsPlugin.store provided exports into cache": {
    "min": 15.162429,
    "max": 26.667619,
    "mean": 19.388361681818182,
    "median": 17.9956295,
    "variance": 10.308035725963764,
    "stdDev": 3.2106129828996464,
    "confidence": 2.8475407496424836,
    "low": 17.96459130699694,
    "high": 20.812132056639424,
    "count": 22,
    "base": 13717
  },
  "InnerGraphPlugin.infer dependency usage": {
    "min": 44.367668,
    "max": 68.785354,
    "mean": 49.21172286363637,
    "median": 47.4022,
    "variance": 27.67785148692529,
    "stdDev": 5.260974385693708,
    "confidence": 4.666036992275011,
    "low": 46.87870436749886,
    "high": 51.54474135977387,
    "count": 22,
    "base": 13717
  },
  "Compilation.finish modules": {
    "min": 315.282872,
    "max": 359.820835,
    "mean": 333.8273215,
    "median": 331.182991,
    "variance": 130.03581700810014,
    "stdDev": 11.403324822528742,
    "confidence": 10.113779607355127,
    "low": 328.7704316963224,
    "high": 338.88421130367755,
    "count": 22,
    "base": 13717
  },
  "Compilation.report dependency errors and warnings": {
    "min": 64.264626,
    "max": 86.697512,
    "mean": 74.87664072727273,
    "median": 73.7015965,
    "variance": 31.67590194885719,
    "stdDev": 5.628134855247979,
    "confidence": 4.991677112800971,
    "low": 72.38080217087224,
    "high": 77.37247928367321,
    "count": 22,
    "base": 13717
  },
  "Compilation.optimize dependencies": {
    "min": 349.104186,
    "max": 424.404157,
    "mean": 382.5026613636364,
    "median": 380.8700305,
    "variance": 498.55395392634387,
    "stdDev": 22.328321789295853,
    "confidence": 19.803323074065247,
    "low": 372.60099982660375,
    "high": 392.404322900669,
    "count": 22,
    "base": 13717
  },
  "Compilation.create chunks": {
    "min": 190.618183,
    "max": 216.41855,
    "mean": 203.68338640909096,
    "median": 203.468159,
    "variance": 44.70750516000634,
    "stdDev": 6.686367112267045,
    "confidence": 5.930239153911998,
    "low": 200.71826683213496,
    "high": 206.64850598604696,
    "count": 22,
    "base": 13717
  },
  "Compilation.optimize": {
    "min": 220.647964,
    "max": 266.95603,
    "mean": 235.5022738636364,
    "median": 230.746715,
    "variance": 182.23308531881375,
    "stdDev": 13.499373515790047,
    "confidence": 11.97279659230054,
    "low": 229.51587556748612,
    "high": 241.48867215978666,
    "count": 22,
    "base": 13717
  },
  "Compilation.module hashing": {
    "min": 290.228061,
    "max": 335.424035,
    "mean": 304.8231910909091,
    "median": 304.9057545,
    "variance": 143.64216514037025,
    "stdDev": 11.985080940084229,
    "confidence": 10.629747822744662,
    "low": 299.5083171795368,
    "high": 310.13806500228145,
    "count": 22,
    "base": 13717
  },
  "Compilation.code generation": {
    "min": 653.342486,
    "max": 720.841076,
    "mean": 682.3206220909091,
    "median": 675.906334,
    "variance": 362.70637995508815,
    "stdDev": 19.044851796616538,
    "confidence": 16.891164351048246,
    "low": 673.875039915385,
    "high": 690.7662042664332,
    "count": 22,
    "base": 13717
  },