{
  "stats": {
    "min": 7783,
    "max": 10396,
    "mean": 8690,
    "median": 8061.5,
    "variance": 633219.7857142857,
    "stdDev": 795.7510827603602,
    "confidence": 617.1710904934698,
    "low": 8381.414454753265,
    "high": 8998.585545246735,
    "count": 28,
    "base": 8337.5
  },
  "heap memory": {
    "min": 201917984,
    "max": 283590120,
    "mean": 253159148.85714287,
    "median": 274918716,
    "variance": 951332524174900.1,
    "stdDev": 30843678.836593084,
    "confidence": 23921836.00476873,
    "low": 241198230.8547585,
    "high": 265120066.85952723,
    "count": 28,
    "base": 8337.5
  },
  "rss memory": {
    "min": 457146368,
    "max": 627433472,
    "mean": 521386422.85714287,
    "median": 468207616,
    "variance": 5072570467440849,
    "stdDev": 71221980.2268994,
    "confidence": 55238564.11387026,
    "low": 493767140.80020773,
    "high": 549005704.914078,
    "count": 28,
    "base": 8337.5
  },
  "external memory": {
    "min": 102622864,
    "max": 102639248,
    "mean": 102629885.71428572,
    "median": 102631056,
    "variance": 27391373.06122451,
    "stdDev": 5233.67682047951,
    "confidence": 4059.1512855887413,
    "low": 102627856.13864292,
    "high": 102631915.28992851,
    "count": 28,
    "base": 8337.5
  },
  "array buffers memory": {
    "min": 101364835,
    "max": 101381219,
    "mean": 101371856.71428572,
    "median": 101373027,
    "variance": 27391373.06122451,
    "stdDev": 5233.67682047951,
    "confidence": 4059.1512855887413,
    "low": 101369827.13864292,
    "high": 101373886.28992851,
    "count": 28,
    "base": 8337.5
  },
  "Compiler.make hook": {
    "min": 6207.976423,
    "max": 8430.548182,
    "mean": 6955.845665321428,
    "median": 6805.4488415,
    "variance": 429087.6720365688,
    "stdDev": 655.0478395022526,
    "confidence": 508.0440331021746,
    "low": 6701.823648770341,
    "high": 7209.867681872515,
    "count": 28,
    "base": 8337.5
  },
  "Compiler.finish make hook": {
    "min": 0.113801,
    "max": 0.197101,
    "mean": 0.14006517857142856,
    "median": 0.1318005,
    "variance": 0.0005412785956466837,
    "stdDev": 0.023265394809602602,
    "confidence": 0.018044246996931412,
    "low": 0.13104305507296285,
    "high": 0.14908730206989426,
    "count": 28,
    "base": 8337.5
  },
  "Compiler.finish compilation": {
    "min": 39.187834,
    "max": 55.782339,
    "mean": 45.69942910714285,
    "median": 44.4237775,
    "variance": 15.394115928770807,
    "stdDev": 3.923533602350158,
    "confidence": 3.0430263488305513,
    "low": 44.17791593272757,
    "high": 47.22094228155812,
    "count": 28,
    "base": 8337.5
  },
  "Compiler.seal compilation": {
    "min": 1275.725408,
    "max": 1809.056829,
    "mean": 1416.3114084642857,
    "median": 1359.7733785,
    "variance": 21946.973754108098,
    "stdDev": 148.145110463046,
    "confidence": 114.89884381758111,
    "low": 1358.8619865554952,
    "high": 1473.7608303730763,
    "count": 28,
    "base": 8337.5
  },
  "Compiler.afterCompile hook": {
    "min": 0.080201,
    "max": 0.143701,
    "mean": 0.10032217857142856,
    "median": 0.097801,
    "variance": 0.0003312051017181122,
    "stdDev": 0.01819904123073829,
    "confidence": 0.01411486878955695,
    "low": 0.09326474417665008,
    "high": 0.10737961296620703,
    "count": 28,
    "base": 8337.5
  },
  "Compiler.emitAssets": {
    "min": 192.005042,
    "max": 403.104814,
    "mean": 253.1363538571429,
    "median": 234.15209,
    "variance": 3056.688585683084,
    "stdDev": 55.28732753247424,
    "confidence": 42.879916801775124,
    "low": 231.69639545625532,
    "high": 274.57631225803044,
    "count": 28,
    "base": 8337.5
  },
  "Compiler.emitRecords": {
    "min": 0.090801,
    "max": 0.255602,
    "mean": 0.11597575,
    "median": 0.10720099999999999,
    "variance": 0.0009738983127589287,
    "stdDev": 0.03120734389144531,
    "confidence": 0.024203888474868998,
    "low": 0.10387380576256551,
    "high": 0.1280776942374345,
    "count": 28,
    "base": 8337.5
  },
  "Compilation.finish modules": {
    "min": 1.67321,
    "max": 3.680822,
    "mean": 2.1435238928571434,
    "median": 2.0370125,
    "variance": 0.1931315369958814,
    "stdDev": 0.43946733325229237,
    "confidence": 0.3408434360638548,
    "low": 1.973102174825216,
    "high": 2.313945610889071,
    "count": 28,
    "base": 8337.5
  },
  "Compilation.report dependency errors and warnings": {
    "min": 36.410318,
    "max": 51.706814,
    "mean": 42.981151499999996,
    "median": 41.7986605,
    "variance": 13.818288706675677,
    "stdDev": 3.7172958863501404,
    "confidence": 2.8830718620039875,
    "low": 41.539615568998,
    "high": 44.42268743100199,
    "count": 28,
    "base": 8337.5
  },
  "Compilation.optimize dependencies": {
    "min": 0.098501,
    "max": 0.302101,
    "mean": 0.1581972857142857,
    "median": 0.1342505,
    "variance": 0.00295408097227551,
    "stdDev": 0.05435145786706655,
    "confidence": 0.04215407210677852,
    "low": 0.13712024966089645,
    "high": 0.17927432176767497,
    "count": 28,
    "base": 8337.5
  },
  "Compilation.create chunks": {
    "min": 110.831991,
    "max": 171.378209,
    "mean": 134.5045365,
    "median": 133.927485,
    "variance": 257.2146332457924,
    "stdDev": 16.03791237180801,
    "confidence": 12.438733772641626,
    "low": 128.2851696136792,
    "high": 140.7239033863208,
    "count": 28,
    "base": 8337.5
  },
  "Compilation.optimize": {
    "min": 70.944737,
    "max": 108.698603,
    "mean": 82.77240085714286,
    "median": 79.1569925,
    "variance": 88.61328387309952,
    "stdDev": 9.413462905493361,
    "confidence": 7.30092272893927,
    "low": 79.12193949267322,
    "high": 86.42286222161249,
    "count": 28,
    "base": 8337.5
  },
  "Compilation.module hashing": {
    "min": 149.637728,
    "max": 197.480428,
    "mean": 168.4109444642857,
    "median": 164.45342349999999,
    "variance": 214.92877038643093,
    "stdDev": 14.660449187744247,
    "confidence": 11.37039660811746,
    "low": 162.72574616022698,
    "high": 174.09614276834444,
    "count": 28,
    "base": 8337.5
  },
  "Compilation.code generation": {
    "min": 499.727164,
    "max": 633.231866,
    "mean": 543.3225274642857,
    "median": 532.8485335,
    "variance": 1278.8258532235318,
    "stdDev": 35.76067467517261,
    "confidence": 27.735374873130922,
    "low": 529.4548400277203,
    "high": 557.1902149008512,
    "count": 28,
    "base": 8337.5
  },
  "Compilation.runtime requirements": {
    "min": 21.968537,
    "max": 55.547345,
    "mean": 33.417531607142855,
    "median": 32.7202025,
    "variance": 50.39132978840144,
    "stdDev": 7.098685074603708,
    "confidence": 5.505620166252726,
    "low": 30.664721524016493,
    "high": 36.17034169026922,
    "count": 28,
    "base": 8337.5
  },
  "Compilation.hashing: initialize hash": {
    "min": 0.0055,
    "max": 0.0162,
    "mean": 0.007071428571428571,
    "median": 0.00655,
    "variance": 0.000003935612244897958,
    "stdDev": 0.001983837756697346,
    "confidence": 0.0015386310344886276,
    "low": 0.006302113054184258,
    "high": 0.007840744088672885,
    "count": 28,
    "base": 8337.5
  },
  "Compilation.hashing: sort chunks": {
    "min": 0.0946,
    "max": 0.208701,
    "mean": 0.12211850000000002,
    "median": 0.11825,
    "variance": 0.0005724546083928572,
    "stdDev": 0.023926023664471645,
    "confidence": 0.018556619571225175,
    "low": 0.11284019021438743,
    "high": 0.1313968097856126,
    "count": 28,
    "base": 8337.5
  },
  "Compilation.hashing: hash runtime modules": {
    "min": 2.733318,
    "max": 12.364276,
    "mean": 3.7610838214285716,
    "median": 3.1822679999999997,
    "variance": 3.1630505936017186,
    "stdDev": 1.778496722966258,
    "confidence": 1.3793719992746762,
    "low": 3.0713978217912334,
    "high": 4.45076982106591,
    "count": 28,
    "base": 8337.5
  },
  "Compilation.hashing: hash chunks": {
    "min": 17.509293,