{
  "cache.PackFileCacheStrategy.restore cache container": {
    "min": 25.576118,
    "max": 30.620229,
    "mean": 28.636123733333328,
    "median": 29.044002499999998,
    "variance": 2.4112397925296625,
    "stdDev": 1.5528167285709098,
    "confidence": 1.1595323823768453,
    "low": 28.056357542144905,
    "high": 29.21588992452175,
    "count": 30,
    "base": 2324
  },
  "cache.PackFileCacheStrategy.check build dependencies": {
    "min": 14.006718,
    "max": 18.435204,
    "mean": 15.541523933333332,
    "median": 15.647548,
    "variance": 0.7537595563847952,
    "stdDev": 0.8681932713312142,
    "confidence": 0.6483045898125468,
    "low": 15.217371638427059,
    "high": 15.865676228239606,
    "count": 30,
    "base": 2324
  },
  "cache.PackFileCacheStrategy.restore cache content metadata": {
    "min": 78.740738,
    "max": 90.620388,
    "mean": 84.46067363333331,
    "median": 84.374843,
    "variance": 11.728342674159501,
    "stdDev": 3.424666797538047,
    "confidence": 2.5572960269759335,
    "low": 83.18202561984535,
    "high": 85.73932164682128,
    "count": 30,
    "base": 2324
  },
  "cache.PackFileCacheStrategy.restore cache content": {
    "min": 589.590767,
    "max": 654.125039,
    "mean": 616.6506920999998,
    "median": 617.3235795,
    "variance": 352.0185234136648,
    "stdDev": 18.76215668343234,
    "confidence": 14.01023561723855,
    "low": 609.6455742913805,
    "high": 623.6558099086191,
    "count": 30,
    "base": 2324
  },
  "stats": {
    "min": 2142,
    "max": 2367,
    "mean": 2252.5666666666666,
    "median": 2248,
    "variance": 4114.578888888888,
    "stdDev": 64.1449833493539,
    "confidence": 47.8988820715831,
    "low": 2228.617225630875,
    "high": 2276.516107702458,
    "count": 30,
    "base": 2324
  },
  "heap memory": {
    "min": 234631624,
    "max": 255055064,
    "mean": 245768117.33333334,
    "median": 249269336,
    "variance": 46332900967497.95,
    "stdDev": 6806827.525910874,
    "confidence": 5082851.564080954,
    "low": 243226691.55129287,
    "high": 248309543.11537382,
    "count": 30,
    "base": 2324
  },
  "rss memory": {
    "min": 447770624,
    "max": 466685952,
    "mean": 459046365.8666667,
    "median": 462086144,
    "variance": 41491484288541.586,
    "stdDev": 6441388.382060314,
    "confidence": 4809967.769563317,
    "low": 456641381.981885,
    "high": 461451349.75144833,
    "count": 30,
    "base": 2324
  },
  "external memory": {
    "min": 137466640,
    "max": 137466640,
    "mean": 137466640,
    "median": 137466640,
    "variance": 0,
    "stdDev": 0,
    "confidence": 0,
    "low": 137466640,
    "high": 137466640,
    "count": 30,
    "base": 2324
  },
  "array buffers memory": {
    "min": 136240565,
    "max": 136240565,
    "mean": 136240565,
    "median": 136240565,
    "variance": 0,
    "stdDev": 0,
    "confidence": 0,
    "low": 136240565,
    "high": 136240565,
    "count": 30,
    "base": 2324
  },
  "Compiler.make hook": {
    "min": 1462.040374,
    "max": 1616.495363,
    "mean": 1537.0587709333338,
    "median": 1538.2935855,
    "variance": 1796.9570178282106,
    "stdDev": 42.390529813016144,
    "confidence": 31.65421335300789,
    "low": 1521.2316642568298,
    "high": 1552.8858776098377,
    "count": 30,
    "base": 2324
  },
  "Compiler.finish make hook": {
    "min": 0.088307,
    "max": 0.132213,
    "mean": 0.10674169999999998,
    "median": 0.1074605,
    "variance": 0.00006186088627666666,
    "stdDev": 0.007865169182965275,
    "confidence": 0.005873145357542547,
    "low": 0.10380512732122871,
    "high": 0.10967827267877125,
    "count": 30,
    "base": 2324
  },
  "Compiler.finish compilation": {
    "min": 174.273469,
    "max": 209.241981,
    "mean": 192.60925963333327,
    "median": 192.96899,
    "variance": 105.13743902288503,
    "stdDev": 10.253654910464123,
    "confidence": 7.656695531186472,
    "low": 188.78091186774003,
    "high": 196.4376073989265,
    "count": 30,
    "base": 2324
  },
  "Compiler.seal compilation": {
    "min": 459.944228,
    "max": 525.579133,
    "mean": 490.5834604333333,
    "median": 486.0280785,
    "variance": 371.10610733055483,
    "stdDev": 19.264114496403796,
    "confidence": 14.385061781858099,
    "low": 483.39092954240425,
    "high": 497.77599132426235,
    "count": 30,
    "base": 2324
  },
  "Compiler.afterCompile hook": {
    "min": 0.045904,
    "max": 0.088409,
    "mean": 0.06230486666666667,
    "median": 0.063105,
    "variance": 0.00007077046351555556,
    "stdDev": 0.00841251826242033,
    "confidence": 0.006281866470868258,
    "low": 0.05916393343123254,
    "high": 0.0654457999021008,
    "count": 30,
    "base": 2324
  },
  "Compiler.emitAssets": {
    "min": 13.855587,
    "max": 21.591098,
    "mean": 18.668448199999997,
    "median": 19.910668,
    "variance": 6.612738645326496,
    "stdDev": 2.571524576068931,
    "confidence": 1.9202304838472415,
    "low": 17.708332958076376,
    "high": 19.628563441923617,
    "count": 30,
    "base": 2324
  },
  "Compiler.emitRecords": {
    "min": 0.071205,
    "max": 0.126306,
    "mean": 0.09019023333333331,
    "median": 0.0881055,
    "variance": 0.0001263205327122222,
    "stdDev": 0.011239240753370407,
    "confidence": 0.008392660490498666,
    "low": 0.08599390308808398,
    "high": 0.09438656357858265,
    "count": 30,
    "base": 2324
  },
  "FlagDependencyExportsPlugin.restore cached provided exports": {
    "min": 29.733959,
    "max": 42.547862,
    "mean": 36.80558073333332,
    "median": 38.501114,
    "variance": 20.23852250922686,
    "stdDev": 4.498724542492779,
    "confidence": 3.3593254699249684,
    "low": 35.12591799837084,
    "high": 38.485243468295806,
    "count": 30,
    "base": 2324
  },
  "FlagDependencyExportsPlugin.figure out provided exports": {
    "min": 83.749516,
    "max": 130.260481,
    "mean": 104.10866003333332,
    "median": 120.34742700000001,
    "variance": 109.91653990624475,
    "stdDev": 10.484108922852945,
    "confidence": 7.828782091755301,
    "low": 100.19426898745567,
    "high": 108.02305107921097,
    "count": 30,
    "base": 2324
  },
  "FlagDependencyExportsPlugin.store provided exports into cache": {
    "min": 0.047402,
    "max": 0.100914,
    "mean": 0.0648484,
    "median": 0.0634545,
    "variance": 0.00014856286910666668,
    "stdDev": 0.012188636884683484,
    "confidence": 0.009101601563650273,
    "low": 0.06029759921817487,
    "high": 0.06939920078182514,
    "count": 30,
    "base": 2324
  },
  "Compilation.finish modules": {
    "min": 124.420131,
    "max": 164.799586,
    "mean": 143.39170416666667,
    "median": 143.71544799999998,
    "variance": 129.1357701040606,
    "stdDev": 11.363792065330156,
    "confidence": 8.48566649489544,
    "low": 139.14887091921895,
    "high": 147.6345374141144,
    "count": 30,
    "base": 2324
  },
  "Compilation.report dependency errors and warnings": {
    "min": 39.046004,
    "max": 67.612976,
    "mean": 49.052315666666665,
    "median": 48.853342,
    "variance": 40.4272756227955,
    "stdDev": 6.358244696674979,
    "confidence": 4.747882016737165,
    "low": 46.67837465829808,
    "high": 51.42625667503525,
    "count": 30,
    "base": 2324
  },
  "Compilation.optimize dependencies": {
    "min": 1.18657,
    "max": 1.584659,
    "mean": 1.3747565333333334,
    "median": 1.3780715,
    "variance": 0.008133152834648888,
    "stdDev": 0.09018399433740384,
    "confidence": 0.0673429516067543,
    "low": 1.3410850575299562,
    "high": 1.4084280091367105,
    "count": 30,
    "base": 2324
  },
  "Compilation.create chunks": {
    "min": 90.153993,
    "max": 117.006423,
    "mean": 104.55481666666668,
    "median": 109.88746900000001,
    "variance": 44.46966872177589,
    "stdDev": 6.668558219118724,
    "confidence": 4.979601943076517,
    "low": 102.06501569512842,
    "high": 107.04461763820494,
    "count": 30,
    "base": 2324
  },
  "Compilation.optimize": {
    "min": 83.250243,