{
  "cache.PackFileCacheStrategy.restore cache container": {
    "min": 17.153419,
    "max": 24.335528,
    "mean": 19.523883,
    "median": 18.957445,
    "variance": 2.7640090494140006,
    "stdDev": 1.6625309168295188,
    "confidence": 1.8415410022826038,
    "low": 18.6031124988587,
    "high": 20.444653501141303,
    "count": 15,
    "base": 13291
  },
  "stats": {
    "min": 12991,
    "max": 13629,
    "mean": 13304.133333333333,
    "median": 13381,
    "variance": 39083.84888888889,
    "stdDev": 197.69635527467088,
    "confidence": 218.98296179322642,
    "low": 13194.64185243672,
    "high": 13413.624814229946,
    "count": 15,
    "base": 13291
  },
  "heap memory": {
    "min": 489401848,
    "max": 603171632,
    "mean": 567117917.3333334,
    "median": 578970320,
    "variance": 1163066659631092.8,
    "stdDev": 34103763.13005784,
    "confidence": 37775825.70067501,
    "low": 548230004.4829959,
    "high": 586005830.1836709,
    "count": 15,
    "base": 13291
  },
  "rss memory": {
    "min": 709586944,
    "max": 798277632,
    "mean": 762963012.2666667,
    "median": 774266880,
    "variance": 921105644296310.4,
    "stdDev": 30349722.310036223,
    "confidence": 33617575.15367389,
    "low": 746154224.6898297,
    "high": 779771799.8435036,
    "count": 15,
    "base": 13291
  },
  "external memory": {
    "min": 99547590,
    "max": 99572166,
    "mean": 99557966.53333333,
    "median": 99555782,
    "variance": 39967056.782222226,
    "stdDev": 6321.950393843836,
    "confidence": 7002.655256986618,
    "low": 99554465.20570484,
    "high": 99561467.86096182,
    "count": 15,
    "base": 13291
  },
  "array buffers memory": {
    "min": 98274517,
    "max": 98299093,
    "mean": 98284893.53333333,
    "median": 98282709,
    "variance": 39967056.782222226,
    "stdDev": 6321.950393843836,
    "confidence": 7002.655256986618,
    "low": 98281392.20570484,
    "high": 98288394.86096182,
    "count": 15,
    "base": 13291
  },
  "Compiler.make hook": {
    "min": 8165.825167,
    "max": 8594.588727,
    "mean": 8366.405883266667,
    "median": 8338.965932,
    "variance": 20913.26415150711,
    "stdDev": 144.61419069893213,
    "confidence": 160.18526872983784,
    "low": 8286.313248901748,
    "high": 8446.498517631586,
    "count": 15,
    "base": 13291
  },
  "Compiler.finish make hook": {
    "min": 0.090107,
    "max": 0.122409,
    "mean": 0.10154073333333334,
    "median": 0.097207,
    "variance": 0.00008218823619555554,
    "stdDev": 0.009065772785347951,
    "confidence": 0.010041913887191778,
    "low": 0.09651977638973745,
    "high": 0.10656169027692923,
    "count": 15,
    "base": 13291
  },
  "Compiler.finish compilation": {
    "min": 402.084929,
    "max": 463.923555,
    "mean": 437.36577253333326,
    "median": 437.638001,
    "variance": 351.1661684152204,
    "stdDev": 18.739428177380983,
    "confidence": 20.757163069055764,
    "low": 426.9871909988054,
    "high": 447.74435406786114,
    "count": 15,
    "base": 13291
  },
  "Compiler.seal compilation": {
    "min": 3993.900016,
    "max": 4425.708039,
    "mean": 4190.849069399999,
    "median": 4213.572115,
    "variance": 14240.162743907926,
    "stdDev": 119.33215301798559,
    "confidence": 132.18103221344063,
    "low": 4124.758553293279,
    "high": 4256.93958550672,
    "count": 15,
    "base": 13291
  },
  "Compiler.afterCompile hook": {
    "min": 0.064605,
    "max": 0.097107,
    "mean": 0.07331206666666668,
    "median": 0.072105,
    "variance": 0.000058083737262222226,
    "stdDev": 0.007621268743603143,
    "confidence": 0.008441875419390593,
    "low": 0.06909112895697138,
    "high": 0.07753300437636197,
    "count": 15,
    "base": 13291
  },
  "Compiler.emitAssets": {
    "min": 270.035984,
    "max": 323.668192,
    "mean": 293.4883928,
    "median": 288.579518,
    "variance": 265.3142306170613,
    "stdDev": 16.288469253341805,
    "confidence": 18.042301463873628,
    "low": 284.4672420680632,
    "high": 302.5095435319368,
    "count": 15,
    "base": 13291
  },
  "Compiler.emitRecords": {
    "min": 0.088807,
    "max": 0.105907,
    "mean": 0.09925366666666667,
    "median": 0.100607,
    "variance": 0.000020609502355555563,
    "stdDev": 0.004539768976011396,
    "confidence": 0.005028580596960264,
    "low": 0.09673937636818654,
    "high": 0.1017679569651468,
    "count": 15,
    "base": 13291
  },
  "FlagDependencyExportsPlugin.restore cached provided exports": {
    "min": 52.274227,
    "max": 78.895504,
    "mean": 62.90236499999999,
    "median": 63.276977,
    "variance": 39.06205593729146,
    "stdDev": 6.249964474882354,
    "confidence": 6.922918381123701,
    "low": 59.44090580943814,
    "high": 66.36382419056184,
    "count": 15,
    "base": 13291
  },
  "FlagDependencyExportsPlugin.figure out provided exports": {
    "min": 240.444031,
    "max": 274.195777,
    "mean": 255.43965993333333,
    "median": 254.535829,
    "variance": 124.2635950466537,
    "stdDev": 11.147358209309221,
    "confidence": 12.34763035187487,
    "low": 249.2658447573959,
    "high": 261.6134751092708,
    "count": 15,
    "base": 13291
  },
  "FlagDependencyExportsPlugin.store provided exports into cache": {
    "min": 26.057756,
    "max": 39.542812,
    "mean": 30.45327893333333,
    "median": 28.70854,
    "variance": 16.86280433927046,
    "stdDev": 4.106434504441835,
    "confidence": 4.5485876001264955,
    "low": 28.178985133270082,
    "high": 32.72757273339658,
    "count": 15,
    "base": 13291
  },
  "Compilation.finish modules": {
    "min": 324.009169,
    "max": 377.924571,
    "mean": 351.4120900666666,
    "median": 354.065955,
    "variance": 249.24632609499852,
    "stdDev": 15.787537049679361,
    "confidence": 17.48743226831766,
    "low": 342.6683739325078,
    "high": 360.15580620082545,
    "count": 15,
    "base": 13291
  },
  "Compilation.report dependency errors and warnings": {
    "min": 77.590124,
    "max": 95.427679,
    "mean": 85.48916953333332,
    "median": 85.769516,
    "variance": 29.687851656925705,
    "stdDev": 5.448655949582952,
    "confidence": 6.035330373057349,
    "low": 82.47150434680465,
    "high": 88.506834719862,
    "count": 15,
    "base": 13291
  },
  "Compilation.optimize dependencies": {
    "min": 99.473768,
    "max": 157.799591,
    "mean": 138.47697686666663,
    "median": 144.421561,
    "variance": 201.36294703024967,
    "stdDev": 14.190241260466633,
    "confidence": 15.718150471009437,
    "low": 130.6179016311619,
    "high": 146.33605210217135,
    "count": 15,
    "base": 13291
  },
  "Compilation.create chunks": {
    "min": 198.22063,
    "max": 222.242391,
    "mean": 207.16728113333332,
    "median": 204.793602,
    "variance": 46.29847583268932,
    "stdDev": 6.804298335073891,
    "confidence": 7.536939162429235,
    "low": 203.3988115521187,
    "high": 210.93575071454794,
    "count": 15,
    "base": 13291
  },
  "Compilation.optimize": {
    "min": 167.659945,
    "max": 201.053091,
    "mean": 180.63021333333333,
    "median": 177.059477,
    "variance": 97.61872365958598,
    "stdDev": 9.880218806260617,
    "confidence": 10.944053947550344,
    "low": 175.15818635955816,
    "high": 186.1022403071085,
    "count": 15,
    "base": 13291
  },
  "Compilation.module hashing": {
    "min": 324.717168,
    "max": 376.123018,
    "mean": 347.74082353333336,
    "median": 347.263979,
    "variance": 238.25851331006191,
    "stdDev": 15.43562481113291,
    "confidence": 17.09762849990159,
    "low": 339.19200928338256,
    "high": 356.28963778328415,
    "count": 15,
    "base": 13291
  },
  "Compilation.code generation": {
    "min": 2608.159204,
    "max": 2898.939704,
    "mean": 2760.1472071333333,
    "median": 2748.587284,
    "variance": 6444.453916973619,
    "stdDev": 80.27735619073177,
    "confidence": 88.9210789908202,
    "low": 2715.686667637923,
    "high": 2804.6077466287434,
    "count": 15,
    "base": 13291
  },