{
  "stats": {
    "min": 8397,
    "max": 10152,
    "mean": 9010.76923076923,
    "median": 8673,
    "variance": 309079.56213017757,
    "stdDev": 555.9492442032614,
    "confidence": 449.20614247728736,
    "low": 8786.166159530587,
    "high": 9235.372302007874,
    "count": 26,
    "base": 9081.5
  },
  "heap memory": {
    "min": 215191592,
    "max": 331986456,
    "mean": 279253523.0769231,
    "median": 310946868,
    "variance": 1870107907992621,
    "stdDev": 43244744.281734645,
    "confidence": 34941687.507920265,
    "low": 261782679.32296294,
    "high": 296724366.8308832,
    "count": 26,
    "base": 9081.5
  },
  "rss memory": {
    "min": 495243264,
    "max": 674181120,
    "mean": 546116056.6153846,
    "median": 511635456,
    "variance": 3952809079107608.5,
    "stdDev": 62871369.31153646,
    "confidence": 50799970.6361227,
    "low": 520716071.2973232,
    "high": 571516041.9334459,
    "count": 26,
    "base": 9081.5
  },
  "external memory": {
    "min": 103369187,
    "max": 103393763,
    "mean": 103380214.6923077,
    "median": 103377379,
    "variance": 30675501.44378697,
    "stdDev": 5538.546871137498,
    "confidence": 4475.1374354064465,
    "low": 103377977.12358999,
    "high": 103382452.2610254,
    "count": 26,
    "base": 9081.5
  },
  "array buffers memory": {
    "min": 80523453,
    "max": 80548029,
    "mean": 80534480.6923077,
    "median": 80531645,
    "variance": 30675501.44378697,
    "stdDev": 5538.546871137498,
    "confidence": 4475.1374354064465,
    "low": 80532243.12358999,
    "high": 80536718.2610254,
    "count": 26,
    "base": 9081.5
  },
  "Compiler.make hook": {
    "min": 6201.406356,
    "max": 7883.163896,
    "mean": 6752.335963076925,
    "median": 6505.980179,
    "variance": 243077.23189683037,
    "stdDev": 493.028631923979,
    "confidence": 398.3663835982352,
    "low": 6553.152771277807,
    "high": 6951.519154876042,
    "count": 26,
    "base": 9081.5
  },
  "Compiler.finish make hook": {
    "min": 0.119899,
    "max": 0.178999,
    "mean": 0.1340219230769231,
    "median": 0.128349,
    "variance": 0.00018748349776331365,
    "stdDev": 0.013692461347884596,
    "confidence": 0.011063487912313541,
    "low": 0.12849017912076632,
    "high": 0.13955366703307986,
    "count": 26,
    "base": 9081.5
  },
  "Compiler.finish compilation": {
    "min": 233.371951,
    "max": 267.392815,
    "mean": 251.64580669230767,
    "median": 251.73377299999999,
    "variance": 69.87632815818273,
    "stdDev": 8.359206191869102,
    "confidence": 6.7542258700308935,
    "low": 248.26869375729223,
    "high": 255.02291962732312,
    "count": 26,
    "base": 9081.5
  },
  "Compiler.seal compilation": {
    "min": 1565.999686,
    "max": 1984.6216530000002,
    "mean": 1678.9490173846154,
    "median": 1634.5588885,
    "variance": 12660.048864244602,
    "stdDev": 112.51688257432572,
    "confidence": 90.9134697308873,
    "low": 1633.4922825191718,
    "high": 1724.405752250059,
    "count": 26,
    "base": 9081.5
  },
  "Compiler.afterCompile hook": {
    "min": 0.084899,
    "max": 0.213198,
    "mean": 0.10433357692307695,
    "median": 0.09489900000000001,
    "variance": 0.0006813430971671597,
    "stdDev": 0.026102549629627363,
    "confidence": 0.021090820340534444,
    "low": 0.09378816675280972,
    "high": 0.11487898709334417,
    "count": 26,
    "base": 9081.5
  },
  "Compiler.emitAssets": {
    "min": 194.038419,
    "max": 437.342531,
    "mean": 309.06867165384614,
    "median": 289.496177,
    "variance": 5265.475083024967,
    "stdDev": 72.56359337177953,
    "confidence": 58.63127291330602,
    "low": 279.7530351971931,
    "high": 338.38430811049915,
    "count": 26,
    "base": 9081.5
  },
  "Compiler.emitRecords": {
    "min": 0.101299,
    "max": 0.133399,
    "mean": 0.1124528846153846,
    "median": 0.1118995,
    "variance": 0.000053341966025147906,
    "stdDev": 0.007303558449492131,
    "confidence": 0.005901264102185333,
    "low": 0.10950225256429193,
    "high": 0.11540351666647726,
    "count": 26,
    "base": 9081.5
  },
  "FlagDependencyExportsPlugin.restore cached provided exports": {
    "min": 12.124414,
    "max": 14.406699,
    "mean": 13.265806615384616,
    "median": 13.106974000000001,
    "variance": 0.4296411429171598,
    "stdDev": 0.6554701693572026,
    "confidence": 0.5296188984083479,
    "low": 13.000997166180442,
    "high": 13.53061606458879,
    "count": 26,
    "base": 9081.5
  },
  "FlagDependencyExportsPlugin.figure out provided exports": {
    "min": 150.296032,
    "max": 184.639614,
    "mean": 171.8108884230769,
    "median": 173.386947,
    "variance": 71.92357513179692,
    "stdDev": 8.480776800022326,
    "confidence": 6.852454736238599,
    "low": 168.3846610549576,
    "high": 175.2371157911962,
    "count": 26,
    "base": 9081.5
  },
  "FlagDependencyExportsPlugin.store provided exports into cache": {
    "min": 12.252314,
    "max": 33.226678,
    "mean": 15.260546461538464,
    "median": 13.180608,
    "variance": 22.646269673933322,
    "stdDev": 4.758809690871586,
    "confidence": 3.845110981459314,
    "low": 13.337990970808807,
    "high": 17.18310195226812,
    "count": 26,
    "base": 9081.5
  },
  "Compilation.finish modules": {
    "min": 182.396235,
    "max": 224.072104,
    "mean": 203.20488669230767,
    "median": 204.1299345,
    "variance": 80.1784563835993,
    "stdDev": 8.954242367928137,
    "confidence": 7.235014193909251,
    "low": 199.58737959535304,
    "high": 206.8223937892623,
    "count": 26,
    "base": 9081.5
  },
  "Compilation.report dependency errors and warnings": {
    "min": 42.363511,
    "max": 58.602494,
    "mean": 47.950754884615385,
    "median": 47.6698365,
    "variance": 16.284034058598095,
    "stdDev": 4.035348071554434,
    "confidence": 3.2605550950499946,
    "low": 46.32047733709039,
    "high": 49.58103243214038,
    "count": 26,
    "base": 9081.5
  },
  "Compilation.optimize dependencies": {
    "min": 1.082592,
    "max": 1.645188,
    "mean": 1.3150812307692306,
    "median": 1.318541,
    "variance": 0.012533108298562133,
    "stdDev": 0.11195136577354531,
    "confidence": 0.09045653301726952,
    "low": 1.2698529642605958,
    "high": 1.3603094972778653,
    "count": 26,
    "base": 9081.5
  },
  "Compilation.create chunks": {
    "min": 114.477187,
    "max": 154.337331,
    "mean": 129.11131546153845,
    "median": 126.64713,
    "variance": 85.80714606174783,
    "stdDev": 9.263214672118304,
    "confidence": 7.484663345058777,
    "low": 125.36898378900906,
    "high": 132.85364713406784,
    "count": 26,
    "base": 9081.5
  },
  "Compilation.optimize": {
    "min": 91.716761,
    "max": 107.553036,
    "mean": 99.87692446153847,
    "median": 106.64776599999999,
    "variance": 19.26044249741232,
    "stdDev": 4.388672065376077,
    "confidence": 3.546040343863922,
    "low": 98.1039042896065,
    "high": 101.64994463347043,
    "count": 26,
    "base": 9081.5
  },
  "Compilation.module hashing": {
    "min": 205.940445,
    "max": 248.231255,
    "mean": 223.84519073076927,
    "median": 222.34328349999998,
    "variance": 80.08490668054705,
    "stdDev": 8.949017079017509,
    "confidence": 7.2307921684287635,
    "low": 220.2297946465549,
    "high": 227.46058681498366,
    "count": 26,
    "base": 9081.5
  },
  "Compilation.code generation": {
    "min": 698.64228,
    "max": 1001.626662,
    "mean": 758.8856202692309,
    "median": 729.1022605,
    "variance": 5462.677520024051,
    "stdDev": 73.90992842659267,
    "confidence": 59.7191095868161,
    "low": 729.0260654758229,
    "high": 788.745175062639,
    "count": 26,
    "base": 9081.5
  },
  "Compilation.runtime requirements": {
    "min": 25.04963,
    "max": 63.964057,
    "mean": 35.2742121923077,
    "median": 36.667292,
    "variance": 73.25375821760099,
    "stdDev": 8.558840938912288,
    "confidence": 6.915530441552008,
    "low": 31.816446971531697,
    "high": 38.731977413083705,