{
  "stats": {
    "min": 53337,
    "max": 53787,
    "mean": 53574,
    "median": 53583,
    "variance": 24273.333333333332,
    "stdDev": 155.79901582915514,
    "confidence": 327.0552741663123,
    "low": 53410.472362916844,
    "high": 53737.527637083156,
    "count": 6,
    "base": 53097.5
  },
  "heap memory": {
    "min": 324863576,
    "max": 1123362096,
    "mean": 856704853.3333334,
    "median": 1122938580,
    "variance": 141182709346446800,
    "stdDev": 375742876.64099073,
    "confidence": 788764222.1733507,
    "low": 462322742.24665797,
    "high": 1251086964.4200087,
    "count": 6,
    "base": 53097.5
  },
  "rss memory": {
    "min": 706760704,
    "max": 1429331968,
    "mean": 1270268586.6666667,
    "median": 1425915904,
    "variance": 69683024018072470,
    "stdDev": 263975423.13267058,
    "confidence": 554140563.2529492,
    "low": 993198305.0401921,
    "high": 1547338868.2931414,
    "count": 6,
    "base": 53097.5
  },
  "external memory": {
    "min": 42531583,
    "max": 42827141,
    "mean": 42661720.333333336,
    "median": 42655109,
    "variance": 10439486016.888887,
    "stdDev": 102173.80298730632,
    "confidence": 214484.54581555724,
    "low": 42554478.06042556,
    "high": 42768962.606241114,
    "count": 6,
    "base": 53097.5
  },
  "array buffers memory": {
    "min": 41151882,
    "max": 41446794,
    "mean": 41281588.666666664,
    "median": 41274762,
    "variance": 10388824974.222221,
    "stdDev": 101925.58547402229,
    "confidence": 213963.48445694149,
    "low": 41174606.92443819,
    "high": 41388570.408895135,
    "count": 6,
    "base": 53097.5
  },
  "Compiler.make hook": {
    "min": 7525.636821,
    "max": 7886.55514,
    "mean": 7655.769808,
    "median": 7632.201976,
    "variance": 12903.967294763594,
    "stdDev": 113.59563061475382,
    "confidence": 238.46139153756303,
    "low": 7536.5391122312185,
    "high": 7775.0005037687815,
    "count": 6,
    "base": 53097.5
  },
  "Compiler.finish make hook": {
    "min": 0.1073,
    "max": 0.1126,
    "mean": 0.10941666666666668,
    "median": 0.10905000000000001,
    "variance": 0.000004098055555555555,
    "stdDev": 0.002024365469858532,
    "confidence": 0.004249573723131922,
    "low": 0.10729187980510071,
    "high": 0.11154145352823264,
    "count": 6,
    "base": 53097.5
  },
  "Compiler.finish compilation": {
    "min": 182.353968,
    "max": 208.882565,
    "mean": 193.87336966666666,
    "median": 194.215557,
    "variance": 95.30701836226852,
    "stdDev": 9.76253135012987,
    "confidence": 20.49362988772117,
    "low": 183.62655472280608,
    "high": 204.12018461052725,
    "count": 6,
    "base": 53097.5
  },
  "Compiler.seal compilation": {
    "min": 45521.200489,
    "max": 45911.998448,
    "mean": 45677.60453866667,
    "median": 45664.3797165,
    "variance": 15973.936328123746,
    "stdDev": 126.38803870668991,
    "confidence": 265.31537719009793,
    "low": 45544.94685007162,
    "high": 45810.262227261715,
    "count": 6,
    "base": 53097.5
  },
  "Compiler.afterCompile hook": {
    "min": 0.0592,
    "max": 0.0635,
    "mean": 0.061200000000000004,
    "median": 0.060950000000000004,
    "variance": 0.000002466666666666668,
    "stdDev": 0.0015705625319186332,
    "confidence": 0.0032969448281704727,
    "low": 0.05955152758591477,
    "high": 0.06284847241408524,
    "count": 6,
    "base": 53097.5
  },
  "Compiler.emitAssets": {
    "min": 28.986496,
    "max": 29.954496,
    "mean": 29.473495333333332,
    "median": 29.565997000000003,
    "variance": 0.10769896507022247,
    "stdDev": 0.3281752048376331,
    "confidence": 0.688909560959317,
    "low": 29.129040552853674,
    "high": 29.81795011381299,
    "count": 6,
    "base": 53097.5
  },
  "Compiler.emitRecords": {
    "min": 0.0787,
    "max": 0.0842,
    "mean": 0.08129983333333334,
    "median": 0.0809995,
    "variance": 0.0000027067668055555493,
    "stdDev": 0.0016452254573630781,
    "confidence": 0.003453678190196763,
    "low": 0.07957299423823495,
    "high": 0.08302667242843172,
    "count": 6,
    "base": 53097.5
  },
  "FlagDependencyExportsPlugin.restore cached provided exports": {
    "min": 7.5467,
    "max": 9.238198,
    "mean": 8.1305495,
    "median": 7.8586504999999995,
    "variance": 0.35749605508491683,
    "stdDev": 0.5979097382422508,
    "confidence": 1.2551397216909246,
    "low": 7.502979639154538,
    "high": 8.758119360845463,
    "count": 6,
    "base": 53097.5
  },
  "FlagDependencyExportsPlugin.figure out provided exports": {
    "min": 125.663878,
    "max": 148.078475,
    "mean": 134.62759050000003,
    "median": 131.349041,
    "variance": 66.19106012184857,
    "stdDev": 8.135788844472831,
    "confidence": 17.078751344656,
    "low": 126.08821482767202,
    "high": 143.16696617232802,
    "count": 6,
    "base": 53097.5
  },
  "FlagDependencyExportsPlugin.store provided exports into cache": {
    "min": 7.169199,
    "max": 13.389298,
    "mean": 9.850865833333332,
    "median": 10.2792485,
    "variance": 4.775870131269806,
    "stdDev": 2.1853764278196572,
    "confidence": 4.587569972463186,
    "low": 7.557080847101739,
    "high": 12.144650819564925,
    "count": 6,
    "base": 53097.5
  },
  "InnerGraphPlugin.infer dependency usage": {
    "min": 22.614598,
    "max": 42.307193,
    "mean": 29.76806233333333,
    "median": 26.356996,
    "variance": 59.92072689400422,
    "stdDev": 7.740847944121123,
    "confidence": 16.24968638711059,
    "low": 21.643219139778036,
    "high": 37.892905526888626,
    "count": 6,
    "base": 53097.5
  },
  "Compilation.finish modules": {
    "min": 146.808599,
    "max": 166.018572,
    "mean": 155.60120533333335,
    "median": 153.4562075,
    "variance": 62.28554697938795,
    "stdDev": 7.892119295815792,
    "confidence": 16.567237131181116,
    "low": 147.3175867677428,
    "high": 163.8848238989239,
    "count": 6,
    "base": 53097.5
  },
  "Compilation.report dependency errors and warnings": {
    "min": 33.305095,
    "max": 43.184793,
    "mean": 37.83964766666667,
    "median": 37.550955,
    "variance": 15.396348112335547,
    "stdDev": 3.9238180529091236,
    "confidence": 8.236928726688149,
    "low": 33.7211833033226,
    "high": 41.958112030010746,
    "count": 6,
    "base": 53097.5
  },
  "Compilation.optimize dependencies": {
    "min": 144.667775,
    "max": 159.284473,
    "mean": 150.80957316666664,
    "median": 149.6023555,
    "variance": 27.464277430906805,
    "stdDev": 5.240637120704581,
    "confidence": 11.001212050002152,
    "low": 145.30896714166556,
    "high": 156.31017919166771,
    "count": 6,
    "base": 53097.5
  },
  "Compilation.create chunks": {
    "min": 99.146686,
    "max": 116.594499,
    "mean": 107.14684266666667,
    "median": 109.41023150000001,
    "variance": 33.42761403349322,
    "stdDev": 5.7816618747115625,
    "confidence": 12.136938089802982,
    "low": 101.07837362176518,
    "high": 113.21531171156816,
    "count": 6,
    "base": 53097.5
  },
  "Compilation.optimize": {
    "min": 294.25996,
    "max": 315.272847,
    "mean": 305.75204633333334,
    "median": 304.9328225,
    "variance": 45.00986401501197,
    "stdDev": 6.708939112483581,
    "confidence": 14.083490252624529,
    "low": 298.7103012070211,
    "high": 312.7937914596456,
    "count": 6,
    "base": 53097.5
  },
  "Compilation.module hashing": {
    "min": 213.039252,
    "max": 233.73356,
    "mean": 224.42533400000002,
    "median": 226.006584,
    "variance": 63.83708732853768,
    "stdDev": 7.9898114701498235,
    "confidence": 16.772313785168194,
    "low": 216.03917710741592,
    "high": 232.81149089258412,
    "count": 6,
    "base": 53097.5
  },
  "Compilation.code generation": {
    "min": 3913.2525729999998,
    "max": 3974.0648300000003,
    "mean": 3952.5559578333327,
    "median": 3966.0518245,
    "variance": 626.4343724281367,
    "stdDev": 25.028671008028706,
    "confidence": 52.54050428357914,
    "low": 3926.285705691543,