{
  "stats": {
    "min": 31994,
    "max": 40570,
    "mean": 34982.555555555555,
    "median": 34815,
    "variance": 5420446.024691358,
    "stdDev": 2328.1851353986776,
    "confidence": 3579.1966148195643,
    "low": 33192.95724814577,
    "high": 36772.15386296534,
    "count": 9,
    "base": 32227
  },
  "heap memory": {
    "min": 164600024,
    "max": 401865360,
    "mean": 249137096,
    "median": 185521216,
    "variance": 7300852028325831,
    "stdDev": 85445023.42632852,
    "confidence": 131357482.68074238,
    "low": 183458354.6596288,
    "high": 314815837.3403712,
    "count": 9,
    "base": 32227
  },
  "rss memory": {
    "min": 598966272,
    "max": 729608192,
    "mean": 651777365.3333334,
    "median": 654278656,
    "variance": 1442936571501681.8,
    "stdDev": 37986004.94263225,
    "confidence": 58397151.59847331,
    "low": 622578789.5340967,
    "high": 680975941.13257,
    "count": 9,
    "base": 32227
  },
  "external memory": {
    "min": 12764824,
    "max": 12879308,
    "mean": 12808012.888888888,
    "median": 12781766,
    "variance": 1824376321.6543207,
    "stdDev": 42712.718499930685,
    "confidence": 65663.68590722606,
    "low": 12775181.045935275,
    "high": 12840844.731842501,
    "count": 9,
    "base": 32227
  },
  "array buffers memory": {
    "min": 8147564,
    "max": 8261490,
    "mean": 8190256.888888889,
    "median": 8163948,
    "variance": 1819051651.4320986,
    "stdDev": 42650.341750472515,
    "confidence": 65567.79205106013,
    "low": 8157472.992863359,
    "high": 8223040.784914419,
    "count": 9,
    "base": 32227
  },
  "Compiler.make hook": {
    "min": 18541.94155,
    "max": 24609.097605,
    "mean": 20745.573372888888,
    "median": 20521.084512,
    "variance": 3085432.3243651465,
    "stdDev": 1756.539872694368,
    "confidence": 2700.387297622139,
    "low": 19395.37972407782,
    "high": 22095.767021699958,
    "count": 9,
    "base": 32227
  },
  "Compiler.finish make hook": {
    "min": 0.126604,
    "max": 0.346211,
    "mean": 0.1755391111111111,
    "median": 0.140504,
    "variance": 0.005326674998098764,
    "stdDev": 0.07298407359211162,
    "confidence": 0.11220084913560624,
    "low": 0.11943868654330797,
    "high": 0.2316395356789142,
    "count": 9,
    "base": 32227
  },
  "Compiler.finish compilation": {
    "min": 147.138115,
    "max": 187.989487,
    "mean": 162.9619085555556,
    "median": 163.826952,
    "variance": 183.67263548926297,
    "stdDev": 13.55258777832717,
    "confidence": 20.83484494454831,
    "low": 152.54448608328144,
    "high": 173.37933102782975,
    "count": 9,
    "base": 32227
  },
  "Compiler.seal compilation": {
    "min": 13212.960661,
    "max": 15763.527422,
    "mean": 14046.810945111112,
    "median": 13668.23452,
    "variance": 690735.6669520824,
    "stdDev": 831.1050877909979,
    "confidence": 1277.6855549640277,
    "low": 13407.968167629098,
    "high": 14685.653722593126,
    "count": 9,
    "base": 32227
  },
  "Compiler.afterCompile hook": {
    "min": 0.080103,
    "max": 0.107503,
    "mean": 0.08890277777777779,
    "median": 0.086702,
    "variance": 0.00005366295572839508,
    "stdDev": 0.0073255003739263495,
    "confidence": 0.011261735908182774,
    "low": 0.0832719098236864,
    "high": 0.09453364573186918,
    "count": 9,
    "base": 32227
  },
  "Compiler.emitAssets": {
    "min": 6.205699,
    "max": 8.104627,
    "mean": 7.2249609999999995,
    "median": 7.316621,
    "variance": 0.36052225900822243,
    "stdDev": 0.6004350581105524,
    "confidence": 0.9230688293352891,
    "low": 6.763426585332355,
    "high": 7.686495414667644,
    "count": 9,
    "base": 32227
  },
  "Compiler.emitRecords": {
    "min": 0.089103,
    "max": 0.150105,
    "mean": 0.11308144444444444,
    "median": 0.106604,
    "variance": 0.00031817935846913575,
    "stdDev": 0.017837582752972325,
    "confidence": 0.027422310552236123,
    "low": 0.09937028916832638,
    "high": 0.1267925997205625,
    "count": 9,
    "base": 32227
  },
  "FlagDependencyExportsPlugin.restore cached provided exports": {
    "min": 4.420545,
    "max": 5.876897,
    "mean": 4.853679333333334,
    "median": 4.640651,
    "variance": 0.2035448187428888,
    "stdDev": 0.45115941610797483,
    "confidence": 0.6935824090299931,
    "low": 4.506888128818337,
    "high": 5.2004705378483305,
    "count": 9,
    "base": 32227
  },
  "FlagDependencyExportsPlugin.figure out provided exports": {
    "min": 90.797309,
    "max": 111.237054,
    "mean": 99.04327355555556,
    "median": 90.863092,
    "variance": 55.74163669903183,
    "stdDev": 7.466032192472239,
    "confidence": 11.477780157227329,
    "low": 93.3043834769419,
    "high": 104.78216363416922,
    "count": 9,
    "base": 32227
  },
  "FlagDependencyExportsPlugin.store provided exports into cache": {
    "min": 8.11496,
    "max": 12.575423,
    "mean": 10.02939222222222,
    "median": 8.620776,
    "variance": 2.646711650097062,
    "stdDev": 1.6268717374449229,
    "confidence": 2.5010441510319943,
    "low": 8.778870146706224,
    "high": 11.279914297738218,
    "count": 9,
    "base": 32227
  },
  "InnerGraphPlugin.infer dependency usage": {
    "min": 18.217822,
    "max": 36.462029,
    "mean": 28.35187,
    "median": 28.286016,
    "variance": 38.34760197218843,
    "stdDev": 6.192544062999344,
    "confidence": 9.520004406184324,
    "low": 23.591867796907838,
    "high": 33.11187220309216,
    "count": 9,
    "base": 32227
  },
  "Compilation.finish modules": {
    "min": 105.571983,
    "max": 131.117404,
    "mean": 116.09215955555558,
    "median": 113.681493,
    "variance": 73.76189357662663,
    "stdDev": 8.588474461545928,
    "confidence": 13.203348072216613,
    "low": 109.49048551944728,
    "high": 122.69383359166389,
    "count": 9,
    "base": 32227
  },
  "Compilation.report dependency errors and warnings": {
    "min": 39.410498,
    "max": 69.891262,
    "mean": 46.37471077777778,
    "median": 41.611033,
    "variance": 84.60651541477839,
    "stdDev": 9.198180005565144,
    "confidence": 14.140668728555482,
    "low": 39.30437641350004,
    "high": 53.44504514205552,
    "count": 9,
    "base": 32227
  },
  "Compilation.optimize dependencies": {
    "min": 225.779436,
    "max": 319.966792,
    "mean": 245.88813322222222,
    "median": 236.760965,
    "variance": 783.4412325550977,
    "stdDev": 27.99002023141637,
    "confidence": 43.029991102430785,
    "low": 224.37313767100684,
    "high": 267.40312877343763,
    "count": 9,
    "base": 32227
  },
  "Compilation.create chunks": {
    "min": 75.636923,
    "max": 139.138132,
    "mean": 91.65674277777777,
    "median": 84.467307,
    "variance": 313.7983260904563,
    "stdDev": 17.714353674081828,
    "confidence": 27.23286638162179,
    "low": 78.04030958696687,
    "high": 105.27317596858866,
    "count": 9,
    "base": 32227
  },
  "Compilation.optimize": {
    "min": 213.886054,
    "max": 286.346122,
    "mean": 249.91834544444444,
    "median": 248.868786,
    "variance": 543.298910909945,
    "stdDev": 23.308773260511696,
    "confidence": 35.833354092493295,
    "low": 232.00166839819778,
    "high": 267.8350224906911,
    "count": 9,
    "base": 32227
  },
  "Compilation.module hashing": {
    "min": 225.877338,
    "max": 285.630798,
    "mean": 256.61920233333336,
    "median": 252.397192,
    "variance": 270.57566962284386,
    "stdDev": 16.449184466800894,
    "confidence": 25.287879586961935,
    "low": 243.9752625398524,
    "high": 269.26314212681433,
    "count": 9,
    "base": 32227
  },
  "Compilation.code generation": {
    "min": 1308.0511139999999,
    "max": 1809.032431,
    "mean": 1553.2953795555557,
    "median": 1539.102633,
    "variance": 26317.40950465029,
    "stdDev": 162.22641432470328,
    "confidence": 249.3960742885106,
    "low": 1428.5973424113004,
    "high": 1677.993416699811,
    "count": 9,
    "base": 32227
  },
  "Compilation.runtime requirements": {
    "min": 2.074967,