{
  "stats": {
    "min": 21704,
    "max": 23005,
    "mean": 22239.23076923077,
    "median": 22140,
    "variance": 132593.100591716,
    "stdDev": 364.13335550552904,
    "confidence": 440.1249745335808,
    "low": 22019.16828196398,
    "high": 22459.29325649756,
    "count": 13,
    "base": 21942.5
  },
  "heap memory": {
    "min": 158443400,
    "max": 405369624,
    "mean": 303704299.0769231,
    "median": 372010856,
    "variance": 9459160483941244,
    "stdDev": 97258215.50872318,
    "confidence": 117555200.52407834,
    "low": 244926698.81488392,
    "high": 362481899.33896226,
    "count": 13,
    "base": 21942.5
  },
  "rss memory": {
    "min": 505450496,
    "max": 638423040,
    "mean": 572722884.9230769,
    "median": 563691520,
    "variance": 1474474103135916.5,
    "stdDev": 38398881.53496032,
    "confidence": 46412410.45943022,
    "low": 549516679.6933618,
    "high": 595929090.152792,
    "count": 13,
    "base": 21942.5
  },
  "external memory": {
    "min": 15346103,
    "max": 15362487,
    "mean": 15356185.461538462,
    "median": 15354295,
    "variance": 22237256.710059173,
    "stdDev": 4715.639586531097,
    "confidence": 5699.75455846265,
    "low": 15353335.58425923,
    "high": 15359035.338817693,
    "count": 13,
    "base": 21942.5
  },
  "array buffers memory": {
    "min": 13852919,
    "max": 13869303,
    "mean": 13863001.461538462,
    "median": 13861111,
    "variance": 22237256.710059173,
    "stdDev": 4715.639586531097,
    "confidence": 5699.75455846265,
    "low": 13860151.58425923,
    "high": 13865851.338817693,
    "count": 13,
    "base": 21942.5
  },
  "Compiler.make hook": {
    "min": 20627.659745,
    "max": 21862.642237,
    "mean": 21146.068908615387,
    "median": 21053.711836,
    "variance": 126414.22127713455,
    "stdDev": 355.54777636364787,
    "confidence": 429.7476560483483,
    "low": 20931.195080591213,
    "high": 21360.94273663956,
    "count": 13,
    "base": 21942.5
  },
  "Compiler.finish make hook": {
    "min": 0.128202,
    "max": 0.226801,
    "mean": 0.14842746153846156,
    "median": 0.140901,
    "variance": 0.0006146519714792899,
    "stdDev": 0.02479217561004459,
    "confidence": 0.029966097568441985,
    "low": 0.13344441275424057,
    "high": 0.16341051032268256,
    "count": 13,
    "base": 21942.5
  },
  "Compiler.finish compilation": {
    "min": 115.837809,
    "max": 140.034223,
    "mean": 126.35558284615385,
    "median": 126.633846,
    "variance": 53.924188054413364,
    "stdDev": 7.3433090670632515,
    "confidence": 8.875796922384197,
    "low": 121.91768438496176,
    "high": 130.79348130734596,
    "count": 13,
    "base": 21942.5
  },
  "Compiler.seal compilation": {
    "min": 868.881083,
    "max": 967.444269,
    "mean": 900.9027165384615,
    "median": 896.882752,
    "variance": 916.5619265024951,
    "stdDev": 30.274773764678987,
    "confidence": 36.59286860356519,
    "low": 882.6062822366789,
    "high": 919.1991508402441,
    "count": 13,
    "base": 21942.5
  },
  "Compiler.afterCompile hook": {
    "min": 0.084,
    "max": 0.123501,
    "mean": 0.09823184615384616,
    "median": 0.098101,
    "variance": 0.00010891740366863904,
    "stdDev": 0.010436350112402279,
    "confidence": 0.012614330046934713,
    "low": 0.0919246811303788,
    "high": 0.10453901117731351,
    "count": 13,
    "base": 21942.5
  },
  "Compiler.emitAssets": {
    "min": 27.16075,
    "max": 61.018305,
    "mean": 36.97937984615384,
    "median": 35.815113,
    "variance": 114.93950047486459,
    "stdDev": 10.720984118767483,
    "confidence": 12.95836481581479,
    "low": 30.500197438246445,
    "high": 43.458562254061235,
    "count": 13,
    "base": 21942.5
  },
  "Compiler.emitRecords": {
    "min": 0.096301,
    "max": 0.265802,
    "mean": 0.12068607692307694,
    "median": 0.107801,
    "variance": 0.001824539532994083,
    "stdDev": 0.042714629027934714,
    "confidence": 0.05162881875249001,
    "low": 0.09487166754683193,
    "high": 0.14650048629932194,
    "count": 13,
    "base": 21942.5
  },
  "Compilation.compute affected modules": {
    "min": 0.283603,
    "max": 0.393796,
    "mean": 0.3244784615384615,
    "median": 0.321702,
    "variance": 0.0007441711877869821,
    "stdDev": 0.02727950123787057,
    "confidence": 0.03297250747857994,
    "low": 0.3079922077991715,
    "high": 0.34096471527775146,
    "count": 13,
    "base": 21942.5
  },
  "Compilation.finish modules": {
    "min": 79.842354,
    "max": 97.593904,
    "mean": 86.08304353846155,
    "median": 84.605965,
    "variance": 27.379130647424088,
    "stdDev": 5.232507109161352,
    "confidence": 6.324488057319513,
    "low": 82.9207995098018,
    "high": 89.24528756712131,
    "count": 13,
    "base": 21942.5
  },
  "Compilation.report dependency errors and warnings": {
    "min": 34.846562,
    "max": 46.395055,
    "mean": 39.36720484615385,
    "median": 39.705565,
    "variance": 8.459599530263821,
    "stdDev": 2.9085390714693555,
    "confidence": 3.515527115013029,
    "low": 37.60944128864733,
    "high": 41.12496840366036,
    "count": 13,
    "base": 21942.5
  },
  "Compilation.optimize dependencies": {
    "min": 292.646592,
    "max": 326.327087,
    "mean": 307.68345807692305,
    "median": 306.247051,
    "variance": 111.84990175326394,
    "stdDev": 10.575911391140904,
    "confidence": 12.783016610035816,
    "low": 301.29194977190514,
    "high": 314.07496638194095,
    "count": 13,
    "base": 21942.5
  },
  "Compilation.create chunks": {
    "min": 45.744606,
    "max": 63.287088,
    "mean": 51.629376692307694,
    "median": 50.320268,
    "variance": 21.647575203181898,
    "stdDev": 4.652695477159654,
    "confidence": 5.623674534167435,
    "low": 48.81753942522398,
    "high": 54.44121395939141,
    "count": 13,
    "base": 21942.5
  },
  "Compilation.compute affected modules with chunk graph": {
    "min": 0.168801,
    "max": 0.251307,
    "mean": 0.18847938461538463,
    "median": 0.177702,
    "variance": 0.0005055818033136096,
    "stdDev": 0.022485146281792556,
    "confidence": 0.027177610304111366,
    "low": 0.17489057946332895,
    "high": 0.20206818976744031,
    "count": 13,
    "base": 21942.5
  },
  "Compilation.optimize": {
    "min": 71.308318,
    "max": 87.204791,
    "mean": 78.39375630769231,
    "median": 78.208075,
    "variance": 30.65812950412222,
    "stdDev": 5.536978373095042,
    "confidence": 6.6924999553204145,
    "low": 75.0475063300321,
    "high": 81.74000628535252,
    "count": 13,
    "base": 21942.5
  },
  "Compilation.module hashing": {
    "min": 83.380321,
    "max": 110.536053,
    "mean": 91.30379523076924,
    "median": 87.727807,
    "variance": 54.13388724767557,
    "stdDev": 7.35757346192857,
    "confidence": 8.893038178456749,
    "low": 86.85727614154086,
    "high": 95.75031431999761,
    "count": 13,
    "base": 21942.5
  },
  "Compilation.code generation": {
    "min": 246.219583,
    "max": 291.192189,
    "mean": 266.4621610769231,
    "median": 264.135864,
    "variance": 247.5009362826997,
    "stdDev": 15.732162479541701,
    "confidence": 19.01533464588431,
    "low": 256.95449375398096,
    "high": 275.96982839986526,
    "count": 13,
    "base": 21942.5
  },
  "Compilation.runtime requirements.modules": {
    "min": 5.777058,
    "max": 9.3116,
    "mean": 7.388056923076922,
    "median": 7.413767,
    "variance": 1.1996866150026866,
    "stdDev": 1.0953020656433943,
    "confidence": 1.3238825459387336,
    "low": 6.726115650107555,
    "high": 8.049998196046289,
    "count": 13,
    "base": 21942.5
  },
  "Compilation.runtime requirements.chunks": {
    "min": 1.994618,
    "max": 13.104878,
    "mean": 3.5097863076923086,
    "median": 2.569221,
    "variance": 7.90941270422375,
    "stdDev": 2.8123678109777446,
    "confidence": 3.3992857080263765,
    "low": 1.8101434536791206,
    "high": 5.209429161705497,
    "count": 13,
    "base": 21942.5
  },