{
  "cache.PackFileCacheStrategy.restore cache container": {
    "min": 18.427874,
    "max": 19.832983,
    "mean": 19.13117905,
    "median": 19.0716545,
    "variance": 0.13347154134264744,
    "stdDev": 0.36533757176431697,
    "confidence": 0.3419625634805996,
    "low": 18.9601977682597,
    "high": 19.3021603317403,
    "count": 20,
    "base": 12189.5
  },
  "stats": {
    "min": 12195,
    "max": 13608,
    "mean": 12757.1,
    "median": 12679,
    "variance": 184890.99,
    "stdDev": 429.9895231281804,
    "confidence": 402.47795727281846,
    "low": 12555.861021363591,
    "high": 12958.33897863641,
    "count": 20,
    "base": 12189.5
  },
  "heap memory": {
    "min": 208353888,
    "max": 290006280,
    "mean": 248714767.6,
    "median": 252956912,
    "variance": 386185090856611.06,
    "stdDev": 19651592.578124832,
    "confidence": 18394245.470124185,
    "low": 239517644.8649379,
    "high": 257911890.3350621,
    "count": 20,
    "base": 12189.5
  },
  "rss memory": {
    "min": 485449728,
    "max": 695021568,
    "mean": 553138176,
    "median": 539047936,
    "variance": 2249756408335564.8,
    "stdDev": 47431597.151430234,
    "confidence": 44396831.3293162,
    "low": 530939760.3353419,
    "high": 575336591.6646581,
    "count": 20,
    "base": 12189.5
  },
  "external memory": {
    "min": 33014764,
    "max": 33039340,
    "mean": 33025413.6,
    "median": 33022956,
    "variance": 67779952.64000005,
    "stdDev": 8232.858108822236,
    "confidence": 7706.103837251663,
    "low": 33021560.548081376,
    "high": 33029266.651918627,
    "count": 20,
    "base": 12189.5
  },
  "array buffers memory": {
    "min": 31492217,
    "max": 31516793,
    "mean": 31502866.6,
    "median": 31500409,
    "variance": 67779952.64000005,
    "stdDev": 8232.858108822236,
    "confidence": 7706.103837251663,
    "low": 31499013.548081376,
    "high": 31506719.651918627,
    "count": 20,
    "base": 12189.5
  },
  "Compiler.make hook": {
    "min": 11609.819374,
    "max": 12968.018202,
    "mean": 12140.34671955,
    "median": 12076.6383805,
    "variance": 171641.15106605194,
    "stdDev": 414.2959703714869,
    "confidence": 387.7885085394737,
    "low": 11946.452465280263,
    "high": 12334.240973819737,
    "count": 20,
    "base": 12189.5
  },
  "Compiler.finish make hook": {
    "min": 0.084318,
    "max": 0.123201,
    "mean": 0.09490685000000001,
    "median": 0.0916415,
    "variance": 0.00010567747552750002,
    "stdDev": 0.010279955035285905,
    "confidence": 0.00962222352153666,
    "low": 0.09009573823923168,
    "high": 0.09971796176076834,
    "count": 20,
    "base": 12189.5
  },
  "Compiler.finish compilation": {
    "min": 93.298394,
    "max": 120.216094,
    "mean": 108.20936649999999,
    "median": 110.47956199999999,
    "variance": 39.01234644673685,
    "stdDev": 6.245986427037514,
    "confidence": 5.8463560693743375,
    "low": 105.28618846531282,
    "high": 111.13254453468716,
    "count": 20,
    "base": 12189.5
  },
  "Compiler.seal compilation": {
    "min": 409.483714,
    "max": 505.665439,
    "mean": 444.8655063499999,
    "median": 440.6212915,
    "variance": 408.9440187412491,
    "stdDev": 20.222364321247134,
    "confidence": 18.928498127188163,
    "low": 435.40125728640584,
    "high": 454.329755413594,
    "count": 20,
    "base": 12189.5
  },
  "Compiler.afterCompile hook": {
    "min": 0.051396,
    "max": 0.060914,
    "mean": 0.05459784999999999,
    "median": 0.0545925,
    "variance": 0.000004118108527500003,
    "stdDev": 0.0020293123287212353,
    "confidence": 0.0018994729796911747,
    "low": 0.0536481135101544,
    "high": 0.05554758648984558,
    "count": 20,
    "base": 12189.5
  },
  "Compiler.emitAssets": {
    "min": 44.32512,
    "max": 50.455779,
    "mean": 47.30085525,
    "median": 47.012121,
    "variance": 2.0856803888305864,
    "stdDev": 1.4441884879857567,
    "confidence": 1.3517865001286538,
    "low": 46.62496199993567,
    "high": 47.976748500064325,
    "count": 20,
    "base": 12189.5
  },
  "Compiler.emitRecords": {
    "min": 0.063359,
    "max": 0.083346,
    "mean": 0.06947919999999999,
    "median": 0.0663045,
    "variance": 0.000036966143759999996,
    "stdDev": 0.006079978927595061,
    "confidence": 0.0056909700525674956,
    "low": 0.06663371497371624,
    "high": 0.07232468502628374,
    "count": 20,
    "base": 12189.5
  },
  "Compilation.compute affected modules": {
    "min": 0.207418,
    "max": 0.278142,
    "mean": 0.21840574999999998,
    "median": 0.212673,
    "variance": 0.0002743480002875,
    "stdDev": 0.016563453754803073,
    "confidence": 0.015503691773970707,
    "low": 0.21065390411301463,
    "high": 0.22615759588698534,
    "count": 20,
    "base": 12189.5
  },
  "Compilation.finish modules": {
    "min": 65.782474,
    "max": 83.65116,
    "mean": 76.90647410000001,
    "median": 77.771884,
    "variance": 26.0656662642837,
    "stdDev": 5.105454560005769,
    "confidence": 4.77879764909477,
    "low": 74.51707527545263,
    "high": 79.2958729245474,
    "count": 20,
    "base": 12189.5
  },
  "Compilation.report dependency errors and warnings": {
    "min": 26.912169,
    "max": 35.786655,
    "mean": 30.678643150000006,
    "median": 30.170577,
    "variance": 7.08842893724343,
    "stdDev": 2.662410362292678,
    "confidence": 2.4920641699405124,
    "low": 29.43261106502975,
    "high": 31.924675234970262,
    "count": 20,
    "base": 12189.5
  },
  "Compilation.optimize dependencies": {
    "min": 0.494427,
    "max": 0.734206,
    "mean": 0.5700769000000002,
    "median": 0.5345565,
    "variance": 0.005111657598589999,
    "stdDev": 0.07149585721277842,
    "confidence": 0.06692141323613199,
    "low": 0.5366161933819342,
    "high": 0.6035376066180662,
    "count": 20,
    "base": 12189.5
  },
  "Compilation.create chunks": {
    "min": 28.221041,
    "max": 45.820532,
    "mean": 35.554627499999995,
    "median": 35.415645,
    "variance": 18.42566763560235,
    "stdDev": 4.292512974424462,
    "confidence": 4.017869647020262,
    "low": 33.545692676489864,
    "high": 37.563562323510126,
    "count": 20,
    "base": 12189.5
  },
  "Compilation.compute affected modules with chunk graph": {
    "min": 0.119113,
    "max": 0.169087,
    "mean": 0.13074539999999998,
    "median": 0.12612099999999998,
    "variance": 0.00019143146454000002,
    "stdDev": 0.013835875994674136,
    "confidence": 0.012950629743033237,
    "low": 0.12427008512848337,
    "high": 0.1372207148715166,
    "count": 20,
    "base": 12189.5
  },
  "Compilation.optimize": {
    "min": 21.226631,
    "max": 27.815038,
    "mean": 24.59515835,
    "median": 24.487205000000003,
    "variance": 4.184719745214826,
    "stdDev": 2.0456587558082178,
    "confidence": 1.9147735305855633,
    "low": 23.637771584707217,
    "high": 25.55254511529278,
    "count": 20,
    "base": 12189.5
  },
  "Compilation.module hashing": {
    "min": 52.136067,
    "max": 77.26196,
    "mean": 62.309892000000005,
    "median": 62.1102625,
    "variance": 24.583420794400006,
    "stdDev": 4.958167080121444,
    "confidence": 4.640933908591414,
    "low": 59.9894250457043,
    "high": 64.63035895429572,
    "count": 20,
    "base": 12189.5
  },
  "Compilation.code generation": {
    "min": 175.374291,
    "max": 241.490442,
    "mean": 195.1751357,
    "median": 191.8162115,
    "variance": 190.39744238621824,
    "stdDev": 13.798457971317601,
    "confidence": 12.91560579757487,
    "low": 188.71733280121256,
    "high": 201.63293859878743,
    "count": 20,
    "base": 12189.5
  },
  "Compilation.runtime requirements.modules": {
    "min": 5.0906,
    "max": 7.283501,
    "mean": 5.94725385,
    "median": 5.9726955,
    "variance": 0.23745608854562752,
    "stdDev": 0.48729466295623175,
    "confidence": 0.45611660281803346,
    "low": 5.719195548590983,
    "high": 6.175312151409017,
    "count": 20,
    "base": 12189.5
  },