{
  "cache.PackFileCacheStrategy.restore cache container": {
    "min": 16.215909,
    "max": 21.392511,
    "mean": 18.924395230769235,
    "median": 18.956018,
    "variance": 2.0002720743454074,
    "stdDev": 1.4143097519091805,
    "confidence": 1.7094644973609547,
    "low": 18.069662982088758,
    "high": 19.779127479449713,
    "count": 13,
    "base": 19456.5
  },
  "stats": {
    "min": 18801,
    "max": 19523,
    "mean": 19146.46153846154,
    "median": 19072,
    "variance": 47279.63313609467,
    "stdDev": 217.43880319780706,
    "confidence": 262.8164826789507,
    "low": 19015.053297122064,
    "high": 19277.869779801014,
    "count": 13,
    "base": 19456.5
  },
  "heap memory": {
    "min": 284900768,
    "max": 344524136,
    "mean": 321142392.61538464,
    "median": 321027120,
    "variance": 294952567328713.44,
    "stdDev": 17174183.163362194,
    "confidence": 20758293.117409825,
    "low": 310763246.0566797,
    "high": 331521539.17408955,
    "count": 13,
    "base": 19456.5
  },
  "rss memory": {
    "min": 498839552,
    "max": 715042816,
    "mean": 536775128.61538464,
    "median": 517439488,
    "variance": 3250278913881349,
    "stdDev": 57011217.43903869,
    "confidence": 68908986.89753282,
    "low": 502320635.1666182,
    "high": 571229622.064151,
    "count": 13,
    "base": 19456.5
  },
  "external memory": {
    "min": 32774062,
    "max": 32798638,
    "mean": 32786034.923076924,
    "median": 32782254,
    "variance": 57975704.99408285,
    "stdDev": 7614.177893514365,
    "confidence": 9203.193832173944,
    "low": 32781433.326160837,
    "high": 32790636.51999301,
    "count": 13,
    "base": 19456.5
  },
  "array buffers memory": {
    "min": 25877484,
    "max": 25902060,
    "mean": 25889456.923076924,
    "median": 25885676,
    "variance": 57975704.99408285,
    "stdDev": 7614.177893514365,
    "confidence": 9203.193832173944,
    "low": 25884855.326160837,
    "high": 25894058.51999301,
    "count": 13,
    "base": 19456.5
  },
  "Compiler.make hook": {
    "min": 17874.518892,
    "max": 18559.806101,
    "mean": 18167.48532123077,
    "median": 18138.256468,
    "variance": 43011.11120314195,
    "stdDev": 207.39120329257446,
    "confidence": 250.67203179150965,
    "low": 18042.149305335017,
    "high": 18292.821337126526,
    "count": 13,
    "base": 19456.5
  },
  "Compiler.finish make hook": {
    "min": 0.1055,
    "max": 0.1424,
    "mean": 0.11935384615384616,
    "median": 0.1177,
    "variance": 0.00009014248520710058,
    "stdDev": 0.009494339640391036,
    "confidence": 0.011475729782125896,
    "low": 0.1136159812627832,
    "high": 0.1250917110449091,
    "count": 13,
    "base": 19456.5
  },
  "Compiler.finish compilation": {
    "min": 146.801983,
    "max": 219.04165,
    "mean": 164.92552684615384,
    "median": 161.407773,
    "variance": 312.61405356464815,
    "stdDev": 17.68089515733432,
    "confidence": 21.3707517127869,
    "low": 154.2401509897604,
    "high": 175.6109027025473,
    "count": 13,
    "base": 19456.5
  },
  "Compiler.seal compilation": {
    "min": 688.024648,
    "max": 767.110527,
    "mean": 730.2504148461538,
    "median": 731.008312,
    "variance": 396.47087204020073,
    "stdDev": 19.911576332380136,
    "confidence": 24.06695759592162,
    "low": 718.216936048193,
    "high": 742.2838936441146,
    "count": 13,
    "base": 19456.5
  },
  "Compiler.afterCompile hook": {
    "min": 0.0729,
    "max": 0.1159,
    "mean": 0.08863853846153846,
    "median": 0.0891,
    "variance": 0.00012458642255621302,
    "stdDev": 0.01116182881772575,
    "confidence": 0.013491210156590827,
    "low": 0.08189293338324305,
    "high": 0.09538414353983388,
    "count": 13,
    "base": 19456.5
  },
  "Compiler.emitAssets": {
    "min": 60.674531,
    "max": 78.236735,
    "mean": 68.61697023076923,
    "median": 68.679135,
    "variance": 18.799289782972323,
    "stdDev": 4.3358147772906905,
    "confidence": 5.240663453607709,
    "low": 65.99663850396537,
    "high": 71.23730195757308,
    "count": 13,
    "base": 19456.5
  },
  "Compiler.emitRecords": {
    "min": 0.0818,
    "max": 0.144001,
    "mean": 0.094877,
    "median": 0.0915,
    "variance": 0.00025671087107692305,
    "stdDev": 0.016022199320846156,
    "confidence": 0.019365899776660922,
    "low": 0.08519405011166954,
    "high": 0.10455994988833046,
    "count": 13,
    "base": 19456.5
  },
  "FlagDependencyExportsPlugin.restore cached provided exports": {
    "min": 8.379404,
    "max": 13.333806,
    "mean": 9.931990153846154,
    "median": 8.688004,
    "variance": 2.1224920275050527,
    "stdDev": 1.4568774922775947,
    "confidence": 1.7609157730058094,
    "low": 9.05153226734325,
    "high": 10.812448040349059,
    "count": 13,
    "base": 19456.5
  },
  "FlagDependencyExportsPlugin.figure out provided exports": {
    "min": 86.148944,
    "max": 134.874693,
    "mean": 97.70920315384616,
    "median": 92.418247,
    "variance": 138.98516437900383,
    "stdDev": 11.789196935287993,
    "confidence": 14.249504810432484,
    "low": 90.58445074862992,
    "high": 104.8339555590624,
    "count": 13,
    "base": 19456.5
  },
  "FlagDependencyExportsPlugin.store provided exports into cache": {
    "min": 10.324305,
    "max": 15.927708,
    "mean": 12.469515,
    "median": 11.975608,
    "variance": 2.8679755740621533,
    "stdDev": 1.6935098387851644,
    "confidence": 2.0469313327061194,
    "low": 11.44604933364694,
    "high": 13.49298066635306,
    "count": 13,
    "base": 19456.5
  },
  "Compilation.finish modules": {
    "min": 111.020163,
    "max": 161.614111,
    "mean": 121.332009,
    "median": 117.785665,
    "variance": 161.35850316518946,
    "stdDev": 12.70269668870313,
    "confidence": 15.35364440552695,
    "low": 113.65518679723652,
    "high": 129.00883120276347,
    "count": 13,
    "base": 19456.5
  },
  "Compilation.report dependency errors and warnings": {
    "min": 35.233518,
    "max": 56.969639,
    "mean": 43.17440238461539,
    "median": 42.541827,
    "variance": 39.89847894611671,
    "stdDev": 6.31652427733138,
    "confidence": 7.634730641035674,
    "low": 39.357037064097554,
    "high": 46.99176770513323,
    "count": 13,
    "base": 19456.5
  },
  "Compilation.optimize dependencies": {
    "min": 0.5795,
    "max": 0.8499,
    "mean": 0.7088002307692309,
    "median": 0.7323,
    "variance": 0.006837147246331361,
    "stdDev": 0.08268704400528151,
    "confidence": 0.099943146066795,
    "low": 0.6588286577358334,
    "high": 0.7587718038026284,
    "count": 13,
    "base": 19456.5
  },
  "Compilation.create chunks": {
    "min": 71.378436,
    "max": 96.218966,
    "mean": 78.7496686153846,
    "median": 79.531545,
    "variance": 36.57970041456578,
    "stdDev": 6.048115443224094,
    "confidence": 7.310307103642202,
    "low": 75.0945150635635,
    "high": 82.40482216720571,
    "count": 13,
    "base": 19456.5
  },
  "Compilation.optimize": {
    "min": 31.640931,
    "max": 48.744624,
    "mean": 36.80351346153846,
    "median": 35.40262,
    "variance": 18.545780120805787,
    "stdDev": 4.3064811761815225,
    "confidence": 5.205208172607087,
    "low": 34.200909375234914,
    "high": 39.406117547842,
    "count": 13,
    "base": 19456.5
  },
  "Compilation.module hashing": {
    "min": 128.147865,
    "max": 151.452477,
    "mean": 140.10978853846154,
    "median": 140.220679,
    "variance": 43.80021122354072,
    "stdDev": 6.618172800973145,
    "confidence": 7.999330716196596,
    "low": 136.11012318036325,
    "high": 144.10945389655984,
    "count": 13,
    "base": 19456.5
  },
  "Compilation.code generation": {
    "min": 280.245942,
    "max": 324.029106,
    "mean": 303.84057607692307,
    "median": 303.835271,
    "variance": 130.14530809325757,
    "stdDev": 11.408124652775212,
    "confidence": 13.7889058949512,
    "low": 296.94612312944747,
    "high": 310.73502902439867,
    "count": 13,
    "base": 19456.5
  },