{
  "stats": {
    "min": 29792,
    "max": 30511,
    "mean": 30267,
    "median": 30326,
    "variance": 51479.8,
    "stdDev": 226.8916040756026,
    "confidence": 324.5943990836531,
    "low": 30104.702800458173,
    "high": 30429.297199541827,
    "count": 10,
    "base": 30289
  },
  "heap memory": {
    "min": 570346488,
    "max": 627276224,
    "mean": 595227340,
    "median": 591245712,
    "variance": 236509165046966.4,
    "stdDev": 15378854.477722533,
    "confidence": 22001210.87833643,
    "low": 584226734.5608318,
    "high": 606227945.4391682,
    "count": 10,
    "base": 30289
  },
  "rss memory": {
    "min": 812355584,
    "max": 871174144,
    "mean": 842131865.6,
    "median": 840671232,
    "variance": 247439250675466.25,
    "stdDev": 15730201.863786308,
    "confidence": 22503853.512970686,
    "low": 830879938.8435147,
    "high": 853383792.3564854,
    "count": 10,
    "base": 30289
  },
  "external memory": {
    "min": 29039175,
    "max": 29055559,
    "mean": 29048186.2,
    "median": 29051463,
    "variance": 59726888.96,
    "stdDev": 7728.31734338077,
    "confidence": 11056.242183238268,
    "low": 29042658.07890838,
    "high": 29053714.32109162,
    "count": 10,
    "base": 30289
  },
  "array buffers memory": {
    "min": 27511474,
    "max": 27527858,
    "mean": 27520485.2,
    "median": 27523762,
    "variance": 59726888.96,
    "stdDev": 7728.31734338077,
    "confidence": 11056.242183238268,
    "low": 27514957.07890838,
    "high": 27526013.32109162,
    "count": 10,
    "base": 30289
  },
  "Compiler.make hook": {
    "min": 5944.38889,
    "max": 6040.422842,
    "mean": 5996.264283199999,
    "median": 6001.5879884999995,
    "variance": 790.7309086146281,
    "stdDev": 28.11993791982173,
    "confidence": 40.22878849370318,
    "low": 5976.149888953148,
    "high": 6016.378677446851,
    "count": 10,
    "base": 30289
  },
  "Compiler.finish make hook": {
    "min": 0.082073,
    "max": 0.110145,
    "mean": 0.09172580000000001,
    "median": 0.08449200000000001,
    "variance": 0.00013723883376000004,
    "stdDev": 0.011714897940656591,
    "confidence": 0.01675950184611824,
    "low": 0.08334604907694089,
    "high": 0.10010555092305913,
    "count": 10,
    "base": 30289
  },
  "Compiler.finish compilation": {
    "min": 287.213613,
    "max": 303.424459,
    "mean": 295.57502689999995,
    "median": 295.740475,
    "variance": 33.238175589272856,
    "stdDev": 5.7652558997214385,
    "confidence": 8.247858187427823,
    "low": 291.45109780628604,
    "high": 299.69895599371387,
    "count": 10,
    "base": 30289
  },
  "Compiler.seal compilation": {
    "min": 23451.350598,
    "max": 24172.461903,
    "mean": 23942.3346294,
    "median": 24012.9681765,
    "variance": 48585.01144442706,
    "stdDev": 220.42007949464826,
    "confidence": 315.3361427410782,
    "low": 23784.66655802946,
    "high": 24100.00270077054,
    "count": 10,
    "base": 30289
  },
  "Compiler.afterCompile hook": {
    "min": 0.051496,
    "max": 0.058259,
    "mean": 0.054411299999999996,
    "median": 0.0544765,
    "variance": 0.00000459570461,
    "stdDev": 0.0021437594571219972,
    "confidence": 0.003066893178350294,
    "low": 0.05287785341082485,
    "high": 0.05594474658917514,
    "count": 10,
    "base": 30289
  },
  "Compiler.emitAssets": {
    "min": 15.504344,
    "max": 16.557833,
    "mean": 15.8677018,
    "median": 15.747865000000001,
    "variance": 0.10618333034235965,
    "stdDev": 0.32585783762610293,
    "confidence": 0.4661769192468679,
    "low": 15.634613340376566,
    "high": 16.100790259623434,
    "count": 10,
    "base": 30289
  },
  "Compiler.emitRecords": {
    "min": 0.059942,
    "max": 0.110997,
    "mean": 0.0700986,
    "median": 0.065993,
    "variance": 0.00019044435784,
    "stdDev": 0.013800157891850368,
    "confidence": 0.019742704788107322,
    "low": 0.06022724760594634,
    "high": 0.07996995239405366,
    "count": 10,
    "base": 30289
  },
  "Compilation.compute affected modules": {
    "min": 0.206816,
    "max": 0.40273,
    "mean": 0.24790410000000002,
    "median": 0.211123,
    "variance": 0.004009208552489999,
    "stdDev": 0.06331831135216731,
    "confidence": 0.0905840888563696,
    "low": 0.20261205557181522,
    "high": 0.2931961444281848,
    "count": 10,
    "base": 30289
  },
  "Compilation.finish modules": {
    "min": 218.545743,
    "max": 237.873074,
    "mean": 228.65409960000002,
    "median": 228.9129555,
    "variance": 31.28908415972229,
    "stdDev": 5.593664644910552,
    "confidence": 8.00237726507163,
    "low": 224.6529109674642,
    "high": 232.65528823253584,
    "count": 10,
    "base": 30289
  },
  "Compilation.report dependency errors and warnings": {
    "min": 62.064766,
    "max": 70.825834,
    "mean": 66.28957940000001,
    "median": 66.006051,
    "variance": 6.906122091001848,
    "stdDev": 2.6279501690484635,
    "confidence": 3.759583389695848,
    "low": 64.40978770515208,
    "high": 68.16937109484793,
    "count": 10,
    "base": 30289
  },
  "Compilation.optimize dependencies": {
    "min": 281.319149,
    "max": 300.182653,
    "mean": 294.355686,
    "median": 296.5233565,
    "variance": 34.46475322817225,
    "stdDev": 5.870668891035522,
    "confidence": 8.398663532167689,
    "low": 290.15635423391615,
    "high": 298.55501776608384,
    "count": 10,
    "base": 30289
  },
  "Compilation.create chunks": {
    "min": 104.391394,
    "max": 127.577163,
    "mean": 112.61554250000002,
    "median": 112.174045,
    "variance": 45.28283883086943,
    "stdDev": 6.729252471922081,
    "confidence": 9.626965578144251,
    "low": 107.80205971092789,
    "high": 117.42902528907214,
    "count": 10,
    "base": 30289
  },
  "Compilation.compute affected modules with chunk graph": {
    "min": 0.119292,
    "max": 0.128891,
    "mean": 0.1229621,
    "median": 0.1221675,
    "variance": 0.000006825316290000004,
    "stdDev": 0.0026125306294855193,
    "confidence": 0.0037375239741481714,
    "low": 0.12109333801292592,
    "high": 0.12483086198707409,
    "count": 10,
    "base": 30289
  },
  "Compilation.optimize": {
    "min": 166.38074,
    "max": 176.795083,
    "mean": 173.42897979999998,
    "median": 175.12400300000002,
    "variance": 12.31973691123417,
    "stdDev": 3.5099482775725015,
    "confidence": 5.021382596394915,
    "low": 170.91828850180252,
    "high": 175.93967109819744,
    "count": 10,
    "base": 30289
  },
  "Compilation.module hashing": {
    "min": 151.424107,
    "max": 165.282686,
    "mean": 156.5860727,
    "median": 156.12440149999998,
    "variance": 13.838335256171252,
    "stdDev": 3.7199912978623018,
    "confidence": 5.321873168668219,
    "low": 153.92513611566588,
    "high": 159.2470092843341,
    "count": 10,
    "base": 30289
  },
  "Compilation.code generation": {
    "min": 436.458962,
    "max": 458.349628,
    "mean": 447.9530012,
    "median": 448.1241215,
    "variance": 42.11863332973142,
    "stdDev": 6.489887004388553,
    "confidence": 9.284525890206169,
    "low": 443.31073825489693,
    "high": 452.5952641451031,
    "count": 10,
    "base": 30289
  },
  "Compilation.runtime requirements.modules": {
    "min": 19.577837,
    "max": 26.060263,
    "mean": 22.127991899999998,
    "median": 22.162518499999997,
    "variance": 5.330622213400889,
    "stdDev": 2.3088140274610445,
    "confidence": 3.303022625684804,
    "low": 20.476480587157596,
    "high": 23.7795032128424,
    "count": 10,
    "base": 30289
  },
  "Compilation.runtime requirements.chunks": {
    "min": 4.63087,
    "max": 10.498348,
    "mean": 5.910489200000001,
    "median": 5.3859115,
    "variance": 2.5285540281905607,
    "stdDev": 1.5901427697507418,
    "confidence": 2.274881165864894,
    "low": 4.773048617067554,
    "high": 7.047929782932448,
    "count": 10,
    "base": 30289
  },
  "Compilation.runtime requirements.entries": {
    "min": 1.909047,
    "max": 2.012551,
    "mean": 1.9522438999999998,