{
  "stats": {
    "min": 37723,
    "max": 38672,
    "mean": 38000.125,
    "median": 37898.5,
    "variance": 88977.359375,
    "stdDev": 298.2907296162588,
    "confidence": 498.8338355054875,
    "low": 37750.708082247256,
    "high": 38249.541917752744,
    "count": 8,
    "base": 36394.5
  },
  "heap memory": {
    "min": 228180704,
    "max": 465213896,
    "mean": 353141151,
    "median": 350650240,
    "variance": 9984663785600166,
    "stdDev": 99923289.505501,
    "confidence": 167102470.21246195,
    "low": 269589915.893769,
    "high": 436692386.106231,
    "count": 8,
    "base": 36394.5
  },
  "rss memory": {
    "min": 429223936,
    "max": 738754560,
    "mean": 600584704,
    "median": 654866432,
    "variance": 19469805377290240,
    "stdDev": 139534244.46095747,
    "confidence": 233344168.75228977,
    "low": 483912619.6238551,
    "high": 717256788.3761449,
    "count": 8,
    "base": 36394.5
  },
  "external memory": {
    "min": 41044335,
    "max": 41093487,
    "mean": 41077103,
    "median": 41077103,
    "variance": 268435456,
    "stdDev": 16384,
    "confidence": 27399.08669449389,
    "low": 41063403.45665275,
    "high": 41090802.54334725,
    "count": 8,
    "base": 36394.5
  },
  "array buffers memory": {
    "min": 39516634,
    "max": 39565786,
    "mean": 39549402,
    "median": 39549402,
    "variance": 268435456,
    "stdDev": 16384,
    "confidence": 27399.08669449389,
    "low": 39535702.45665275,
    "high": 39563101.54334725,
    "count": 8,
    "base": 36394.5
  },
  "Compiler.make hook": {
    "min": 3995.245932,
    "max": 4631.551402,
    "mean": 4408.024901875,
    "median": 4565.2349730000005,
    "variance": 57468.43366563354,
    "stdDev": 239.72574677250157,
    "confidence": 400.89517326195346,
    "low": 4207.577315244023,
    "high": 4608.472488505977,
    "count": 8,
    "base": 36394.5
  },
  "Compiler.finish make hook": {
    "min": 0.097081,
    "max": 0.138909,
    "mean": 0.11999025000000002,
    "median": 0.1302485,
    "variance": 0.00030339656068749995,
    "stdDev": 0.01741828236903685,
    "confidence": 0.029128724896151426,
    "low": 0.10542588755192431,
    "high": 0.13455461244807573,
    "count": 8,
    "base": 36394.5
  },
  "Compiler.finish compilation": {
    "min": 164.851944,
    "max": 176.402319,
    "mean": 169.134486375,
    "median": 168.2835655,
    "variance": 14.270408726461001,
    "stdDev": 3.7776194523086892,
    "confidence": 6.317341483925816,
    "low": 165.9758156330371,
    "high": 172.2931571169629,
    "count": 8,
    "base": 36394.5
  },
  "Compiler.seal compilation": {
    "min": 32968.647415,
    "max": 33873.295068,
    "mean": 33376.772570249996,
    "median": 33344.751765,
    "variance": 99627.10463042896,
    "stdDev": 315.63761599408423,
    "confidence": 527.8431643473887,
    "low": 33112.8509880763,
    "high": 33640.69415242369,
    "count": 8,
    "base": 36394.5
  },
  "Compiler.afterCompile hook": {
    "min": 0.055504,
    "max": 0.070912,
    "mean": 0.061633875000000005,
    "median": 0.0592255,
    "variance": 0.000031124567359375,
    "stdDev": 0.00557893962679065,
    "confidence": 0.009329702789173944,
    "low": 0.05696902360541303,
    "high": 0.06629872639458698,
    "count": 8,
    "base": 36394.5
  },
  "Compiler.emitAssets": {
    "min": 25.777854,
    "max": 34.962619,
    "mean": 28.0892785,
    "median": 26.405955,
    "variance": 9.283788567819244,
    "stdDev": 3.0469310080504357,
    "confidence": 5.095405691024062,
    "low": 25.541575654487968,
    "high": 30.63698134551203,
    "count": 8,
    "base": 36394.5
  },
  "Compiler.emitRecords": {
    "min": 0.062266,
    "max": 0.095007,
    "mean": 0.07739062499999999,
    "median": 0.0799695,
    "variance": 0.00013971238623437495,
    "stdDev": 0.011819999417697742,
    "confidence": 0.019766674119534644,
    "low": 0.06750728794023267,
    "high": 0.08727396205976731,
    "count": 8,
    "base": 36394.5
  },
  "Compilation.compute affected modules": {
    "min": 0.209261,
    "max": 0.244887,
    "mean": 0.22065187500000003,
    "median": 0.21455049999999998,
    "variance": 0.00019370171060937495,
    "stdDev": 0.01391767619286262,
    "confidence": 0.023274634801894567,
    "low": 0.20901455759905274,
    "high": 0.2322891924009473,
    "count": 8,
    "base": 36394.5
  },
  "Compilation.finish modules": {
    "min": 127.723439,
    "max": 137.400997,
    "mean": 133.38864675000002,
    "median": 134.0000425,
    "variance": 8.075586880422662,
    "stdDev": 2.8417577096618674,
    "confidence": 4.752292837633831,
    "low": 131.0125003311831,
    "high": 135.76479316881694,
    "count": 8,
    "base": 36394.5
  },
  "Compilation.report dependency errors and warnings": {
    "min": 32.042708,
    "max": 38.357199,
    "mean": 35.115484875,
    "median": 34.294532000000004,
    "variance": 4.562295797762864,
    "stdDev": 2.135953135666339,
    "confidence": 3.5719705285347914,
    "low": 33.329499610732604,
    "high": 36.901470139267396,
    "count": 8,
    "base": 36394.5
  },
  "Compilation.optimize dependencies": {
    "min": 134.56626,
    "max": 159.139291,
    "mean": 147.23780475,
    "median": 148.52142099999998,
    "variance": 62.1756546279679,
    "stdDev": 7.885154064948122,
    "confidence": 13.186402577210288,
    "low": 140.64460346139487,
    "high": 153.83100603860515,
    "count": 8,
    "base": 36394.5
  },
  "Compilation.create chunks": {
    "min": 54.233654,
    "max": 72.613542,
    "mean": 61.475726125,
    "median": 61.5081485,
    "variance": 30.715351789899096,
    "stdDev": 5.542143248771101,
    "confidence": 9.268167928858922,
    "low": 56.84164216057054,
    "high": 66.10981008942946,
    "count": 8,
    "base": 36394.5
  },
  "Compilation.compute affected modules with chunk graph": {
    "min": 0.120966,
    "max": 0.16606,
    "mean": 0.134952375,
    "median": 0.126471,
    "variance": 0.00030406574323437515,
    "stdDev": 0.017437480988788924,
    "confidence": 0.029160830892672518,
    "low": 0.12037195955366375,
    "high": 0.14953279044633627,
    "count": 8,
    "base": 36394.5
  },
  "Compilation.optimize": {
    "min": 98.879272,
    "max": 108.173811,
    "mean": 103.55106387500001,
    "median": 104.69645650000001,
    "variance": 7.71778194923061,
    "stdDev": 2.7780896222459437,
    "confidence": 4.645820215149598,
    "low": 101.22815376742521,
    "high": 105.87397398257481,
    "count": 8,
    "base": 36394.5
  },
  "Compilation.module hashing": {
    "min": 91.098692,
    "max": 96.795829,
    "mean": 93.93197450000001,
    "median": 93.731685,
    "variance": 2.6040654588504983,
    "stdDev": 1.6137117025201553,
    "confidence": 2.6986222434863976,
    "low": 92.58266337825681,
    "high": 95.28128562174321,
    "count": 8,
    "base": 36394.5
  },
  "Compilation.code generation": {
    "min": 315.176212,
    "max": 340.487972,
    "mean": 323.773887125,
    "median": 322.2800835,
    "variance": 60.086504609178206,
    "stdDev": 7.751548529757019,
    "confidence": 12.962973033657704,
    "low": 317.29240060817114,
    "high": 330.25537364182884,
    "count": 8,
    "base": 36394.5
  },
  "Compilation.runtime requirements.modules": {
    "min": 10.702812,
    "max": 17.191128,
    "mean": 13.599539374999999,
    "median": 13.060767,
    "variance": 7.008481339845234,
    "stdDev": 2.647353648428036,
    "confidence": 4.427189460710704,
    "low": 11.385944644644647,
    "high": 15.813134105355351,
    "count": 8,
    "base": 36394.5
  },
  "Compilation.runtime requirements.chunks": {
    "min": 2.83732,
    "max": 3.850412,
    "mean": 3.5625639999999996,
    "median": 3.6658285,
    "variance": 0.08245658516224999,
    "stdDev": 0.2871525468496666,
    "confidence": 0.48020736851079526,
    "low": 3.322460315744602,
    "high": 3.8026676842553973,
    "count": 8,
    "base": 36394.5
  },
  "Compilation.runtime requirements.entries": {
    "min": 1.820231,
    "max": 2.113317,
    "mean": 1.975035125,