{
  "stats": {
    "min": 9516,
    "max": 10189,
    "mean": 9861.538461538461,
    "median": 9719.5,
    "variance": 32367.171597633143,
    "stdDev": 179.90878688277886,
    "confidence": 145.36602575869983,
    "low": 9788.855448659111,
    "high": 9934.22147441781,
    "count": 26,
    "base": 11211.5
  },
  "heap memory": {
    "min": 321871096,
    "max": 501794208,
    "mean": 394010664,
    "median": 327284660,
    "variance": 6613233854092726,
    "stdDev": 81321792.00000899,
    "confidence": 65707884.06415856,
    "low": 361156721.9679207,
    "high": 426864606.0320793,
    "count": 26,
    "base": 11211.5
  },
  "rss memory": {
    "min": 550150144,
    "max": 625983488,
    "mean": 606715431.3846154,
    "median": 612036608,
    "variance": 345194030450869.75,
    "stdDev": 18579398.010992438,
    "confidence": 15012125.292172909,
    "low": 599209368.738529,
    "high": 614221494.0307019,
    "count": 26,
    "base": 11211.5
  },
  "external memory": {
    "min": 32368908,
    "max": 32368908,
    "mean": 32368908,
    "median": 32368908,
    "variance": 0,
    "stdDev": 0,
    "confidence": 0,
    "low": 32368908,
    "high": 32368908,
    "count": 26,
    "base": 11211.5
  },
  "array buffers memory": {
    "min": 10831191,
    "max": 10831191,
    "mean": 10831191,
    "median": 10831191,
    "variance": 0,
    "stdDev": 0,
    "confidence": 0,
    "low": 10831191,
    "high": 10831191,
    "count": 26,
    "base": 11211.5
  },
  "buildChunkGraph.visitModules.prepare": {
    "min": 52.310387,
    "max": 63.675716,
    "mean": 56.98123180769231,
    "median": 56.6871465,
    "variance": 8.930989400546924,
    "stdDev": 2.9884761000461295,
    "confidence": 2.4146841366987815,
    "low": 55.77388973934292,
    "high": 58.1885738760417,
    "count": 26,
    "base": 11211.5
  },
  "buildChunkGraph.visitModules.visiting": {
    "min": 26.056344,
    "max": 36.420569,
    "mean": 30.86577776923076,
    "median": 30.9010555,
    "variance": 8.440710818558872,
    "stdDev": 2.9052901436102507,
    "confidence": 2.347470010609996,
    "low": 29.692042763925762,
    "high": 32.03951277453576,
    "count": 26,
    "base": 11211.5
  },
  "buildChunkGraph.visitModules.calculating available modules": {
    "min": 0.0529,
    "max": 0.094002,
    "mean": 0.06835861538461538,
    "median": 0.06820100000000001,
    "variance": 0.00012645336523668633,
    "stdDev": 0.011245148519992358,
    "confidence": 0.009086062875198586,
    "low": 0.06381558394701609,
    "high": 0.07290164682221467,
    "count": 26,
    "base": 11211.5
  },
  "buildChunkGraph.visitModules.merging available modules": {
    "min": 0.0229,
    "max": 0.043701,
    "mean": 0.03011576923076923,
    "median": 0.02885,
    "variance": 0.000039796190177514785,
    "stdDev": 0.006308422162277568,
    "confidence": 0.005097195497938082,
    "low": 0.027567171481800188,
    "high": 0.03266436697973827,
    "count": 26,
    "base": 11211.5
  },
  "exec": {
    "min": 10501,
    "max": 11198,
    "mean": 10807.038461538461,
    "median": 10789,
    "variance": 38427.80621301775,
    "stdDev": 196.03011557670865,
    "confidence": 158.39203478689524,
    "low": 10727.842444145013,
    "high": 10886.234478931909,
    "count": 26,
    "base": 11211.5
  },
  "0.js size": {
    "min": 78274,
    "max": 78274,
    "mean": 78274,
    "median": 78274,
    "variance": 0,
    "stdDev": 0,
    "confidence": 0,
    "low": 78274,
    "high": 78274,
    "count": 26,
    "base": 11211.5
  },
  "0.js gzip size": {
    "min": 20648,
    "max": 20648,
    "mean": 20648,
    "median": 20648,
    "variance": 0,
    "stdDev": 0,
    "confidence": 0,
    "low": 20648,
    "high": 20648,
    "count": 26,
    "base": 11211.5
  },
  "1.js size": {
    "min": 958941,
    "max": 958941,
    "mean": 958941,
    "median": 958941,
    "variance": 0,
    "stdDev": 0,
    "confidence": 0,
    "low": 958941,
    "high": 958941,
    "count": 26,
    "base": 11211.5
  },
  "1.js gzip size": {
    "min": 214118,
    "max": 214118,
    "mean": 214118,
    "median": 214118,
    "variance": 0,
    "stdDev": 0,
    "confidence": 0,
    "low": 214118,
    "high": 214118,
    "count": 26,
    "base": 11211.5
  },
  "10.js size": {
    "min": 309800,
    "max": 309800,
    "mean": 309800,
    "median": 309800,
    "variance": 0,
    "stdDev": 0,
    "confidence": 0,
    "low": 309800,
    "high": 309800,
    "count": 26,
    "base": 11211.5
  },
  "10.js gzip size": {
    "min": 33398,
    "max": 33398,
    "mean": 33398,
    "median": 33398,
    "variance": 0,
    "stdDev": 0,
    "confidence": 0,
    "low": 33398,
    "high": 33398,
    "count": 26,
    "base": 11211.5
  },
  "11.js size": {
    "min": 380947,
    "max": 380947,
    "mean": 380947,
    "median": 380947,
    "variance": 0,
    "stdDev": 0,
    "confidence": 0,
    "low": 380947,
    "high": 380947,
    "count": 26,
    "base": 11211.5
  },
  "11.js gzip size": {
    "min": 50439,
    "max": 50439,
    "mean": 50439,
    "median": 50439,
    "variance": 0,
    "stdDev": 0,
    "confidence": 0,
    "low": 50439,
    "high": 50439,
    "count": 26,
    "base": 11211.5
  },
  "12.js size": {
    "min": 33540,
    "max": 33540,
    "mean": 33540,
    "median": 33540,
    "variance": 0,
    "stdDev": 0,
    "confidence": 0,
    "low": 33540,
    "high": 33540,
    "count": 26,
    "base": 11211.5
  },
  "12.js gzip size": {
    "min": 7528,
    "max": 7528,
    "mean": 7528,
    "median": 7528,
    "variance": 0,
    "stdDev": 0,
    "confidence": 0,
    "low": 7528,
    "high": 7528,
    "count": 26,
    "base": 11211.5
  },
  "13.js size": {
    "min": 251067,
    "max": 251067,
    "mean": 251067,
    "median": 251067,
    "variance": 0,
    "stdDev": 0,
    "confidence": 0,
    "low": 251067,
    "high": 251067,
    "count": 26,
    "base": 11211.5
  },
  "13.js gzip size": {
    "min": 67202,
    "max": 67202,
    "mean": 67202,
    "median": 67202,
    "variance": 0,
    "stdDev": 0,
    "confidence": 0,
    "low": 67202,
    "high": 67202,
    "count": 26,
    "base": 11211.5
  },
  "14.js size": {
    "min": 30564,
    "max": 30564,
    "mean": 30564,
    "median": 30564,
    "variance": 0,
    "stdDev": 0,
    "confidence": 0,
    "low": 30564,
    "high": 30564,
    "count": 26,
    "base": 11211.5
  },
  "14.js gzip size": {
    "min": 8452,
    "max": 8452,
    "mean": 8452,
    "median": 8452,
    "variance": 0,
    "stdDev": 0,
    "confidence": 0,
    "low": 8452,
    "high": 8452,
    "count": 26,
    "base": 11211.5
  },
  "15.js size": {
    "min": 562746,
    "max": 562746,
    "mean": 562746,
    "median": 562746,
    "variance": 0,
    "stdDev": 0,
    "confidence": 0,
    "low": 562746,
    "high": 562746,
    "count": 26,
    "base": 11211.5
  },
  "15.js gzip size": {
    "min": 97453,
    "max": 97453,
    "mean": 97453,
    "median": 97453,
    "variance": 0,
    "stdDev": 0,
    "confidence": 0,
    "low": 97453,
    "high": 97453,
    "count": 26,
    "base": 11211.5
  },
  "16.js size": {
    "min": 28672,
    "max": 28672,
    "mean": 28672,
    "median": 28672,
    "variance": 0,
    "stdDev": 0,
    "confidence": 0,
    "low": 28672,
    "high": 28672,
    "count": 26,
    "base": 11211.5
  },
  "16.js gzip size": {
    "min": 3067,
    "max": 3067,
    "mean": 3067,
    "median": 3067,
    "variance": 0,
    "stdDev": 0,
    "confidence": 0,
    "low": 3067,
    "high": 3067,
    "count": 26,
    "base": 11211.5
  },
  "17.js size": {
    "min": 130994,
    "max": 130994,
    "mean": 130994,
    "median": 130994,
    "variance": 0,
    "stdDev": 0,
    "confidence": 0,
    "low": 130994,
    "high": 130994,
    "count": 26,
    "base": 11211.5
  },
  "17.js gzip size": {
    "min": 25874,
    "max": 25874,
    "mean": 25874,
    "median": 25874,
    "variance": 0,
    "stdDev": 0,
    "confidence": 0,
    "low": 25874,
    "high": 25874,
    "count": 26,
    "base": 11211.5
  },
  "18.js size": {
    "min": 205539,
    "max": 205539,