{
  "cache.PackFileCacheStrategy.restore cache container": {
    "min": 45.509649,
    "max": 54.47057,
    "mean": 48.97651453333334,
    "median": 49.110051,
    "variance": 5.117188398634452,
    "stdDev": 2.2621203324833212,
    "confidence": 1.6891895418730343,
    "low": 48.13191976239682,
    "high": 49.821109304269854,
    "count": 30,
    "base": 2593.5
  },
  "cache.PackFileCacheStrategy.check build dependencies": {
    "min": 14.959035,
    "max": 20.110793,
    "mean": 16.61437713333334,
    "median": 16.1633125,
    "variance": 1.866700209363183,
    "stdDev": 1.3662723774427934,
    "confidence": 1.0202344137868238,
    "low": 16.104259926439926,
    "high": 17.12449434022675,
    "count": 30,
    "base": 2593.5
  },
  "cache.PackFileCacheStrategy.restore cache content metadata": {
    "min": 95.806352,
    "max": 114.244612,
    "mean": 104.61793103333336,
    "median": 103.69768099999999,
    "variance": 21.373704612725565,
    "stdDev": 4.6231704070611075,
    "confidence": 3.4522527337577458,
    "low": 102.89180466645449,
    "high": 106.34405740021224,
    "count": 30,
    "base": 2593.5
  },
  "cache.PackFileCacheStrategy.restore cache content": {
    "min": 749.132531,
    "max": 827.464558,
    "mean": 772.7270755333334,
    "median": 771.5633889999999,
    "variance": 265.23253727137194,
    "stdDev": 16.285961355454948,
    "confidence": 12.161190192204685,
    "low": 766.646480437231,
    "high": 778.8076706294357,
    "count": 30,
    "base": 2593.5
  },
  "stats": {
    "min": 2553,
    "max": 2835,
    "mean": 2622.5666666666666,
    "median": 2622,
    "variance": 2580.378888888889,
    "stdDev": 50.7974299437372,
    "confidence": 37.93188460526835,
    "low": 2603.6007243640324,
    "high": 2641.532608969301,
    "count": 30,
    "base": 2593.5
  },
  "heap memory": {
    "min": 232492984,
    "max": 237864056,
    "mean": 234526395.46666667,
    "median": 234033636,
    "variance": 1966213386093.5825,
    "stdDev": 1402217.3105812033,
    "confidence": 1047075.5169185996,
    "low": 234002857.70820737,
    "high": 235049933.22512597,
    "count": 30,
    "base": 2593.5
  },
  "rss memory": {
    "min": 563408896,
    "max": 567549952,
    "mean": 565240490.6666666,
    "median": 565264384,
    "variance": 1089103136176.3557,
    "stdDev": 1043601.0426290095,
    "confidence": 779286.5577409267,
    "low": 564850847.3877962,
    "high": 565630133.9455371,
    "count": 30,
    "base": 2593.5
  },
  "external memory": {
    "min": 248415035,
    "max": 248415035,
    "mean": 248415035,
    "median": 248415035,
    "variance": 0,
    "stdDev": 0,
    "confidence": 0,
    "low": 248415035,
    "high": 248415035,
    "count": 30,
    "base": 2593.5
  },
  "array buffers memory": {
    "min": 246928835,
    "max": 246928835,
    "mean": 246928835,
    "median": 246928835,
    "variance": 0,
    "stdDev": 0,
    "confidence": 0,
    "low": 246928835,
    "high": 246928835,
    "count": 30,
    "base": 2593.5
  },
  "Compiler.make hook": {
    "min": 1826.755702,
    "max": 2095.742595,
    "mean": 1877.6519322333338,
    "median": 1870.4349115,
    "variance": 2204.2414200812727,
    "stdDev": 46.949349517126144,
    "confidence": 35.05841358802081,
    "low": 1860.1227254393234,
    "high": 1895.1811390273442,
    "count": 30,
    "base": 2593.5
  },
  "Compiler.finish make hook": {
    "min": 0.106007,
    "max": 0.179513,
    "mean": 0.11924490000000001,
    "median": 0.115908,
    "variance": 0.00016452797962333333,
    "stdDev": 0.012826846051283742,
    "confidence": 0.009578170486296916,
    "low": 0.11445581475685156,
    "high": 0.12403398524314847,
    "count": 30,
    "base": 2593.5
  },
  "Compiler.finish compilation": {
    "min": 228.01724,
    "max": 274.299498,
    "mean": 257.5701056,
    "median": 259.2979535,
    "variance": 147.53059739210792,
    "stdDev": 12.14621741086944,
    "confidence": 9.06992573698912,
    "low": 253.03514273150543,
    "high": 262.10506846849455,
    "count": 30,
    "base": 2593.5
  },
  "Compiler.seal compilation": {
    "min": 421.561417,
    "max": 468.169558,
    "mean": 447.52876303333346,
    "median": 447.6600495,
    "variance": 133.8689606030001,
    "stdDev": 11.570175478487787,
    "confidence": 8.639778854930341,
    "low": 443.2088736058683,
    "high": 451.84865246079863,
    "count": 30,
    "base": 2593.5
  },
  "Compiler.afterCompile hook": {
    "min": 0.066605,
    "max": 0.110908,
    "mean": 0.07247503333333333,
    "median": 0.0702045,
    "variance": 0.00006237182256555556,
    "stdDev": 0.007897583337044033,
    "confidence": 0.005897349927605544,
    "low": 0.06952635836953056,
    "high": 0.0754237082971361,
    "count": 30,
    "base": 2593.5
  },
  "Compiler.emitAssets": {
    "min": 14.348194,
    "max": 22.254846,
    "mean": 15.644770133333333,
    "median": 15.2813075,
    "variance": 3.454832555175315,
    "stdDev": 1.8587179869940773,
    "confidence": 1.3879575457751834,
    "low": 14.950791360445741,
    "high": 16.338748906220925,
    "count": 30,
    "base": 2593.5
  },
  "Compiler.emitRecords": {
    "min": 0.082605,
    "max": 0.115508,
    "mean": 0.09017950000000001,
    "median": 0.086956,
    "variance": 0.00005994580485,
    "stdDev": 0.00774246762020998,
    "confidence": 0.005781520613446722,
    "low": 0.08728873969327665,
    "high": 0.09307026030672337,
    "count": 30,
    "base": 2593.5
  },
  "Compilation.compute affected modules": {
    "min": 0.28262,
    "max": 0.333523,
    "mean": 0.30727466666666664,
    "median": 0.301521,
    "variance": 0.00016062226102222239,
    "stdDev": 0.012673683798415613,
    "confidence": 0.009463799879199097,
    "low": 0.3025427667270671,
    "high": 0.3120065666062662,
    "count": 30,
    "base": 2593.5
  },
  "Compilation.finish modules": {
    "min": 176.062854,
    "max": 224.239631,
    "mean": 204.9264308333334,
    "median": 208.835298,
    "variance": 183.90194074092034,
    "stdDev": 13.561044972306535,
    "confidence": 10.126417686605976,
    "low": 199.8632219900304,
    "high": 209.9896396766364,
    "count": 30,
    "base": 2593.5
  },
  "Compilation.report dependency errors and warnings": {
    "min": 45.557045,
    "max": 67.667898,
    "mean": 51.77737796666666,
    "median": 48.7668825,
    "variance": 40.20251237751155,
    "stdDev": 6.3405451167475775,
    "confidence": 4.73466523738216,
    "low": 49.41004534797558,
    "high": 54.14471058535774,
    "count": 30,
    "base": 2593.5
  },
  "Compilation.optimize dependencies": {
    "min": 1.476902,
    "max": 1.965736,
    "mean": 1.6422136666666667,
    "median": 1.621912,
    "variance": 0.010312690369422221,
    "stdDev": 0.10155141736786455,
    "confidence": 0.07583132944650517,
    "low": 1.604298001943414,
    "high": 1.6801293313899193,
    "count": 30,
    "base": 2593.5
  },
  "Compilation.create chunks": {
    "min": 89.302982,
    "max": 106.627286,
    "mean": 96.8479560666667,
    "median": 93.862642,
    "variance": 20.626929863581402,
    "stdDev": 4.5416879971637645,
    "confidence": 3.3914075025519708,
    "low": 95.15225231539071,
    "high": 98.54365981794268,
    "count": 30,
    "base": 2593.5
  },
  "Compilation.compute affected modules with chunk graph": {
    "min": 0.184813,
    "max": 0.332223,
    "mean": 0.23780653333333338,
    "median": 0.2347665,
    "variance": 0.0005155846000488889,
    "stdDev": 0.022706488060659863,
    "confidence": 0.016955579954769873,
    "low": 0.22932874335594844,
    "high": 0.2462843233107183,
    "count": 30,
    "base": 2593.5
  },
  "Compilation.optimize": {
    "min": 77.042936,
    "max": 90.758792,
    "mean": 85.34051976666669,
    "median": 85.9008115,
    "variance": 11.740817020534312,
    "stdDev": 3.4264875631664435,
    "confidence": 2.5586556444169446,
    "low": 84.06119194445822,
    "high": 86.61984758887516,
    "count": 30,
    "base": 2593.5
  },
  "Compilation.module hashing": {
    "min": 125.519329,
    "max": 143.605446,