{
  "cache.PackFileCacheStrategy.restore cache container": {
    "min": 40.337296,
    "max": 53.301065,
    "mean": 42.10170023333334,
    "median": 41.538351,
    "variance": 5.694807319844847,
    "stdDev": 2.386379542286777,
    "confidence": 1.7819774252881473,
    "low": 41.210711520689266,
    "high": 42.99268894597741,
    "count": 30,
    "base": 4870
  },
  "cache.PackFileCacheStrategy.check build dependencies": {
    "min": 18.508955,
    "max": 27.760674,
    "mean": 22.456812033333335,
    "median": 22.268655,
    "variance": 2.5563489881631662,
    "stdDev": 1.598858651714768,
    "confidence": 1.1939131949028265,
    "low": 21.859855435881922,
    "high": 23.05376863078475,
    "count": 30,
    "base": 4870
  },
  "cache.PackFileCacheStrategy.restore cache content metadata": {
    "min": 135.995566,
    "max": 159.768325,
    "mean": 142.2722959666667,
    "median": 141.0312155,
    "variance": 28.373377331426234,
    "stdDev": 5.326666624768837,
    "confidence": 3.97757335292863,
    "low": 140.28350929020237,
    "high": 144.261082643131,
    "count": 30,
    "base": 4870
  },
  "cache.PackFileCacheStrategy.restore cache content": {
    "min": 1021.120376,
    "max": 1140.152278,
    "mean": 1117.5044124333333,
    "median": 1123.994353,
    "variance": 535.7238688312497,
    "stdDev": 23.145709512375067,
    "confidence": 17.283559095467808,
    "low": 1108.8626328855994,
    "high": 1126.1461919810672,
    "count": 30,
    "base": 4870
  },
  "stats": {
    "min": 4517,
    "max": 4910,
    "mean": 4760.166666666667,
    "median": 4767,
    "variance": 4311.738888888888,
    "stdDev": 65.66383242614528,
    "confidence": 49.03304984301394,
    "low": 4735.65014174516,
    "high": 4784.683191588174,
    "count": 30,
    "base": 4870
  },
  "heap memory": {
    "min": 342132488,
    "max": 447302392,
    "mean": 351950511.73333335,
    "median": 349497220,
    "variance": 322093732381356.75,
    "stdDev": 17946970.005584694,
    "confidence": 13401512.55723095,
    "low": 345249755.4547179,
    "high": 358651268.0119488,
    "count": 30,
    "base": 4870
  },
  "rss memory": {
    "min": 637530112,
    "max": 691462144,
    "mean": 652536354.1333333,
    "median": 651626496,
    "variance": 82888355163814.14,
    "stdDev": 9104304.21085621,
    "confidence": 6798442.699167252,
    "low": 649137132.7837497,
    "high": 655935575.482917,
    "count": 30,
    "base": 4870
  },
  "external memory": {
    "min": 157918434,
    "max": 165946305,
    "mean": 165652221.83333334,
    "median": 165913537,
    "variance": 2062568763789.4731,
    "stdDev": 1436164.6019135388,
    "confidence": 1072424.9241406918,
    "low": 165116009.371263,
    "high": 166188434.2954037,
    "count": 30,
    "base": 4870
  },
  "array buffers memory": {
    "min": 156692101,
    "max": 164719972,
    "mean": 164425888.83333334,
    "median": 164687204,
    "variance": 2062568763789.4731,
    "stdDev": 1436164.6019135388,
    "confidence": 1072424.9241406918,
    "low": 163889676.371263,
    "high": 164962101.2954037,
    "count": 30,
    "base": 4870
  },
  "Compiler.make hook": {
    "min": 2932.7949049999997,
    "max": 3103.100749,
    "mean": 3002.3391844666676,
    "median": 3001.939046,
    "variance": 1328.490595928804,
    "stdDev": 36.44846493240564,
    "confidence": 27.217104632783958,
    "low": 2988.7306321502756,
    "high": 3015.9477367830596,
    "count": 30,
    "base": 4870
  },
  "Compiler.finish make hook": {
    "min": 0.107607,
    "max": 0.143004,
    "mean": 0.11641823333333329,
    "median": 0.11490600000000001,
    "variance": 0.00007077296457888887,
    "stdDev": 0.008412666912394005,
    "confidence": 0.006281977472028244,
    "low": 0.11327724459731917,
    "high": 0.11955922206934741,
    "count": 30,
    "base": 4870
  },
  "Compiler.finish compilation": {
    "min": 313.172301,
    "max": 350.561236,
    "mean": 326.18689529999995,
    "median": 325.117465,
    "variance": 64.31003686101346,
    "stdDev": 8.019353892989974,
    "confidence": 5.988279462457513,
    "low": 323.1927555687712,
    "high": 329.1810350312287,
    "count": 30,
    "base": 4870
  },
  "Compiler.seal compilation": {
    "min": 1108.444132,
    "max": 1438.578217,
    "mean": 1387.4220243666668,
    "median": 1402.8672095,
    "variance": 3951.5433720054625,
    "stdDev": 62.86130265915162,
    "confidence": 46.94032121791952,
    "low": 1363.951863757707,
    "high": 1410.8921849756266,
    "count": 30,
    "base": 4870
  },
  "Compiler.afterCompile hook": {
    "min": 0.087906,
    "max": 4.310495,
    "mean": 0.23969696666666665,
    "median": 0.091205,
    "variance": 0.5719044817177655,
    "stdDev": 0.7562436655719937,
    "confidence": 0.5220512854551785,
    "low": 0,
    "high": 0.5220512854551785,
    "count": 30,
    "base": 4870
  },
  "Compiler.emitAssets": {
    "min": 14.752159,
    "max": 158.695373,
    "mean": 26.685021600000006,
    "median": 87.42400749999999,
    "variance": 884.9622600924757,
    "stdDev": 29.748315247967838,
    "confidence": 22.21391244472177,
    "low": 15.57806537763912,
    "high": 37.79197782236089,
    "count": 30,
    "base": 4870
  },
  "Compiler.emitRecords": {
    "min": 0.108507,
    "max": 0.215306,
    "mean": 0.1183949666666667,
    "median": 0.11235300000000001,
    "variance": 0.00039050962569888895,
    "stdDev": 0.019761316395900577,
    "confidence": 0.014756336570722867,
    "low": 0.11101679838130527,
    "high": 0.12577313495202813,
    "count": 30,
    "base": 4870
  },
  "FlagDependencyExportsPlugin.restore cached provided exports": {
    "min": 78.140564,
    "max": 96.384021,
    "mean": 85.2122164,
    "median": 84.3565275,
    "variance": 22.312359958548583,
    "stdDev": 4.7235960833403805,
    "confidence": 3.5272434403397597,
    "low": 83.44859467983012,
    "high": 86.97583812016988,
    "count": 30,
    "base": 4870
  },
  "FlagDependencyExportsPlugin.figure out provided exports": {
    "min": 138.318197,
    "max": 164.856933,
    "mean": 146.8941176666667,
    "median": 145.39324699999997,
    "variance": 43.096653716642024,
    "stdDev": 6.564804164378556,
    "confidence": 4.902125841705015,
    "low": 144.44305474581418,
    "high": 149.3451805875192,
    "count": 30,
    "base": 4870
  },
  "FlagDependencyExportsPlugin.store provided exports into cache": {
    "min": 0.115704,
    "max": 0.295216,
    "mean": 0.14190936666666668,
    "median": 0.1310535,
    "variance": 0.0014250040474988886,
    "stdDev": 0.037749225786748115,
    "confidence": 0.02818841973042957,
    "low": 0.1278151568014519,
    "high": 0.15600357653188146,
    "count": 30,
    "base": 4870
  },
  "Compilation.finish modules": {
    "min": 223.471633,
    "max": 261.372682,
    "mean": 235.32052603333335,
    "median": 233.71752049999998,
    "variance": 66.79882667020294,
    "stdDev": 8.173054916627132,
    "confidence": 6.103052385000524,
    "low": 232.2689998408331,
    "high": 238.3720522258336,
    "count": 30,
    "base": 4870
  },
  "Compilation.report dependency errors and warnings": {
    "min": 86.188606,
    "max": 98.440922,
    "mean": 90.38885910000002,
    "median": 90.1529395,
    "variance": 6.6467218201128295,
    "stdDev": 2.5781237014761005,
    "confidence": 1.925158238336337,
    "low": 89.42627998083185,
    "high": 91.35143821916819,
    "count": 30,
    "base": 4870
  },
  "Compilation.optimize dependencies": {
    "min": 126.174865,
    "max": 137.556664,
    "mean": 130.82774653333334,
    "median": 130.1786095,
    "variance": 8.234142016191191,
    "stdDev": 2.8695194747886257,
    "confidence": 2.1427517437557526,
    "low": 129.75637066145546,
    "high": 131.89912240521122,
    "count": 30,
    "base": 4870
  },
  "Compilation.create chunks": {
    "min": 189.992169,
    "max": 213.436677,
    "mean": 196.7673461999999,
    "median": 196.7273365,
    "variance": 27.50687943300799,
    "stdDev": 5.244700128034776,
    "confidence": 3.9163666403240995,