{
  "cache.PackFileCacheStrategy.restore cache container": {
    "min": 33.222309,
    "max": 34.685263,
    "mean": 33.95610023333333,
    "median": 34.026697,
    "variance": 0.12688823467051205,
    "stdDev": 0.35621374857031,
    "confidence": 0.2659949296754718,
    "low": 33.823102768495595,
    "high": 34.08909769817107,
    "count": 30,
    "base": 997
  },
  "cache.PackFileCacheStrategy.check build dependencies": {
    "min": 17.772861,
    "max": 18.858284,
    "mean": 18.228022766666673,
    "median": 18.1874695,
    "variance": 0.07204401827811223,
    "stdDev": 0.268410167985701,
    "confidence": 0.20042950066944343,
    "low": 18.12780801633195,
    "high": 18.328237517001394,
    "count": 30,
    "base": 997
  },
  "cache.PackFileCacheStrategy.restore cache content metadata": {
    "min": 34.397872,
    "max": 41.097169,
    "mean": 36.82918496666665,
    "median": 36.624693,
    "variance": 2.4373222131893,
    "stdDev": 1.5611925612137985,
    "confidence": 1.1657868546529926,
    "low": 36.246291539340156,
    "high": 37.41207839399315,
    "count": 30,
    "base": 997
  },
  "cache.PackFileCacheStrategy.restore cache content": {
    "min": 219.709704,
    "max": 244.006569,
    "mean": 227.90994113333332,
    "median": 227.456163,
    "variance": 29.710424163903735,
    "stdDev": 5.450726939033338,
    "confidence": 4.070212715392131,
    "low": 225.87483477563725,
    "high": 229.94504749102938,
    "count": 30,
    "base": 997
  },
  "stats": {
    "min": 913,
    "max": 986,
    "mean": 940.2666666666667,
    "median": 939.5,
    "variance": 172.59555555555556,
    "stdDev": 13.137562770756057,
    "confidence": 9.810191491316345,
    "low": 935.3615709210085,
    "high": 945.1717624123248,
    "count": 30,
    "base": 997
  },
  "heap memory": {
    "min": 83876296,
    "max": 102231368,
    "mean": 88686088.53333333,
    "median": 88350292,
    "variance": 16344929734600.256,
    "stdDev": 4042886.3123516417,
    "confidence": 3018938.1085262895,
    "low": 87176619.47907019,
    "high": 90195557.58759648,
    "count": 30,
    "base": 997
  },
  "rss memory": {
    "min": 210055168,
    "max": 270450688,
    "mean": 219283046.4,
    "median": 211742720,
    "variance": 305884603882318.56,
    "stdDev": 17489556.99502759,
    "confidence": 13059949.26254028,
    "low": 212753071.76872987,
    "high": 225813021.03127015,
    "count": 30,
    "base": 997
  },
  "external memory": {
    "min": 45067266,
    "max": 83391923,
    "mean": 51454708.833333336,
    "median": 45067266,
    "variance": 203997129745506.8,
    "stdDev": 14282756.377727194,
    "confidence": 10665340.104118899,
    "low": 46122038.78127389,
    "high": 56787378.885392785,
    "count": 30,
    "base": 997
  },
  "array buffers memory": {
    "min": 43577950,
    "max": 81902607,
    "mean": 49965392.833333336,
    "median": 43577950,
    "variance": 203997129745506.8,
    "stdDev": 14282756.377727194,
    "confidence": 10665340.104118899,
    "low": 44632722.78127389,
    "high": 55298062.885392785,
    "count": 30,
    "base": 997
  },
  "Compiler.make hook": {
    "min": 687.658745,
    "max": 739.442776,
    "mean": 711.7123960666668,
    "median": 710.2206405,
    "variance": 112.26772287272934,
    "stdDev": 10.595646411273327,
    "confidence": 7.912070304261533,
    "low": 707.756360914536,
    "high": 715.6684312187975,
    "count": 30,
    "base": 997
  },
  "Compiler.finish make hook": {
    "min": 0.084137,
    "max": 0.133609,
    "mean": 0.10029983333333332,
    "median": 0.0949175,
    "variance": 0.00022680297320555555,
    "stdDev": 0.015059979190077108,
    "confidence": 0.011245714466823736,
    "low": 0.09467697609992146,
    "high": 0.10592269056674519,
    "count": 30,
    "base": 997
  },
  "Compiler.finish compilation": {
    "min": 58.165111,
    "max": 68.795576,
    "mean": 62.602932833333334,
    "median": 62.3455575,
    "variance": 6.3444563952363335,
    "stdDev": 2.5188204372754193,
    "confidence": 1.8808748055550524,
    "low": 61.66249543055581,
    "high": 63.54337023611086,
    "count": 30,
    "base": 997
  },
  "Compiler.seal compilation": {
    "min": 133.184308,
    "max": 160.715223,
    "mean": 143.7624502,
    "median": 143.18641,
    "variance": 30.63234445315898,
    "stdDev": 5.534649442662017,
    "confidence": 4.132880033934725,
    "low": 141.69601018303263,
    "high": 145.82889021696735,
    "count": 30,
    "base": 997
  },
  "Compiler.afterCompile hook": {
    "min": 0.052277,
    "max": 0.057848,
    "mean": 0.05423923333333334,
    "median": 0.0533845,
    "variance": 0.000003290334312222223,
    "stdDev": 0.0018139278685279144,
    "confidence": 0.001354511491378399,
    "low": 0.05356197758764414,
    "high": 0.05491648907902254,
    "count": 30,
    "base": 997
  },
  "Compiler.emitAssets": {
    "min": 5.249724,
    "max": 8.083053,
    "mean": 6.0410609,
    "median": 6.057689,
    "variance": 0.35910046362542336,
    "stdDev": 0.5992499175013906,
    "confidence": 0.44747694412012073,
    "low": 5.817322427939939,
    "high": 6.26479937206006,
    "count": 30,
    "base": 997
  },
  "Compiler.emitRecords": {
    "min": 0.059,
    "max": 0.107561,
    "mean": 0.06424646666666665,
    "median": 0.062156,
    "variance": 0.00007038202344888891,
    "stdDev": 0.008389399468906515,
    "confidence": 0.006264603010713875,
    "low": 0.06111416516130972,
    "high": 0.0673787681720236,
    "count": 30,
    "base": 997
  },
  "Compilation.compute affected modules": {
    "min": 0.210403,
    "max": 0.309839,
    "mean": 0.23795846666666665,
    "median": 0.217066,
    "variance": 0.0013771171479155556,
    "stdDev": 0.03710952907159502,
    "confidence": 0.027710740013002305,
    "low": 0.2241030966601655,
    "high": 0.2518138366731678,
    "count": 30,
    "base": 997
  },
  "Compilation.finish modules": {
    "min": 30.806362,
    "max": 40.515725,
    "mean": 35.50699106666666,
    "median": 35.650935000000004,
    "variance": 5.192133566944863,
    "stdDev": 2.278625367835806,
    "confidence": 1.7015143208449217,
    "low": 34.656233906244196,
    "high": 36.35774822708912,
    "count": 30,
    "base": 997
  },
  "Compilation.report dependency errors and warnings": {
    "min": 23.717459,
    "max": 29.634365,
    "mean": 26.457917766666665,
    "median": 26.648667500000002,
    "variance": 3.438829798910778,
    "stdDev": 1.8544082071946235,
    "confidence": 1.384739310714707,
    "low": 25.76554811130931,
    "high": 27.150287422024018,
    "count": 30,
    "base": 997
  },
  "Compilation.optimize dependencies": {
    "min": 0.668881,
    "max": 0.886427,
    "mean": 0.7320025333333332,
    "median": 0.718628,
    "variance": 0.0022408932100488888,
    "stdDev": 0.04733807357771214,
    "confidence": 0.03534868489162357,
    "low": 0.7143281908875214,
    "high": 0.749676875779145,
    "count": 30,
    "base": 997
  },
  "Compilation.create chunks": {
    "min": 23.885541,
    "max": 35.040441,
    "mean": 27.80202076666667,
    "median": 28.269475,
    "variance": 8.324964029232714,
    "stdDev": 2.8853013758068173,
    "confidence": 2.154536537768685,
    "low": 26.724752497782326,
    "high": 28.87928903555101,
    "count": 30,
    "base": 997
  },
  "Compilation.compute affected modules with chunk graph": {
    "min": 0.11781,
    "max": 0.154268,
    "mean": 0.12398560000000002,
    "median": 0.121487,
    "variance": 0.000044671031306666637,
    "stdDev": 0.006683639076630832,
    "confidence": 0.004990863247979746,
    "low": 0.12149016837601014,
    "high": 0.12648103162398988,
    "count": 30,
    "base": 997
  },
  "Compilation.optimize": {
    "min": 20.924326,
    "max": 27.968484,
    "mean": 24.259071533333334,
    "median": 24.178272,
    "variance": 3.3525701944824493,
    "stdDev": 1.8310025107799415,
    "confidence": 1.367261612010445,
    "low": 23.57544072732811,
    "high": 24.942702339338556,
    "count": 30,
    "base": 997
  },