{
  "stats": {
    "min": 36710,
    "max": 38526,
    "mean": 37666.25,
    "median": 37686.5,
    "variance": 263229.1875,
    "stdDev": 513.0586589270275,
    "confidence": 857.9918625064893,
    "low": 37237.254068746755,
    "high": 38095.245931253245,
    "count": 8,
    "base": 40132
  },
  "heap memory": {
    "min": 256645176,
    "max": 368658624,
    "mean": 314136510,
    "median": 294357548,
    "variance": 1750777827797532,
    "stdDev": 41842297.11425428,
    "confidence": 69973188.85074067,
    "low": 279149915.57462966,
    "high": 349123104.42537034,
    "count": 8,
    "base": 40132
  },
  "rss memory": {
    "min": 552325120,
    "max": 766066688,
    "mean": 642678272,
    "median": 607332352,
    "variance": 7384232969895936,
    "stdDev": 85931559.80136713,
    "confidence": 143703995.16548967,
    "low": 570826274.4172552,
    "high": 714530269.5827448,
    "count": 8,
    "base": 40132
  },
  "external memory": {
    "min": 116814556,
    "max": 116921952,
    "mean": 116869460.875,
    "median": 116865489.5,
    "variance": 1190880154.359375,
    "stdDev": 34509.13146341668,
    "confidence": 57709.88065907359,
    "low": 116840605.93467046,
    "high": 116898315.81532954,
    "count": 8,
    "base": 40132
  },
  "array buffers memory": {
    "min": 115356581,
    "max": 115448713,
    "mean": 115399085.375,
    "median": 115401637,
    "variance": 965454564.984375,
    "stdDev": 31071.764754908516,
    "confidence": 51961.54640325904,
    "low": 115373104.60179837,
    "high": 115425066.14820163,
    "count": 8,
    "base": 40132
  },
  "Compiler.make hook": {
    "min": 34843.521695,
    "max": 36712.392745,
    "mean": 35802.713660625,
    "median": 35756.331453499995,
    "variance": 266725.3882681321,
    "stdDev": 516.4546333107412,
    "confidence": 863.6709760655503,
    "low": 35370.87817259222,
    "high": 36234.549148657774,
    "count": 8,
    "base": 40132
  },
  "Compiler.finish make hook": {
    "min": 0.092299,
    "max": 0.098699,
    "mean": 0.09534925,
    "median": 0.0953495,
    "variance": 0.000003424800187499988,
    "stdDev": 0.0018506215678792863,
    "confidence": 0.0030948083970360474,
    "low": 0.09380184580148197,
    "high": 0.09689665419851802,
    "count": 8,
    "base": 40132
  },
  "Compiler.finish compilation": {
    "min": 241.871716,
    "max": 270.287943,
    "mean": 256.013572625,
    "median": 254.08879100000001,
    "variance": 118.75078619097852,
    "stdDev": 10.897283431708038,
    "confidence": 18.22360922118662,
    "low": 246.90176801440668,
    "high": 265.1253772355933,
    "count": 8,
    "base": 40132
  },
  "Compiler.seal compilation": {
    "min": 1222.775791,
    "max": 1428.912904,
    "mean": 1304.279694,
    "median": 1253.9603455000001,
    "variance": 7129.479967464383,
    "stdDev": 84.43624794757511,
    "confidence": 141.20337388147118,
    "low": 1233.6780070592645,
    "high": 1374.8813809407357,
    "count": 8,
    "base": 40132
  },
  "Compiler.afterCompile hook": {
    "min": 0.0576,
    "max": 0.062499,
    "mean": 0.058987125,
    "median": 0.0586,
    "variance": 0.000001910384609374999,
    "stdDev": 0.0013821666358927202,
    "confidence": 0.0023114076832929653,
    "low": 0.05783142115835352,
    "high": 0.060142828841646484,
    "count": 8,
    "base": 40132
  },
  "Compiler.emitAssets": {
    "min": 185.830482,
    "max": 426.621458,
    "mean": 283.369197875,
    "median": 267.1984215,
    "variance": 6285.267678742086,
    "stdDev": 79.27968011251109,
    "confidence": 132.5800066232315,
    "low": 217.07919456338425,
    "high": 349.65920118661575,
    "count": 8,
    "base": 40132
  },
  "Compiler.emitRecords": {
    "min": 0.0738,
    "max": 0.217799,
    "mean": 0.0999995,
    "median": 0.0794995,
    "variance": 0.0020908532752499996,
    "stdDev": 0.045725849092717784,
    "confidence": 0.07646768209662229,
    "low": 0.061765658951688854,
    "high": 0.13823334104831114,
    "count": 8,
    "base": 40132
  },
  "Compilation.compute affected modules": {
    "min": 0.257098,
    "max": 0.310099,
    "mean": 0.27147387500000003,
    "median": 0.267049,
    "variance": 0.0002451604688593753,
    "stdDev": 0.015657600993107958,
    "confidence": 0.026184324160038797,
    "low": 0.25838171291998063,
    "high": 0.28456603708001943,
    "count": 8,
    "base": 40132
  },
  "Compilation.finish modules": {
    "min": 195.700642,
    "max": 222.637862,
    "mean": 206.780393125,
    "median": 206.41022700000002,
    "variance": 60.94975421118268,
    "stdDev": 7.807032356227472,
    "confidence": 13.055759054873874,
    "low": 200.25251359756305,
    "high": 213.30827265243693,
    "count": 8,
    "base": 40132
  },
  "Compilation.report dependency errors and warnings": {
    "min": 43.692681,
    "max": 59.422501,
    "mean": 48.483132875,
    "median": 45.8705195,
    "variance": 28.362551176676348,
    "stdDev": 5.325650305519162,
    "confidence": 8.90612514804181,
    "low": 44.0300703009791,
    "high": 52.93619544902091,
    "count": 8,
    "base": 40132
  },
  "Compilation.optimize dependencies": {
    "min": 1.221394,
    "max": 1.389793,
    "mean": 1.2862559999999998,
    "median": 1.2866434999999998,
    "variance": 0.0022546475064999993,
    "stdDev": 0.047483128651132495,
    "confidence": 0.0794063939476648,
    "low": 1.2465528030261674,
    "high": 1.3259591969738322,
    "count": 8,
    "base": 40132
  },
  "Compilation.create chunks": {
    "min": 90.785447,
    "max": 103.164873,
    "mean": 96.71606750000001,
    "median": 93.2848845,
    "variance": 17.761277611637,
    "stdDev": 4.214413080327675,
    "confidence": 7.047794760396641,
    "low": 93.19217011980169,
    "high": 100.23996488019833,
    "count": 8,
    "base": 40132
  },
  "Compilation.compute affected modules with chunk graph": {
    "min": 0.167699,
    "max": 0.207499,
    "mean": 0.19447399999999998,
    "median": 0.199949,
    "variance": 0.00019306187500000001,
    "stdDev": 0.013894670740971159,
    "confidence": 0.023236162611292743,
    "low": 0.1828559186943536,
    "high": 0.20609208130564635,
    "count": 8,
    "base": 40132
  },
  "Compilation.optimize": {
    "min": 60.882102,
    "max": 166.18605,
    "mean": 79.22601575,
    "median": 66.248372,
    "variance": 1093.8119257820051,
    "stdDev": 33.07282760487838,
    "confidence": 55.307938890280724,
    "low": 51.57204630485964,
    "high": 106.87998519514036,
    "count": 8,
    "base": 40132
  },
  "Compilation.module hashing": {
    "min": 127.097165,
    "max": 185.703151,
    "mean": 142.66368749999998,
    "median": 137.6598205,
    "variance": 285.9416815864219,
    "stdDev": 16.909810217338983,
    "confidence": 28.278403084255103,
    "low": 128.52448595787243,
    "high": 156.80288904212753,
    "count": 8,
    "base": 40132
  },
  "Compilation.code generation": {
    "min": 541.66068,
    "max": 703.787625,
    "mean": 594.34244975,
    "median": 562.788001,
    "variance": 3560.1432230201326,
    "stdDev": 59.666935760269546,
    "confidence": 99.78146641179615,
    "low": 544.4517165441019,
    "high": 644.2331829558981,
    "count": 8,
    "base": 40132
  },
  "Compilation.runtime requirements.modules": {
    "min": 14.19723,
    "max": 62.231396,
    "mean": 22.501588374999997,
    "median": 15.701721,
    "variance": 233.8995034110742,
    "stdDev": 15.293773354246957,
    "confidence": 25.57589245721843,
    "low": 9.71364214639078,
    "high": 35.28953460360921,
    "count": 8,
    "base": 40132
  },
  "Compilation.runtime requirements.chunks": {
    "min": 4.481078,
    "max": 12.658438,
    "mean": 5.660321875,
    "median": 4.633827,
    "variance": 7.009298946077109,
    "stdDev": 2.647508063458374,
    "confidence": 4.42744769012984,
    "low": 3.4465980299350796,
    "high": 7.87404572006492,
    "count": 8,
    "base": 40132
  },
  "Compilation.runtime requirements.entries": {
    "min": 2.272289,
    "max": 10.498448,
    "mean": 3.3557457499999996,