{
  "stats": {
    "min": 10590,
    "max": 11123,
    "mean": 10844.166666666666,
    "median": 10832.5,
    "variance": 17979.305555555555,
    "stdDev": 134.0869328292491,
    "confidence": 113.25863471814228,
    "low": 10787.537349307595,
    "high": 10900.795984025737,
    "count": 24,
    "base": 10346
  },
  "heap memory": {
    "min": 356222824,
    "max": 637272664,
    "mean": 580005155.3333334,
    "median": 609257868,
    "variance": 7116323660971052,
    "stdDev": 84358305.2281816,
    "confidence": 71254568.03048038,
    "low": 544377871.3180932,
    "high": 615632439.3485736,
    "count": 24,
    "base": 10346
  },
  "rss memory": {
    "min": 756523008,
    "max": 856309760,
    "mean": 813925376,
    "median": 812947456,
    "variance": 511468220623530.7,
    "stdDev": 22615663.1701025,
    "confidence": 19102675.255857944,
    "low": 804374038.372071,
    "high": 823476713.627929,
    "count": 24,
    "base": 10346
  },
  "external memory": {
    "min": 99976277,
    "max": 99992661,
    "mean": 99985151.66666667,
    "median": 99984469,
    "variance": 21903587.555555556,
    "stdDev": 4680.12687387378,
    "confidence": 3953.1427026987076,
    "low": 99983175.09531532,
    "high": 99987128.23801802,
    "count": 24,
    "base": 10346
  },
  "array buffers memory": {
    "min": 98516324,
    "max": 98532708,
    "mean": 98525198.66666667,
    "median": 98524516,
    "variance": 21903587.555555556,
    "stdDev": 4680.12687387378,
    "confidence": 3953.1427026987076,
    "low": 98523222.09531532,
    "high": 98527175.23801802,
    "count": 24,
    "base": 10346
  },
  "Compiler.make hook": {
    "min": 7781.02761,
    "max": 8199.359857,
    "mean": 7964.9343495,
    "median": 7951.1082575,
    "variance": 8126.836924377975,
    "stdDev": 90.14897073388012,
    "confidence": 76.14574463842109,
    "low": 7926.86147718079,
    "high": 8003.007221819211,
    "count": 24,
    "base": 10346
  },
  "Compiler.finish make hook": {
    "min": 0.089601,
    "max": 0.160802,
    "mean": 0.09868033333333333,
    "median": 0.09485099999999999,
    "variance": 0.00019769373138888888,
    "stdDev": 0.014060360286596104,
    "confidence": 0.011876304246089014,
    "low": 0.09274218121028882,
    "high": 0.10461848545637784,
    "count": 24,
    "base": 10346
  },
  "Compiler.finish compilation": {
    "min": 518.6694,
    "max": 559.873081,
    "mean": 540.0893980833332,
    "median": 542.5767955,
    "variance": 174.67862980473683,
    "stdDev": 13.216604322016183,
    "confidence": 11.163612512694726,
    "low": 534.5075918269858,
    "high": 545.6712043396806,
    "count": 24,
    "base": 10346
  },
  "Compiler.seal compilation": {
    "min": 1919.175168,
    "max": 2080.235567,
    "mean": 2017.489209000001,
    "median": 2021.9679635,
    "variance": 1542.7220446356444,
    "stdDev": 39.27750048864673,
    "confidence": 33.176357953911975,
    "low": 2000.901030023045,
    "high": 2034.077387976957,
    "count": 24,
    "base": 10346
  },
  "Compiler.afterCompile hook": {
    "min": 0.060801,
    "max": 0.086901,
    "mean": 0.06778820833333332,
    "median": 0.06565,
    "variance": 0.00004173022833159723,
    "stdDev": 0.006459893832842551,
    "confidence": 0.005456450830026743,
    "low": 0.06505998291831995,
    "high": 0.0705164337483467,
    "count": 24,
    "base": 10346
  },
  "Compiler.emitAssets": {
    "min": 244.460955,
    "max": 594.224742,
    "mean": 300.809363,
    "median": 265.4095085,
    "variance": 10890.251526048138,
    "stdDev": 104.35636792284474,
    "confidence": 88.14624591448137,
    "low": 256.73624004275933,
    "high": 344.8824859572407,
    "count": 24,
    "base": 10346
  },
  "Compiler.emitRecords": {
    "min": 0.074101,
    "max": 0.087301,
    "mean": 0.07871358333333335,
    "median": 0.0787515,
    "variance": 0.0000070085917430555505,
    "stdDev": 0.002647374499963228,
    "confidence": 0.0022361464695093425,
    "low": 0.07759551009857868,
    "high": 0.07983165656808802,
    "count": 24,
    "base": 10346
  },
  "Compilation.compute affected modules": {
    "min": 62.922699,
    "max": 73.465807,
    "mean": 66.40289791666667,
    "median": 65.7659475,
    "variance": 5.770760118416658,
    "stdDev": 2.4022406454010095,
    "confidence": 2.029090307472501,
    "low": 65.38835276293042,
    "high": 67.41744307040292,
    "count": 24,
    "base": 10346
  },
  "Compilation.finish modules": {
    "min": 348.65224,
    "max": 389.508172,
    "mean": 368.41365841666675,
    "median": 367.54680199999996,
    "variance": 116.44262704672144,
    "stdDev": 10.7908584944258,
    "confidence": 9.1146681837497,
    "low": 363.8563243247919,
    "high": 372.9709925085416,
    "count": 24,
    "base": 10346
  },
  "Compilation.report dependency errors and warnings": {
    "min": 90.446108,
    "max": 123.654796,
    "mean": 104.54513620833335,
    "median": 108.2425595,
    "variance": 55.39239075750792,
    "stdDev": 7.44260644918888,
    "confidence": 6.286514482757269,
    "low": 101.40187896695471,
    "high": 107.68839344971198,
    "count": 24,
    "base": 10346
  },
  "Compilation.optimize dependencies": {
    "min": 127.382466,
    "max": 150.495952,
    "mean": 133.8870367083333,
    "median": 133.6908985,
    "variance": 19.535962561596197,
    "stdDev": 4.419950515740668,
    "confidence": 3.7333806536690304,
    "low": 132.0203463814988,
    "high": 135.75372703516783,
    "count": 24,
    "base": 10346
  },
  "Compilation.create chunks": {
    "min": 182.527903,
    "max": 213.507454,
    "mean": 196.2425565416667,
    "median": 195.0265925,
    "variance": 42.565373021273395,
    "stdDev": 6.5242143604631355,
    "confidence": 5.510780174347985,
    "low": 193.4871664544927,
    "high": 198.99794662884068,
    "count": 24,
    "base": 10346
  },
  "Compilation.compute affected modules with chunk graph": {
    "min": 55.893284,
    "max": 73.345467,
    "mean": 59.661727625000005,
    "median": 58.870228,
    "variance": 14.895078074701319,
    "stdDev": 3.8594142139321246,
    "confidence": 3.2599148586565008,
    "low": 58.031770195671754,
    "high": 61.291685054328255,
    "count": 24,
    "base": 10346
  },
  "Compilation.optimize": {
    "min": 175.19272,
    "max": 214.434298,
    "mean": 187.71713575,
    "median": 187.8204475,
    "variance": 72.21050607872617,
    "stdDev": 8.497676510595479,
    "confidence": 7.1776959884082885,
    "low": 184.12828775579587,
    "high": 191.30598374420416,
    "count": 24,
    "base": 10346
  },
  "Compilation.module hashing": {
    "min": 220.226528,
    "max": 263.623786,
    "mean": 240.53625887500002,
    "median": 240.802815,
    "variance": 100.52568541588194,
    "stdDev": 10.02624981814646,
    "confidence": 8.468829451057331,
    "low": 236.30184414947135,
    "high": 244.77067360052868,
    "count": 24,
    "base": 10346
  },
  "Compilation.code generation": {
    "min": 672.419537,
    "max": 783.648189,
    "mean": 726.3816101666666,
    "median": 724.2296245,
    "variance": 726.9514072722314,
    "stdDev": 26.96203640810967,
    "confidence": 22.773907705771762,
    "low": 714.9946563137808,
    "high": 737.7685640195525,
    "count": 24,
    "base": 10346
  },
  "Compilation.runtime requirements.modules": {
    "min": 43.411246,
    "max": 49.551795,
    "mean": 46.69904833333334,
    "median": 46.722006,
    "variance": 3.045990253865973,
    "stdDev": 1.7452765551241365,
    "confidence": 1.474175265763293,
    "low": 45.96196070045169,
    "high": 47.436135966214984,
    "count": 24,
    "base": 10346
  },
  "Compilation.runtime requirements.chunks": {
    "min": 8.741824,
    "max": 9.638888,
    "mean": 9.237728583333334,
    "median": 9.244530000000001,
    "variance": 0.0438460027814098,
    "stdDev": 0.20939437141769068,
    "confidence": 0.17686824602537143,
    "low": 9.149294460320649,
    "high": 9.32616270634602,
    "count": 24,
    "base": 10346
  },
  "Compilation.runtime requirements.entries": {
    "min": 2.578936,