{
  "cache.PackFileCacheStrategy.restore cache container": {
    "min": 34.563664,
    "max": 37.477758,
    "mean": 35.9613314,
    "median": 35.81235,
    "variance": 0.4616011205029061,
    "stdDev": 0.679412334670858,
    "confidence": 0.5073364992417027,
    "low": 35.70766315037915,
    "high": 36.21499964962085,
    "count": 30,
    "base": 1717
  },
  "cache.PackFileCacheStrategy.check build dependencies": {
    "min": 13.847192,
    "max": 20.756949,
    "mean": 16.29394116666667,
    "median": 16.724849,
    "variance": 2.592197680452939,
    "stdDev": 1.6100303352586058,
    "confidence": 1.2022554085049872,
    "low": 15.692813462414177,
    "high": 16.895068870919165,
    "count": 30,
    "base": 1717
  },
  "cache.PackFileCacheStrategy.restore cache content metadata": {
    "min": 63.103058,
    "max": 74.969228,
    "mean": 67.92028293333334,
    "median": 67.713038,
    "variance": 6.594784679921393,
    "stdDev": 2.568031284840859,
    "confidence": 1.9176219440076636,
    "low": 66.96147196132951,
    "high": 68.87909390533717,
    "count": 30,
    "base": 1717
  },
  "cache.PackFileCacheStrategy.restore cache content": {
    "min": 492.967457,
    "max": 540.270129,
    "mean": 507.87332166666675,
    "median": 505.5760075,
    "variance": 89.7723939098535,
    "stdDev": 9.47482949238948,
    "confidence": 7.075124457240804,
    "low": 504.33575943804635,
    "high": 511.41088389528716,
    "count": 30,
    "base": 1717
  },
  "stats": {
    "min": 1762,
    "max": 1904,
    "mean": 1841.6333333333334,
    "median": 1846,
    "variance": 1000.632222222222,
    "stdDev": 31.63277133325852,
    "confidence": 23.621089359973666,
    "low": 1829.8227886533466,
    "high": 1853.4438780133203,
    "count": 30,
    "base": 1717
  },
  "heap memory": {
    "min": 249432712,
    "max": 254607152,
    "mean": 252273748.8,
    "median": 252941256,
    "variance": 3151102748294.827,
    "stdDev": 1775134.5718831648,
    "confidence": 1325543.4342657328,
    "low": 251610977.08286715,
    "high": 252936520.51713288,
    "count": 30,
    "base": 1717
  },
  "rss memory": {
    "min": 574316544,
    "max": 577290240,
    "mean": 575763797.3333334,
    "median": 575750144,
    "variance": 407800806695.82227,
    "stdDev": 638592.8332637489,
    "confidence": 476855.4174480438,
    "low": 575525369.6246094,
    "high": 576002225.0420574,
    "count": 30,
    "base": 1717
  },
  "external memory": {
    "min": 248058949,
    "max": 248058949,
    "mean": 248058949,
    "median": 248058949,
    "variance": 0,
    "stdDev": 0,
    "confidence": 0,
    "low": 248058949,
    "high": 248058949,
    "count": 30,
    "base": 1717
  },
  "array buffers memory": {
    "min": 246519047,
    "max": 246519047,
    "mean": 246519047,
    "median": 246519047,
    "variance": 0,
    "stdDev": 0,
    "confidence": 0,
    "low": 246519047,
    "high": 246519047,
    "count": 30,
    "base": 1717
  },
  "Compiler.make hook": {
    "min": 1257.36955,
    "max": 1340.010308,
    "mean": 1296.361482433333,
    "median": 1294.234301,
    "variance": 436.47762483247715,
    "stdDev": 20.892046927777976,
    "confidence": 15.600685194311154,
    "low": 1288.5611398361775,
    "high": 1304.1618250304887,
    "count": 30,
    "base": 1717
  },
  "Compiler.finish make hook": {
    "min": 0.089087,
    "max": 0.131938,
    "mean": 0.10043143333333332,
    "median": 0.09576950000000001,
    "variance": 0.00013671219557888887,
    "stdDev": 0.011692399051473092,
    "confidence": 0.008731046670480413,
    "low": 0.09606590999809311,
    "high": 0.10479695666857353,
    "count": 30,
    "base": 1717
  },
  "Compiler.finish compilation": {
    "min": 155.700288,
    "max": 181.725121,
    "mean": 166.93676643333336,
    "median": 166.410223,
    "variance": 38.52980566983728,
    "stdDev": 6.207238167642457,
    "confidence": 4.635121149893166,
    "low": 164.61920585838678,
    "high": 169.25432700827994,
    "count": 30,
    "base": 1717
  },
  "Compiler.seal compilation": {
    "min": 318.096978,
    "max": 361.174268,
    "mean": 347.14156866666667,
    "median": 346.124424,
    "variance": 90.19606197066217,
    "stdDev": 9.497160732064199,
    "confidence": 7.091799828561193,
    "low": 343.5956687523861,
    "high": 350.68746858094727,
    "count": 30,
    "base": 1717
  },
  "Compiler.afterCompile hook": {
    "min": 0.051677,
    "max": 0.103474,
    "mean": 0.060143300000000004,
    "median": 0.0576835,
    "variance": 0.00011315538187666662,
    "stdDev": 0.010637451850733174,
    "confidence": 0.007943287614019502,
    "low": 0.056171656192990256,
    "high": 0.06411494380700976,
    "count": 30,
    "base": 1717
  },
  "Compiler.emitAssets": {
    "min": 13.09274,
    "max": 15.355939,
    "mean": 13.702133333333332,
    "median": 13.5908395,
    "variance": 0.24838364572922222,
    "stdDev": 0.49838102464803197,
    "confidence": 0.3721552751259871,
    "low": 13.516055695770339,
    "high": 13.888210970896326,
    "count": 30,
    "base": 1717
  },
  "Compiler.emitRecords": {
    "min": 0.065122,
    "max": 0.087925,
    "mean": 0.0713086,
    "median": 0.0700615,
    "variance": 0.000025004867573333337,
    "stdDev": 0.00500048673364237,
    "confidence": 0.0037340055581706333,
    "low": 0.06944159722091468,
    "high": 0.07317560277908532,
    "count": 30,
    "base": 1717
  },
  "Compilation.compute affected modules": {
    "min": 0.210504,
    "max": 0.253565,
    "mean": 0.2202048,
    "median": 0.2166805,
    "variance": 0.00010376294115999998,
    "stdDev": 0.010186409630483156,
    "confidence": 0.007606481569509438,
    "low": 0.2164015592152453,
    "high": 0.22400804078475473,
    "count": 30,
    "base": 1717
  },
  "Compilation.finish modules": {
    "min": 117.920804,
    "max": 141.971358,
    "mean": 128.93108596666667,
    "median": 127.81026600000001,
    "variance": 38.17149248250156,
    "stdDev": 6.1783082217142224,
    "confidence": 4.613518337077593,
    "low": 126.62432679812788,
    "high": 131.23784513520548,
    "count": 30,
    "base": 1717
  },
  "Compilation.report dependency errors and warnings": {
    "min": 33.966741,
    "max": 41.357885,
    "mean": 37.37430686666667,
    "median": 37.216851000000005,
    "variance": 3.5200089231479175,
    "stdDev": 1.876168681954775,
    "confidence": 1.4009884756522268,
    "low": 36.67381262884056,
    "high": 38.074801104492785,
    "count": 30,
    "base": 1717
  },
  "Compilation.optimize dependencies": {
    "min": 1.438995,
    "max": 1.74656,
    "mean": 1.5541033333333336,
    "median": 1.5404594999999999,
    "variance": 0.006959074764955555,
    "stdDev": 0.08342106907104196,
    "confidence": 0.06229288310758374,
    "low": 1.5229568917795417,
    "high": 1.5852497748871255,
    "count": 30,
    "base": 1717
  },
  "Compilation.create chunks": {
    "min": 88.884125,
    "max": 105.043205,
    "mean": 98.99126189999998,
    "median": 90.97693050000001,
    "variance": 17.38714101387503,
    "stdDev": 4.169789085058743,
    "confidence": 3.1137000154917587,
    "low": 97.4344118922541,
    "high": 100.54811190774586,
    "count": 30,
    "base": 1717
  },
  "Compilation.compute affected modules with chunk graph": {
    "min": 0.126868,
    "max": 0.223729,
    "mean": 0.18141106666666665,
    "median": 0.17467749999999999,
    "variance": 0.0006722327465955555,
    "stdDev": 0.025927451602414678,
    "confidence": 0.019360764971392608,
    "low": 0.17173068418097034,
    "high": 0.19109144915236295,
    "count": 30,
    "base": 1717
  },
  "Compilation.optimize": {
    "min": 48.557027,
    "max": 62.186685,
    "mean": 56.341572933333325,
    "median": 56.509172500000005,
    "variance": 8.124960621696465,
    "stdDev": 2.8504316553280953,
    "confidence": 2.128498326487488,
    "low": 55.27732377008958,
    "high": 57.40582209657707,
    "count": 30,
    "base": 1717
  },
  "Compilation.module hashing": {
    "min": 93.021251,
    "max": 106.949045,
    "mean": 99.70590403333333,