{
  "stats": {
    "min": 760.9090909090909,
    "max": 850.8181818181819,
    "mean": 798.6363636363636,
    "median": 783.5454545454545,
    "variance": 1086.5165289256204,
    "stdDev": 32.962350172971895,
    "confidence": 55.12318664817917,
    "low": 771.074770312274,
    "high": 826.1979569604532,
    "count": 8,
    "base": 882
  },
  "heap memory": {
    "min": 382620753.45454544,
    "max": 391739782.54545456,
    "mean": 388491418.9090909,
    "median": 391158217.8181818,
    "variance": 14938542141440.033,
    "stdDev": 3865041.0271354215,
    "confidence": 6463537.242449164,
    "low": 385259650.2878663,
    "high": 391723187.53031546,
    "count": 8,
    "base": 882
  },
  "rss memory": {
    "min": 763984430.5454545,
    "max": 782586973.0909091,
    "mean": 773309393.4545454,
    "median": 773153512.7272727,
    "variance": 24258643809170.223,
    "stdDev": 4925306.468553021,
    "confidence": 8236627.131889105,
    "low": 769191079.8886008,
    "high": 777427707.0204899,
    "count": 8,
    "base": 882
  },
  "external memory": {
    "min": 257259397.36363637,
    "max": 257275781.36363637,
    "mean": 257267589.36363643,
    "median": 257267589.36363637,
    "variance": 16777216,
    "stdDev": 4096,
    "confidence": 6849.771673619747,
    "low": 257264164.47779962,
    "high": 257271014.24947324,
    "count": 8,
    "base": 882
  },
  "array buffers memory": {
    "min": 255750800,
    "max": 255767184,
    "mean": 255758992,
    "median": 255758992,
    "variance": 16777216,
    "stdDev": 4096,
    "confidence": 6849.771673619747,
    "low": 255755567.1141632,
    "high": 255762416.8858368,
    "count": 8,
    "base": 882
  },
  "Compiler.make hook": {
    "min": 373.4481958181819,
    "max": 415.0163950909091,
    "mean": 395.4094989886364,
    "median": 391.76120349999997,
    "variance": 178.33204625549251,
    "stdDev": 13.354102225739195,
    "confidence": 22.332165808731816,
    "low": 384.2434160842705,
    "high": 406.5755818930023,
    "count": 8,
    "base": 882
  },
  "Compiler.finish make hook": {
    "min": 0.0037182727272727267,
    "max": 0.005681818181818182,
    "mean": 0.004403511363636364,
    "median": 0.004318272727272728,
    "variance": 3.089372767303721e-7,
    "stdDev": 0.0005558212632945704,
    "confidence": 0.0009295040881137206,
    "low": 0.0039387593195795035,
    "high": 0.004868263407693224,
    "count": 8,
    "base": 882
  },
  "Compiler.finish compilation": {
    "min": 84.61133090909092,
    "max": 96.58139345454546,
    "mean": 89.71004720454546,
    "median": 88.68430572727272,
    "variance": 15.426995010943761,
    "stdDev": 3.9277213509799496,
    "confidence": 6.568358020467741,
    "low": 86.42586819431159,
    "high": 92.99422621477933,
    "count": 8,
    "base": 882
  },
  "Compiler.seal compilation": {
    "min": 170.21248518181812,
    "max": 197.20907481818185,
    "mean": 183.13478130681818,
    "median": 182.91300054545457,
    "variance": 69.32581790749148,
    "stdDev": 8.32621269891008,
    "confidence": 13.923988255267034,
    "low": 176.17278717918467,
    "high": 190.0967754344517,
    "count": 8,
    "base": 882
  },
  "Compiler.afterCompile hook": {
    "min": 0.004191,
    "max": 0.005754636363636364,
    "mean": 0.004647784090909091,
    "median": 0.004563681818181817,
    "variance": 2.4176007631714864e-7,
    "stdDev": 0.0004916910374586349,
    "confidence": 0.0008222586280663101,
    "low": 0.004236654776875936,
    "high": 0.005058913404942246,
    "count": 8,
    "base": 882
  },
  "Compiler.emitAssets": {
    "min": 106.20290454545456,
    "max": 142.51976700000003,
    "mean": 123.76842679545456,
    "median": 123.51503663636365,
    "variance": 160.31978995963527,
    "stdDev": 12.661745138788541,
    "confidence": 21.17433183357838,
    "low": 113.18126087866537,
    "high": 134.35559271224375,
    "count": 8,
    "base": 882
  },
  "Compiler.emitRecords": {
    "min": 0.008936454545454546,
    "max": 0.009691,
    "mean": 0.009288772727272729,
    "median": 0.009263818181818182,
    "variance": 6.61789338842974e-8,
    "stdDev": 0.00025725266545615694,
    "confidence": 0.00043020557148588934,
    "low": 0.009073669941529784,
    "high": 0.009503875513015674,
    "count": 8,
    "base": 882
  },
  "Compilation.compute affected modules": {
    "min": 0.002490909090909091,
    "max": 0.0033364545454545452,
    "mean": 0.0028670681818181816,
    "median": 0.002768181818181818,
    "variance": 9.11900841942149e-8,
    "stdDev": 0.00030197695970754935,
    "confidence": 0.000504998345872136,
    "low": 0.0026145690088821135,
    "high": 0.0031195673547542496,
    "count": 8,
    "base": 882
  },
  "Compilation.finish modules": {
    "min": 53.80233818181818,
    "max": 62.75874181818181,
    "mean": 57.20221834090909,
    "median": 56.331481136363635,
    "variance": 8.220039248499692,
    "stdDev": 2.8670610821012676,
    "confidence": 4.7946078580885825,
    "low": 54.8049144118648,
    "high": 59.59952226995338,
    "count": 8,
    "base": 882
  },
  "Compilation.report dependency errors and warnings": {
    "min": 30.104283545454543,
    "max": 34.64437245454545,
    "mean": 32.41450830681818,
    "median": 32.52726022727272,
    "variance": 2.4941763988687535,
    "stdDev": 1.5792961719920533,
    "confidence": 2.6410688923769783,
    "low": 31.09397386062969,
    "high": 33.73504275300667,
    "count": 8,
    "base": 882
  },
  "Compilation.optimize dependencies": {
    "min": 0.6594907272727272,
    "max": 0.8062388181818183,
    "mean": 0.7241169886363636,
    "median": 0.7039505454545456,
    "variance": 0.0032238394693728063,
    "stdDev": 0.05677886463617256,
    "confidence": 0.09495172330211465,
    "low": 0.6766411269853063,
    "high": 0.771592850287421,
    "count": 8,
    "base": 882
  },
  "Compilation.create chunks": {
    "min": 44.41153318181818,
    "max": 53.22651354545454,
    "mean": 47.67631064772728,
    "median": 47.335086181818184,
    "variance": 5.762841786583119,
    "stdDev": 2.4005919658665693,
    "confidence": 4.014528038995451,
    "low": 45.66904662822955,
    "high": 49.683574667225,
    "count": 8,
    "base": 882
  },
  "Compilation.compute affected modules with chunk graph": {
    "min": 0.005081818181818181,
    "max": 0.008563818181818183,
    "mean": 0.006491045454545454,
    "median": 0.006182,
    "variance": 0.0000016123576590909106,
    "stdDev": 0.0012697864620048957,
    "confidence": 0.0021234734714340973,
    "low": 0.0054293087188284055,
    "high": 0.007552782190262503,
    "count": 8,
    "base": 882
  },
  "Compilation.optimize": {
    "min": 11.291948090909091,
    "max": 14.270121636363639,
    "mean": 13.131219943181819,
    "median": 13.38230840909091,
    "variance": 0.9765309182892751,
    "stdDev": 0.9881957894512985,
    "confidence": 1.6525672672312801,
    "low": 12.304936309566179,
    "high": 13.957503576797459,
    "count": 8,
    "base": 882
  },
  "Compilation.module hashing": {
    "min": 59.97829918181819,
    "max": 66.64058036363636,
    "mean": 63.26479431818181,
    "median": 63.450711409090914,
    "variance": 5.630971220556482,
    "stdDev": 2.3729667550466194,
    "confidence": 3.9683301907160526,
    "low": 61.280629222823784,
    "high": 65.24895941353984,
    "count": 8,
    "base": 882
  },
  "Compilation.code generation": {
    "min": 11.863041545454546,
    "max": 16.184751454545456,
    "mean": 14.598312045454545,
    "median": 14.745645681818182,
    "variance": 1.7458606958094123,
    "stdDev": 1.321310219369173,
    "confidence": 2.2096370392350195,
    "low": 13.493493525837035,
    "high": 15.703130565072055,
    "count": 8,
    "base": 882
  },
  "Compilation.runtime requirements.modules": {
    "min": 8.073985363636366,
    "max": 11.183952454545455,
    "mean": 9.580126318181819,
    "median": 8.205670181818183,
    "variance": 0.8856081113315489,
    "stdDev": 0.9410675381350421,
    "confidence": 1.5737543373256209,
    "low": 8.793249149519008,