{
  "stats": {
    "min": 31245,
    "max": 34492,
    "mean": 32640.333333333332,
    "median": 32209,
    "variance": 1351392.888888889,
    "stdDev": 1162.4942532713394,
    "confidence": 1787.1411653624746,
    "low": 31746.762750652095,
    "high": 33533.90391601457,
    "count": 9,
    "base": 31292
  },
  "heap memory": {
    "min": 351338616,
    "max": 381660688,
    "mean": 366230770.6666667,
    "median": 364000144,
    "variance": 71385506021105.78,
    "stdDev": 8448994.379280044,
    "confidence": 12988920.69241321,
    "low": 359736310.3204601,
    "high": 372725231.0128733,
    "count": 9,
    "base": 31292
  },
  "rss memory": {
    "min": 728866816,
    "max": 776617984,
    "mean": 752306403.5555556,
    "median": 753102848,
    "variance": 223860209169850.47,
    "stdDev": 14961958.73439873,
    "confidence": 23001517.8943491,
    "low": 740805644.608381,
    "high": 763807162.5027301,
    "count": 9,
    "base": 31292
  },
  "external memory": {
    "min": 13205175,
    "max": 13221559,
    "mean": 13212456.777777778,
    "median": 13213367,
    "variance": 21541116.839506168,
    "stdDev": 4641.240872816898,
    "confidence": 7135.134301811457,
    "low": 13208889.210626872,
    "high": 13216024.344928684,
    "count": 9,
    "base": 31292
  },
  "array buffers memory": {
    "min": 11896131,
    "max": 11912515,
    "mean": 11903412.777777778,
    "median": 11904323,
    "variance": 21541116.839506168,
    "stdDev": 4641.240872816898,
    "confidence": 7135.134301811457,
    "low": 11899845.210626872,
    "high": 11906980.344928684,
    "count": 9,
    "base": 31292
  },
  "Compiler.make hook": {
    "min": 17625.74173,
    "max": 20214.44648,
    "mean": 18516.46934155556,
    "median": 18166.667342,
    "variance": 623963.1500774367,
    "stdDev": 789.9133813763613,
    "confidence": 1214.3601716359262,
    "low": 17909.289255737596,
    "high": 19123.649427373522,
    "count": 9,
    "base": 31292
  },
  "Compiler.finish make hook": {
    "min": 0.105201,
    "max": 0.150902,
    "mean": 0.11971277777777778,
    "median": 0.114602,
    "variance": 0.00022217466195061737,
    "stdDev": 0.014905524544631678,
    "confidence": 0.022914759733280443,
    "low": 0.10825539791113756,
    "high": 0.131170157644418,
    "count": 9,
    "base": 31292
  },
  "Compiler.finish compilation": {
    "min": 108.230394,
    "max": 140.61557,
    "mean": 120.44393044444443,
    "median": 116.175543,
    "variance": 96.89041952461417,
    "stdDev": 9.843293123981129,
    "confidence": 15.132422629266983,
    "low": 112.87771912981094,
    "high": 128.01014175907792,
    "count": 9,
    "base": 31292
  },
  "Compiler.seal compilation": {
    "min": 13347.356042,
    "max": 15022.246643,
    "mean": 13976.476959555555,
    "median": 14013.679146,
    "variance": 252530.8364066047,
    "stdDev": 502.5244634906889,
    "confidence": 772.5476085396876,
    "low": 13590.203155285712,
    "high": 14362.7507638254,
    "count": 9,
    "base": 31292
  },
  "Compiler.afterCompile hook": {
    "min": 0.071301,
    "max": 0.122201,
    "mean": 0.08858966666666666,
    "median": 0.0853,
    "variance": 0.00021027049400000004,
    "stdDev": 0.01450070667243497,
    "confidence": 0.022292419724423362,
    "low": 0.07744345680445498,
    "high": 0.09973587652887834,
    "count": 9,
    "base": 31292
  },
  "Compiler.emitAssets": {
    "min": 6.843979,
    "max": 9.0606,
    "mean": 7.492977888888889,
    "median": 7.393586,
    "variance": 0.3985115998374324,
    "stdDev": 0.6312777517364543,
    "confidence": 0.9704843303361752,
    "low": 7.007735723720802,
    "high": 7.978220054056977,
    "count": 9,
    "base": 31292
  },
  "Compiler.emitRecords": {
    "min": 0.083201,
    "max": 0.134302,
    "mean": 0.09670122222222222,
    "median": 0.088001,
    "variance": 0.00024892406683950624,
    "stdDev": 0.01577732762033882,
    "confidence": 0.024255011661667547,
    "low": 0.08457371639138844,
    "high": 0.10882872805305599,
    "count": 9,
    "base": 31292
  },
  "FlagDependencyExportsPlugin.restore cached provided exports": {
    "min": 3.774544,
    "max": 5.875566,
    "mean": 4.498731444444444,
    "median": 4.340951,
    "variance": 0.3618530977700246,
    "stdDev": 0.601542265988039,
    "confidence": 0.9247709769122778,
    "low": 4.036345955988305,
    "high": 4.961116932900583,
    "count": 9,
    "base": 31292
  },
  "FlagDependencyExportsPlugin.figure out provided exports": {
    "min": 60.554794,
    "max": 86.763269,
    "mean": 68.05116222222222,
    "median": 62.874932,
    "variance": 101.79547202406881,
    "stdDev": 10.089374213699719,
    "confidence": 15.510731291194361,
    "low": 60.29579657662504,
    "high": 75.8065278678194,
    "count": 9,
    "base": 31292
  },
  "FlagDependencyExportsPlugin.store provided exports into cache": {
    "min": 12.847948,
    "max": 21.108144,
    "mean": 17.836013222222224,
    "median": 18.899023,
    "variance": 7.069643573637947,
    "stdDev": 2.6588801352520477,
    "confidence": 4.087585061260816,
    "low": 15.792220691591817,
    "high": 19.879805752852633,
    "count": 9,
    "base": 31292
  },
  "InnerGraphPlugin.infer dependency usage": {
    "min": 17.347393,
    "max": 33.11478,
    "mean": 23.68438055555556,
    "median": 23.06508,
    "variance": 29.891379974753143,
    "stdDev": 5.467300977150713,
    "confidence": 8.405064035539695,
    "low": 19.481848537785712,
    "high": 27.886912573325407,
    "count": 9,
    "base": 31292
  },
  "Compilation.finish modules": {
    "min": 79.969381,
    "max": 112.123253,
    "mean": 91.93226933333334,
    "median": 86.418187,
    "variance": 90.85182661195157,
    "stdDev": 9.531622454333343,
    "confidence": 14.653280919795122,
    "low": 84.60562887343578,
    "high": 99.2589097932309,
    "count": 9,
    "base": 31292
  },
  "Compilation.report dependency errors and warnings": {
    "min": 25.848185,
    "max": 31.162375,
    "mean": 28.08190022222222,
    "median": 27.857922,
    "variance": 2.3261674508835064,
    "stdDev": 1.5251778423788835,
    "confidence": 2.3447067363504672,
    "low": 26.909546854046987,
    "high": 29.254253590397454,
    "count": 9,
    "base": 31292
  },
  "Compilation.optimize dependencies": {
    "min": 248.857952,
    "max": 292.83827,
    "mean": 269.50355133333335,
    "median": 267.745295,
    "variance": 176.54249244219378,
    "stdDev": 13.286929383502939,
    "confidence": 20.426439438905163,
    "low": 259.29033161388077,
    "high": 279.71677105278593,
    "count": 9,
    "base": 31292
  },
  "Compilation.create chunks": {
    "min": 52.321379,
    "max": 62.278233,
    "mean": 57.54847155555555,
    "median": 58.03427,
    "variance": 9.604678906324914,
    "stdDev": 3.0991416402489436,
    "confidence": 4.764413748276041,
    "low": 55.16626468141753,
    "high": 59.93067842969357,
    "count": 9,
    "base": 31292
  },
  "Compilation.optimize": {
    "min": 62.894833,
    "max": 78.68861,
    "mean": 69.17705511111112,
    "median": 67.131776,
    "variance": 22.22598923766765,
    "stdDev": 4.714444743304099,
    "confidence": 7.247673052039488,
    "low": 65.55321858509137,
    "high": 72.80089163713086,
    "count": 9,
    "base": 31292
  },
  "Compilation.module hashing": {
    "min": 99.942717,
    "max": 117.757353,
    "mean": 105.97813266666667,
    "median": 105.138716,
    "variance": 20.97890476297154,
    "stdDev": 4.5802734375767935,
    "confidence": 7.041407031368067,
    "low": 102.45742915098263,
    "high": 109.4988361823507,
    "count": 9,
    "base": 31292
  },
  "Compilation.code generation": {
    "min": 188.616196,
    "max": 230.606942,
    "mean": 209.4856311111111,
    "median": 211.185319,
    "variance": 217.23634273844564,
    "stdDev": 14.738939674835692,
    "confidence": 22.658663260114054,
    "low": 198.15629948105408,
    "high": 220.81496274116813,
    "count": 9,
    "base": 31292
  },
  "Compilation.runtime requirements": {
    "min": 9.437409,