{
  "stats": {
    "min": 45539,
    "max": 47288,
    "mean": 46218.42857142857,
    "median": 45705,
    "variance": 475825.1020408163,
    "stdDev": 689.8007698175005,
    "confidence": 1275.964582675937,
    "low": 45580.446280090604,
    "high": 46856.41086276654,
    "count": 7,
    "base": 49925.5
  },
  "heap memory": {
    "min": 471485640,
    "max": 477831384,
    "mean": 473933683.4285714,
    "median": 472794440,
    "variance": 4620380869940.244,
    "stdDev": 2149507.1225609477,
    "confidence": 3976068.277400017,
    "low": 471945649.2898714,
    "high": 475921717.5672714,
    "count": 7,
    "base": 49925.5
  },
  "rss memory": {
    "min": 956551168,
    "max": 1013870592,
    "mean": 979013046.8571428,
    "median": 974020608,
    "variance": 296944755909109.56,
    "stdDev": 17232085.07143316,
    "confidence": 31875189.473367453,
    "low": 963075452.1204591,
    "high": 994950641.5938265,
    "count": 7,
    "base": 49925.5
  },
  "external memory": {
    "min": 16457846,
    "max": 16506998,
    "mean": 16478911.142857144,
    "median": 16474230,
    "variance": 227348396.40816325,
    "stdDev": 15078.076681333176,
    "confidence": 27890.794939737767,
    "low": 16464965.745387275,
    "high": 16492856.540327013,
    "count": 7,
    "base": 49925.5
  },
  "array buffers memory": {
    "min": 15097823,
    "max": 15146975,
    "mean": 15118888.142857144,
    "median": 15114207,
    "variance": 227348396.40816325,
    "stdDev": 15078.076681333176,
    "confidence": 27890.794939737767,
    "low": 15104942.745387275,
    "high": 15132833.540327013,
    "count": 7,
    "base": 49925.5
  },
  "Compiler.make hook": {
    "min": 20768.906067,
    "max": 22062.562951,
    "mean": 21349.247945142855,
    "median": 21365.856112,
    "variance": 172937.24502797224,
    "stdDev": 415.85724116332545,
    "confidence": 769.2353131384807,
    "low": 20964.630288573615,
    "high": 21733.865601712096,
    "count": 7,
    "base": 49925.5
  },
  "Compiler.finish make hook": {
    "min": 0.115909,
    "max": 0.12901,
    "mean": 0.12176657142857146,
    "median": 0.12091,
    "variance": 0.000020085885959183693,
    "stdDev": 0.004481728010397741,
    "confidence": 0.008290112827747581,
    "low": 0.11762151501469767,
    "high": 0.12591162784244525,
    "count": 7,
    "base": 49925.5
  },
  "Compiler.finish compilation": {
    "min": 130.451636,
    "max": 154.047962,
    "mean": 139.21448257142856,
    "median": 139.867261,
    "variance": 66.39977723710118,
    "stdDev": 8.148605846223093,
    "confidence": 15.072949919608789,
    "low": 131.67800761162417,
    "high": 146.75095753123296,
    "count": 7,
    "base": 49925.5
  },
  "Compiler.seal compilation": {
    "min": 24155.468267,
    "max": 25527.725427,
    "mean": 24700.184429285717,
    "median": 24551.485304,
    "variance": 229892.76186920036,
    "stdDev": 479.4713358160218,
    "confidence": 886.9060019626049,
    "low": 24256.731428304414,
    "high": 25143.63743026702,
    "count": 7,
    "base": 49925.5
  },
  "Compiler.afterCompile hook": {
    "min": 0.072006,
    "max": 0.136311,
    "mean": 0.08402085714285713,
    "median": 0.077306,
    "variance": 0.0004599188686938773,
    "stdDev": 0.02144571912279645,
    "confidence": 0.03966939332054384,
    "low": 0.06418616048258521,
    "high": 0.10385555380312905,
    "count": 7,
    "base": 49925.5
  },
  "Compiler.emitAssets": {
    "min": 9.484236,
    "max": 9.823163,
    "mean": 9.567142571428572,
    "median": 9.538337,
    "variance": 0.011500681618530567,
    "stdDev": 0.1072412309633313,
    "confidence": 0.19837033894291523,
    "low": 9.467957401957115,
    "high": 9.66632774090003,
    "count": 7,
    "base": 49925.5
  },
  "Compiler.emitRecords": {
    "min": 0.092807,
    "max": 0.114109,
    "mean": 0.09693628571428572,
    "median": 0.094407,
    "variance": 0.00004970371477551021,
    "stdDev": 0.007050086153765088,
    "confidence": 0.013040954186522957,
    "low": 0.09041580862102425,
    "high": 0.1034567628075472,
    "count": 7,
    "base": 49925.5
  },
  "FlagDependencyExportsPlugin.restore cached provided exports": {
    "min": 4.440145,
    "max": 6.30949,
    "mean": 4.937397571428572,
    "median": 4.683163,
    "variance": 0.43417538626595925,
    "stdDev": 0.6589198633111307,
    "confidence": 1.2188423747759973,
    "low": 4.327976384040573,
    "high": 5.5468187588165705,
    "count": 7,
    "base": 49925.5
  },
  "FlagDependencyExportsPlugin.figure out provided exports": {
    "min": 68.395314,
    "max": 88.061638,
    "mean": 74.22107757142858,
    "median": 73.218685,
    "variance": 37.50524313619112,
    "stdDev": 6.124152442272409,
    "confidence": 11.328200775008327,
    "low": 68.55697718392442,
    "high": 79.88517795893274,
    "count": 7,
    "base": 49925.5
  },
  "FlagDependencyExportsPlugin.store provided exports into cache": {
    "min": 16.545785,
    "max": 26.316043,
    "mean": 22.47070242857143,
    "median": 22.471645,
    "variance": 10.087206368938249,
    "stdDev": 3.1760362669431608,
    "confidence": 5.874898908834126,
    "low": 19.533252974154365,
    "high": 25.40815188298849,
    "count": 7,
    "base": 49925.5
  },
  "InnerGraphPlugin.infer dependency usage": {
    "min": 20.550614,
    "max": 52.358937,
    "mean": 30.800437,
    "median": 21.354257,
    "variance": 167.13002449319916,
    "stdDev": 12.9278778031508,
    "confidence": 23.91344708175236,
    "low": 18.84371345912382,
    "high": 42.75716054087618,
    "count": 7,
    "base": 49925.5
  },
  "Compilation.finish modules": {
    "min": 96.19637,
    "max": 121.70185,
    "mean": 103.46030528571428,
    "median": 96.19637,
    "variance": 70.76795555070102,
    "stdDev": 8.412369199619155,
    "confidence": 15.560848327188467,
    "low": 95.67988112212005,
    "high": 111.24072944930852,
    "count": 7,
    "base": 49925.5
  },
  "Compilation.report dependency errors and warnings": {
    "min": 31.847173,
    "max": 49.56985,
    "mean": 35.24712342857143,
    "median": 32.81905,
    "variance": 34.5919040299074,
    "stdDev": 5.881488249576581,
    "confidence": 10.879330711489189,
    "low": 29.807458072826833,
    "high": 40.68678878431602,
    "count": 7,
    "base": 49925.5
  },
  "Compilation.optimize dependencies": {
    "min": 234.986447,
    "max": 251.883671,
    "mean": 244.03393985714288,
    "median": 245.226144,
    "variance": 29.131078203368105,
    "stdDev": 5.397321391520808,
    "confidence": 9.983739129084768,
    "low": 239.0420702926005,
    "high": 249.02580942168527,
    "count": 7,
    "base": 49925.5
  },
  "Compilation.create chunks": {
    "min": 63.699348,
    "max": 68.315504,
    "mean": 66.1021197142857,
    "median": 66.927097,
    "variance": 3.063848909298208,
    "stdDev": 1.7503853602273438,
    "confidence": 3.2377895523013933,
    "low": 64.48322493813501,
    "high": 67.7210144904364,
    "count": 7,
    "base": 49925.5
  },
  "Compilation.optimize": {
    "min": 189.99266,
    "max": 201.377139,
    "mean": 195.75281857142858,
    "median": 194.763223,
    "variance": 11.409905019276806,
    "stdDev": 3.3778550915154435,
    "confidence": 6.248214920556848,
    "low": 192.62871111115015,
    "high": 198.876926031707,
    "count": 7,
    "base": 49925.5
  },
  "Compilation.module hashing": {
    "min": 126.570735,
    "max": 151.430658,
    "mean": 135.16026942857144,
    "median": 134.77387,
    "variance": 69.62783445618592,
    "stdDev": 8.344329479124486,
    "confidence": 15.434991300978822,
    "low": 127.44277377808203,
    "high": 142.87776507906085,
    "count": 7,
    "base": 49925.5
  },
  "Compilation.code generation": {
    "min": 2215.969778,
    "max": 2344.612673,
    "mean": 2277.4597955714285,
    "median": 2276.847897,
    "variance": 1448.4123373188409,
    "stdDev": 38.058012787307234,
    "confidence": 70.39811859948986,
    "low": 2242.2607362716835,
    "high": 2312.6588548711734,
    "count": 7,
    "base": 49925.5
  },