{
  "stats": {
    "min": 17232,
    "max": 18940,
    "mean": 17808.375,
    "median": 17622.5,
    "variance": 235476.359375,
    "stdDev": 485.25906418633747,
    "confidence": 517.0435328905442,
    "low": 17549.853233554728,
    "high": 18066.896766445272,
    "count": 16,
    "base": 16930
  },
  "heap memory": {
    "min": 303292152,
    "max": 369014536,
    "mean": 330389717.5,
    "median": 327754668,
    "variance": 243855739207037.75,
    "stdDev": 15615880.993624335,
    "confidence": 16638721.198706746,
    "low": 322070356.9006466,
    "high": 338709078.0993534,
    "count": 16,
    "base": 16930
  },
  "rss memory": {
    "min": 497348608,
    "max": 704077824,
    "mean": 553492736,
    "median": 556963840,
    "variance": 2186173968482304,
    "stdDev": 46756539.31251012,
    "confidence": 49819092.63747954,
    "low": 528583189.6812602,
    "high": 578402282.3187398,
    "count": 16,
    "base": 16930
  },
  "external memory": {
    "min": 33532322,
    "max": 33540514,
    "mean": 33538466,
    "median": 33540514,
    "variance": 12582912,
    "stdDev": 3547.2400539010605,
    "confidence": 3779.5842774286866,
    "low": 33536576.207861286,
    "high": 33540355.792138714,
    "count": 16,
    "base": 16930
  },
  "array buffers memory": {
    "min": 32039138,
    "max": 32047330,
    "mean": 32045282,
    "median": 32047330,
    "variance": 12582912,
    "stdDev": 3547.2400539010605,
    "confidence": 3779.5842774286866,
    "low": 32043392.207861286,
    "high": 32047171.792138714,
    "count": 16,
    "base": 16930
  },
  "Compiler.make hook": {
    "min": 16487.596544,
    "max": 18139.22291,
    "mean": 17060.9443279375,
    "median": 16882.071587,
    "variance": 219900.16356890372,
    "stdDev": 468.9351379123809,
    "confidence": 499.65038944564003,
    "low": 16811.11913321468,
    "high": 17310.76952266032,
    "count": 16,
    "base": 16930
  },
  "Compiler.finish make hook": {
    "min": 0.095001,
    "max": 0.129102,
    "mean": 0.10173899999999998,
    "median": 0.100101,
    "variance": 0.00006121021899999997,
    "stdDev": 0.00782369599358257,
    "confidence": 0.008336148081162231,
    "low": 0.09757092595941887,
    "high": 0.1059070740405811,
    "count": 16,
    "base": 16930
  },
  "Compiler.finish compilation": {
    "min": 112.062718,
    "max": 144.752473,
    "mean": 126.7384955625,
    "median": 125.63770149999999,
    "variance": 88.18877425620977,
    "stdDev": 9.390887831095085,
    "confidence": 10.005990984031811,
    "low": 121.7355000704841,
    "high": 131.7414910545159,
    "count": 16,
    "base": 16930
  },
  "Compiler.seal compilation": {
    "min": 510.678953,
    "max": 576.466462,
    "mean": 539.9497674375,
    "median": 541.1303375,
    "variance": 247.41029975711677,
    "stdDev": 15.729281603338302,
    "confidence": 16.759549548356972,
    "low": 531.5699926633215,
    "high": 548.3295422116785,
    "count": 16,
    "base": 16930
  },
  "Compiler.afterCompile hook": {
    "min": 0.057101,
    "max": 0.068,
    "mean": 0.062219687499999995,
    "median": 0.061751,
    "variance": 0.00001056455083984376,
    "stdDev": 0.003250315498508377,
    "confidence": 0.003463211163660669,
    "low": 0.06048808191816966,
    "high": 0.06395129308183033,
    "count": 16,
    "base": 16930
  },
  "Compiler.emitAssets": {
    "min": 53.804267,
    "max": 73.222616,
    "mean": 60.614317250000006,
    "median": 59.350823500000004,
    "variance": 29.191398699856556,
    "stdDev": 5.402906504822803,
    "confidence": 5.7567968808887,
    "low": 57.735918809555656,
    "high": 63.492715690444356,
    "count": 16,
    "base": 16930
  },
  "Compiler.emitRecords": {
    "min": 0.072301,
    "max": 0.100501,
    "mean": 0.07653225,
    "median": 0.074501,
    "variance": 0.00004461832368749998,
    "stdDev": 0.006679694879820483,
    "confidence": 0.00711721489444872,
    "low": 0.07297364255277564,
    "high": 0.08009085744722436,
    "count": 16,
    "base": 16930
  },
  "Compilation.compute affected modules": {
    "min": 0.248705,
    "max": 0.268304,
    "mean": 0.2547599375,
    "median": 0.252803,
    "variance": 0.00002464989693359373,
    "stdDev": 0.004964866255358117,
    "confidence": 0.0052900649950841094,
    "low": 0.2521149050024579,
    "high": 0.25740496999754203,
    "count": 16,
    "base": 16930
  },
  "Compilation.finish modules": {
    "min": 74.114233,
    "max": 99.273586,
    "mean": 87.051503375,
    "median": 87.45075449999999,
    "variance": 38.14851662197873,
    "stdDev": 6.176448544428969,
    "confidence": 6.581005924089055,
    "low": 83.76100041295547,
    "high": 90.34200633704452,
    "count": 16,
    "base": 16930
  },
  "Compilation.report dependency errors and warnings": {
    "min": 33.653043,
    "max": 46.86934,
    "mean": 38.953482062499994,
    "median": 38.193461,
    "variance": 19.419014387350185,
    "stdDev": 4.406701077603311,
    "confidence": 4.695339998186327,
    "low": 36.60581206340683,
    "high": 41.30115206159316,
    "count": 16,
    "base": 16930
  },
  "Compilation.optimize dependencies": {
    "min": 0.69341,
    "max": 1.066913,
    "mean": 0.7748293125,
    "median": 0.73316,
    "variance": 0.009884364521839845,
    "stdDev": 0.09942014142938968,
    "confidence": 0.10593216069301481,
    "low": 0.7218632321534926,
    "high": 0.8277953928465074,
    "count": 16,
    "base": 16930
  },
  "Compilation.create chunks": {
    "min": 35.054779,
    "max": 62.325489,
    "mean": 44.84436025,
    "median": 46.395331999999996,
    "variance": 49.806516999068684,
    "stdDev": 7.0573732364859865,
    "confidence": 7.519631183475823,
    "low": 41.08454465826209,
    "high": 48.60417584173791,
    "count": 16,
    "base": 16930
  },
  "Compilation.compute affected modules with chunk graph": {
    "min": 0.141003,
    "max": 0.163802,
    "mean": 0.1500334375,
    "median": 0.147602,
    "variance": 0.00005162374962109374,
    "stdDev": 0.007184966918580331,
    "confidence": 0.007655582251747339,
    "low": 0.14620564637412634,
    "high": 0.15386122862587367,
    "count": 16,
    "base": 16930
  },
  "Compilation.optimize": {
    "min": 26.048167,
    "max": 36.661004,
    "mean": 30.588198062500002,
    "median": 31.266418,
    "variance": 7.423533406345809,
    "stdDev": 2.724616194319084,
    "confidence": 2.9030785550469815,
    "low": 29.13665878497651,
    "high": 32.03973734002349,
    "count": 16,
    "base": 16930
  },
  "Compilation.module hashing": {
    "min": 65.39629,
    "max": 85.031401,
    "mean": 74.0578281875,
    "median": 72.57198,
    "variance": 28.61105803865954,
    "stdDev": 5.348930550928806,
    "confidence": 5.6992855020146465,
    "low": 71.20818543649267,
    "high": 76.90747093850732,
    "count": 16,
    "base": 16930
  },
  "Compilation.code generation": {
    "min": 219.423492,
    "max": 247.147927,
    "mean": 230.36129162500004,
    "median": 228.269061,
    "variance": 64.10627266950975,
    "stdDev": 8.006639286836254,
    "confidence": 8.531074160124035,
    "low": 226.09575454493802,
    "high": 234.62682870506205,
    "count": 16,
    "base": 16930
  },
  "Compilation.runtime requirements.modules": {
    "min": 6.546286,
    "max": 16.461524,
    "mean": 9.0257789375,
    "median": 7.874304,
    "variance": 7.58691654092606,
    "stdDev": 2.754435793574804,
    "confidence": 2.934851338053953,
    "low": 7.558353268473024,
    "high": 10.493204606526977,
    "count": 16,
    "base": 16930
  },
  "Compilation.runtime requirements.chunks": {
    "min": 2.29773,
    "max": 3.169842,
    "mean": 2.591547937500001,
    "median": 2.5538825,
    "variance": 0.056299326375308587,
    "stdDev": 0.23727479085505182,
    "confidence": 0.2528162896560575,
    "low": 2.4651397926719723,
    "high": 2.7179560823280298,
    "count": 16,
    "base": 16930
  },
  "Compilation.runtime requirements.entries": {
    "min": 2.410334,
    "max": 3.062038,
    "mean": 2.7953631875,
    "median": 2.8185385,