{
  "stats": {
    "min": 403.45454545454544,
    "max": 427.3636363636364,
    "mean": 411.4343434343434,
    "median": 410,
    "variance": 47.63595551474345,
    "stdDev": 6.901880578128214,
    "confidence": 10.610491075442496,
    "low": 406.12909789662217,
    "high": 416.73958897206467,
    "count": 9,
    "base": 421.5909090909091
  },
  "heap memory": {
    "min": 334322962.1818182,
    "max": 355960250.90909094,
    "mean": 351602135.1919192,
    "median": 355263694.54545456,
    "variance": 55240915537636.84,
    "stdDev": 7432423.261469764,
    "confidence": 11426112.027299523,
    "low": 345889079.17826945,
    "high": 357315191.20556897,
    "count": 9,
    "base": 421.5909090909091
  },
  "rss memory": {
    "min": 657012549.8181819,
    "max": 704725364.3636364,
    "mean": 678878983.7575756,
    "median": 680392890.1818181,
    "variance": 192758965559092.9,
    "stdDev": 13883766.259883983,
    "confidence": 21343976.663528204,
    "low": 668206995.4258115,
    "high": 689550972.0893397,
    "count": 9,
    "base": 421.5909090909091
  },
  "external memory": {
    "min": 147509267.1818182,
    "max": 152674108.72727272,
    "mean": 152089314.7777778,
    "median": 152657724.72727272,
    "variance": 2622164149980.451,
    "stdDev": 1619309.7757935172,
    "confidence": 2489418.895319879,
    "low": 150844605.33011785,
    "high": 153334024.22543773,
    "count": 9,
    "base": 421.5909090909091
  },
  "array buffers memory": {
    "min": 144526856.8181818,
    "max": 151416043.36363637,
    "mean": 150068514.90909094,
    "median": 151399659.36363637,
    "variance": 6421680430680.73,
    "stdDev": 2534103.4767113854,
    "confidence": 3895761.744864285,
    "low": 148120634.0366588,
    "high": 152016395.78152308,
    "count": 9,
    "base": 421.5909090909091
  },
  "Compiler.make hook": {
    "min": 162.2447089090909,
    "max": 174.03451145454548,
    "mean": 167.6122709090909,
    "median": 165.26282027272725,
    "variance": 15.12240523570551,
    "stdDev": 3.888753686684914,
    "confidence": 5.978310667663607,
    "low": 164.6231155752591,
    "high": 170.6014262429227,
    "count": 9,
    "base": 421.5909090909091
  },
  "Compiler.finish make hook": {
    "min": 0.004372727272727273,
    "max": 0.00950909090909091,
    "mean": 0.005786888888888889,
    "median": 0.004863727272727272,
    "variance": 0.0000027478663026221816,
    "stdDev": 0.0016576689363748667,
    "confidence": 0.0025483897115202957,
    "low": 0.004512694033128741,
    "high": 0.007061083744649037,
    "count": 9,
    "base": 421.5909090909091
  },
  "Compiler.finish compilation": {
    "min": 18.020619363636367,
    "max": 19.922456999999998,
    "mean": 19.02520185858586,
    "median": 19.319282818181822,
    "variance": 0.461482237402178,
    "stdDev": 0.6793248393825873,
    "confidence": 1.044348719744164,
    "low": 18.503027498713777,
    "high": 19.54737621845794,
    "count": 9,
    "base": 421.5909090909091
  },
  "Compiler.seal compilation": {
    "min": 164.7999672727273,
    "max": 172.51816954545455,
    "mean": 169.54675510101012,
    "median": 169.87316663636364,
    "variance": 6.225980916627716,
    "stdDev": 2.4951915591047746,
    "confidence": 3.8359411568637256,
    "low": 167.62878452257826,
    "high": 171.46472567944198,
    "count": 9,
    "base": 421.5909090909091
  },
  "Compiler.afterCompile hook": {
    "min": 0.003736363636363636,
    "max": 0.005754545454545454,
    "mean": 0.004443454545454546,
    "median": 0.004336363636363636,
    "variance": 2.9463163085399426e-7,
    "stdDev": 0.0005427998073452073,
    "confidence": 0.000834464237158699,
    "low": 0.004026222426875196,
    "high": 0.004860686664033895,
    "count": 9,
    "base": 421.5909090909091
  },
  "Compiler.emitAssets": {
    "min": 44.443169272727275,
    "max": 65.23162172727274,
    "mean": 48.712223989898995,
    "median": 45.976445909090906,
    "variance": 38.29991981150772,
    "stdDev": 6.188692900080575,
    "confidence": 9.514083885057204,
    "low": 43.95518204737039,
    "high": 53.4692659324276,
    "count": 9,
    "base": 421.5909090909091
  },
  "Compiler.emitRecords": {
    "min": 0.006372727272727272,
    "max": 0.012490909090909092,
    "mean": 0.008881858585858585,
    "median": 0.009072727272727274,
    "variance": 0.0000029735180938679744,
    "stdDev": 0.0017243891944302987,
    "confidence": 0.0026509609882375126,
    "low": 0.007556378091739829,
    "high": 0.010207339079977342,
    "count": 9,
    "base": 421.5909090909091
  },
  "Compilation.finish modules": {
    "min": 0.8463654545454545,
    "max": 1.0992327272727274,
    "mean": 0.9183193131313132,
    "median": 0.8863598181818181,
    "variance": 0.005958594445895525,
    "stdDev": 0.07719193251820766,
    "confidence": 0.11866973092465782,
    "low": 0.8589844476689843,
    "high": 0.9776541785936421,
    "count": 9,
    "base": 421.5909090909091
  },
  "Compilation.report dependency errors and warnings": {
    "min": 17.111648181818182,
    "max": 18.982324363636362,
    "mean": 18.0568156969697,
    "median": 18.27293018181818,
    "variance": 0.43351256728771326,
    "stdDev": 0.6584167124911953,
    "confidence": 1.0122059593364625,
    "low": 17.55071271730147,
    "high": 18.56291867663793,
    "count": 9,
    "base": 421.5909090909091
  },
  "Compilation.optimize dependencies": {
    "min": 0.03160018181818181,
    "max": 0.045309545454545457,
    "mean": 0.03621835353535354,
    "median": 0.03509118181818182,
    "variance": 0.000015848868715233143,
    "stdDev": 0.003981063766788111,
    "confidence": 0.0061202220308089195,
    "low": 0.03315824251994908,
    "high": 0.039278464550758,
    "count": 9,
    "base": 421.5909090909091
  },
  "Compilation.create chunks": {
    "min": 41.30610145454546,
    "max": 43.58097481818182,
    "mean": 42.67359616161616,
    "median": 42.898756636363636,
    "variance": 0.7543887501976552,
    "stdDev": 0.868555553892585,
    "confidence": 1.3352594048508735,
    "low": 42.005966459190724,
    "high": 43.3412258640416,
    "count": 9,
    "base": 421.5909090909091
  },
  "Compilation.optimize": {
    "min": 13.749638454545458,
    "max": 15.258646545454548,
    "mean": 14.534260262626264,
    "median": 14.578937818181817,
    "variance": 0.1970483199603021,
    "stdDev": 0.4439012502351194,
    "confidence": 0.6824241886947888,
    "low": 14.19304816827887,
    "high": 14.875472356973658,
    "count": 9,
    "base": 421.5909090909091
  },
  "Compilation.module hashing": {
    "min": 59.458475,
    "max": 63.123470636363635,
    "mean": 61.46278659595959,
    "median": 61.643234727272734,
    "variance": 1.2835705514367879,
    "stdDev": 1.1329477267009225,
    "confidence": 1.74171830518155,
    "low": 60.59192744336882,
    "high": 62.33364574855037,
    "count": 9,
    "base": 421.5909090909091
  },
  "Compilation.code generation": {
    "min": 10.246804181818181,
    "max": 12.484388181818183,
    "mean": 11.629331757575756,
    "median": 11.623846181818182,
    "variance": 0.4029656985170966,
    "stdDev": 0.6347957927689003,
    "confidence": 0.9758927320833877,
    "low": 11.141385391534062,
    "high": 12.11727812361745,
    "count": 9,
    "base": 421.5909090909091
  },
  "Compilation.runtime requirements": {
    "min": 7.24808581818182,
    "max": 9.461759272727274,
    "mean": 8.181041737373738,
    "median": 8.08354609090909,
    "variance": 0.3337618841517438,
    "stdDev": 0.5777212858738578,
    "confidence": 0.8881501901500783,
    "low": 7.7369666422986985,
    "high": 8.625116832448777,
    "count": 9,
    "base": 421.5909090909091
  },
  "Compilation.hashing: initialize hash": {
    "min": 0.002718181818181818,
    "max": 0.004627363636363637,
    "mean": 0.003272757575757576,
    "median": 0.0029,
    "variance": 5.349810853994493e-7,
    "stdDev": 0.0007314240120473549,
    "confidence": 0.0011244425145208,
    "low": 0.002710536318497176,
    "high": 0.003834978833017976,
    "count": 9,