{
  "stats": {
    "min": 425.72727272727275,
    "max": 456.45454545454544,
    "mean": 444.8888888888889,
    "median": 448.09090909090907,
    "variance": 98.74155698398107,
    "stdDev": 9.936878633855859,
    "confidence": 15.276294753114371,
    "low": 437.25074151233173,
    "high": 452.5270362654461,
    "count": 9,
    "base": 459.3181818181818
  },
  "heap memory": {
    "min": 361716901.8181818,
    "max": 375078346.90909094,
    "mean": 372146245.010101,
    "median": 372636120,
    "variance": 14606482854635.195,
    "stdDev": 3821842.861059988,
    "confidence": 5875446.425069571,
    "low": 369208521.79756624,
    "high": 375083968.2226358,
    "count": 9,
    "base": 459.3181818181818
  },
  "rss memory": {
    "min": 666912954.1818181,
    "max": 734708084.3636364,
    "mean": 696387811.5555556,
    "median": 697649710.5454545,
    "variance": 460915283793586.9,
    "stdDev": 21468937.64939446,
    "confidence": 33004913.479669094,
    "low": 679885354.815721,
    "high": 712890268.2953901,
    "count": 9,
    "base": 459.3181818181818
  },
  "external memory": {
    "min": 150603522.1818182,
    "max": 154090365.63636363,
    "mean": 153678362.58585855,
    "median": 154057597.63636363,
    "variance": 1181933898288.5745,
    "stdDev": 1087167.8335420776,
    "confidence": 1671339.3494319916,
    "low": 152842692.91114256,
    "high": 154514032.26057455,
    "count": 9,
    "base": 459.3181818181818
  },
  "array buffers memory": {
    "min": 149345456.8181818,
    "max": 152832300.27272728,
    "mean": 152420297.2222222,
    "median": 152799532.27272728,
    "variance": 1181933898288.5947,
    "stdDev": 1087167.8335420869,
    "confidence": 1671339.3494320512,
    "low": 151584627.54750618,
    "high": 153255966.89693823,
    "count": 9,
    "base": 459.3181818181818
  },
  "Compiler.make hook": {
    "min": 150.49731009090908,
    "max": 161.53589218181818,
    "mean": 156.78717329292928,
    "median": 157.92417054545456,
    "variance": 11.103330763790902,
    "stdDev": 3.3321660768621517,
    "confidence": 5.122649982162727,
    "low": 154.22584830184792,
    "high": 159.34849828401065,
    "count": 9,
    "base": 459.3181818181818
  },
  "Compiler.finish make hook": {
    "min": 0.0044638181818181825,
    "max": 0.005691272727272726,
    "mean": 0.004894212121212122,
    "median": 0.0048821818181818185,
    "variance": 1.4639230119375554e-7,
    "stdDev": 0.0003826124686856866,
    "confidence": 0.0005882029018594616,
    "low": 0.004600110670282391,
    "high": 0.005188313572141853,
    "count": 9,
    "base": 459.3181818181818
  },
  "Compiler.finish compilation": {
    "min": 63.10924527272727,
    "max": 67.19724009090909,
    "mean": 65.20827607070707,
    "median": 65.09847990909091,
    "variance": 1.930122077572836,
    "stdDev": 1.389288334930095,
    "confidence": 2.1357992668991983,
    "low": 64.14037643725747,
    "high": 66.27617570415667,
    "count": 9,
    "base": 459.3181818181818
  },
  "Compiler.seal compilation": {
    "min": 165.66375618181817,
    "max": 179.64895636363636,
    "mean": 173.81529402020203,
    "median": 174.94709472727274,
    "variance": 19.024532120352344,
    "stdDev": 4.361712062980813,
    "confidence": 6.705405344822509,
    "low": 170.46259134779078,
    "high": 177.1679966926133,
    "count": 9,
    "base": 459.3181818181818
  },
  "Compiler.afterCompile hook": {
    "min": 0.0039369999999999995,
    "max": 0.004700272727272727,
    "mean": 0.004287212121212121,
    "median": 0.004200363636363636,
    "variance": 5.833964370982565e-8,
    "stdDev": 0.00024153600913699318,
    "confidence": 0.00037132135804660363,
    "low": 0.00410155144218882,
    "high": 0.004472872800235423,
    "count": 9,
    "base": 459.3181818181818
  },
  "Compiler.emitAssets": {
    "min": 37.11752518181818,
    "max": 46.17160227272727,
    "mean": 41.863291989899,
    "median": 41.34173154545454,
    "variance": 9.211487859218538,
    "stdDev": 3.035043304339913,
    "confidence": 4.6658732398719,
    "low": 39.53035536996305,
    "high": 44.19622860983495,
    "count": 9,
    "base": 459.3181818181818
  },
  "Compiler.emitRecords": {
    "min": 0.005254636363636363,
    "max": 0.007536727272727272,
    "mean": 0.00598520202020202,
    "median": 0.005691363636363637,
    "variance": 5.998169766350375e-7,
    "stdDev": 0.0007744785191566242,
    "confidence": 0.0011906316434501171,
    "low": 0.005389886198476961,
    "high": 0.0065805178419270785,
    "count": 9,
    "base": 459.3181818181818
  },
  "FlagDependencyExportsPlugin.restore cached provided exports": {
    "min": 8.70551909090909,
    "max": 11.431786272727273,
    "mean": 9.718769646464645,
    "median": 8.70551909090909,
    "variance": 0.8320146646802437,
    "stdDev": 0.912148378653519,
    "confidence": 1.4022761074500103,
    "low": 9.01763159273964,
    "high": 10.41990770018965,
    "count": 9,
    "base": 459.3181818181818
  },
  "FlagDependencyExportsPlugin.figure out provided exports": {
    "min": 34.91675881818182,
    "max": 38.59658690909091,
    "mean": 36.336075616161615,
    "median": 36.140111636363635,
    "variance": 1.035545323280078,
    "stdDev": 1.0176174739459214,
    "confidence": 1.5644172632795232,
    "low": 35.553866984521854,
    "high": 37.11828424780138,
    "count": 9,
    "base": 459.3181818181818
  },
  "FlagDependencyExportsPlugin.store provided exports into cache": {
    "min": 0.012191454545454545,
    "max": 0.017501090909090907,
    "mean": 0.01607163636363636,
    "median": 0.016264727272727274,
    "variance": 0.0000021888592029384743,
    "stdDev": 0.0014794793688789562,
    "confidence": 0.002274452949756582,
    "low": 0.01493440988875807,
    "high": 0.017208862838514652,
    "count": 9,
    "base": 459.3181818181818
  },
  "Compilation.finish modules": {
    "min": 44.61517563636364,
    "max": 48.61672863636363,
    "mean": 47.02199167676768,
    "median": 47.52608409090909,
    "variance": 1.752110946988122,
    "stdDev": 1.3236732780365863,
    "confidence": 2.0349270527682393,
    "low": 46.004528150383564,
    "high": 48.0394552031518,
    "count": 9,
    "base": 459.3181818181818
  },
  "Compilation.report dependency errors and warnings": {
    "min": 17.334250181818184,
    "max": 18.60974754545455,
    "mean": 18.14219886868687,
    "median": 18.187294272727275,
    "variance": 0.1550147442883158,
    "stdDev": 0.3937191185201905,
    "confidence": 0.6052775248717097,
    "low": 17.839560106251014,
    "high": 18.444837631122724,
    "count": 9,
    "base": 459.3181818181818
  },
  "Compilation.optimize dependencies": {
    "min": 0.1899299090909091,
    "max": 0.37403181818181824,
    "mean": 0.3196426363636364,
    "median": 0.35450354545454554,
    "variance": 0.004738284685805328,
    "stdDev": 0.06883519946804344,
    "confidence": 0.10582264664887209,
    "low": 0.26673131303920034,
    "high": 0.3725539596880724,
    "count": 9,
    "base": 459.3181818181818
  },
  "Compilation.create chunks": {
    "min": 38.528788636363636,
    "max": 41.409594636363636,
    "mean": 40.32363580808081,
    "median": 40.484260818181816,
    "variance": 1.06140524277543,
    "stdDev": 1.0302452342891133,
    "confidence": 1.5838303401804694,
    "low": 39.531720637990574,
    "high": 41.11555097817104,
    "count": 9,
    "base": 459.3181818181818
  },
  "Compilation.optimize": {
    "min": 12.777629090909091,
    "max": 14.960345909090911,
    "mean": 13.74483207070707,
    "median": 13.772197454545454,
    "variance": 0.5048249309306788,
    "stdDev": 0.7105103313328236,
    "confidence": 1.0922912160356617,
    "low": 13.198686462689238,
    "high": 14.2909776787249,
    "count": 9,
    "base": 459.3181818181818
  },
  "Compilation.module hashing": {
    "min": 65.85803590909092,
    "max": 69.56853999999998,
    "mean": 68.02836651515152,
    "median": 68.827785,
    "variance": 2.1734149072891547,
    "stdDev": 1.4742506256702606,
    "confidence": 2.2664146285304128,