{
  "stats": {
    "min": 17894,
    "max": 20080,
    "mean": 18406.9375,
    "median": 18285.5,
    "variance": 230865.93359375,
    "stdDev": 480.4851023640067,
    "confidence": 511.9568765688455,
    "low": 18150.959061715577,
    "high": 18662.915938284423,
    "count": 16,
    "base": 18487.5
  },
  "heap memory": {
    "min": 305189488,
    "max": 353990296,
    "mean": 331026520,
    "median": 332059352,
    "variance": 96150230615800,
    "stdDev": 9805622.398185644,
    "confidence": 10447890.665266752,
    "low": 325802574.6673666,
    "high": 336250465.3326334,
    "count": 16,
    "base": 18487.5
  },
  "rss memory": {
    "min": 481501184,
    "max": 551010304,
    "mean": 518007552,
    "median": 517230592,
    "variance": 217413158633472,
    "stdDev": 14744936.711748613,
    "confidence": 15710730.066368103,
    "low": 510152186.96681595,
    "high": 525862917.03318405,
    "count": 16,
    "base": 18487.5
  },
  "external memory": {
    "min": 32721465,
    "max": 32737849,
    "mean": 32727097,
    "median": 32729657,
    "variance": 22806528,
    "stdDev": 4775.618075181474,
    "confidence": 5088.421059109271,
    "low": 32724552.789470445,
    "high": 32729641.210529555,
    "count": 16,
    "base": 18487.5
  },
  "array buffers memory": {
    "min": 25820489,
    "max": 25836873,
    "mean": 25826121,
    "median": 25828681,
    "variance": 22806528,
    "stdDev": 4775.618075181474,
    "confidence": 5088.421059109271,
    "low": 25823576.789470445,
    "high": 25828665.210529555,
    "count": 16,
    "base": 18487.5
  },
  "Compiler.make hook": {
    "min": 16939.627567,
    "max": 19033.171886,
    "mean": 17439.3928048125,
    "median": 17323.4209955,
    "variance": 210628.98678071424,
    "stdDev": 458.94333722227003,
    "confidence": 489.00412581033015,
    "low": 17194.890741907337,
    "high": 17683.894867717667,
    "count": 16,
    "base": 18487.5
  },
  "Compiler.finish make hook": {
    "min": 0.099106,
    "max": 0.115605,
    "mean": 0.1082695625,
    "median": 0.10775699999999999,
    "variance": 0.00002228337424609374,
    "stdDev": 0.004720526903439249,
    "confidence": 0.00502972141561453,
    "low": 0.10575470179219273,
    "high": 0.11078442320780726,
    "count": 16,
    "base": 18487.5
  },
  "Compiler.finish compilation": {
    "min": 148.774568,
    "max": 175.954926,
    "mean": 164.62657843749997,
    "median": 166.654312,
    "variance": 60.606803020519635,
    "stdDev": 7.785037123901185,
    "confidence": 8.294957055516704,
    "low": 160.47909990974162,
    "high": 168.77405696525832,
    "count": 16,
    "base": 18487.5
  },
  "Compiler.seal compilation": {
    "min": 673.554472,
    "max": 776.026509,
    "mean": 706.0561437499999,
    "median": 707.9606464999999,
    "variance": 526.0075312911719,
    "stdDev": 22.93485407172175,
    "confidence": 24.437087013419614,
    "low": 693.8376002432901,
    "high": 718.2746872567097,
    "count": 16,
    "base": 18487.5
  },
  "Compiler.afterCompile hook": {
    "min": 0.061003,
    "max": 0.074607,
    "mean": 0.067098,
    "median": 0.066703,
    "variance": 0.00001762331900000001,
    "stdDev": 0.004198013696976227,
    "confidence": 0.004472983594128177,
    "low": 0.06486150820293592,
    "high": 0.0693344917970641,
    "count": 16,
    "base": 18487.5
  },
  "Compiler.emitAssets": {
    "min": 68.653353,
    "max": 88.228866,
    "mean": 80.55919493749998,
    "median": 80.5583375,
    "variance": 20.636646550404823,
    "stdDev": 4.542757593181131,
    "confidence": 4.840308215534492,
    "low": 78.13904082973274,
    "high": 82.97934904526723,
    "count": 16,
    "base": 18487.5
  },
  "Compiler.emitRecords": {
    "min": 0.083803,
    "max": 0.104604,
    "mean": 0.0913744375,
    "median": 0.09065599999999999,
    "variance": 0.000026291850371093755,
    "stdDev": 0.005127557934445378,
    "confidence": 0.0054634129791515385,
    "low": 0.08864273101042423,
    "high": 0.09410614398957577,
    "count": 16,
    "base": 18487.5
  },
  "FlagDependencyExportsPlugin.restore cached provided exports": {
    "min": 6.447905,
    "max": 7.488467,
    "mean": 6.910087625,
    "median": 6.9054675,
    "variance": 0.050528813936109376,
    "stdDev": 0.2247861515665709,
    "confidence": 0.23950964449418066,
    "low": 6.79033280275291,
    "high": 7.02984244724709,
    "count": 16,
    "base": 18487.5
  },
  "FlagDependencyExportsPlugin.figure out provided exports": {
    "min": 88.245185,
    "max": 106.274123,
    "mean": 94.45832349999999,
    "median": 92.125337,
    "variance": 20.05276600899437,
    "stdDev": 4.478031488164679,
    "confidence": 4.771342550639474,
    "low": 92.07265222468025,
    "high": 96.84399477531973,
    "count": 16,
    "base": 18487.5
  },
  "FlagDependencyExportsPlugin.store provided exports into cache": {
    "min": 10.18418,
    "max": 22.119396,
    "mean": 11.656425125,
    "median": 11.010425,
    "variance": 7.392895091861107,
    "stdDev": 2.7189878800504257,
    "confidence": 2.8970815861937282,
    "low": 10.207884331903136,
    "high": 13.104965918096864,
    "count": 16,
    "base": 18487.5
  },
  "Compilation.finish modules": {
    "min": 107.172541,
    "max": 125.28536,
    "mean": 114.42602587500001,
    "median": 113.53871050000001,
    "variance": 23.92486182792974,
    "stdDev": 4.891304716323625,
    "confidence": 5.21168517524282,
    "low": 111.8201832873786,
    "high": 117.03186846262142,
    "count": 16,
    "base": 18487.5
  },
  "Compilation.report dependency errors and warnings": {
    "min": 39.077268,
    "max": 58.936767,
    "mean": 50.0158343125,
    "median": 50.880157999999994,
    "variance": 25.27739579223035,
    "stdDev": 5.027663054763152,
    "confidence": 5.35697498485014,
    "low": 47.33734682007493,
    "high": 52.69432180492507,
    "count": 16,
    "base": 18487.5
  },
  "Compilation.optimize dependencies": {
    "min": 0.741347,
    "max": 0.921147,
    "mean": 0.8450289375,
    "median": 0.8419,
    "variance": 0.0025758632583085944,
    "stdDev": 0.05075296304954613,
    "confidence": 0.054077282129291415,
    "low": 0.8179902964353543,
    "high": 0.8720675785646457,
    "count": 16,
    "base": 18487.5
  },
  "Compilation.create chunks": {
    "min": 71.756849,
    "max": 88.083874,
    "mean": 79.23357075,
    "median": 77.955264,
    "variance": 26.88223670730516,
    "stdDev": 5.184808261382976,
    "confidence": 5.524413202503553,
    "low": 76.47136414874822,
    "high": 81.99577735125177,
    "count": 16,
    "base": 18487.5
  },
  "Compilation.optimize": {
    "min": 35.816491,
    "max": 46.794155,
    "mean": 40.544064125,
    "median": 40.3996725,
    "variance": 4.965184494611989,
    "stdDev": 2.228269394532894,
    "confidence": 2.374221039874797,
    "low": 39.3569536050626,
    "high": 41.7311746449374,
    "count": 16,
    "base": 18487.5
  },
  "Compilation.module hashing": {
    "min": 127.257343,
    "max": 161.954143,
    "mean": 140.5989718125,
    "median": 139.9324535,
    "variance": 67.97685449410237,
    "stdDev": 8.24480772935927,
    "confidence": 8.784842635632288,
    "low": 136.20655049468385,
    "high": 144.99139313031614,
    "count": 16,
    "base": 18487.5
  },
  "Compilation.code generation": {
    "min": 252.870204,
    "max": 282.998888,
    "mean": 263.2752159375,
    "median": 260.796235,
    "variance": 72.26608750062232,
    "stdDev": 8.500946270893747,
    "confidence": 9.057758251637324,
    "low": 258.7463368116813,
    "high": 267.80409506331864,
    "count": 16,
    "base": 18487.5
  },
  "Compilation.runtime requirements": {
    "min": 11.554691,
    "max": 20.723831,
    "mean": 13.999634812499998,
    "median": 11.994197,
    "variance": 12.368864320929529,
    "stdDev": 3.5169396242940434,
    "confidence": 3.747299169685302,
    "low": 12.125985227657347,
    "high": 15.87328439734265,
    "count": 16,
    "base": 18487.5
  },
  "Compilation.hashing: initialize hash": {
    "min": 0.006701,
    "max": 0.0088,