{
  "stats": {
    "min": 31454,
    "max": 32152,
    "mean": 31830.1,
    "median": 31828,
    "variance": 54370.69,
    "stdDev": 233.17523453403024,
    "confidence": 333.58385138634185,
    "low": 31663.308074306828,
    "high": 31996.89192569317,
    "count": 10,
    "base": 31328
  },
  "heap memory": {
    "min": 556490048,
    "max": 664419928,
    "mean": 613453422.4,
    "median": 613845784,
    "variance": 605571624237514.2,
    "stdDev": 24608364.92409673,
    "confidence": 35205081.55210066,
    "low": 595850881.6239496,
    "high": 631055963.1760503,
    "count": 10,
    "base": 31328
  },
  "rss memory": {
    "min": 812138496,
    "max": 912109568,
    "mean": 866960588.8,
    "median": 869183488,
    "variance": 536365431426908.1,
    "stdDev": 23159564.577662252,
    "confidence": 33132406.894265413,
    "low": 850394385.3528672,
    "high": 883526792.2471327,
    "count": 10,
    "base": 31328
  },
  "external memory": {
    "min": 29138125,
    "max": 29170893,
    "mean": 29153689.8,
    "median": 29154509,
    "variance": 99992207.36000001,
    "stdDev": 9999.61036040905,
    "confidence": 14305.586710587144,
    "low": 29146537.006644707,
    "high": 29160842.593355294,
    "count": 10,
    "base": 31328
  },
  "array buffers memory": {
    "min": 27609778,
    "max": 27642546,
    "mean": 27625342.8,
    "median": 27626162,
    "variance": 99992207.36000001,
    "stdDev": 9999.61036040905,
    "confidence": 14305.586710587144,
    "low": 27618190.006644707,
    "high": 27632495.593355294,
    "count": 10,
    "base": 31328
  },
  "Compiler.make hook": {
    "min": 6051.412031,
    "max": 6184.587392,
    "mean": 6137.2915013,
    "median": 6146.108607,
    "variance": 1684.8855243005178,
    "stdDev": 41.04735709275955,
    "confidence": 58.72294069134841,
    "low": 6107.930030954326,
    "high": 6166.652971645674,
    "count": 10,
    "base": 31328
  },
  "Compiler.finish make hook": {
    "min": 0.087873,
    "max": 0.113952,
    "mean": 0.09147120000000002,
    "median": 0.0888905,
    "variance": 0.000057006359759999985,
    "stdDev": 0.00755025560891815,
    "confidence": 0.010801504499426823,
    "low": 0.0860704477502866,
    "high": 0.09687195224971343,
    "count": 10,
    "base": 31328
  },
  "Compiler.finish compilation": {
    "min": 300.066685,
    "max": 317.159087,
    "mean": 307.4298033,
    "median": 307.7443015,
    "variance": 25.432244787341197,
    "stdDev": 5.043039241106617,
    "confidence": 7.214644625972369,
    "low": 303.8224809870138,
    "high": 311.0371256129862,
    "count": 10,
    "base": 31328
  },
  "Compiler.seal compilation": {
    "min": 25015.330401,
    "max": 25674.432687,
    "mean": 25351.855982199995,
    "median": 25305.212771500002,
    "variance": 55397.42974181741,
    "stdDev": 235.36658586515082,
    "confidence": 336.7188301855931,
    "low": 25183.4965671072,
    "high": 25520.21539729279,
    "count": 10,
    "base": 31328
  },
  "Compiler.afterCompile hook": {
    "min": 0.05397,
    "max": 0.09155,
    "mean": 0.07070770000000001,
    "median": 0.0644955,
    "variance": 0.00021600429361000006,
    "stdDev": 0.014697084527551717,
    "confidence": 0.021025860960958015,
    "low": 0.060194769519521005,
    "high": 0.08122063048047902,
    "count": 10,
    "base": 31328
  },
  "Compiler.emitAssets": {
    "min": 14.362753,
    "max": 14.857406,
    "mean": 14.5759485,
    "median": 14.557602500000002,
    "variance": 0.021344087069849988,
    "stdDev": 0.14609615693046135,
    "confidence": 0.20900726785585633,
    "low": 14.471444866072073,
    "high": 14.680452133927929,
    "count": 10,
    "base": 31328
  },
  "Compiler.emitRecords": {
    "min": 0.061113,
    "max": 0.079167,
    "mean": 0.0685645,
    "median": 0.0687685,
    "variance": 0.00003722471864999999,
    "stdDev": 0.0061012063274405,
    "confidence": 0.008728473711530793,
    "low": 0.0642002631442346,
    "high": 0.0729287368557654,
    "count": 10,
    "base": 31328
  },
  "Compilation.compute affected modules": {
    "min": 0.212525,
    "max": 0.31675,
    "mean": 0.23365999999999998,
    "median": 0.222429,
    "variance": 0.0008188706031999997,
    "stdDev": 0.02861591520814946,
    "confidence": 0.04093834075113281,
    "low": 0.21319082962443356,
    "high": 0.25412917037556637,
    "count": 10,
    "base": 31328
  },
  "Compilation.finish modules": {
    "min": 228.302341,
    "max": 245.528112,
    "mean": 235.5795643,
    "median": 235.80584,
    "variance": 26.490047051703574,
    "stdDev": 5.146848263909047,
    "confidence": 7.3631553102407565,
    "low": 231.8979866448796,
    "high": 239.26114195512037,
    "count": 10,
    "base": 31328
  },
  "Compilation.report dependency errors and warnings": {
    "min": 69.762519,
    "max": 73.472746,
    "mean": 71.1780213,
    "median": 70.559854,
    "variance": 1.7869541168372152,
    "stdDev": 1.3367700313955333,
    "confidence": 1.9124024743960604,
    "low": 70.22182006280197,
    "high": 72.13422253719803,
    "count": 10,
    "base": 31328
  },
  "Compilation.optimize dependencies": {
    "min": 281.042639,
    "max": 311.760939,
    "mean": 291.7642624,
    "median": 289.869244,
    "variance": 76.9880508086866,
    "stdDev": 8.7742834926099,
    "confidence": 12.552616432313357,
    "low": 285.4879541838433,
    "high": 298.0405706161567,
    "count": 10,
    "base": 31328
  },
  "Compilation.create chunks": {
    "min": 128.193332,
    "max": 138.587713,
    "mean": 133.06648370000002,
    "median": 132.273021,
    "variance": 15.761075223307836,
    "stdDev": 3.970022068365343,
    "confidence": 5.6795707927584544,
    "low": 130.2266983036208,
    "high": 135.90626909637925,
    "count": 10,
    "base": 31328
  },
  "Compilation.compute affected modules with chunk graph": {
    "min": 0.122428,
    "max": 0.157182,
    "mean": 0.1292373,
    "median": 0.1257385,
    "variance": 0.00009395166260999995,
    "stdDev": 0.009692866583730529,
    "confidence": 0.013866754642431367,
    "low": 0.12230392267878432,
    "high": 0.13617067732121568,
    "count": 10,
    "base": 31328
  },
  "Compilation.optimize": {
    "min": 152.558836,
    "max": 170.21128,
    "mean": 162.2430175,
    "median": 162.5596855,
    "variance": 23.474804299568596,
    "stdDev": 4.845080422404627,
    "confidence": 6.931441886665766,
    "low": 158.77729655666712,
    "high": 165.7087384433329,
    "count": 10,
    "base": 31328
  },
  "Compilation.module hashing": {
    "min": 156.389536,
    "max": 169.78321,
    "mean": 163.12737899999996,
    "median": 163.617001,
    "variance": 19.54747210970239,
    "stdDev": 4.421252323686399,
    "confidence": 6.325107299810043,
    "low": 159.96482535009494,
    "high": 166.28993264990498,
    "count": 10,
    "base": 31328
  },
  "Compilation.code generation": {
    "min": 581.647358,
    "max": 612.90607,
    "mean": 594.4036960999999,
    "median": 593.8726174999999,
    "variance": 107.6388745817425,
    "stdDev": 10.374915642150663,
    "confidence": 14.842503856094254,
    "low": 586.9824441719528,
    "high": 601.8249480280471,
    "count": 10,
    "base": 31328
  },
  "Compilation.runtime requirements.modules": {
    "min": 18.860661,
    "max": 20.442287,
    "mean": 19.8962536,
    "median": 19.9656095,
    "variance": 0.21701408114423998,
    "stdDev": 0.46584770166250683,
    "confidence": 0.666448436475676,
    "low": 19.563029381762163,
    "high": 20.22947781823784,
    "count": 10,
    "base": 31328
  },
  "Compilation.runtime requirements.chunks": {
    "min": 4.743356,
    "max": 8.856973,
    "mean": 6.270643600000001,
    "median": 5.620028,
    "variance": 2.669308609280441,
    "stdDev": 1.633801888014713,
    "confidence": 2.3373405297322947,
    "low": 5.101973335133854,
    "high": 7.439313864866149,
    "count": 10,
    "base": 31328
  },
  "Compilation.runtime requirements.entries": {
    "min": 1.775022,
    "max": 1.942606,
    "mean": 1.8631540000000002,
    "median": 1.863672,