{
  "stats": {
    "min": 188673,
    "max": 194748,
    "mean": 191710.5,
    "median": 191710.5,
    "variance": 9226406.25,
    "stdDev": 3037.5,
    "confidence": 54598.0126724522,
    "low": 164411.4936637739,
    "high": 219009.5063362261,
    "count": 2,
    "base": 213563
  },
  "heap memory": {
    "min": 1111167616,
    "max": 1655227144,
    "mean": 1383197380,
    "median": 1383197380,
    "variance": 74000192501895700,
    "stdDev": 272029764,
    "confidence": 3828017874.182087,
    "low": 0,
    "high": 3828017874.182087,
    "count": 2,
    "base": 213563
  },
  "rss memory": {
    "min": 2047479808,
    "max": 2110291968,
    "mean": 2078885888,
    "median": 2078885888,
    "variance": 986341860966400,
    "stdDev": 31406080,
    "confidence": 564513433.3603449,
    "low": 1796629171.3198276,
    "high": 2361142604.6801724,
    "count": 2,
    "base": 213563
  },
  "external memory": {
    "min": 80591328,
    "max": 81137247,
    "mean": 80864287.5,
    "median": 80864287.5,
    "variance": 74506888640.25,
    "stdDev": 272959.5,
    "confidence": 4906352.671626747,
    "low": 78411111.16418663,
    "high": 83317463.83581337,
    "count": 2,
    "base": 213563
  },
  "array buffers memory": {
    "min": 79174170,
    "max": 79720089,
    "mean": 79447129.5,
    "median": 79447129.5,
    "variance": 74506888640.25,
    "stdDev": 272959.5,
    "confidence": 4906352.671626747,
    "low": 76993953.16418663,
    "high": 81900305.83581337,
    "count": 2,
    "base": 213563
  },
  "Compiler.make hook": {
    "min": 63583.50361,
    "max": 65021.233665,
    "mean": 64302.368637499996,
    "median": 64302.368637499996,
    "variance": 516766.92776257574,
    "stdDev": 718.8650275,
    "confidence": 12921.350413572909,
    "low": 57841.693430713545,
    "high": 70763.04384428645,
    "count": 2,
    "base": 213563
  },
  "Compiler.finish make hook": {
    "min": 0.146213,
    "max": 0.154614,
    "mean": 0.1504135,
    "median": 0.1504135,
    "variance": 0.000017644200249999965,
    "stdDev": 0.004200499999999996,
    "confidence": 0.07550253571378936,
    "low": 0.11266223214310532,
    "high": 0.18816476785689468,
    "count": 2,
    "base": 213563
  },
  "Compiler.finish compilation": {
    "min": 229.166242,
    "max": 236.083989,
    "mean": 232.6251155,
    "median": 232.6251155,
    "variance": 11.96380588900222,
    "stdDev": 3.4588734999999957,
    "confidence": 62.17205569890004,
    "low": 201.53908765055,
    "high": 263.71114334945,
    "count": 2,
    "base": 213563
  },
  "Compiler.seal compilation": {
    "min": 124680.644709,
    "max": 129315.552288,
    "mean": 126998.09849850001,
    "median": 126998.09849850001,
    "variance": 5370592.066467924,
    "stdDev": 2317.453789500003,
    "confidence": 41655.43090269744,
    "low": 106170.38304715129,
    "high": 147825.81394984873,
    "count": 2,
    "base": 213563
  },
  "Compiler.afterCompile hook": {
    "min": 0.081607,
    "max": 0.087107,
    "mean": 0.084357,
    "median": 0.084357,
    "variance": 0.0000075625000000000136,
    "stdDev": 0.0027500000000000024,
    "confidence": 0.049430299538845646,
    "low": 0.05964185023057718,
    "high": 0.10907214976942282,
    "count": 2,
    "base": 213563
  },
  "Compiler.emitAssets": {
    "min": 156.881193,
    "max": 162.018902,
    "mean": 159.45004749999998,
    "median": 159.45004749999998,
    "variance": 6.599013442170253,
    "stdDev": 2.5688545000000005,
    "confidence": 46.174271784258735,
    "low": 136.36291160787061,
    "high": 182.53718339212935,
    "count": 2,
    "base": 213563
  },
  "Compiler.emitRecords": {
    "min": 0.097208,
    "max": 0.099208,
    "mean": 0.098208,
    "median": 0.098208,
    "variance": 0.0000010000000000000019,
    "stdDev": 0.0010000000000000009,
    "confidence": 0.01797465437776205,
    "low": 0.08922067281111898,
    "high": 0.10719532718888103,
    "count": 2,
    "base": 213563
  },
  "FlagDependencyExportsPlugin.restore cached provided exports": {
    "min": 10.877956,
    "max": 12.135612,
    "mean": 11.506784,
    "median": 11.506784,
    "variance": 0.3954246535840005,
    "stdDev": 0.6288280000000004,
    "confidence": 11.302965963059355,
    "low": 5.855301018470323,
    "high": 17.158266981529678,
    "count": 2,
    "base": 213563
  },
  "FlagDependencyExportsPlugin.figure out provided exports": {
    "min": 156.308738,
    "max": 156.658265,
    "mean": 156.4835015,
    "median": 156.4835015,
    "variance": 0.030542280932249095,
    "stdDev": 0.1747634999999974,
    "confidence": 3.1413135103479704,
    "low": 154.912844744826,
    "high": 158.05415825517397,
    "count": 2,
    "base": 213563
  },
  "FlagDependencyExportsPlugin.store provided exports into cache": {
    "min": 10.232799,
    "max": 12.195317,
    "mean": 11.214058,
    "median": 11.214058,
    "variance": 0.9628692250809994,
    "stdDev": 0.9812589999999997,
    "confidence": 17.637791380068393,
    "low": 2.3951623099658033,
    "high": 20.032953690034198,
    "count": 2,
    "base": 213563
  },
  "InnerGraphPlugin.infer dependency usage": {
    "min": 37.537235,
    "max": 56.221174,
    "mean": 46.8792045,
    "median": 46.8792045,
    "variance": 87.27239413893021,
    "stdDev": 9.341969499999998,
    "confidence": 130.8385409850472,
    "low": 0,
    "high": 130.8385409850472,
    "count": 2,
    "base": 213563
  },
  "Compilation.finish modules": {
    "min": 182.122507,
    "max": 185.795695,
    "mean": 183.959101,
    "median": 183.959101,
    "variance": 3.3730775208359667,
    "stdDev": 1.836593999999991,
    "confidence": 33.01214238227135,
    "low": 167.45302980886433,
    "high": 200.46517219113568,
    "count": 2,
    "base": 213563
  },
  "Compilation.report dependency errors and warnings": {
    "min": 46.593395,
    "max": 49.255708,
    "mean": 47.9245515,
    "median": 47.9245515,
    "variance": 1.7719776274922467,
    "stdDev": 1.3311564999999987,
    "confidence": 23.92707801021136,
    "low": 35.96101249489432,
    "high": 59.88809050510568,
    "count": 2,
    "base": 213563
  },
  "Compilation.optimize dependencies": {
    "min": 214.69457,
    "max": 225.715625,
    "mean": 220.2050975,
    "median": 220.2050975,
    "variance": 30.365913328256195,
    "stdDev": 5.510527499999995,
    "confidence": 99.049827251653,
    "low": 170.68018387417348,
    "high": 269.7300111258265,
    "count": 2,
    "base": 213563
  },
  "Compilation.create chunks": {
    "min": 143.030928,
    "max": 149.012696,
    "mean": 146.021812,
    "median": 146.021812,
    "variance": 8.945387101456049,
    "stdDev": 2.9908840000000083,
    "confidence": 53.760106183978564,
    "low": 119.14175890801073,
    "high": 172.9018650919893,
    "count": 2,
    "base": 213563
  },
  "Compilation.optimize": {
    "min": 675.358126,
    "max": 675.670085,
    "mean": 675.5141054999999,
    "median": 675.5141054999999,
    "variance": 0.024329604420250256,
    "stdDev": 0.15597950000000083,
    "confidence": 2.8036776025162453,
    "low": 674.1122666987418,
    "high": 676.915944301258,
    "count": 2,
    "base": 213563
  },
  "Compilation.module hashing": {
    "min": 330.762686,
    "max": 334.73292,
    "mean": 332.747803,
    "median": 332.747803,
    "variance": 3.94068950368901,
    "stdDev": 1.9851170000000025,
    "confidence": 35.681791974419866,
    "low": 314.90690701279004,
    "high": 350.5886989872099,
    "count": 2,
    "base": 213563
  },
  "Compilation.code generation": {
    "min": 4999.588276,
    "max": 5190.134854,
    "mean": 5094.861565,
    "median": 5094.861565,
    "variance": 9076.999596877473,
    "stdDev": 95.27328899999975,
    "confidence": 1712.5044412076331,
    "low": 4238.609344396184,
    "high": 5951.113785603817,
    "count": 2,
    "base": 213563
  },
  "Compilation.runtime requirements": {
    "min": 5.6918,
    "max": 27.998632,
    "mean": 16.845216,
    "median": 16.845216,
    "variance": 124.398688469056,
    "stdDev": 11.153416,