{
  "stats": {
    "min": 44519,
    "max": 45864,
    "mean": 45269.857142857145,
    "median": 45436,
    "variance": 240312.40816326533,
    "stdDev": 490.2166951086686,
    "confidence": 906.7823176836973,
    "low": 44816.465984015296,
    "high": 45723.24830169899,
    "count": 7,
    "base": 41480
  },
  "heap memory": {
    "min": 446965752,
    "max": 459985472,
    "mean": 452876435.4285714,
    "median": 451695720,
    "variance": 25524365060477.387,
    "stdDev": 5052164.393651239,
    "confidence": 9345282.165835977,
    "low": 448203794.3456534,
    "high": 457549076.5114894,
    "count": 7,
    "base": 41480
  },
  "rss memory": {
    "min": 698974208,
    "max": 1007931392,
    "mean": 784384585.1428572,
    "median": 716435456,
    "variance": 11572755956118592,
    "stdDev": 107576744.49488883,
    "confidence": 198990957.82594252,
    "low": 684889106.2298859,
    "high": 883880064.0558285,
    "count": 7,
    "base": 41480
  },
  "external memory": {
    "min": 23784957,
    "max": 23825917,
    "mean": 23804851.85714286,
    "median": 23801341,
    "variance": 169826512.97959182,
    "stdDev": 13031.750188658154,
    "confidence": 24105.5858714208,
    "low": 23792799.064207148,
    "high": 23816904.65007857,
    "count": 7,
    "base": 41480
  },
  "array buffers memory": {
    "min": 10750105,
    "max": 10791065,
    "mean": 10769999.857142856,
    "median": 10766489,
    "variance": 169826512.97959182,
    "stdDev": 13031.750188658154,
    "confidence": 24105.5858714208,
    "low": 10757947.064207146,
    "high": 10782052.650078567,
    "count": 7,
    "base": 41480
  },
  "Compiler.make hook": {
    "min": 18209.025336,
    "max": 19017.657541,
    "mean": 18577.81824842857,
    "median": 18542.069732,
    "variance": 83443.98574215664,
    "stdDev": 288.8667266096195,
    "confidence": 534.3335762946808,
    "low": 18310.65146028123,
    "high": 18844.985036575912,
    "count": 7,
    "base": 41480
  },
  "Compiler.finish make hook": {
    "min": 0.096909,
    "max": 0.119711,
    "mean": 0.10706685714285714,
    "median": 0.10571,
    "variance": 0.00006929391097959187,
    "stdDev": 0.008324296425499988,
    "confidence": 0.015397934997150003,
    "low": 0.09936788964428214,
    "high": 0.11476582464143215,
    "count": 7,
    "base": 41480
  },
  "Compiler.finish compilation": {
    "min": 131.598354,
    "max": 149.911698,
    "mean": 137.78194414285716,
    "median": 136.935412,
    "variance": 30.14513570209842,
    "stdDev": 5.490458605808664,
    "confidence": 10.156020448503739,
    "low": 132.7039339186053,
    "high": 142.85995436710903,
    "count": 7,
    "base": 41480
  },
  "Compiler.seal compilation": {
    "min": 26076.293206,
    "max": 26872.211379,
    "mean": 26507.438447285716,
    "median": 26485.631338,
    "variance": 76836.92783285804,
    "stdDev": 277.19474712349444,
    "confidence": 512.7432373364354,
    "low": 26251.0668286175,
    "high": 26763.810065953934,
    "count": 7,
    "base": 41480
  },
  "Compiler.afterCompile hook": {
    "min": 0.066806,
    "max": 0.101109,
    "mean": 0.07966442857142857,
    "median": 0.076007,
    "variance": 0.0001026244173877551,
    "stdDev": 0.010130371038997292,
    "confidence": 0.018738736198491646,
    "low": 0.07029506047218274,
    "high": 0.08903379667067439,
    "count": 7,
    "base": 41480
  },
  "Compiler.emitAssets": {
    "min": 27.949274,
    "max": 33.410058,
    "mean": 29.541966428571424,
    "median": 28.970357,
    "variance": 2.755666864483673,
    "stdDev": 1.6600201397825487,
    "confidence": 3.0706357510324054,
    "low": 28.00664855305522,
    "high": 31.077284304087627,
    "count": 7,
    "base": 41480
  },
  "Compiler.emitRecords": {
    "min": 0.089307,
    "max": 0.153713,
    "mean": 0.10708057142857143,
    "median": 0.094308,
    "variance": 0.0005654921679591836,
    "stdDev": 0.023780079225250356,
    "confidence": 0.04398739490052325,
    "low": 0.0850868739783098,
    "high": 0.12907426887883305,
    "count": 7,
    "base": 41480
  },
  "FlagDependencyExportsPlugin.restore cached provided exports": {
    "min": 4.087663,
    "max": 4.33679,
    "mean": 4.226674142857143,
    "median": 4.243377,
    "variance": 0.005582142138122443,
    "stdDev": 0.07471373460162758,
    "confidence": 0.13820233806979942,
    "low": 4.157572973822243,
    "high": 4.295775311892043,
    "count": 7,
    "base": 41480
  },
  "FlagDependencyExportsPlugin.figure out provided exports": {
    "min": 82.06198,
    "max": 91.046676,
    "mean": 85.79058814285715,
    "median": 86.028932,
    "variance": 7.153774115253266,
    "stdDev": 2.674654017859743,
    "confidence": 4.9474630168995475,
    "low": 83.31685663440737,
    "high": 88.26431965130692,
    "count": 7,
    "base": 41480
  },
  "FlagDependencyExportsPlugin.store provided exports into cache": {
    "min": 7.418557,
    "max": 15.596983,
    "mean": 9.389745142857143,
    "median": 7.693883,
    "variance": 7.793228463979551,
    "stdDev": 2.7916354461103174,
    "confidence": 5.163850364971192,
    "low": 6.807819960371547,
    "high": 11.971670325342739,
    "count": 7,
    "base": 41480
  },
  "InnerGraphPlugin.infer dependency usage": {
    "min": 17.757617,
    "max": 43.606446,
    "mean": 28.91626042857143,
    "median": 30.20506,
    "variance": 74.53975458309625,
    "stdDev": 8.633640864843537,
    "confidence": 15.970147389076637,
    "low": 20.931186734033112,
    "high": 36.90133412310975,
    "count": 7,
    "base": 41480
  },
  "Compilation.finish modules": {
    "min": 96.558952,
    "max": 112.429373,
    "mean": 101.01300657142858,
    "median": 98.772769,
    "variance": 23.31847905186109,
    "stdDev": 4.82892110640266,
    "confidence": 8.932336080077505,
    "low": 96.54683853138982,
    "high": 105.47917461146733,
    "count": 7,
    "base": 41480
  },
  "Compilation.report dependency errors and warnings": {
    "min": 34.639668,
    "max": 39.725624,
    "mean": 36.35880157142857,
    "median": 35.818777,
    "variance": 2.5540119250053928,
    "stdDev": 1.5981276310124273,
    "confidence": 2.956149579692635,
    "low": 34.880726781582254,
    "high": 37.83687636127489,
    "count": 7,
    "base": 41480
  },
  "Compilation.optimize dependencies": {
    "min": 174.738812,
    "max": 196.110114,
    "mean": 182.5328962857143,
    "median": 184.899403,
    "variance": 53.61246718879595,
    "stdDev": 7.322053481694596,
    "confidence": 13.544027962701648,
    "low": 175.76088230436346,
    "high": 189.3049102670651,
    "count": 7,
    "base": 41480
  },
  "Compilation.create chunks": {
    "min": 69.125132,
    "max": 74.735129,
    "mean": 71.76068985714286,
    "median": 71.726463,
    "variance": 3.0685950325544122,
    "stdDev": 1.7517405722750192,
    "confidence": 3.2402963668056657,
    "low": 70.14054167374003,
    "high": 73.3808380405457,
    "count": 7,
    "base": 41480
  },
  "Compilation.optimize": {
    "min": 217.47296,
    "max": 233.836487,
    "mean": 225.2440498571429,
    "median": 225.575712,
    "variance": 26.38059873134131,
    "stdDev": 5.136204701074647,
    "confidence": 9.500736407816419,
    "low": 220.4936816532347,
    "high": 229.9944180610511,
    "count": 7,
    "base": 41480
  },
  "Compilation.module hashing": {
    "min": 203.417653,
    "max": 220.916665,
    "mean": 212.2558277142857,
    "median": 211.245539,
    "variance": 39.80819087551273,
    "stdDev": 6.309373255364809,
    "confidence": 11.670814480039212,
    "low": 206.42042047426608,
    "high": 218.0912349543053,
    "count": 7,
    "base": 41480
  },
  "Compilation.code generation": {
    "min": 1164.659345,
    "max": 1476.485984,
    "mean": 1274.5685167142858,
    "median": 1233.832839,
    "variance": 13926.007257477617,
    "stdDev": 118.00850502178908,
    "confidence": 218.28719168025236,
    "low": 1165.4249208741596,
    "high": 1383.712112554412,
    "count": 7,
    "base": 41480
  },
  "Compilation.runtime requirements": {
    "min": 2.017275,