{
  "stats": {
    "min": 16443,
    "max": 19524,
    "mean": 17458.3125,
    "median": 17272,
    "variance": 617424.71484375,
    "stdDev": 785.7637780171277,
    "confidence": 837.231305477253,
    "low": 17039.696847261373,
    "high": 17876.928152738627,
    "count": 16,
    "base": 18000.5
  },
  "heap memory": {
    "min": 137852632,
    "max": 340520032,
    "mean": 311788997.5,
    "median": 324708928,
    "variance": 2152492249565175.5,
    "stdDev": 46394959.31203276,
    "confidence": 49433829.14697087,
    "low": 287072082.92651457,
    "high": 336505912.07348543,
    "count": 16,
    "base": 18000.5
  },
  "rss memory": {
    "min": 466767872,
    "max": 543084544,
    "mean": 502268160,
    "median": 502310912,
    "variance": 401290860363776,
    "stdDev": 20032245.51476384,
    "confidence": 21344357.595980883,
    "low": 491595981.20200956,
    "high": 512940338.79799044,
    "count": 16,
    "base": 18000.5
  },
  "external memory": {
    "min": 15511699,
    "max": 15536275,
    "mean": 15524499,
    "median": 15523987,
    "variance": 41680896,
    "stdDev": 6456.074349014268,
    "confidence": 6878.947218876332,
    "low": 15521059.526390562,
    "high": 15527938.473609438,
    "count": 16,
    "base": 18000.5
  },
  "array buffers memory": {
    "min": 7641345,
    "max": 7665921,
    "mean": 7654145,
    "median": 7653633,
    "variance": 41680896,
    "stdDev": 6456.074349014268,
    "confidence": 6878.947218874469,
    "low": 7650705.526390563,
    "high": 7657584.473609437,
    "count": 16,
    "base": 18000.5
  },
  "Compiler.make hook": {
    "min": 15589.001436,
    "max": 18496.011954,
    "mean": 16540.303758000002,
    "median": 16351.324633,
    "variance": 555023.4712992342,
    "stdDev": 744.9989740256252,
    "confidence": 793.7964068243018,
    "low": 16143.405554587851,
    "high": 16937.201961412153,
    "count": 16,
    "base": 18000.5
  },
  "Compiler.finish make hook": {
    "min": 0.078004,
    "max": 0.199613,
    "mean": 0.110013,
    "median": 0.1048065,
    "variance": 0.0006264408423750002,
    "stdDev": 0.025028800258402324,
    "confidence": 0.026668186675327665,
    "low": 0.09667890666233617,
    "high": 0.12334709333766383,
    "count": 16,
    "base": 18000.5
  },
  "Compiler.finish compilation": {
    "min": 119.75894,
    "max": 218.758844,
    "mean": 134.814091,
    "median": 128.80217950000002,
    "variance": 512.017026267677,
    "stdDev": 22.627793225758385,
    "confidence": 24.109913682045544,
    "low": 122.75913415897722,
    "high": 146.86904784102276,
    "count": 16,
    "base": 18000.5
  },
  "Compiler.seal compilation": {
    "min": 674.985005,
    "max": 793.900172,
    "mean": 735.46339625,
    "median": 729.572002,
    "variance": 954.5578612983655,
    "stdDev": 30.8959198163506,
    "confidence": 32.91960256432162,
    "low": 719.0035949678391,
    "high": 751.9231975321608,
    "count": 16,
    "base": 18000.5
  },
  "Compiler.afterCompile hook": {
    "min": 0.053804,
    "max": 0.077305,
    "mean": 0.06537281249999999,
    "median": 0.0665545,
    "variance": 0.000032287827777343745,
    "stdDev": 0.005682237919811502,
    "confidence": 0.0060544245035591485,
    "low": 0.06234560024822041,
    "high": 0.06840002475177956,
    "count": 16,
    "base": 18000.5
  },
  "Compiler.emitAssets": {
    "min": 27.884455,
    "max": 48.564874,
    "mean": 32.797774249999996,
    "median": 30.7255685,
    "variance": 32.89234241428569,
    "stdDev": 5.735184601587441,
    "confidence": 6.1108391929914205,
    "low": 29.742354653504286,
    "high": 35.85319384649571,
    "count": 16,
    "base": 18000.5
  },
  "Compiler.emitRecords": {
    "min": 0.063204,
    "max": 0.100407,
    "mean": 0.0878679375,
    "median": 0.0904555,
    "variance": 0.00010319836468359372,
    "stdDev": 0.010158659590890608,
    "confidence": 0.01082405179409393,
    "low": 0.08245591160295304,
    "high": 0.09327996339704697,
    "count": 16,
    "base": 18000.5
  },
  "FlagDependencyExportsPlugin.restore cached provided exports": {
    "min": 3.592634,
    "max": 6.733326,
    "mean": 4.1140355625,
    "median": 4.017293,
    "variance": 0.509529799521121,
    "stdDev": 0.7138135607573738,
    "confidence": 0.7605683489869821,
    "low": 3.733751388006509,
    "high": 4.494319736993491,
    "count": 16,
    "base": 18000.5
  },
  "FlagDependencyExportsPlugin.figure out provided exports": {
    "min": 73.022549,
    "max": 163.925175,
    "mean": 85.59044700000003,
    "median": 78.730155,
    "variance": 443.15943980596774,
    "stdDev": 21.051352446006117,
    "confidence": 22.430216031219516,
    "low": 74.37533898439027,
    "high": 96.80555501560978,
    "count": 16,
    "base": 18000.5
  },
  "FlagDependencyExportsPlugin.store provided exports into cache": {
    "min": 7.078745,
    "max": 11.599932,
    "mean": 8.346123312500001,
    "median": 7.2508230000000005,
    "variance": 1.940671694079715,
    "stdDev": 1.3930799309729915,
    "confidence": 1.4843266664517216,
    "low": 7.603959979274141,
    "high": 9.088286645725862,
    "count": 16,
    "base": 18000.5
  },
  "InnerGraphPlugin.infer dependency usage": {
    "min": 16.091209,
    "max": 37.019516,
    "mean": 22.583038124999998,
    "median": 21.543962,
    "variance": 46.127740750615615,
    "stdDev": 6.791740627454469,
    "confidence": 7.23659963855274,
    "low": 18.96473830572363,
    "high": 26.201337944276368,
    "count": 16,
    "base": 18000.5
  },
  "Compilation.finish modules": {
    "min": 86.154804,
    "max": 182.885174,
    "mean": 99.66971187500002,
    "median": 90.68938750000001,
    "variance": 495.32141078743285,
    "stdDev": 22.25581745942918,
    "confidence": 23.71357350302179,
    "low": 87.81292512348912,
    "high": 111.52649862651091,
    "count": 16,
    "base": 18000.5
  },
  "Compilation.report dependency errors and warnings": {
    "min": 31.835608,
    "max": 37.707181,
    "mean": 34.7441791875,
    "median": 34.901968,
    "variance": 2.598962707853401,
    "stdDev": 1.6121298669317559,
    "confidence": 1.7177243732157876,
    "low": 33.88531700089211,
    "high": 35.603041374107896,
    "count": 16,
    "base": 18000.5
  },
  "Compilation.optimize dependencies": {
    "min": 151.093513,
    "max": 181.252777,
    "mean": 166.3493383125,
    "median": 164.641373,
    "variance": 64.61963393702624,
    "stdDev": 8.038633835237567,
    "confidence": 8.565164351445617,
    "low": 162.0667561367772,
    "high": 170.63192048822282,
    "count": 16,
    "base": 18000.5
  },
  "Compilation.create chunks": {
    "min": 61.940832,
    "max": 75.052553,
    "mean": 68.4479326875,
    "median": 68.8090095,
    "variance": 13.408309657756465,
    "stdDev": 3.661735880392859,
    "confidence": 3.9015795805586038,
    "low": 66.4971428972207,
    "high": 70.3987224777793,
    "count": 16,
    "base": 18000.5
  },
  "Compilation.optimize": {
    "min": 65.608331,
    "max": 74.628826,
    "mean": 70.31866300000002,
    "median": 70.65254100000001,
    "variance": 7.787491704591494,
    "stdDev": 2.7906077661669855,
    "confidence": 2.9733925748509193,
    "low": 68.83196671257456,
    "high": 71.80535928742547,
    "count": 16,
    "base": 18000.5
  },
  "Compilation.module hashing": {
    "min": 103.905143,
    "max": 137.721018,
    "mean": 123.495004125,
    "median": 121.877477,
    "variance": 67.59657029207284,
    "stdDev": 8.221713342854569,
    "confidence": 8.76023556681153,
    "low": 119.11488634159423,
    "high": 127.87512190840576,
    "count": 16,
    "base": 18000.5
  },
  "Compilation.code generation": {
    "min": 198.267085,
    "max": 236.162395,
    "mean": 220.54031081249997,
    "median": 220.252434,
    "variance": 84.7600701197341,
    "stdDev": 9.206523237342862,
    "confidence": 9.809550509388828,
    "low": 215.63553555780555,
    "high": 225.44508606719438,
    "count": 16,
    "base": 18000.5
  },
  "Compilation.runtime requirements": {
    "min": 8.145013,
    "max": 15.207962,