{
  "stats": {
    "min": 54472,
    "max": 55639,
    "mean": 55162.5,
    "median": 55263.5,
    "variance": 182990.25,
    "stdDev": 427.7735966606635,
    "confidence": 897.9877709264692,
    "low": 54713.506114536765,
    "high": 55611.493885463235,
    "count": 6,
    "base": 55145
  },
  "heap memory": {
    "min": 595794120,
    "max": 648538000,
    "mean": 609664585.3333334,
    "median": 603068600,
    "variance": 322404643057544.9,
    "stdDev": 17955629.842964154,
    "confidence": 37692686.374598265,
    "low": 590818242.1460342,
    "high": 628510928.5206325,
    "count": 6,
    "base": 55145
  },
  "rss memory": {
    "min": 770416640,
    "max": 817057792,
    "mean": 783535445.3333334,
    "median": 777832448,
    "variance": 238087739510328.9,
    "stdDev": 15430092.012374032,
    "confidence": 32391045.262135744,
    "low": 767339922.7022655,
    "high": 799730967.9644012,
    "count": 6,
    "base": 55145
  },
  "external memory": {
    "min": 30284723,
    "max": 30309299,
    "mean": 30295645.666666668,
    "median": 30297011,
    "variance": 82021944.88888888,
    "stdDev": 9056.596760863811,
    "confidence": 19011.7230258137,
    "low": 30286139.80515376,
    "high": 30305151.528179575,
    "count": 6,
    "base": 55145
  },
  "array buffers memory": {
    "min": 28705790,
    "max": 28730366,
    "mean": 28716712.666666668,
    "median": 28718078,
    "variance": 82021944.88888888,
    "stdDev": 9056.596760863811,
    "confidence": 19011.7230258137,
    "low": 28707206.80515376,
    "high": 28726218.528179575,
    "count": 6,
    "base": 55145
  },
  "Compiler.make hook": {
    "min": 9863.639416,
    "max": 10042.406538,
    "mean": 9973.1084835,
    "median": 9953.022977,
    "variance": 3841.2732087065083,
    "stdDev": 61.97800584648161,
    "confidence": 130.10501758644023,
    "low": 9908.05597470678,
    "high": 10038.16099229322,
    "count": 6,
    "base": 55145
  },
  "Compiler.finish make hook": {
    "min": 0.099412,
    "max": 0.117909,
    "mean": 0.1090435,
    "median": 0.109111,
    "variance": 0.000030267718583333326,
    "stdDev": 0.005501610544498159,
    "confidence": 0.011549050778088377,
    "low": 0.10326897461095581,
    "high": 0.11481802538904419,
    "count": 6,
    "base": 55145
  },
  "Compiler.finish compilation": {
    "min": 100.403412,
    "max": 124.614952,
    "mean": 108.84020149999999,
    "median": 102.914,
    "variance": 101.10972458348294,
    "stdDev": 10.055333141347578,
    "confidence": 21.10828312922885,
    "low": 98.28605993538557,
    "high": 119.39434306461442,
    "count": 6,
    "base": 55145
  },
  "Compiler.seal compilation": {
    "min": 44300.957092,
    "max": 45436.023904,
    "mean": 45023.3680335,
    "median": 45183.4452735,
    "variance": 189285.4641970188,
    "stdDev": 435.0694935260559,
    "confidence": 913.303410353983,
    "low": 44566.71632832301,
    "high": 45480.019738676994,
    "count": 6,
    "base": 55145
  },
  "Compiler.afterCompile hook": {
    "min": 0.078407,
    "max": 0.087009,
    "mean": 0.08182533333333333,
    "median": 0.08190700000000001,
    "variance": 0.000008356372888888887,
    "stdDev": 0.002890739159607606,
    "confidence": 0.006068276383886073,
    "low": 0.0787911951413903,
    "high": 0.08485947152527637,
    "count": 6,
    "base": 55145
  },
  "Compiler.emitAssets": {
    "min": 24.353853,
    "max": 31.514294,
    "mean": 29.440355666666672,
    "median": 30.426709000000002,
    "variance": 5.8848116321435535,
    "stdDev": 2.4258630695370162,
    "confidence": 5.092402587236911,
    "low": 26.894154373048217,
    "high": 31.986556960285128,
    "count": 6,
    "base": 55145
  },
  "Compiler.emitRecords": {
    "min": 0.085708,
    "max": 0.091008,
    "mean": 0.08790949999999999,
    "median": 0.0874125,
    "variance": 0.000003636240249999998,
    "stdDev": 0.0019068928260392607,
    "confidence": 0.0040029736562002816,
    "low": 0.08590801317189985,
    "high": 0.08991098682810013,
    "count": 6,
    "base": 55145
  },
  "Compilation.compute affected modules": {
    "min": 0.282923,
    "max": 0.438452,
    "mean": 0.3224976666666667,
    "median": 0.303824,
    "variance": 0.0027500990202222225,
    "stdDev": 0.05244138652078359,
    "confidence": 0.11008562509164921,
    "low": 0.2674548541208421,
    "high": 0.3775404792124913,
    "count": 6,
    "base": 55145
  },
  "Compilation.finish modules": {
    "min": 3.84006,
    "max": 4.029906,
    "mean": 3.9125548333333335,
    "median": 3.882873,
    "variance": 0.0053947387621389176,
    "stdDev": 0.07344888537029624,
    "confidence": 0.15418483367272184,
    "low": 3.8354624164969726,
    "high": 3.9896472501696945,
    "count": 6,
    "base": 55145
  },
  "Compilation.report dependency errors and warnings": {
    "min": 95.667789,
    "max": 119.62555,
    "mean": 103.79673433333333,
    "median": 95.9033625,
    "variance": 101.93046154103092,
    "stdDev": 10.096061684688289,
    "confidence": 21.193781005051733,
    "low": 93.19984383080747,
    "high": 114.3936248358592,
    "count": 6,
    "base": 55145
  },
  "Compilation.optimize dependencies": {
    "min": 0.145014,
    "max": 0.218713,
    "mean": 0.18566666666666665,
    "median": 0.195172,
    "variance": 0.0007099455845555553,
    "stdDev": 0.026644804081763396,
    "confidence": 0.055933111372311994,
    "low": 0.15770011098051065,
    "high": 0.21363322235282264,
    "count": 6,
    "base": 55145
  },
  "Compilation.create chunks": {
    "min": 202.37193,
    "max": 222.432072,
    "mean": 211.19842633333334,
    "median": 211.16701,
    "variance": 56.75507516768494,
    "stdDev": 7.533596429839134,
    "confidence": 15.814621374253193,
    "low": 203.29111564620675,
    "high": 219.10573702045994,
    "count": 6,
    "base": 55145
  },
  "Compilation.compute affected modules with chunk graph": {
    "min": 0.171118,
    "max": 0.193619,
    "mean": 0.18080016666666668,
    "median": 0.18126750000000003,
    "variance": 0.000055856233805555654,
    "stdDev": 0.0074737028175835074,
    "confidence": 0.015688891942184424,
    "low": 0.17295572069557447,
    "high": 0.1886446126377589,
    "count": 6,
    "base": 55145
  },
  "Compilation.optimize": {
    "min": 235.783502,
    "max": 251.210358,
    "mean": 241.79981033333334,
    "median": 240.547864,
    "variance": 28.6230357031916,
    "stdDev": 5.3500500654845835,
    "confidence": 11.230893094275302,
    "low": 236.1843637861957,
    "high": 247.415256880471,
    "count": 6,
    "base": 55145
  },
  "Compilation.module hashing": {
    "min": 232.27595,
    "max": 237.743648,
    "mean": 234.29545300000004,
    "median": 233.9272915,
    "variance": 3.5083706123633505,
    "stdDev": 1.873064497651736,
    "confidence": 3.931960799305841,
    "low": 232.32947260034712,
    "high": 236.26143339965296,
    "count": 6,
    "base": 55145
  },
  "Compilation.code generation": {
    "min": 777.001887,
    "max": 843.368555,
    "mean": 805.8777848333334,
    "median": 802.6819915000001,
    "variance": 633.9108369965032,
    "stdDev": 25.177586004152648,
    "confidence": 52.8531085360878,
    "low": 779.4512305652895,
    "high": 832.3043391013773,
    "count": 6,
    "base": 55145
  },
  "Compilation.runtime requirements.modules": {
    "min": 33.743613,
    "max": 43.267358,
    "mean": 37.2856165,
    "median": 34.940355,
    "variance": 17.58866754871592,
    "stdDev": 4.1938845416529915,
    "confidence": 8.80385573228692,
    "low": 32.88368863385654,
    "high": 41.68754436614346,
    "count": 6,
    "base": 55145
  },
  "Compilation.runtime requirements.chunks": {
    "min": 11.024053,
    "max": 24.80718,
    "mean": 17.500820833333332,
    "median": 18.666244,
    "variance": 22.5457105441558,
    "stdDev": 4.748232359958367,
    "confidence": 9.967549717993293,
    "low": 12.517045974336686,
    "high": 22.48459569232998,
    "count": 6,
    "base": 55145
  },
  "Compilation.runtime requirements.entries": {
    "min": 3.18362,