{
  "stats": {
    "min": 35572,
    "max": 36925,
    "mean": 36374.25,
    "median": 36398.5,
    "variance": 203851.9375,
    "stdDev": 451.4996539312074,
    "confidence": 755.046274450593,
    "low": 35996.7268627747,
    "high": 36751.7731372253,
    "count": 8,
    "base": 33198
  },
  "heap memory": {
    "min": 189315048,
    "max": 379566512,
    "mean": 264470371,
    "median": 255394264,
    "variance": 5914071783298382,
    "stdDev": 76903002.4335746,
    "confidence": 128605470.62652326,
    "low": 200167635.68673837,
    "high": 328773106.3132616,
    "count": 8,
    "base": 33198
  },
  "rss memory": {
    "min": 312524800,
    "max": 670949376,
    "mean": 494141440,
    "median": 491708416,
    "variance": 26539263965265920,
    "stdDev": 162908759.6333172,
    "confidence": 272433546.6605797,
    "low": 357924666.66971016,
    "high": 630358213.3302898,
    "count": 8,
    "base": 33198
  },
  "external memory": {
    "min": 13216696,
    "max": 13318456,
    "mean": 13268776,
    "median": 13267416,
    "variance": 1504519936,
    "stdDev": 38788.141693048405,
    "confidence": 64865.7017191425,
    "low": 13236343.149140429,
    "high": 13301208.850859571,
    "count": 8,
    "base": 33198
  },
  "array buffers memory": {
    "min": 8088525,
    "max": 8190285,
    "mean": 8140605,
    "median": 8139245,
    "variance": 1504519936,
    "stdDev": 38788.141693048405,
    "confidence": 64865.7017191425,
    "low": 8108172.149140429,
    "high": 8173037.850859571,
    "count": 8,
    "base": 33198
  },
  "Compiler.make hook": {
    "min": 16803.846285,
    "max": 18598.122996,
    "mean": 17766.3589985,
    "median": 17828.24789,
    "variance": 217410.23905600354,
    "stdDev": 466.2727088904127,
    "confidence": 779.751365610864,
    "low": 17376.483315694568,
    "high": 18156.234681305432,
    "count": 8,
    "base": 33198
  },
  "Compiler.finish make hook": {
    "min": 0.087806,
    "max": 0.242919,
    "mean": 0.122422,
    "median": 0.10595850000000001,
    "variance": 0.00215051244525,
    "stdDev": 0.046373617987493704,
    "confidence": 0.0775509509019181,
    "low": 0.08364652454904095,
    "high": 0.16119747545095905,
    "count": 8,
    "base": 33198
  },
  "Compiler.finish compilation": {
    "min": 38.389607,
    "max": 45.276044,
    "mean": 41.51571475,
    "median": 40.5632775,
    "variance": 5.506236889351188,
    "stdDev": 2.346537212436911,
    "confidence": 3.9241318673969943,
    "low": 39.553648816301504,
    "high": 43.4777806836985,
    "count": 8,
    "base": 33198
  },
  "Compiler.seal compilation": {
    "min": 18132.86569,
    "max": 18936.38291,
    "mean": 18540.00749175,
    "median": 18499.961484,
    "variance": 73447.57369225554,
    "stdDev": 271.01212831210256,
    "confidence": 453.21562493192323,
    "low": 18313.399679284037,
    "high": 18766.61530421596,
    "count": 8,
    "base": 33198
  },
  "Compiler.afterCompile hook": {
    "min": 0.075206,
    "max": 0.093107,
    "mean": 0.07976862499999998,
    "median": 0.077706,
    "variance": 0.000032630678234375,
    "stdDev": 0.005712326866905902,
    "confidence": 0.009552767276225838,
    "low": 0.07499224136188706,
    "high": 0.0845450086381129,
    "count": 8,
    "base": 33198
  },
  "Compiler.emitAssets": {
    "min": 8.534967,
    "max": 10.845749,
    "mean": 9.60268775,
    "median": 9.690358,
    "variance": 0.921308551892937,
    "stdDev": 0.9598481921079692,
    "confidence": 1.6051613665238413,
    "low": 8.800107066738079,
    "high": 10.40526843326192,
    "count": 8,
    "base": 33198
  },
  "Compiler.emitRecords": {
    "min": 0.088507,
    "max": 0.096207,
    "mean": 0.09288212500000001,
    "median": 0.0928575,
    "variance": 0.000006389556359375003,
    "stdDev": 0.00252775717967035,
    "confidence": 0.004227187384548109,
    "low": 0.09076853130772596,
    "high": 0.09499571869227406,
    "count": 8,
    "base": 33198
  },
  "Compilation.finish modules": {
    "min": 0.887069,
    "max": 1.322704,
    "mean": 1.1003862500000001,
    "median": 1.078585,
    "variance": 0.018249537062687504,
    "stdDev": 0.13509084744233232,
    "confidence": 0.22591344242591038,
    "low": 0.9874295287870449,
    "high": 1.2133429712129553,
    "count": 8,
    "base": 33198
  },
  "Compilation.report dependency errors and warnings": {
    "min": 37.14851,
    "max": 43.979542,
    "mean": 40.203586875,
    "median": 39.376984,
    "variance": 5.66469093209286,
    "stdDev": 2.3800611194027894,
    "confidence": 3.9801941497026974,
    "low": 38.21348980014865,
    "high": 42.19368394985135,
    "count": 8,
    "base": 33198
  },
  "Compilation.optimize dependencies": {
    "min": 0.110008,
    "max": 0.143111,
    "mean": 0.11929674999999998,
    "median": 0.11645900000000001,
    "variance": 0.00010125152568749996,
    "stdDev": 0.010062381710484847,
    "confidence": 0.01682739677970818,
    "low": 0.11088305161014589,
    "high": 0.12771044838985407,
    "count": 8,
    "base": 33198
  },
  "Compilation.create chunks": {
    "min": 57.152972,
    "max": 69.484128,
    "mean": 63.882041125,
    "median": 66.01163600000001,
    "variance": 18.76665370463112,
    "stdDev": 4.332049596280163,
    "confidence": 7.244519192709937,
    "low": 60.25978152864503,
    "high": 67.50430072135497,
    "count": 8,
    "base": 33198
  },
  "Compilation.optimize": {
    "min": 60.82396,
    "max": 69.221415,
    "mean": 65.36772025,
    "median": 65.270464,
    "variance": 4.9009716005694335,
    "stdDev": 2.2138138134381204,
    "confidence": 3.7021775268478834,
    "low": 63.51663148657607,
    "high": 67.21880901342395,
    "count": 8,
    "base": 33198
  },
  "Compilation.module hashing": {
    "min": 87.616157,
    "max": 99.08836,
    "mean": 92.95623162499999,
    "median": 92.1221515,
    "variance": 11.007065509831474,
    "stdDev": 3.317689785050958,
    "confidence": 5.548197634647977,
    "low": 90.182132807676,
    "high": 95.73033044232398,
    "count": 8,
    "base": 33198
  },
  "Compilation.code generation": {
    "min": 187.423667,
    "max": 219.385438,
    "mean": 206.18193737500002,
    "median": 206.2944415,
    "variance": 82.23553312399724,
    "stdDev": 9.068380953841608,
    "confidence": 15.16512182208686,
    "low": 198.5993764639566,
    "high": 213.76449828604345,
    "count": 8,
    "base": 33198
  },
  "Compilation.runtime requirements": {
    "min": 10.998661,
    "max": 21.381384,
    "mean": 14.326397625,
    "median": 12.359966,
    "variance": 15.116456264235238,
    "stdDev": 3.8879887170920697,
    "confidence": 6.501912837332069,
    "low": 11.075441206333965,
    "high": 17.577354043666034,
    "count": 8,
    "base": 33198
  },
  "Compilation.hashing: initialize hash": {
    "min": 0.0055,
    "max": 0.008501,
    "mean": 0.00735075,
    "median": 0.0074505000000000005,
    "variance": 7.879501875000003e-7,
    "stdDev": 0.000887665583144914,
    "confidence": 0.0014844498454780622,
    "low": 0.006608525077260968,
    "high": 0.00809297492273903,
    "count": 8,
    "base": 33198
  },
  "Compilation.hashing: sort chunks": {
    "min": 0.100708,
    "max": 0.12891,
    "mean": 0.11930924999999999,
    "median": 0.1224095,
    "variance": 0.00006955440068749996,
    "stdDev": 0.00833992809846104,
    "confidence": 0.013946924621316012,
    "low": 0.11233578768934198,
    "high": 0.126282712310658,
    "count": 8,
    "base": 33198
  },
  "Compilation.hashing: hash runtime modules": {
    "min": 1.710234,
    "max": 1.980954,
    "mean": 1.8486073750000003,
    "median": 1.860346,
    "variance": 0.0066797735224843795,
    "stdDev": 0.08172988145399686,
    "confidence": 0.13667749679500574,
    "low": 1.7802686266024974,
    "high": 1.9169461233975031,
    "count": 8,
    "base": 33198
  },
  "Compilation.hashing: hash chunks": {
    "min": 13.298441,
    "max": 22.9792,
    "mean": 14.888203875000002,
    "median": 13.815932,
    "variance": 9.399870556104357,
    "stdDev": 3.06592083330675,