{
  "stats": {
    "min": 10113,
    "max": 10623,
    "mean": 10401.333333333334,
    "median": 10415.5,
    "variance": 14634.138888888889,
    "stdDev": 120.97164497884985,
    "confidence": 102.18060075518224,
    "low": 10350.243032955743,
    "high": 10452.423633710925,
    "count": 24,
    "base": 12083
  },
  "heap memory": {
    "min": 360819528,
    "max": 561965296,
    "mean": 499295843,
    "median": 505217264,
    "variance": 2209230775747363.2,
    "stdDev": 47002454.99702503,
    "confidence": 39701362.16138995,
    "low": 479445161.919305,
    "high": 519146524.080695,
    "count": 24,
    "base": 12083
  },
  "rss memory": {
    "min": 686727168,
    "max": 788312064,
    "mean": 719481514.6666666,
    "median": 711903232,
    "variance": 692038593820899.6,
    "stdDev": 26306626.424171146,
    "confidence": 22220305.364400864,
    "low": 708371361.9844662,
    "high": 730591667.348867,
    "count": 24,
    "base": 12083
  },
  "external memory": {
    "min": 106855400,
    "max": 106879976,
    "mean": 106867688,
    "median": 106863592,
    "variance": 33554432,
    "stdDev": 5792.618751480198,
    "confidence": 4892.826447695494,
    "low": 106865241.58677615,
    "high": 106870134.41322385,
    "count": 24,
    "base": 12083
  },
  "array buffers memory": {
    "min": 105633306,
    "max": 105657882,
    "mean": 105645594,
    "median": 105641498,
    "variance": 33554432,
    "stdDev": 5792.618751480198,
    "confidence": 4892.826447695494,
    "low": 105643147.58677615,
    "high": 105648040.41322385,
    "count": 24,
    "base": 12083
  },
  "Compiler.make hook": {
    "min": 7813.5077440000005,
    "max": 8221.364479,
    "mean": 8049.230633041668,
    "median": 8043.7318165,
    "variance": 13407.259105521707,
    "stdDev": 115.78971934296113,
    "confidence": 97.80360584338814,
    "low": 8000.328830119974,
    "high": 8098.132435963362,
    "count": 24,
    "base": 12083
  },
  "Compiler.finish make hook": {
    "min": 0.081005,
    "max": 0.114007,
    "mean": 0.09681029166666667,
    "median": 0.095306,
    "variance": 0.0000418807151232639,
    "stdDev": 0.006471531126654951,
    "confidence": 0.005466280453101824,
    "low": 0.09407715144011576,
    "high": 0.09954343189321758,
    "count": 24,
    "base": 12083
  },
  "Compiler.finish compilation": {
    "min": 71.840373,
    "max": 99.656547,
    "mean": 78.92923637500002,
    "median": 76.63793100000001,
    "variance": 39.49908849611624,
    "stdDev": 6.2848300292144925,
    "confidence": 5.30858043752005,
    "low": 76.27494615623999,
    "high": 81.58352659376004,
    "count": 24,
    "base": 12083
  },
  "Compiler.seal compilation": {
    "min": 1876.300679,
    "max": 2032.733315,
    "mean": 1941.7771447499997,
    "median": 1944.9990520000001,
    "variance": 1491.8685974754617,
    "stdDev": 38.62471485299874,
    "confidence": 32.62497230956069,
    "low": 1925.4646585952194,
    "high": 1958.08963090478,
    "count": 24,
    "base": 12083
  },
  "Compiler.afterCompile hook": {
    "min": 0.064104,
    "max": 0.127308,
    "mean": 0.08098441666666667,
    "median": 0.07165450000000001,
    "variance": 0.00038390909499305556,
    "stdDev": 0.019593598316620036,
    "confidence": 0.016550040691750423,
    "low": 0.07270939632079146,
    "high": 0.08925943701254188,
    "count": 24,
    "base": 12083
  },
  "Compiler.emitAssets": {
    "min": 263.621281,
    "max": 624.274889,
    "mean": 315.8141285416667,
    "median": 286.862927,
    "variance": 8434.390236920486,
    "stdDev": 91.83893638822526,
    "confidence": 77.57320068274225,
    "low": 277.0275282002956,
    "high": 354.60072888303785,
    "count": 24,
    "base": 12083
  },
  "Compiler.emitRecords": {
    "min": 0.086405,
    "max": 2.533662,
    "mean": 0.19948766666666665,
    "median": 0.095356,
    "variance": 0.2370465158954722,
    "stdDev": 0.4868742300589262,
    "confidence": 0.40511065099632293,
    "low": 0,
    "high": 0.40511065099632293,
    "count": 24,
    "base": 12083
  },
  "Compilation.finish modules": {
    "min": 1.872118,
    "max": 2.169638,
    "mean": 2.0038358750000005,
    "median": 2.0010775,
    "variance": 0.006395717714276039,
    "stdDev": 0.0799732312356831,
    "confidence": 0.06755064638018138,
    "low": 1.9700605518099097,
    "high": 2.037611198190091,
    "count": 24,
    "base": 12083
  },
  "Compilation.report dependency errors and warnings": {
    "min": 69.327513,
    "max": 97.116785,
    "mean": 76.437315125,
    "median": 74.2217275,
    "variance": 39.371343632575446,
    "stdDev": 6.2746588459115005,
    "confidence": 5.299989187723668,
    "low": 73.78732053113816,
    "high": 79.08730971886183,
    "count": 24,
    "base": 12083
  },
  "Compilation.optimize dependencies": {
    "min": 0.101407,
    "max": 0.217714,
    "mean": 0.1345085,
    "median": 0.126108,
    "variance": 0.0006929994697499999,
    "stdDev": 0.026324883090908493,
    "confidence": 0.022235726144827092,
    "low": 0.12339063692758646,
    "high": 0.14562636307241356,
    "count": 24,
    "base": 12083
  },
  "Compilation.create chunks": {
    "min": 191.581032,
    "max": 231.02792,
    "mean": 203.63094979166667,
    "median": 202.179621,
    "variance": 71.25456337651393,
    "stdDev": 8.441241814834706,
    "confidence": 7.130027535877275,
    "low": 200.06593602372803,
    "high": 207.1959635596053,
    "count": 24,
    "base": 12083
  },
  "Compilation.optimize": {
    "min": 128.257489,
    "max": 157.268035,
    "mean": 143.33698279166668,
    "median": 141.3133005,
    "variance": 63.70482699860623,
    "stdDev": 7.9815303669538356,
    "confidence": 6.741725037992637,
    "low": 139.96612027267037,
    "high": 146.707845310663,
    "count": 24,
    "base": 12083
  },
  "Compilation.module hashing": {
    "min": 280.508362,
    "max": 317.913256,
    "mean": 297.455365,
    "median": 297.6050605,
    "variance": 115.97260611334133,
    "stdDev": 10.769057809917324,
    "confidence": 9.096253893026073,
    "low": 292.90723805348694,
    "high": 302.003491946513,
    "count": 24,
    "base": 12083
  },
  "Compilation.code generation": {
    "min": 711.978131,
    "max": 795.298137,
    "mean": 761.7292709166667,
    "median": 762.7414975,
    "variance": 361.2114750051598,
    "stdDev": 19.005564316935182,
    "confidence": 16.053348534156157,
    "low": 753.7025966495886,
    "high": 769.7559451837448,
    "count": 24,
    "base": 12083
  },
  "Compilation.runtime requirements": {
    "min": 44.18991,
    "max": 56.558002,
    "mean": 51.73330070833334,
    "median": 51.7482005,
    "variance": 8.314360906444291,
    "stdDev": 2.8834633527139357,
    "confidence": 2.4355626286422165,
    "low": 50.51551939401223,
    "high": 52.95108202265445,
    "count": 24,
    "base": 12083
  },
  "Compilation.hashing: initialize hash": {
    "min": 0.0053,
    "max": 0.0075,
    "mean": 0.006296208333333334,
    "median": 0.00625,
    "variance": 3.6510266493055557e-7,
    "stdDev": 0.0006042372588069653,
    "confidence": 0.0005103784950130624,
    "low": 0.006041019085826803,
    "high": 0.006551397580839865,
    "count": 24,
    "base": 12083
  },
  "Compilation.hashing: sort chunks": {
    "min": 0.083806,
    "max": 0.128908,
    "mean": 0.10260654166666668,
    "median": 0.102256,
    "variance": 0.00012445029216493053,
    "stdDev": 0.011155729118481254,
    "confidence": 0.009422861889559181,
    "low": 0.09789511072188709,
    "high": 0.10731797261144627,
    "count": 24,
    "base": 12083
  },
  "Compilation.hashing: hash runtime modules": {
    "min": 5.437646,
    "max": 13.454157,
    "mean": 6.243306083333333,
    "median": 5.858073,
    "variance": 2.3496922045077433,
    "stdDev": 1.5328705765679447,
    "confidence": 1.2947632184470876,
    "low": 5.595924474109789,
    "high": 6.8906876925568765,
    "count": 24,
    "base": 12083
  },
  "Compilation.hashing: hash chunks": {
    "min": 25.719338,
    "max": 32.862593,
    "mean": 27.711224166666657,