{
  "stats": {
    "min": 32279,
    "max": 35098,
    "mean": 33505.333333333336,
    "median": 33256,
    "variance": 1044068.4444444445,
    "stdDev": 1021.7966747080578,
    "confidence": 1570.8420879178557,
    "low": 32719.91228937441,
    "high": 34290.754377292265,
    "count": 9,
    "base": 32452.5
  },
  "heap memory": {
    "min": 196402392,
    "max": 382536112,
    "mean": 324801123.5555556,
    "median": 320941648,
    "variance": 3362274259857438.5,
    "stdDev": 57985121.02132269,
    "confidence": 89142459.3834467,
    "low": 280229893.86383224,
    "high": 369372353.2472789,
    "count": 9,
    "base": 32452.5
  },
  "rss memory": {
    "min": 566964224,
    "max": 683995136,
    "mean": 634483598.2222222,
    "median": 629776384,
    "variance": 943580371151328.5,
    "stdDev": 30717753.35455587,
    "confidence": 47223426.15707064,
    "low": 610871885.1436869,
    "high": 658095311.3007575,
    "count": 9,
    "base": 32452.5
  },
  "external memory": {
    "min": 33566265,
    "max": 33590841,
    "mean": 33579008.11111111,
    "median": 33574457,
    "variance": 61309332.54320988,
    "stdDev": 7830.027620845911,
    "confidence": 12037.362462446094,
    "low": 33572989.42987989,
    "high": 33585026.792342335,
    "count": 9,
    "base": 32452.5
  },
  "array buffers memory": {
    "min": 31993132,
    "max": 32017708,
    "mean": 32005875.111111112,
    "median": 32001324,
    "variance": 61309332.54320988,
    "stdDev": 7830.027620845911,
    "confidence": 12037.362462446094,
    "low": 31999856.42987989,
    "high": 32011893.792342335,
    "count": 9,
    "base": 32452.5
  },
  "Compiler.make hook": {
    "min": 31346.009093,
    "max": 34137.311675,
    "mean": 32496.046661555552,
    "median": 32236.973826,
    "variance": 1013716.3446111578,
    "stdDev": 1006.8348149578251,
    "confidence": 1547.8407221951602,
    "low": 31722.12630045797,
    "high": 33269.96702265313,
    "count": 9,
    "base": 32452.5
  },
  "Compiler.finish make hook": {
    "min": 0.140201,
    "max": 0.296303,
    "mean": 0.17850166666666667,
    "median": 0.147902,
    "variance": 0.0029020307337777767,
    "stdDev": 0.05387049966148241,
    "confidence": 0.08281691481291897,
    "low": 0.13709320926020718,
    "high": 0.21991012407312616,
    "count": 9,
    "base": 32452.5
  },
  "Compiler.finish compilation": {
    "min": 157.36646,
    "max": 227.948328,
    "mean": 177.50328844444442,
    "median": 166.842289,
    "variance": 479.5467890771787,
    "stdDev": 21.898556780691706,
    "confidence": 33.665381290850064,
    "low": 160.6705977990194,
    "high": 194.33597908986945,
    "count": 9,
    "base": 32452.5
  },
  "Compiler.seal compilation": {
    "min": 672.980764,
    "max": 801.104323,
    "mean": 723.922583,
    "median": 714.361392,
    "variance": 1736.2111998891305,
    "stdDev": 41.667867714692704,
    "confidence": 64.05740196672082,
    "low": 691.8938820166396,
    "high": 755.9512839833604,
    "count": 9,
    "base": 32452.5
  },
  "Compiler.afterCompile hook": {
    "min": 0.093101,
    "max": 0.1067,
    "mean": 0.09934522222222222,
    "median": 0.099301,
    "variance": 0.00001832782239506172,
    "stdDev": 0.004281100605575828,
    "confidence": 0.006581478664305251,
    "low": 0.0960544828900696,
    "high": 0.10263596155437485,
    "count": 9,
    "base": 32452.5
  },
  "Compiler.emitAssets": {
    "min": 65.880112,
    "max": 92.479054,
    "mean": 78.93349255555555,
    "median": 78.606273,
    "variance": 43.960397277487154,
    "stdDev": 6.630263741171022,
    "confidence": 10.192925458093583,
    "low": 73.83702982650875,
    "high": 84.02995528460234,
    "count": 9,
    "base": 32452.5
  },
  "Compiler.emitRecords": {
    "min": 0.0973,
    "max": 0.251203,
    "mean": 0.13126800000000002,
    "median": 0.114301,
    "variance": 0.001974248800666667,
    "stdDev": 0.04443251962995872,
    "confidence": 0.0683075935111232,
    "low": 0.09711420324443842,
    "high": 0.16542179675556162,
    "count": 9,
    "base": 32452.5
  },
  "Compilation.compute affected modules": {
    "min": 0.316003,
    "max": 0.445106,
    "mean": 0.3633705555555556,
    "median": 0.362603,
    "variance": 0.0014704166160246918,
    "stdDev": 0.038346011735572866,
    "confidence": 0.05895060204148739,
    "low": 0.3338952545348119,
    "high": 0.3928458565762993,
    "count": 9,
    "base": 32452.5
  },
  "Compilation.finish modules": {
    "min": 98.565353,
    "max": 149.508899,
    "mean": 118.72404511111111,
    "median": 123.508295,
    "variance": 223.34826384419245,
    "stdDev": 14.944840709896926,
    "confidence": 22.97520178468153,
    "low": 107.23644421877034,
    "high": 130.21164600345188,
    "count": 9,
    "base": 32452.5
  },
  "Compilation.report dependency errors and warnings": {
    "min": 47.464867,
    "max": 77.432021,
    "mean": 57.74629977777777,
    "median": 56.375621,
    "variance": 92.97421824020931,
    "stdDev": 9.642313946362114,
    "confidence": 14.823450640207355,
    "low": 50.334574457674094,
    "high": 65.15802509788145,
    "count": 9,
    "base": 32452.5
  },
  "Compilation.optimize dependencies": {
    "min": 0.827008,
    "max": 1.023311,
    "mean": 0.8958755555555555,
    "median": 0.881807,
    "variance": 0.0030867587284691394,
    "stdDev": 0.05555860625023939,
    "confidence": 0.0854120973420347,
    "low": 0.8531695068845382,
    "high": 0.9385816042265729,
    "count": 9,
    "base": 32452.5
  },
  "Compilation.create chunks": {
    "min": 44.818815,
    "max": 69.86056,
    "mean": 55.603390888888896,
    "median": 52.714289,
    "variance": 51.77953534835655,
    "stdDev": 7.195799840765205,
    "confidence": 11.062342955203036,
    "low": 50.07221941128738,
    "high": 61.134562366490414,
    "count": 9,
    "base": 32452.5
  },
  "Compilation.compute affected modules with chunk graph": {
    "min": 0.188601,
    "max": 1.637023,
    "mean": 0.36592633333333335,
    "median": 0.205902,
    "variance": 0.20224072410155552,
    "stdDev": 0.4497118233953334,
    "confidence": 0.6913569764997591,
    "low": 0.02024784508345373,
    "high": 0.7116048215832129,
    "count": 9,
    "base": 32452.5
  },
  "Compilation.optimize": {
    "min": 27.236218,
    "max": 36.092849,
    "mean": 31.086778,
    "median": 31.711434,
    "variance": 11.063166393131334,
    "stdDev": 3.3261338507539553,
    "confidence": 5.113376439892413,
    "low": 28.530089780053792,
    "high": 33.643466219946205,
    "count": 9,
    "base": 32452.5
  },
  "Compilation.module hashing": {
    "min": 84.440823,
    "max": 130.467946,
    "mean": 97.60599166666667,
    "median": 88.451102,
    "variance": 186.20595503224413,
    "stdDev": 13.645730285779656,
    "confidence": 20.97803602600527,
    "low": 87.11697365366403,
    "high": 108.0950096796693,
    "count": 9,
    "base": 32452.5
  },
  "Compilation.code generation": {
    "min": 297.588058,
    "max": 359.126679,
    "mean": 325.63960655555553,
    "median": 316.339919,
    "variance": 555.3366801270838,
    "stdDev": 23.56558253315805,
    "confidence": 36.22815554764168,
    "low": 307.5255287817347,
    "high": 343.75368432937637,
    "count": 9,
    "base": 32452.5
  },
  "Compilation.runtime requirements.modules": {
    "min": 8.419567,
    "max": 17.383774,
    "mean": 11.330822666666668,
    "median": 17.383774,
    "variance": 11.08770930604711,
    "stdDev": 3.329821212324636,
    "confidence": 5.119045143747073,
    "low": 8.771300094793132,
    "high": 13.890345238540204,
    "count": 9,
    "base": 32452.5
  },
  "Compilation.runtime requirements.chunks": {
    "min": 2.598221,
    "max": 14.86171,
    "mean": 4.624281888888889,
    "median": 2.852932,
    "variance": 13.617514682368318,
    "stdDev": 3.690191686399003,
    "confidence": 5.673054685890735,
    "low": 1.7877545459435216,
    "high": 7.460809231834256,
    "count": 9,
    "base": 32452.5
  },
  "Compilation.runtime requirements.entries": {
    "min": 3.547544,