{
  "stats": {
    "min": 836.6363636363636,
    "max": 859.9090909090909,
    "mean": 847.2575757575756,
    "median": 848.1818181818182,
    "variance": 56.4143709825527,
    "stdDev": 7.510950071898541,
    "confidence": 15.767081851838839,
    "low": 839.3740348316562,
    "high": 855.141116683495,
    "count": 6,
    "base": 1109.5
  },
  "heap memory": {
    "min": 550669023.2727273,
    "max": 554683973.8181819,
    "mean": 553710281.2121214,
    "median": 554227781.0909091,
    "variance": 1957036701836.3428,
    "stdDev": 1398941.278909284,
    "confidence": 2936675.312621832,
    "low": 552241943.5558105,
    "high": 555178618.8684323,
    "count": 6,
    "base": 1109.5
  },
  "rss memory": {
    "min": 928576977.4545455,
    "max": 935134301.0909091,
    "mean": 931095955.3939394,
    "median": 930976302.5454545,
    "variance": 4467180630802.133,
    "stdDev": 2113570.5880812528,
    "confidence": 4436834.241063356,
    "low": 928877538.2734077,
    "high": 933314372.514471,
    "count": 6,
    "base": 1109.5
  },
  "external memory": {
    "min": 153060597.72727272,
    "max": 153076981.72727272,
    "mean": 153068789.72727272,
    "median": 153068789.72727272,
    "variance": 44739242.666666664,
    "stdDev": 6688.739990959932,
    "confidence": 14041.087999999523,
    "low": 153061769.18327272,
    "high": 153075810.27127272,
    "count": 6,
    "base": 1109.5
  },
  "array buffers memory": {
    "min": 151799088.36363637,
    "max": 151815472.36363637,
    "mean": 151807280.36363637,
    "median": 151807280.36363637,
    "variance": 44739242.666666664,
    "stdDev": 6688.739990959932,
    "confidence": 14041.087999999523,
    "low": 151800259.81963637,
    "high": 151814300.90763637,
    "count": 6,
    "base": 1109.5
  },
  "Compiler.make hook": {
    "min": 167.6867129090909,
    "max": 177.23925554545454,
    "mean": 173.6325494090909,
    "median": 173.68665054545454,
    "variance": 9.27873548111493,
    "stdDev": 3.046101685944665,
    "confidence": 6.394415373762968,
    "low": 170.43534172220942,
    "high": 176.82975709597238,
    "count": 6,
    "base": 1109.5
  },
  "Compiler.finish make hook": {
    "min": 0.0038181818181818182,
    "max": 0.005572818181818182,
    "mean": 0.004704636363636364,
    "median": 0.0045864545454545455,
    "variance": 4.0636914876033075e-7,
    "stdDev": 0.0006374709003243448,
    "confidence": 0.001338187015938826,
    "low": 0.004035542855666951,
    "high": 0.005373729871605777,
    "count": 6,
    "base": 1109.5
  },
  "Compiler.finish compilation": {
    "min": 157.63323945454545,
    "max": 171.71583736363638,
    "mean": 165.96835606060608,
    "median": 166.72285636363637,
    "variance": 25.803776479609457,
    "stdDev": 5.079741772926007,
    "confidence": 10.663458491035442,
    "low": 160.63662681508836,
    "high": 171.3000853061238,
    "count": 6,
    "base": 1109.5
  },
  "Compiler.seal compilation": {
    "min": 439.2670146363636,
    "max": 449.5890652727272,
    "mean": 442.5212941666666,
    "median": 441.71523709090906,
    "variance": 10.903989207087179,
    "stdDev": 3.3021188965703794,
    "confidence": 6.931849956175938,
    "low": 439.05536918857865,
    "high": 445.9872191447546,
    "count": 6,
    "base": 1109.5
  },
  "Compiler.afterCompile hook": {
    "min": 0.003982090909090908,
    "max": 0.004518363636363636,
    "mean": 0.004198712121212121,
    "median": 0.004195727272727273,
    "variance": 3.469289095500469e-8,
    "stdDev": 0.00018626027744799665,
    "confidence": 0.0003909999417059714,
    "low": 0.004003212150359136,
    "high": 0.004394212092065107,
    "count": 6,
    "base": 1109.5
  },
  "Compiler.emitAssets": {
    "min": 53.16064236363636,
    "max": 62.09179481818182,
    "mean": 56.785005954545454,
    "median": 56.45799027272727,
    "variance": 7.839421212210463,
    "stdDev": 2.799896643129968,
    "confidence": 5.877578618727327,
    "low": 53.84621664518179,
    "high": 59.72379526390912,
    "count": 6,
    "base": 1109.5
  },
  "Compiler.emitRecords": {
    "min": 0.005000090909090909,
    "max": 0.006473181818181819,
    "mean": 0.005672909090909092,
    "median": 0.0056910909090909095,
    "variance": 2.899052506887055e-7,
    "stdDev": 0.0005384285009996272,
    "confidence": 0.0011302759524905483,
    "low": 0.005107771114663818,
    "high": 0.006238047067154366,
    "count": 6,
    "base": 1109.5
  },
  "Compilation.compute affected modules": {
    "min": 0.0026091818181818178,
    "max": 0.0033729090909090913,
    "mean": 0.0028395,
    "median": 0.0027637272727272727,
    "variance": 6.903673760330588e-8,
    "stdDev": 0.0002627484302585001,
    "confidence": 0.0005515648442169447,
    "low": 0.0025637175778915277,
    "high": 0.0031152824221084723,
    "count": 6,
    "base": 1109.5
  },
  "Compilation.finish modules": {
    "min": 92.66634263636364,
    "max": 98.88872327272726,
    "mean": 96.03541648484848,
    "median": 96.08017804545455,
    "variance": 5.571904408332422,
    "stdDev": 2.360488171614597,
    "confidence": 4.955166770631649,
    "low": 93.55783309953266,
    "high": 98.51299987016431,
    "count": 6,
    "base": 1109.5
  },
  "Compilation.report dependency errors and warnings": {
    "min": 64.91137654545454,
    "max": 74.09810936363637,
    "mean": 69.86776601515152,
    "median": 70.3942379090909,
    "variance": 10.375354893324452,
    "stdDev": 3.2210797713382466,
    "confidence": 6.7617315945165615,
    "low": 66.48690021789324,
    "high": 73.2486318124098,
    "count": 6,
    "base": 1109.5
  },
  "Compilation.optimize dependencies": {
    "min": 47.128499272727275,
    "max": 52.65786172727273,
    "mean": 49.98124818181819,
    "median": 50.516757363636366,
    "variance": 3.838391296240012,
    "stdDev": 1.959181282127821,
    "confidence": 4.112738247784932,
    "low": 47.92487905792572,
    "high": 52.037617305710654,
    "count": 6,
    "base": 1109.5
  },
  "Compilation.create chunks": {
    "min": 99.98520054545453,
    "max": 105.56376463636364,
    "mean": 102.47820527272727,
    "median": 103.06540754545455,
    "variance": 3.131119760237984,
    "stdDev": 1.769497035950607,
    "confidence": 3.714550667405433,
    "low": 100.62092993902455,
    "high": 104.33548060642998,
    "count": 6,
    "base": 1109.5
  },
  "Compilation.compute affected modules with chunk graph": {
    "min": 0.00648209090909091,
    "max": 0.008900272727272727,
    "mean": 0.007950272727272728,
    "median": 0.008486636363636363,
    "variance": 9.735900881542694e-7,
    "stdDev": 0.0009867066880052398,
    "confidence": 0.0020713072200735684,
    "low": 0.0069146191172359435,
    "high": 0.008985926337309512,
    "count": 6,
    "base": 1109.5
  },
  "Compilation.optimize": {
    "min": 34.02997418181818,
    "max": 38.58761236363636,
    "mean": 36.03559457575758,
    "median": 35.94310331818183,
    "variance": 2.06460864000668,
    "stdDev": 1.436874608310231,
    "confidence": 3.0163054398163354,
    "low": 34.52744185584941,
    "high": 37.543747295665746,
    "count": 6,
    "base": 1109.5
  },
  "Compilation.module hashing": {
    "min": 138.47066872727277,
    "max": 146.52557972727274,
    "mean": 142.9083672878788,
    "median": 143.78344850000002,
    "variance": 6.85412855828578,
    "stdDev": 2.618039067371948,
    "confidence": 5.495820884365401,
    "low": 140.1604568456961,
    "high": 145.6562777300615,
    "count": 6,
    "base": 1109.5
  },
  "Compilation.code generation": {
    "min": 24.062624818181817,
    "max": 26.882948363636363,
    "mean": 25.31323024242424,
    "median": 25.400310363636365,
    "variance": 1.0218811116359239,
    "stdDev": 1.0108813538867576,
    "confidence": 2.1220549859415456,
    "low": 24.252202749453467,
    "high": 26.374257735395013,
    "count": 6,
    "base": 1109.5
  },
  "Compilation.runtime requirements.modules": {
    "min": 18.214148181818178,
    "max": 21.613280181818183,
    "mean": 19.785490409090908,
    "median": 19.366507772727275,