{
  "stats": {
    "min": 40556,
    "max": 41726,
    "mean": 41135.5,
    "median": 41221,
    "variance": 134712.25,
    "stdDev": 367.0316743824707,
    "confidence": 613.7898355733196,
    "low": 40828.60508221334,
    "high": 41442.39491778666,
    "count": 8,
    "base": 39970.5
  },
  "heap memory": {
    "min": 176006880,
    "max": 498488536,
    "mean": 311333622,
    "median": 254153916,
    "variance": 20253155164624156,
    "stdDev": 142313580.39422715,
    "confidence": 237992073.18275845,
    "low": 192337585.40862077,
    "high": 430329658.5913792,
    "count": 8,
    "base": 39970.5
  },
  "rss memory": {
    "min": 653979648,
    "max": 919121920,
    "mean": 761010688,
    "median": 719611904,
    "variance": 10572137311764480,
    "stdDev": 102820899.19741258,
    "confidence": 171948164.74099684,
    "low": 675036605.6295016,
    "high": 846984770.3704984,
    "count": 8,
    "base": 39970.5
  },
  "external memory": {
    "min": 14016623,
    "max": 14066333,
    "mean": 14038475.75,
    "median": 14033565,
    "variance": 494563087.9375,
    "stdDev": 22238.77442525779,
    "confidence": 37190.070096258074,
    "low": 14019880.714951871,
    "high": 14057070.785048129,
    "count": 8,
    "base": 39970.5
  },
  "array buffers memory": {
    "min": 9709950,
    "max": 9759102,
    "mean": 9731454,
    "median": 9726334,
    "variance": 485490688,
    "stdDev": 22033.853226342413,
    "confidence": 36847.378830716014,
    "low": 9713030.310584642,
    "high": 9749877.689415358,
    "count": 8,
    "base": 39970.5
  },
  "Compiler.make hook": {
    "min": 27122.824808,
    "max": 28007.136756,
    "mean": 27631.626431875,
    "median": 27675.43823,
    "variance": 78249.08336982179,
    "stdDev": 279.73037620148045,
    "confidence": 467.79521659117745,
    "low": 27397.72882357941,
    "high": 27865.52404017059,
    "count": 8,
    "base": 39970.5
  },
  "Compiler.finish make hook": {
    "min": 0.108702,
    "max": 0.205902,
    "mean": 0.14542687499999998,
    "median": 0.136502,
    "variance": 0.0011355310313593751,
    "stdDev": 0.03369764133228578,
    "confidence": 0.056352819596161466,
    "low": 0.11725046520191924,
    "high": 0.1736032847980807,
    "count": 8,
    "base": 39970.5
  },
  "Compiler.finish compilation": {
    "min": 139.624796,
    "max": 154.421334,
    "mean": 146.928604625,
    "median": 145.771566,
    "variance": 25.48170481180277,
    "stdDev": 5.047940650582451,
    "confidence": 8.441709198852891,
    "low": 142.70775002557355,
    "high": 151.14945922442644,
    "count": 8,
    "base": 39970.5
  },
  "Compiler.seal compilation": {
    "min": 13145.790713,
    "max": 13608.795016,
    "mean": 13329.880143375001,
    "median": 13292.315978999999,
    "variance": 25072.464307418602,
    "stdDev": 158.34286945555397,
    "confidence": 264.79797410088213,
    "low": 13197.48115632456,
    "high": 13462.279130425442,
    "count": 8,
    "base": 39970.5
  },
  "Compiler.afterCompile hook": {
    "min": 0.074001,
    "max": 0.128501,
    "mean": 0.09248825,
    "median": 0.09080099999999999,
    "variance": 0.00024686758793750007,
    "stdDev": 0.015712020491887736,
    "confidence": 0.0262753302980355,
    "low": 0.07935058485098224,
    "high": 0.10562591514901774,
    "count": 8,
    "base": 39970.5
  },
  "Compiler.emitAssets": {
    "min": 7.031887,
    "max": 8.010111,
    "mean": 7.397210500000001,
    "median": 7.2594385,
    "variance": 0.1305130385137501,
    "stdDev": 0.36126588340687543,
    "confidence": 0.6041476598651485,
    "low": 7.0951366700674265,
    "high": 7.699284329932575,
    "count": 8,
    "base": 39970.5
  },
  "Compiler.emitRecords": {
    "min": 0.090701,
    "max": 0.172503,
    "mean": 0.117251625,
    "median": 0.1146015,
    "variance": 0.0005762358882343749,
    "stdDev": 0.02400491383517914,
    "confidence": 0.04014359834375658,
    "low": 0.09717982582812171,
    "high": 0.1373234241718783,
    "count": 8,
    "base": 39970.5
  },
  "FlagDependencyExportsPlugin.restore cached provided exports": {
    "min": 4.390858,
    "max": 7.009595,
    "mean": 4.8316898749999995,
    "median": 4.4776285,
    "variance": 0.7080709097308594,
    "stdDev": 0.8414694942366356,
    "confidence": 1.4071957777934436,
    "low": 4.128091986103278,
    "high": 5.535287763896721,
    "count": 8,
    "base": 39970.5
  },
  "FlagDependencyExportsPlugin.figure out provided exports": {
    "min": 83.846439,
    "max": 101.905212,
    "mean": 91.00592162500001,
    "median": 88.52774149999999,
    "variance": 28.076085973312487,
    "stdDev": 5.298687193382196,
    "confidence": 8.861034532380529,
    "low": 86.57540435880975,
    "high": 95.43643889119028,
    "count": 8,
    "base": 39970.5
  },
  "FlagDependencyExportsPlugin.store provided exports into cache": {
    "min": 7.709177,
    "max": 9.982436,
    "mean": 8.229211625,
    "median": 7.926288,
    "variance": 0.4811168910397342,
    "stdDev": 0.6936259013616304,
    "confidence": 1.1599558230565767,
    "low": 7.649233713471712,
    "high": 8.809189536528288,
    "count": 8,
    "base": 39970.5
  },
  "InnerGraphPlugin.infer dependency usage": {
    "min": 18.342279,
    "max": 28.613785,
    "mean": 21.175932125,
    "median": 18.881991499999998,
    "variance": 17.422367351218604,
    "stdDev": 4.174010942872408,
    "confidence": 6.980229961398827,
    "low": 17.685817144300586,
    "high": 24.666047105699413,
    "count": 8,
    "base": 39970.5
  },
  "Compilation.finish modules": {
    "min": 101.326718,
    "max": 116.531857,
    "mean": 106.05662525,
    "median": 104.956412,
    "variance": 21.328780572379184,
    "stdDev": 4.618309276388837,
    "confidence": 7.7232334134398,
    "low": 102.1950085432801,
    "high": 109.9182419567199,
    "count": 8,
    "base": 39970.5
  },
  "Compilation.report dependency errors and warnings": {
    "min": 36.515396,
    "max": 45.613393,
    "mean": 40.418222875,
    "median": 40.5490595,
    "variance": 9.879930511856362,
    "stdDev": 3.1432356755191555,
    "confidence": 5.256456712329026,
    "low": 37.789994518835485,
    "high": 43.04645123116451,
    "count": 8,
    "base": 39970.5
  },
  "Compilation.optimize dependencies": {
    "min": 207.912589,
    "max": 229.823314,
    "mean": 218.666907,
    "median": 221.55574000000001,
    "variance": 55.737353698706784,
    "stdDev": 7.465745354531373,
    "confidence": 12.485022229484628,
    "low": 212.4243958852577,
    "high": 224.90941811474232,
    "count": 8,
    "base": 39970.5
  },
  "Compilation.create chunks": {
    "min": 77.490553,
    "max": 86.562825,
    "mean": 81.7456545,
    "median": 81.368458,
    "variance": 8.667658387579001,
    "stdDev": 2.944088719379734,
    "confidence": 4.923421756505661,
    "low": 79.28394362174717,
    "high": 84.20736537825283,
    "count": 8,
    "base": 39970.5
  },
  "Compilation.optimize": {
    "min": 221.562891,
    "max": 239.044874,
    "mean": 230.77036412500001,
    "median": 230.91268300000002,
    "variance": 26.63952911447533,
    "stdDev": 5.161349543915364,
    "confidence": 8.63136374599378,
    "low": 226.45468225200312,
    "high": 235.0860459979969,
    "count": 8,
    "base": 39970.5
  },
  "Compilation.module hashing": {
    "min": 232.047953,
    "max": 247.77126,
    "mean": 242.071925875,
    "median": 242.55184,
    "variance": 19.623716705880838,
    "stdDev": 4.429866443345762,
    "confidence": 7.40809904335282,
    "low": 238.3678763533236,
    "high": 245.77597539667642,
    "count": 8,
    "base": 39970.5
  },
  "Compilation.code generation": {
    "min": 1306.87275,
    "max": 1676.789386,
    "mean": 1386.9382565,
    "median": 1356.4419505,
    "variance": 12408.033527483112,
    "stdDev": 111.39135301935744,
    "confidence": 186.28059926728383,
    "low": 1293.7979568663582,
    "high": 1480.078556133642,
    "count": 8,
    "base": 39970.5
  },
  "Compilation.runtime requirements": {
    "min": 2.080228,
    "max": 3.094967,