{
  "cache.PackFileCacheStrategy.restore cache container": {
    "min": 31.4366,
    "max": 37.795997,
    "mean": 32.20064353333333,
    "median": 32.0288185,
    "variance": 1.1982724565696488,
    "stdDev": 1.0946563189282967,
    "confidence": 0.8174109835479051,
    "low": 31.791938041559373,
    "high": 32.60934902510728,
    "count": 30,
    "base": 1254.5
  },
  "cache.PackFileCacheStrategy.check build dependencies": {
    "min": 18.293117,
    "max": 20.137847,
    "mean": 18.724616066666663,
    "median": 18.625138,
    "variance": 0.15984557862659568,
    "stdDev": 0.39980692668661416,
    "confidence": 0.2985471946958924,
    "low": 18.575342469318716,
    "high": 18.87388966401461,
    "count": 30,
    "base": 1254.5
  },
  "cache.PackFileCacheStrategy.restore cache content metadata": {
    "min": 38.518445,
    "max": 45.917183,
    "mean": 40.95524676666666,
    "median": 39.843854500000006,
    "variance": 5.874400317497509,
    "stdDev": 2.423716220496432,
    "confidence": 1.8098577840181207,
    "low": 40.0503178746576,
    "high": 41.86017565867572,
    "count": 30,
    "base": 1254.5
  },
  "cache.PackFileCacheStrategy.restore cache content": {
    "min": 327.928407,
    "max": 371.452466,
    "mean": 345.61753386666675,
    "median": 340.476373,
    "variance": 135.09602776646904,
    "stdDev": 11.623081681140722,
    "confidence": 8.679285420049041,
    "low": 341.2778911566422,
    "high": 349.95717657669127,
    "count": 30,
    "base": 1254.5
  },
  "stats": {
    "min": 1220,
    "max": 1310,
    "mean": 1261.8,
    "median": 1260,
    "variance": 253.35999999999999,
    "stdDev": 15.91728620085723,
    "confidence": 11.885889976494582,
    "low": 1255.8570550117527,
    "high": 1267.7429449882472,
    "count": 30,
    "base": 1254.5
  },
  "heap memory": {
    "min": 107350040,
    "max": 119957320,
    "mean": 114201053.6,
    "median": 113580612,
    "variance": 13868813276629.97,
    "stdDev": 3724085.56247436,
    "confidence": 2780880.5282547474,
    "low": 112810613.33587262,
    "high": 115591493.86412737,
    "count": 30,
    "base": 1254.5
  },
  "rss memory": {
    "min": 266625024,
    "max": 273256448,
    "mean": 270269781.3333333,
    "median": 270911488,
    "variance": 3865892326968.888,
    "stdDev": 1966187.2563336606,
    "confidence": 1468207.9034746885,
    "low": 269535677.38159597,
    "high": 271003885.28507066,
    "count": 30,
    "base": 1254.5
  },
  "external memory": {
    "min": 83647654,
    "max": 83647654,
    "mean": 83647654,
    "median": 83647654,
    "variance": 0,
    "stdDev": 0,
    "confidence": 0,
    "low": 83647654,
    "high": 83647654,
    "count": 30,
    "base": 1254.5
  },
  "array buffers memory": {
    "min": 82421321,
    "max": 82421321,
    "mean": 82421321,
    "median": 82421321,
    "variance": 0,
    "stdDev": 0,
    "confidence": 0,
    "low": 82421321,
    "high": 82421321,
    "count": 30,
    "base": 1254.5
  },
  "Compiler.make hook": {
    "min": 886.251829,
    "max": 965.36595,
    "mean": 923.7012803333333,
    "median": 923.6439574999999,
    "variance": 209.49398096505394,
    "stdDev": 14.47390690052461,
    "confidence": 10.808077632002096,
    "low": 918.2972415173323,
    "high": 929.1053191493344,
    "count": 30,
    "base": 1254.5
  },
  "Compiler.finish make hook": {
    "min": 0.094301,
    "max": 0.126201,
    "mean": 0.10163716666666667,
    "median": 0.10040099999999999,
    "variance": 0.000044146992805555574,
    "stdDev": 0.00664432034188265,
    "confidence": 0.0049615028313022835,
    "low": 0.09915641525101553,
    "high": 0.10411791808231781,
    "count": 30,
    "base": 1254.5
  },
  "Compiler.finish compilation": {
    "min": 77.49647,
    "max": 91.216859,
    "mean": 83.9629853,
    "median": 84.00429299999999,
    "variance": 8.128488586723542,
    "stdDev": 2.851050435668149,
    "confidence": 2.1289603873531746,
    "low": 82.89850510632341,
    "high": 85.02746549367659,
    "count": 30,
    "base": 1254.5
  },
  "Compiler.seal compilation": {
    "min": 228.272955,
    "max": 240.724207,
    "mean": 233.45415636666667,
    "median": 233.5526805,
    "variance": 8.593515824353641,
    "stdDev": 2.9314699084851,
    "confidence": 2.189011893232248,
    "low": 232.35965042005054,
    "high": 234.5486623132828,
    "count": 30,
    "base": 1254.5
  },
  "Compiler.afterCompile hook": {
    "min": 0.0545,
    "max": 0.087001,
    "mean": 0.05906049999999999,
    "median": 0.0574505,
    "variance": 0.000033522526916666666,
    "stdDev": 0.00578986415355893,
    "confidence": 0.004323456111780213,
    "low": 0.05689877194410988,
    "high": 0.061222228055890095,
    "count": 30,
    "base": 1254.5
  },
  "Compiler.emitAssets": {
    "min": 5.093004,
    "max": 10.921019,
    "mean": 7.204296266666664,
    "median": 5.558929,
    "variance": 4.79489371828393,
    "stdDev": 2.189724575896231,
    "confidence": 1.635129572937319,
    "low": 6.386731480198004,
    "high": 8.021861053135323,
    "count": 30,
    "base": 1254.5
  },
  "Compiler.emitRecords": {
    "min": 0.0747,
    "max": 0.086101,
    "mean": 0.07914380000000001,
    "median": 0.0780005,
    "variance": 0.000012349142293333327,
    "stdDev": 0.0035141346435976707,
    "confidence": 0.0026241042103107015,
    "low": 0.07783174789484466,
    "high": 0.08045585210515536,
    "count": 30,
    "base": 1254.5
  },
  "FlagDependencyExportsPlugin.restore cached provided exports": {
    "min": 23.867417,
    "max": 39.099511,
    "mean": 28.972357266666663,
    "median": 31.302692999999998,
    "variance": 18.393384757135934,
    "stdDev": 4.288750955364036,
    "confidence": 3.2025322249528614,
    "low": 27.371091154190232,
    "high": 30.573623379143093,
    "count": 30,
    "base": 1254.5
  },
  "FlagDependencyExportsPlugin.figure out provided exports": {
    "min": 18.600779,
    "max": 32.544001,
    "mean": 23.29085933333333,
    "median": 19.2877215,
    "variance": 27.013662318861158,
    "stdDev": 5.197466913686046,
    "confidence": 3.8810962567988483,
    "low": 21.350311204933906,
    "high": 25.231407461732754,
    "count": 30,
    "base": 1254.5
  },
  "FlagDependencyExportsPlugin.store provided exports into cache": {
    "min": 0.034,
    "max": 0.0449,
    "mean": 0.03814346666666667,
    "median": 0.0381,
    "variance": 0.000006721837448888888,
    "stdDev": 0.0025926506607888552,
    "confidence": 0.001936005931712323,
    "low": 0.037175463700810506,
    "high": 0.03911146963252283,
    "count": 30,
    "base": 1254.5
  },
  "Compilation.finish modules": {
    "min": 49.113834,
    "max": 58.95642,
    "mean": 53.33474193333335,
    "median": 52.5579985,
    "variance": 6.805104442661864,
    "stdDev": 2.608659510680124,
    "confidence": 1.947960194898684,
    "low": 52.360761835884006,
    "high": 54.30872203078269,
    "count": 30,
    "base": 1254.5
  },
  "Compilation.report dependency errors and warnings": {
    "min": 24.286213,
    "max": 35.006846,
    "mean": 30.243931633333332,
    "median": 31.546832000000002,
    "variance": 9.080848522973366,
    "stdDev": 3.0134446274941515,
    "confidence": 2.2502247456432016,
    "low": 29.11881926051173,
    "high": 31.369044006154933,
    "count": 30,
    "base": 1254.5
  },
  "Compilation.optimize dependencies": {
    "min": 0.674393,
    "max": 0.925609,
    "mean": 0.7519870666666667,
    "median": 0.739008,
    "variance": 0.002665576688195556,
    "stdDev": 0.05162922319961395,
    "confidence": 0.03855300826905039,
    "low": 0.7327105625321415,
    "high": 0.7712635708011919,
    "count": 30,
    "base": 1254.5
  },
  "Compilation.create chunks": {
    "min": 43.470165,
    "max": 54.570898,
    "mean": 49.430891466666665,
    "median": 49.721564,
    "variance": 7.136372127030384,
    "stdDev": 2.6713989082558194,
    "confidence": 1.9948094861262433,
    "low": 48.433486723603544,
    "high": 50.42829620972979,
    "count": 30,
    "base": 1254.5
  },