{
  "cache.PackFileCacheStrategy.restore cache container": {
    "min": 16.949154,
    "max": 18.425708,
    "mean": 17.5719259375,
    "median": 17.531576,
    "variance": 0.22022614386318368,
    "stdDev": 0.46928258423170116,
    "confidence": 0.5000205934988742,
    "low": 17.321915640750564,
    "high": 17.82193623424944,
    "count": 16,
    "base": 16647
  },
  "stats": {
    "min": 15512,
    "max": 16594,
    "mean": 16045.6875,
    "median": 15987.5,
    "variance": 100898.21484375,
    "stdDev": 317.6447935095899,
    "confidence": 338.4505274844669,
    "low": 15876.462236257767,
    "high": 16214.912763742233,
    "count": 16,
    "base": 16647
  },
  "heap memory": {
    "min": 138734704,
    "max": 408782896,
    "mean": 338982651,
    "median": 379933768,
    "variance": 7621274685264581,
    "stdDev": 87299912.28669466,
    "confidence": 93018056.54147315,
    "low": 292473622.7292634,
    "high": 385491679.2707366,
    "count": 16,
    "base": 16647
  },
  "rss memory": {
    "min": 484671488,
    "max": 651137024,
    "mean": 564987392,
    "median": 560846848,
    "variance": 1940832999178240,
    "stdDev": 44054886.21229477,
    "confidence": 46940481.259200096,
    "low": 541517151.3704,
    "high": 588457632.6296,
    "count": 16,
    "base": 16647
  },
  "external memory": {
    "min": 32905859,
    "max": 32938627,
    "mean": 32919683,
    "median": 32922243,
    "variance": 64749568,
    "stdDev": 8046.711626496876,
    "confidence": 8573.771238029003,
    "low": 32915396.114380985,
    "high": 32923969.885619015,
    "count": 16,
    "base": 16647
  },
  "array buffers memory": {
    "min": 31563889,
    "max": 31596657,
    "mean": 31577713,
    "median": 31580273,
    "variance": 64749568,
    "stdDev": 8046.711626496876,
    "confidence": 8573.771238029003,
    "low": 31573426.114380985,
    "high": 31581999.885619015,
    "count": 16,
    "base": 16647
  },
  "Compiler.make hook": {
    "min": 14774.902268,
    "max": 15812.529269999999,
    "mean": 15284.168680249997,
    "median": 15223.0627005,
    "variance": 93038.38138621527,
    "stdDev": 305.0219359098871,
    "confidence": 325.0008727119857,
    "low": 15121.668243894004,
    "high": 15446.66911660599,
    "count": 16,
    "base": 16647
  },
  "Compiler.finish make hook": {
    "min": 0.094202,
    "max": 0.136302,
    "mean": 0.10083337499999999,
    "median": 0.097652,
    "variance": 0.00009612012923437504,
    "stdDev": 0.009804087373864793,
    "confidence": 0.01044625509685293,
    "low": 0.09561024745157352,
    "high": 0.10605650254842645,
    "count": 16,
    "base": 16647
  },
  "Compiler.finish compilation": {
    "min": 115.836608,
    "max": 170.38295,
    "mean": 128.7871305625,
    "median": 124.1347485,
    "variance": 184.07370603537913,
    "stdDev": 13.567376534738731,
    "confidence": 14.456039697764126,
    "low": 121.55911071361795,
    "high": 136.01515041138208,
    "count": 16,
    "base": 16647
  },
  "Compiler.seal compilation": {
    "min": 524.248035,
    "max": 615.335016,
    "mean": 540.3689830624999,
    "median": 533.0351599999999,
    "variance": 469.53355862062875,
    "stdDev": 21.668723050069858,
    "confidence": 23.088024409849368,
    "low": 528.8249708575752,
    "high": 551.9129952674245,
    "count": 16,
    "base": 16647
  },
  "Compiler.afterCompile hook": {
    "min": 0.057701,
    "max": 0.063501,
    "mean": 0.060070812499999994,
    "median": 0.0597505,
    "variance": 0.0000040171965273437455,
    "stdDev": 0.0020042945211080497,
    "confidence": 0.0021355758122406227,
    "low": 0.05900302459387968,
    "high": 0.061138600406120305,
    "count": 16,
    "base": 16647
  },
  "Compiler.emitAssets": {
    "min": 57.278392,
    "max": 172.836683,
    "mean": 78.34562281250001,
    "median": 65.042997,
    "variance": 868.0549772498738,
    "stdDev": 29.462772735264984,
    "confidence": 31.392584349424844,
    "low": 62.64933063778759,
    "high": 94.04191498721244,
    "count": 16,
    "base": 16647
  },
  "Compiler.emitRecords": {
    "min": 0.076601,
    "max": 0.094102,
    "mean": 0.0815589375,
    "median": 0.08045150000000001,
    "variance": 0.00001584765155859376,
    "stdDev": 0.003980910895585803,
    "confidence": 0.004241660559246685,
    "low": 0.07943810722037666,
    "high": 0.08367976777962334,
    "count": 16,
    "base": 16647
  },
  "FlagDependencyExportsPlugin.restore cached provided exports": {
    "min": 7.538352,
    "max": 19.422657,
    "mean": 9.3036346875,
    "median": 8.075906,
    "variance": 7.744274222385965,
    "stdDev": 2.782853611382741,
    "confidence": 2.96513052292831,
    "low": 7.821069426035845,
    "high": 10.786199948964155,
    "count": 16,
    "base": 16647
  },
  "FlagDependencyExportsPlugin.figure out provided exports": {
    "min": 60.354499,
    "max": 93.626487,
    "mean": 72.3420029375,
    "median": 69.9235075,
    "variance": 68.08535702858455,
    "stdDev": 8.251385158177053,
    "confidence": 8.79185088603765,
    "low": 67.94607749448117,
    "high": 76.73792838051882,
    "count": 16,
    "base": 16647
  },
  "FlagDependencyExportsPlugin.store provided exports into cache": {
    "min": 10.844341,
    "max": 27.217419,
    "mean": 17.277187499999997,
    "median": 18.460168,
    "variance": 31.376290838819,
    "stdDev": 5.60145435032894,
    "confidence": 5.968349610275483,
    "low": 14.293012694862254,
    "high": 20.261362305137737,
    "count": 16,
    "base": 16647
  },
  "Compilation.finish modules": {
    "min": 88.65196,
    "max": 131.199903,
    "mean": 100.10356431249998,
    "median": 89.517698,
    "variance": 130.96871294937137,
    "stdDev": 11.44415627948917,
    "confidence": 12.193748515795704,
    "low": 94.00669005460213,
    "high": 106.20043857039784,
    "count": 16,
    "base": 16647
  },
  "Compilation.report dependency errors and warnings": {
    "min": 25.720294,
    "max": 38.77854,
    "mean": 28.297734437499997,
    "median": 27.097901,
    "variance": 11.542385689155871,
    "stdDev": 3.3974086726733175,
    "confidence": 3.6199389407334195,
    "low": 26.487764967133288,
    "high": 30.107703907866707,
    "count": 16,
    "base": 16647
  },
  "Compilation.optimize dependencies": {
    "min": 0.666109,
    "max": 0.810014,
    "mean": 0.7212753125000001,
    "median": 0.7022280000000001,
    "variance": 0.0021005638649648447,
    "stdDev": 0.04583190880778199,
    "confidence": 0.04883389883469169,
    "low": 0.6968583630826543,
    "high": 0.7456922619173459,
    "count": 16,
    "base": 16647
  },
  "Compilation.create chunks": {
    "min": 46.674103,
    "max": 56.18341,
    "mean": 51.508031375,
    "median": 51.213305000000005,
    "variance": 6.9678500852209835,
    "stdDev": 2.639668555940496,
    "confidence": 2.812566846354599,
    "low": 50.1017479518227,
    "high": 52.9143147981773,
    "count": 16,
    "base": 16647
  },
  "Compilation.optimize": {
    "min": 26.906356,
    "max": 36.407326,
    "mean": 30.650109,
    "median": 30.5677495,
    "variance": 10.315228757313376,
    "stdDev": 3.2117329835018005,
    "confidence": 3.422101493921165,
    "low": 28.939058253039416,
    "high": 32.36115974696058,
    "count": 16,
    "base": 16647
  },
  "Compilation.module hashing": {
    "min": 95.487245,
    "max": 202.530889,
    "mean": 109.05905499999999,
    "median": 106.652242,
    "variance": 605.5739879952188,
    "stdDev": 24.608412951574483,
    "confidence": 26.220263999902613,
    "low": 95.94892300004868,
    "high": 122.1691869999513,
    "count": 16,
    "base": 16647
  },
  "Compilation.code generation": {
    "min": 187.814717,
    "max": 204.620974,
    "mean": 195.25335256249997,
    "median": 193.53482300000002,
    "variance": 37.48165141293209,
    "stdDev": 6.1222260177922285,
    "confidence": 6.523231821957609,
    "low": 191.99173665152117,
    "high": 198.51496847347877,
    "count": 16,
    "base": 16647
  },
  "Compilation.runtime requirements": {
    "min": 11.067049,