{
  "stats": {
    "min": 22071,
    "max": 23036,
    "mean": 22496.76923076923,
    "median": 22516,
    "variance": 130828.17751479289,
    "stdDev": 361.70177980595133,
    "confidence": 437.18594910052343,
    "low": 22278.17625621897,
    "high": 22715.362205319492,
    "count": 13,
    "base": 26101
  },
  "heap memory": {
    "min": 320516888,
    "max": 658361608,
    "mean": 392731200.61538464,
    "median": 350118832,
    "variance": 12705929072069874,
    "stdDev": 112720579.62976359,
    "confidence": 136244432.12592888,
    "low": 324608984.5524202,
    "high": 460853416.6783491,
    "count": 13,
    "base": 26101
  },
  "rss memory": {
    "min": 755994624,
    "max": 854011904,
    "mean": 819436937.8461539,
    "median": 843878400,
    "variance": 1549398912962148.2,
    "stdDev": 39362404.81680646,
    "confidence": 47577013.079523325,
    "low": 795648431.3063922,
    "high": 843225444.3859155,
    "count": 13,
    "base": 26101
  },
  "external memory": {
    "min": 96244912,
    "max": 96391683,
    "mean": 96290014.6923077,
    "median": 96285872,
    "variance": 1160917676.52071,
    "stdDev": 34072.24202368711,
    "confidence": 41182.83707395196,
    "low": 96269423.27377072,
    "high": 96310606.11084467,
    "count": 13,
    "base": 26101
  },
  "array buffers memory": {
    "min": 94784959,
    "max": 94931730,
    "mean": 94830061.6923077,
    "median": 94825919,
    "variance": 1160917676.52071,
    "stdDev": 34072.24202368711,
    "confidence": 41182.83707395196,
    "low": 94809470.27377072,
    "high": 94850653.11084467,
    "count": 13,
    "base": 26101
  },
  "Compiler.make hook": {
    "min": 19534.320591,
    "max": 20475.451029,
    "mean": 19981.399769923075,
    "median": 20032.021824,
    "variance": 113240.47122469012,
    "stdDev": 336.51221556533443,
    "confidence": 406.7395311816799,
    "low": 19778.030004332235,
    "high": 20184.769535513915,
    "count": 13,
    "base": 26101
  },
  "Compiler.finish make hook": {
    "min": 0.081199,
    "max": 0.113699,
    "mean": 0.08916869230769232,
    "median": 0.0871,
    "variance": 0.00005615846652071006,
    "stdDev": 0.007493895283543136,
    "confidence": 0.009057809236530212,
    "low": 0.08463978768942722,
    "high": 0.09369759692595743,
    "count": 13,
    "base": 26101
  },
  "Compiler.finish compilation": {
    "min": 400.905935,
    "max": 446.960742,
    "mean": 422.43697953846157,
    "median": 419.840614,
    "variance": 168.0155690932818,
    "stdDev": 12.962081973714016,
    "confidence": 15.667161253774225,
    "low": 414.60339891157446,
    "high": 430.2705601653487,
    "count": 13,
    "base": 26101
  },
  "Compiler.seal compilation": {
    "min": 1630.4720630000002,
    "max": 1962.9845850000002,
    "mean": 1750.3147576923075,
    "median": 1738.8332380000002,
    "variance": 11877.408643564959,
    "stdDev": 108.98352464278699,
    "confidence": 131.72748467767815,
    "low": 1684.4510153534684,
    "high": 1816.1785000311465,
    "count": 13,
    "base": 26101
  },
  "Compiler.afterCompile hook": {
    "min": 0.057899,
    "max": 0.082399,
    "mean": 0.06282253846153847,
    "median": 0.0606,
    "variance": 0.00003656209255621302,
    "stdDev": 0.006046659619675397,
    "confidence": 0.0073085474617620785,
    "low": 0.05916826473065743,
    "high": 0.06647681219241951,
    "count": 13,
    "base": 26101
  },
  "Compiler.emitAssets": {
    "min": 189.301516,
    "max": 464.122844,
    "mean": 322.22261307692315,
    "median": 264.178404,
    "variance": 12513.060161758789,
    "stdDev": 111.86179044588366,
    "confidence": 135.20642074364252,
    "low": 254.6194027051019,
    "high": 389.8258234487444,
    "count": 13,
    "base": 26101
  },
  "Compiler.emitRecords": {
    "min": 0.0722,
    "max": 1.556591,
    "mean": 0.19036823076923076,
    "median": 0.077,
    "variance": 0.1555504412434083,
    "stdDev": 0.39439883524600866,
    "confidence": 0.4287215355327192,
    "low": 0,
    "high": 0.4287215355327192,
    "count": 13,
    "base": 26101
  },
  "Compilation.compute affected modules": {
    "min": 0.259598,
    "max": 0.317198,
    "mean": 0.27331376923076917,
    "median": 0.268199,
    "variance": 0.00021562393633136077,
    "stdDev": 0.014684138937348719,
    "confidence": 0.017748597260132004,
    "low": 0.26443947060070316,
    "high": 0.28218806786083517,
    "count": 13,
    "base": 26101
  },
  "Compilation.finish modules": {
    "min": 316.659311,
    "max": 356.301961,
    "mean": 337.36688084615383,
    "median": 338.186063,
    "variance": 118.8995960437382,
    "stdDev": 10.904109135722102,
    "confidence": 13.179706508919821,
    "low": 330.7770275916939,
    "high": 343.95673410061374,
    "count": 13,
    "base": 26101
  },
  "Compilation.report dependency errors and warnings": {
    "min": 74.075776,
    "max": 95.342058,
    "mean": 84.31603392307693,
    "median": 83.499828,
    "variance": 63.50139771660837,
    "stdDev": 7.968776425312004,
    "confidence": 9.631794144167486,
    "low": 79.50013685099319,
    "high": 89.13193099516067,
    "count": 13,
    "base": 26101
  },
  "Compilation.optimize dependencies": {
    "min": 88.751292,
    "max": 276.084323,
    "mean": 132.87604853846153,
    "median": 119.954421,
    "variance": 3105.0383485046164,
    "stdDev": 55.72287096430528,
    "confidence": 67.35177317127238,
    "low": 99.20016195282534,
    "high": 166.55193512409772,
    "count": 13,
    "base": 26101
  },
  "Compilation.create chunks": {
    "min": 126.519876,
    "max": 160.813779,
    "mean": 138.68678492307694,
    "median": 137.406419,
    "variance": 100.87732851818825,
    "stdDev": 10.043770632495958,
    "confidence": 12.139822477156315,
    "low": 132.61687368449878,
    "high": 144.7566961616551,
    "count": 13,
    "base": 26101
  },
  "Compilation.compute affected modules with chunk graph": {
    "min": 0.161299,
    "max": 0.210299,
    "mean": 0.17628361538461534,
    "median": 0.169199,
    "variance": 0.00023673514792899416,
    "stdDev": 0.015386199918400715,
    "confidence": 0.018597172560182618,
    "low": 0.16698502910452404,
    "high": 0.18558220166470665,
    "count": 13,
    "base": 26101
  },
  "Compilation.optimize": {
    "min": 103.390708,
    "max": 128.617363,
    "mean": 113.50842853846156,
    "median": 112.158359,
    "variance": 50.04243943953567,
    "stdDev": 7.074068096896981,
    "confidence": 8.550367589019999,
    "low": 109.23324474395156,
    "high": 117.78361233297156,
    "count": 13,
    "base": 26101
  },
  "Compilation.module hashing": {
    "min": 196.613089,
    "max": 249.714486,
    "mean": 206.80404984615382,
    "median": 204.886226,
    "variance": 171.6562871670309,
    "stdDev": 13.101766566651648,
    "confidence": 15.835996865727623,
    "low": 198.88605141329,
    "high": 214.72204827901763,
    "count": 13,
    "base": 26101
  },
  "Compilation.code generation": {
    "min": 589.533125,
    "max": 870.960749,
    "mean": 659.2599196153847,
    "median": 632.808573,
    "variance": 6504.617333745176,
    "stdDev": 80.65120788770108,
    "confidence": 97.48244779277775,
    "low": 610.5186957189958,
    "high": 708.0011435117735,
    "count": 13,
    "base": 26101
  },
  "Compilation.runtime requirements.modules": {
    "min": 21.714976,
    "max": 32.519913,
    "mean": 25.009072538461535,
    "median": 23.294667,
    "variance": 13.377892973039017,
    "stdDev": 3.6575802073282024,
    "confidence": 4.420886939538825,
    "low": 22.798629068692122,
    "high": 27.219516008230947,
    "count": 13,
    "base": 26101
  },
  "Compilation.runtime requirements.chunks": {
    "min": 6.960161,
    "max": 14.705617,
    "mean": 8.645066153846152,
    "median": 7.01196,
    "variance": 6.840053436435976,
    "stdDev": 2.6153495820704307,
    "confidence": 3.1611514045646727,
    "low": 7.064490451563816,
    "high": 10.225641856128489,
    "count": 13,
    "base": 26101
  },