{
  "stats": {
    "min": 884.3636363636364,
    "max": 903.9090909090909,
    "mean": 895.2857142857143,
    "median": 895.4545454545455,
    "variance": 36.56063417102361,
    "stdDev": 6.046539024187606,
    "confidence": 11.184634723838371,
    "low": 889.6933969237951,
    "high": 900.8780316476335,
    "count": 7,
    "base": 1126.5
  },
  "heap memory": {
    "min": 563589464.7272727,
    "max": 566786370.1818181,
    "mean": 564935101.9220779,
    "median": 564673654.5454545,
    "variance": 1328549542073.4277,
    "stdDev": 1152627.234657167,
    "confidence": 2132081.5992121696,
    "low": 563869061.1224718,
    "high": 566001142.721684,
    "count": 7,
    "base": 1126.5
  },
  "rss memory": {
    "min": 940303080.7272727,
    "max": 958744389.8181819,
    "mean": 950208006.6493505,
    "median": 950278702.5454545,
    "variance": 26895528959114.348,
    "stdDev": 5186089.948999569,
    "confidence": 9593012.050777912,
    "low": 945411500.6239616,
    "high": 955004512.6747395,
    "count": 7,
    "base": 1126.5
  },
  "external memory": {
    "min": 153311143.72727272,
    "max": 153327527.72727272,
    "mean": 153324016.87012988,
    "median": 153327527.72727272,
    "variance": 35608784.97959183,
    "stdDev": 5967.309693621727,
    "confidence": 11038.079625427723,
    "low": 153318497.83031717,
    "high": 153329535.9099426,
    "count": 7,
    "base": 1126.5
  },
  "array buffers memory": {
    "min": 151853132.36363637,
    "max": 151869516.36363637,
    "mean": 151866005.5064935,
    "median": 151869516.36363637,
    "variance": 35608784.97959183,
    "stdDev": 5967.309693621727,
    "confidence": 11038.079625427723,
    "low": 151860486.4666808,
    "high": 151871524.54630622,
    "count": 7,
    "base": 1126.5
  },
  "Compiler.make hook": {
    "min": 198.5750718181818,
    "max": 210.19597045454546,
    "mean": 203.74736012987015,
    "median": 202.8171628181818,
    "variance": 14.720461467064215,
    "stdDev": 3.836725357262911,
    "confidence": 7.097013925654721,
    "low": 200.19885316704278,
    "high": 207.2958670926975,
    "count": 7,
    "base": 1126.5
  },
  "Compiler.finish make hook": {
    "min": 0.004090909090909092,
    "max": 0.013627272727272726,
    "mean": 0.0058857272727272725,
    "median": 0.004627272727272727,
    "variance": 0.000010053682476977564,
    "stdDev": 0.003170754244178751,
    "confidence": 0.005865128444278026,
    "low": 0.00295316305058826,
    "high": 0.008818291494866286,
    "count": 7,
    "base": 1126.5
  },
  "Compiler.finish compilation": {
    "min": 160.71250436363636,
    "max": 169.93813936363637,
    "mean": 165.5216499090909,
    "median": 164.52580372727272,
    "variance": 11.053556571355116,
    "stdDev": 3.324688943548722,
    "confidence": 6.149870406066384,
    "low": 162.44671470605772,
    "high": 168.5965851121241,
    "count": 7,
    "base": 1126.5
  },
  "Compiler.seal compilation": {
    "min": 447.9257283636364,
    "max": 461.70579154545453,
    "mean": 456.5197442207792,
    "median": 458.0151449090909,
    "variance": 16.692806138258543,
    "stdDev": 4.085683068748547,
    "confidence": 7.557525476727278,
    "low": 452.7409814824156,
    "high": 460.29850695914286,
    "count": 7,
    "base": 1126.5
  },
  "Compiler.afterCompile hook": {
    "min": 0.004136454545454546,
    "max": 0.005509090909090909,
    "mean": 0.004610402597402597,
    "median": 0.004536363636363637,
    "variance": 1.8330359352335957e-7,
    "stdDev": 0.00042813968926433296,
    "confidence": 0.0007919548713807636,
    "low": 0.004214425161712216,
    "high": 0.005006380033092979,
    "count": 7,
    "base": 1126.5
  },
  "Compiler.emitAssets": {
    "min": 51.75272809090909,
    "max": 63.79196200000001,
    "mean": 59.42804461038962,
    "median": 59.75987245454546,
    "variance": 14.353983045083245,
    "stdDev": 3.7886650742818695,
    "confidence": 7.008114026436857,
    "low": 55.92398759717119,
    "high": 62.93210162360805,
    "count": 7,
    "base": 1126.5
  },
  "Compiler.emitRecords": {
    "min": 0.009227272727272726,
    "max": 0.010745454545454546,
    "mean": 0.009880519480519481,
    "median": 0.009636363636363637,
    "variance": 2.9627930511047435e-7,
    "stdDev": 0.0005443154463272876,
    "confidence": 0.0010068519226222594,
    "low": 0.009377093519208351,
    "high": 0.01038394544183061,
    "count": 7,
    "base": 1126.5
  },
  "Compilation.compute affected modules": {
    "min": 0.002590909090909091,
    "max": 0.0035636363636363634,
    "mean": 0.0029805194805194806,
    "median": 0.0029454545454545454,
    "variance": 7.819193793219762e-8,
    "stdDev": 0.00027962821376284193,
    "confidence": 0.0005172445620388617,
    "low": 0.0027218971995000498,
    "high": 0.0032391417615389114,
    "count": 7,
    "base": 1126.5
  },
  "Compilation.finish modules": {
    "min": 93.66785400000002,
    "max": 99.96848763636363,
    "mean": 96.49764654545456,
    "median": 96.00277700000001,
    "variance": 4.628481380877124,
    "stdDev": 2.1513905691150375,
    "confidence": 3.9795521979775117,
    "low": 94.5078704464658,
    "high": 98.48742264444331,
    "count": 7,
    "base": 1126.5
  },
  "Compilation.report dependency errors and warnings": {
    "min": 64.76789445454546,
    "max": 71.193743,
    "mean": 68.96732146753246,
    "median": 69.39967109090908,
    "variance": 4.550195311076178,
    "stdDev": 2.133118681901262,
    "confidence": 3.945753626036833,
    "low": 66.99444465451404,
    "high": 70.94019828055087,
    "count": 7,
    "base": 1126.5
  },
  "Compilation.optimize dependencies": {
    "min": 46.63043618181818,
    "max": 52.12390327272728,
    "mean": 49.17431177922078,
    "median": 49.02552118181818,
    "variance": 3.08124168477953,
    "stdDev": 1.7553465996148823,
    "confidence": 3.2469666451978583,
    "low": 47.55082845662185,
    "high": 50.79779510181971,
    "count": 7,
    "base": 1126.5
  },
  "Compilation.create chunks": {
    "min": 100.42614090909092,
    "max": 104.19165481818182,
    "mean": 102.2707682857143,
    "median": 102.00850500000001,
    "variance": 1.7247885868567014,
    "stdDev": 1.3133120675820737,
    "confidence": 2.429309675428442,
    "low": 101.05611344800008,
    "high": 103.48542312342852,
    "count": 7,
    "base": 1126.5
  },
  "Compilation.compute affected modules with chunk graph": {
    "min": 0.0075545454545454535,
    "max": 0.010681909090909091,
    "mean": 0.009179233766233766,
    "median": 0.009418181818181819,
    "variance": 0.0000011263132747512238,
    "stdDev": 0.0010612790748673149,
    "confidence": 0.001963109597897441,
    "low": 0.008197678967285045,
    "high": 0.010160788565182486,
    "count": 7,
    "base": 1126.5
  },
  "Compilation.optimize": {
    "min": 35.36897972727273,
    "max": 37.264619818181814,
    "mean": 36.554869909090904,
    "median": 36.76527318181818,
    "variance": 0.4066450799642333,
    "stdDev": 0.6376872901071757,
    "confidence": 1.1795672498518996,
    "low": 35.965086284164954,
    "high": 37.144653534016854,
    "count": 7,
    "base": 1126.5
  },
  "Compilation.module hashing": {
    "min": 143.61626118181817,
    "max": 153.96967636363635,
    "mean": 148.33442164935065,
    "median": 148.95479472727274,
    "variance": 9.268235345315915,
    "stdDev": 3.0443776614138915,
    "confidence": 5.631362332752474,
    "low": 145.5187404829744,
    "high": 151.15010281572688,
    "count": 7,
    "base": 1126.5
  },
  "Compilation.code generation": {
    "min": 26.885685272727276,
    "max": 31.981308090909092,
    "mean": 29.85975676623377,
    "median": 30.381780454545456,
    "variance": 3.409058643397827,
    "stdDev": 1.8463636270783248,
    "confidence": 3.415326131799361,
    "low": 28.15209370033409,
    "high": 31.56741983213345,
    "count": 7,
    "base": 1126.5
  },
  "Compilation.runtime requirements.modules": {
    "min": 18.22287718181818,
    "max": 21.248886818181816,
    "mean": 19.586685259740257,
    "median": 19.685698,