{
  "cache.PackFileCacheStrategy.restore cache container": {
    "min": 16.723338,
    "max": 18.407422,
    "mean": 17.450878714285714,
    "median": 17.279622500000002,
    "variance": 0.2665268341907758,
    "stdDev": 0.5162623695281071,
    "confidence": 0.5960603031814031,
    "low": 17.152848562695013,
    "high": 17.748908865876416,
    "count": 14,
    "base": 18545
  },
  "stats": {
    "min": 18015,
    "max": 19236,
    "mean": 18433.5,
    "median": 18380,
    "variance": 89160.10714285714,
    "stdDev": 298.596897409965,
    "confidence": 344.7505913744899,
    "low": 18261.124704312755,
    "high": 18605.875295687245,
    "count": 14,
    "base": 18545
  },
  "heap memory": {
    "min": 332206104,
    "max": 371617968,
    "mean": 354455983.4285714,
    "median": 354625144,
    "variance": 74484298667725.39,
    "stdDev": 8630428.649130087,
    "confidence": 9964421.621293306,
    "low": 349473772.61792475,
    "high": 359438194.23921806,
    "count": 14,
    "base": 18545
  },
  "rss memory": {
    "min": 494473216,
    "max": 593313792,
    "mean": 534190372.5714286,
    "median": 529928192,
    "variance": 832633161448134.6,
    "stdDev": 28855383.578253377,
    "confidence": 33315518.81224817,
    "low": 517532613.1653045,
    "high": 550848131.9775527,
    "count": 14,
    "base": 18545
  },
  "external memory": {
    "min": 32135267,
    "max": 32151651,
    "mean": 32142873.85714286,
    "median": 32143459,
    "variance": 33212039.836734693,
    "stdDev": 5762.988793736692,
    "confidence": 6653.7657020539045,
    "low": 32139546.97429183,
    "high": 32146200.739993885,
    "count": 14,
    "base": 18545
  },
  "array buffers memory": {
    "min": 23313816,
    "max": 23330200,
    "mean": 23321422.85714286,
    "median": 23322008,
    "variance": 33212039.836734693,
    "stdDev": 5762.988793736692,
    "confidence": 6653.7657020539045,
    "low": 23318095.97429183,
    "high": 23324749.739993885,
    "count": 14,
    "base": 18545
  },
  "Compiler.make hook": {
    "min": 16960.64655,
    "max": 18152.02908,
    "mean": 17365.71902107143,
    "median": 17313.6699855,
    "variance": 83795.13279190815,
    "stdDev": 289.4738896548498,
    "confidence": 334.21745340162306,
    "low": 17198.610294370617,
    "high": 17532.82774777224,
    "count": 14,
    "base": 18545
  },
  "Compiler.finish make hook": {
    "min": 0.101006,
    "max": 0.186109,
    "mean": 0.11533471428571428,
    "median": 0.110656,
    "variance": 0.00039860069048979586,
    "stdDev": 0.019964986613814593,
    "confidence": 0.023050945946187423,
    "low": 0.10380924131262056,
    "high": 0.126860187258808,
    "count": 14,
    "base": 18545
  },
  "Compiler.finish compilation": {
    "min": 151.845341,
    "max": 169.601803,
    "mean": 161.34076785714282,
    "median": 162.59323799999999,
    "variance": 36.451961866580724,
    "stdDev": 6.0375460136201635,
    "confidence": 6.970760837439286,
    "low": 157.85538743842318,
    "high": 164.82614827586247,
    "count": 14,
    "base": 18545
  },
  "Compiler.seal compilation": {
    "min": 796.436327,
    "max": 836.444412,
    "mean": 819.3075297857143,
    "median": 821.6220885,
    "variance": 168.9128199581275,
    "stdDev": 12.996646488926576,
    "confidence": 15.005519487333686,
    "low": 811.8047700420475,
    "high": 826.8102895293812,
    "count": 14,
    "base": 18545
  },
  "Compiler.afterCompile hook": {
    "min": 0.066604,
    "max": 0.080005,
    "mean": 0.07007535714285715,
    "median": 0.069854,
    "variance": 0.000011611536943877555,
    "stdDev": 0.0034075705339548816,
    "confidence": 0.003934273821734724,
    "low": 0.06810822023198979,
    "high": 0.07204249405372451,
    "count": 14,
    "base": 18545
  },
  "Compiler.emitAssets": {
    "min": 64.479189,
    "max": 82.428351,
    "mean": 72.95602435714287,
    "median": 72.201854,
    "variance": 26.867967677723527,
    "stdDev": 5.18343203656839,
    "confidence": 5.984627688555463,
    "low": 69.96371051286513,
    "high": 75.9483382014206,
    "count": 14,
    "base": 18545
  },
  "Compiler.emitRecords": {
    "min": 0.086304,
    "max": 0.243513,
    "mean": 0.1106775,
    "median": 0.093205,
    "variance": 0.001856485207535714,
    "stdDev": 0.0430869493876709,
    "confidence": 0.04974683732740813,
    "low": 0.08580408133629593,
    "high": 0.13555091866370406,
    "count": 14,
    "base": 18545
  },
  "FlagDependencyExportsPlugin.restore cached provided exports": {
    "min": 8.314726,
    "max": 11.234276,
    "mean": 9.012192142857144,
    "median": 8.63373,
    "variance": 0.6013510865701222,
    "stdDev": 0.7754683014605576,
    "confidence": 0.8953313240681275,
    "low": 8.56452648082308,
    "high": 9.459857804891207,
    "count": 14,
    "base": 18545
  },
  "FlagDependencyExportsPlugin.figure out provided exports": {
    "min": 89.535754,
    "max": 104.875882,
    "mean": 94.03257571428573,
    "median": 92.6812275,
    "variance": 14.060622814533206,
    "stdDev": 3.749749700251099,
    "confidence": 4.329343130759355,
    "low": 91.86790414890605,
    "high": 96.1972472796654,
    "count": 14,
    "base": 18545
  },
  "FlagDependencyExportsPlugin.store provided exports into cache": {
    "min": 11.808834,
    "max": 21.525298,
    "mean": 12.86284642857143,
    "median": 12.244370499999999,
    "variance": 5.851609523985673,
    "stdDev": 2.4190100297406114,
    "confidence": 2.7929129389074134,
    "low": 11.466389959117723,
    "high": 14.259302898025137,
    "count": 14,
    "base": 18545
  },
  "Compilation.finish modules": {
    "min": 111.601949,
    "max": 129.156683,
    "mean": 117.18215499999998,
    "median": 115.486463,
    "variance": 24.99022875785597,
    "stdDev": 4.999022780289761,
    "confidence": 5.7717145581497675,
    "low": 114.2962977209251,
    "high": 120.06801227907486,
    "count": 14,
    "base": 18545
  },
  "Compilation.report dependency errors and warnings": {
    "min": 37.284263,
    "max": 52.83024,
    "mean": 43.962023428571435,
    "median": 42.7672965,
    "variance": 30.065114209077244,
    "stdDev": 5.483166440030545,
    "confidence": 6.330691608660388,
    "low": 40.79667762424124,
    "high": 47.12736923290163,
    "count": 14,
    "base": 18545
  },
  "Compilation.optimize dependencies": {
    "min": 0.716939,
    "max": 0.844346,
    "mean": 0.7749493571428571,
    "median": 0.7704420000000001,
    "variance": 0.0010256434926581637,
    "stdDev": 0.03202566927728699,
    "confidence": 0.03697583102261692,
    "low": 0.7564614416315486,
    "high": 0.7934372726541655,
    "count": 14,
    "base": 18545
  },
  "Compilation.create chunks": {
    "min": 76.75496,
    "max": 90.607882,
    "mean": 81.97762935714285,
    "median": 80.597531,
    "variance": 22.994945969126807,
    "stdDev": 4.795304575220098,
    "confidence": 5.536507922445537,
    "low": 79.20937539592008,
    "high": 84.74588331836561,
    "count": 14,
    "base": 18545
  },
  "Compilation.optimize": {
    "min": 36.860898,
    "max": 46.261754,
    "mean": 41.02925728571428,
    "median": 41.575072500000005,
    "variance": 7.482675191293773,
    "stdDev": 2.735447895920113,
    "confidence": 3.158262151993455,
    "low": 39.45012620971755,
    "high": 42.60838836171101,
    "count": 14,
    "base": 18545
  },
  "Compilation.module hashing": {
    "min": 131.339801,
    "max": 155.338212,
    "mean": 139.63062399999998,
    "median": 138.719738,
    "variance": 28.79840046245912,
    "stdDev": 5.3664141158187855,
    "confidence": 6.195893045227592,
    "low": 136.5326774773862,
    "high": 142.72857052261378,
    "count": 14,
    "base": 18545
  },
  "Compilation.code generation": {
    "min": 252.642895,
    "max": 270.534339,
    "mean": 261.07387692857145,
    "median": 260.0676985,
    "variance": 35.56793375230604,
    "stdDev": 5.963885793030081,
    "confidence": 6.885715062250483,
    "low": 257.6310193974462,
    "high": 264.5167344596967,
    "count": 14,
    "base": 18545
  },