{
  "stats": {
    "min": 164.72727272727272,
    "max": 182.0909090909091,
    "mean": 175.5681818181818,
    "median": 174.77272727272728,
    "variance": 20.12241735537189,
    "stdDev": 4.485801751679614,
    "confidence": 4.779621766414607,
    "low": 173.1783709349745,
    "high": 177.95799270138912,
    "count": 16,
    "base": 296.8181818181818
  },
  "heap memory": {
    "min": 307108883.6363636,
    "max": 316708155.6363636,
    "mean": 313400231.49999994,
    "median": 314878293.8181818,
    "variance": 10677568136805.4,
    "stdDev": 3267654.8374645384,
    "confidence": 3481686.2293184996,
    "low": 311659388.3853407,
    "high": 315141074.6146592,
    "count": 16,
    "base": 296.8181818181818
  },
  "rss memory": {
    "min": 617237038.5454545,
    "max": 690148445.0909091,
    "mean": 640774842.1818182,
    "median": 628314298.1818182,
    "variance": 603437551143437,
    "stdDev": 24564965.930028014,
    "confidence": 26173971.198444843,
    "low": 627687856.5825958,
    "high": 653861827.7810407,
    "count": 16,
    "base": 296.8181818181818
  },
  "external memory": {
    "min": 147751431,
    "max": 152918630.9090909,
    "mean": 151914964.9261364,
    "median": 152861286.9090909,
    "variance": 3974629501658.7896,
    "stdDev": 1993647.2861714505,
    "confidence": 2124231.1834156513,
    "low": 150852849.33442858,
    "high": 152977080.51784423,
    "count": 16,
    "base": 296.8181818181818
  },
  "array buffers memory": {
    "min": 146240855.63636363,
    "max": 151408055.54545453,
    "mean": 150404389.56249997,
    "median": 151350711.54545453,
    "variance": 3974629501658.793,
    "stdDev": 1993647.2861714514,
    "confidence": 2124231.183415711,
    "low": 149342273.9707921,
    "high": 151466505.15420783,
    "count": 16,
    "base": 296.8181818181818
  },
  "Compiler.make hook": {
    "min": 56.209190909090914,
    "max": 62.88207427272726,
    "mean": 59.254135534090906,
    "median": 58.72806772727273,
    "variance": 2.7529431572304883,
    "stdDev": 1.659199553167276,
    "confidence": 1.767877123899737,
    "low": 58.37019697214104,
    "high": 60.138074096040775,
    "count": 16,
    "base": 296.8181818181818
  },
  "Compiler.finish make hook": {
    "min": 0.0034170000000000008,
    "max": 0.00495581818181818,
    "mean": 0.00426528409090909,
    "median": 0.004293318181818181,
    "variance": 2.3504354325929739e-7,
    "stdDev": 0.00048481289510418076,
    "confidence": 0.0005165681397335045,
    "low": 0.004007000021042338,
    "high": 0.004523568160775843,
    "count": 16,
    "base": 296.8181818181818
  },
  "Compiler.finish compilation": {
    "min": 1.5475936363636362,
    "max": 2.167590363636364,
    "mean": 1.913564738636364,
    "median": 1.9140035454545452,
    "variance": 0.01893396450256082,
    "stdDev": 0.13760074310322898,
    "confidence": 0.14661359177649036,
    "low": 1.8402579427481187,
    "high": 1.986871534524609,
    "count": 16,
    "base": 296.8181818181818
  },
  "Compiler.seal compilation": {
    "min": 67.73166790909092,
    "max": 79.00900054545454,
    "mean": 74.12798785227271,
    "median": 74.18601127272728,
    "variance": 6.307070857237157,
    "stdDev": 2.5113882330769086,
    "confidence": 2.6758841623434364,
    "low": 72.79004577110099,
    "high": 75.46592993344443,
    "count": 16,
    "base": 296.8181818181818
  },
  "Compiler.afterCompile hook": {
    "min": 0.002758727272727273,
    "max": 0.004275454545454545,
    "mean": 0.0034344090909090913,
    "median": 0.003505045454545455,
    "variance": 1.379349411157024e-7,
    "stdDev": 0.000371395935782424,
    "confidence": 0.0003957223695761729,
    "low": 0.003236547906121005,
    "high": 0.0036322702756971777,
    "count": 16,
    "base": 296.8181818181818
  },
  "Compiler.emitAssets": {
    "min": 33.20507709090909,
    "max": 38.8043499090909,
    "mean": 36.528096812499996,
    "median": 37.02930663636364,
    "variance": 2.678016647406579,
    "stdDev": 1.6364646795475235,
    "confidence": 1.7436531160578852,
    "low": 35.65627025447105,
    "high": 37.39992337052894,
    "count": 16,
    "base": 296.8181818181818
  },
  "Compiler.emitRecords": {
    "min": 0.005754363636363636,
    "max": 0.007951272727272727,
    "mean": 0.007180136363636364,
    "median": 0.0072468181818181815,
    "variance": 3.1338723243801645e-7,
    "stdDev": 0.0005598099967292621,
    "confidence": 0.0005964775515150296,
    "low": 0.0068818975878788494,
    "high": 0.007478375139393879,
    "count": 16,
    "base": 296.8181818181818
  },
  "Compilation.compute affected modules": {
    "min": 0.7590754545454544,
    "max": 0.8628199090909092,
    "mean": 0.8142100852272728,
    "median": 0.8087134999999999,
    "variance": 0.001190598028103789,
    "stdDev": 0.03450504351690908,
    "confidence": 0.0367651238672666,
    "low": 0.7958275232936395,
    "high": 0.8325926471609061,
    "count": 16,
    "base": 296.8181818181818
  },
  "Compilation.finish modules": {
    "min": 0.3533647272727272,
    "max": 0.5675796363636363,
    "mean": 0.49403753977272724,
    "median": 0.4941975454545454,
    "variance": 0.002033380720695733,
    "stdDev": 0.04509302297136147,
    "confidence": 0.048046615975985585,
    "low": 0.47001423178473445,
    "high": 0.51806084776072,
    "count": 16,
    "base": 296.8181818181818
  },
  "Compilation.report dependency errors and warnings": {
    "min": 0.36448454545454556,
    "max": 0.7539290909090909,
    "mean": 0.5607707045454546,
    "median": 0.5601192727272728,
    "variance": 0.007606322821344521,
    "stdDev": 0.0872142351989887,
    "confidence": 0.09292676760452245,
    "low": 0.5143073207431934,
    "high": 0.6072340883477159,
    "count": 16,
    "base": 296.8181818181818
  },
  "Compilation.optimize dependencies": {
    "min": 0.02327418181818182,
    "max": 0.03370672727272727,
    "mean": 0.025388971590909092,
    "median": 0.024774454545454544,
    "variance": 0.000005529784089585481,
    "stdDev": 0.0023515492955890763,
    "confidence": 0.0025055757744501597,
    "low": 0.024136183703684012,
    "high": 0.026641759478134172,
    "count": 16,
    "base": 296.8181818181818
  },
  "Compilation.create chunks": {
    "min": 14.326469545454545,
    "max": 21.770790909090906,
    "mean": 19.23239638068182,
    "median": 19.25427763636364,
    "variance": 2.562838485981693,
    "stdDev": 1.6008867811252903,
    "confidence": 1.7057448652889988,
    "low": 18.37952394803732,
    "high": 20.08526881332632,
    "count": 16,
    "base": 296.8181818181818
  },
  "Compilation.compute affected modules with chunk graph": {
    "min": 1.6729635454545453,
    "max": 2.516719,
    "mean": 2.069224488636364,
    "median": 2.0720686818181817,
    "variance": 0.05193698134424163,
    "stdDev": 0.2278968655866983,
    "confidence": 0.24282411028262718,
    "low": 1.9478124334950504,
    "high": 2.1906365437776776,
    "count": 16,
    "base": 296.8181818181818
  },
  "Compilation.optimize": {
    "min": 10.125086818181819,
    "max": 11.961304818181818,
    "mean": 10.998076511363637,
    "median": 11.00976990909091,
    "variance": 0.2881234389297912,
    "stdDev": 0.5367713097118653,
    "confidence": 0.571929830497993,
    "low": 10.71211159611464,
    "high": 11.284041426612633,
    "count": 16,
    "base": 296.8181818181818
  },
  "Compilation.module hashing": {
    "min": 1.8215047272727274,
    "max": 2.6464299999999996,
    "mean": 2.2632939147727273,
    "median": 2.2159391818181815,
    "variance": 0.06066292974193227,
    "stdDev": 0.24629845663733313,
    "confidence": 0.26243100554707866,
    "low": 2.132078411999188,
    "high": 2.3945094175462667,
    "count": 16,
    "base": 296.8181818181818
  },
  "Compilation.code generation": {
    "min": 6.476267272727273,
    "max": 8.369907454545455,
    "mean": 7.687156068181817,
    "median": 7.685832818181818,
    "variance": 0.18997929572872566,
    "stdDev": 0.4358661442790959,
    "confidence": 0.46441537672937727,
    "low": 7.454948379817129,