{
  "stats": {
    "min": 21817,
    "max": 22688,
    "mean": 22162.30769230769,
    "median": 22220,
    "variance": 65165.751479289946,
    "stdDev": 255.27583410751976,
    "confidence": 308.54978893551015,
    "low": 22008.032797839936,
    "high": 22316.582586775447,
    "count": 13,
    "base": 22630
  },
  "heap memory": {
    "min": 176686440,
    "max": 742520296,
    "mean": 331223144.61538464,
    "median": 316529168,
    "variance": 15744279498557316,
    "stdDev": 125476210.88699369,
    "confidence": 151662058.1065371,
    "low": 255392115.5621161,
    "high": 407054173.6686532,
    "count": 13,
    "base": 22630
  },
  "rss memory": {
    "min": 570281984,
    "max": 929452032,
    "mean": 643446626.4615384,
    "median": 615645184,
    "variance": 7918765521033761,
    "stdDev": 88987445.86195156,
    "confidence": 107558389.67134881,
    "low": 589667431.625864,
    "high": 697225821.2972128,
    "count": 13,
    "base": 22630
  },
  "external memory": {
    "min": 32379595,
    "max": 32404656,
    "mean": 32392865.53846154,
    "median": 32395979,
    "variance": 58044564.71005918,
    "stdDev": 7618.69836061641,
    "confidence": 9208.657683365047,
    "low": 32388261.209619857,
    "high": 32397469.867303222,
    "count": 13,
    "base": 22630
  },
  "array buffers memory": {
    "min": 26156080,
    "max": 26181141,
    "mean": 26169350.53846154,
    "median": 26172464,
    "variance": 58044564.71005918,
    "stdDev": 7618.69836061641,
    "confidence": 9208.657683365047,
    "low": 26164746.209619857,
    "high": 26173954.867303222,
    "count": 13,
    "base": 22630
  },
  "Compiler.make hook": {
    "min": 21026.666997,
    "max": 21754.591229999998,
    "mean": 21354.798939769233,
    "median": 21414.776388,
    "variance": 54235.02819018392,
    "stdDev": 232.8841518656517,
    "confidence": 281.4851478432829,
    "low": 21214.05636584759,
    "high": 21495.541513690874,
    "count": 13,
    "base": 22630
  },
  "Compiler.finish make hook": {
    "min": 0.094301,
    "max": 0.154401,
    "mean": 0.10543976923076923,
    "median": 0.098201,
    "variance": 0.0003500284837159764,
    "stdDev": 0.01870904817771274,
    "confidence": 0.022613471763199278,
    "low": 0.09413303334916959,
    "high": 0.11674650511236886,
    "count": 13,
    "base": 22630
  },
  "Compiler.finish compilation": {
    "min": 128.574883,
    "max": 142.117899,
    "mean": 135.0895977692308,
    "median": 134.186828,
    "variance": 17.745044576847867,
    "stdDev": 4.212486745005599,
    "confidence": 5.091597881206667,
    "low": 132.54379882862747,
    "high": 137.63539670983414,
    "count": 13,
    "base": 22630
  },
  "Compiler.seal compilation": {
    "min": 567.977484,
    "max": 720.163875,
    "mean": 598.1032078461539,
    "median": 592.024371,
    "variance": 1344.1021089882875,
    "stdDev": 36.6619981586968,
    "confidence": 44.31305389077852,
    "low": 575.9466809007646,
    "high": 620.2597347915431,
    "count": 13,
    "base": 22630
  },
  "Compiler.afterCompile hook": {
    "min": 0.0566,
    "max": 0.063101,
    "mean": 0.05899299999999999,
    "median": 0.057704,
    "variance": 0.000004745537230769236,
    "stdDev": 0.00217842540169941,
    "confidence": 0.002633044762172826,
    "low": 0.05767647761891358,
    "high": 0.0603095223810864,
    "count": 13,
    "base": 22630
  },
  "Compiler.emitAssets": {
    "min": 55.332066,
    "max": 65.006108,
    "mean": 60.74213923076924,
    "median": 60.654303,
    "variance": 8.065236761342335,
    "stdDev": 2.839936048812074,
    "confidence": 3.4326072090405404,
    "low": 59.02583562624897,
    "high": 62.45844283528951,
    "count": 13,
    "base": 22630
  },
  "Compiler.emitRecords": {
    "min": 0.0758,
    "max": 0.082401,
    "mean": 0.0785856153846154,
    "median": 0.078901,
    "variance": 0.000003240503313609466,
    "stdDev": 0.0018001398039067594,
    "confidence": 0.0021758140894601874,
    "low": 0.07749770833988531,
    "high": 0.0796735224293455,
    "count": 13,
    "base": 22630
  },
  "FlagDependencyExportsPlugin.restore cached provided exports": {
    "min": 5.262844,
    "max": 5.958183,
    "mean": 5.562981076923078,
    "median": 5.494945,
    "variance": 0.039578445954686355,
    "stdDev": 0.19894332347351182,
    "confidence": 0.2404611493386657,
    "low": 5.4427505022537455,
    "high": 5.683211651592411,
    "count": 13,
    "base": 22630
  },
  "FlagDependencyExportsPlugin.figure out provided exports": {
    "min": 79.452781,
    "max": 88.780949,
    "mean": 83.95496676923078,
    "median": 83.474093,
    "variance": 7.056543785704799,
    "stdDev": 2.6564155897947894,
    "confidence": 3.210787548385639,
    "low": 82.34957299503796,
    "high": 85.5603605434236,
    "count": 13,
    "base": 22630
  },
  "FlagDependencyExportsPlugin.store provided exports into cache": {
    "min": 9.710582,
    "max": 17.619539,
    "mean": 10.55544423076923,
    "median": 9.741369,
    "variance": 4.192796743407254,
    "stdDev": 2.047631984368103,
    "confidence": 2.4749558406232453,
    "low": 9.317966310457608,
    "high": 11.792922151080854,
    "count": 13,
    "base": 22630
  },
  "Compilation.finish modules": {
    "min": 96.933713,
    "max": 105.50409,
    "mean": 101.2758386153846,
    "median": 103.877586,
    "variance": 6.383771201481928,
    "stdDev": 2.5266125942617177,
    "confidence": 3.0538957414703702,
    "low": 99.74889074464942,
    "high": 102.80278648611979,
    "count": 13,
    "base": 22630
  },
  "Compilation.report dependency errors and warnings": {
    "min": 29.878612,
    "max": 40.557236,
    "mean": 33.40828484615385,
    "median": 31.749337,
    "variance": 11.249694176006901,
    "stdDev": 3.3540563763906683,
    "confidence": 4.054020195962821,
    "low": 31.381274748172437,
    "high": 35.43529494413526,
    "count": 13,
    "base": 22630
  },
  "Compilation.optimize dependencies": {
    "min": 0.712306,
    "max": 0.853907,
    "mean": 0.7545867692307693,
    "median": 0.740948,
    "variance": 0.001600985998177514,
    "stdDev": 0.040012323078990476,
    "confidence": 0.04836256390662497,
    "low": 0.7304054872774568,
    "high": 0.7787680511840818,
    "count": 13,
    "base": 22630
  },
  "Compilation.create chunks": {
    "min": 61.828437,
    "max": 69.08609,
    "mean": 65.42315676923076,
    "median": 65.564049,
    "variance": 4.433790403121866,
    "stdDev": 2.105656762894149,
    "confidence": 2.5450899104220355,
    "low": 64.15061181401974,
    "high": 66.69570172444178,
    "count": 13,
    "base": 22630
  },
  "Compilation.optimize": {
    "min": 25.976184,
    "max": 31.589865,
    "mean": 28.21956646153846,
    "median": 26.689021,
    "variance": 5.157998606338094,
    "stdDev": 2.2711227633789624,
    "confidence": 2.7450872964029145,
    "low": 26.847022813337002,
    "high": 29.592110109739917,
    "count": 13,
    "base": 22630
  },
  "Compilation.module hashing": {
    "min": 112.353044,
    "max": 127.251257,
    "mean": 120.38104961538458,
    "median": 121.524718,
    "variance": 21.6387380609767,
    "stdDev": 4.651745700377085,
    "confidence": 5.6225265468273165,
    "low": 117.56978634197093,
    "high": 123.19231288879824,
    "count": 13,
    "base": 22630
  },
  "Compilation.code generation": {
    "min": 215.314109,
    "max": 351.118162,
    "mean": 236.35488246153847,
    "median": 228.743217,
    "variance": 1137.662754138758,
    "stdDev": 33.72925664966185,
    "confidence": 40.768273489692746,
    "low": 215.9707457166921,
    "high": 256.73901920638485,
    "count": 13,
    "base": 22630
  },
  "Compilation.runtime requirements": {
    "min": 10.109372,
    "max": 14.389922,
    "mean": 10.97110407692308,
    "median": 10.630079,
    "variance": 1.114398962167302,
    "stdDev": 1.0556509660713156,
    "confidence": 1.275956589896719,
    "low": 10.33312578197472,
    "high": 11.60908237187144,
    "count": 13,
    "base": 22630
  },