{
  "stats": {
    "min": 164,
    "max": 176.72727272727272,
    "mean": 170.22727272727272,
    "median": 169.4090909090909,
    "variance": 18.210743801652896,
    "stdDev": 4.267404808739487,
    "confidence": 7.136413227245157,
    "low": 166.65906611365014,
    "high": 173.7954793408953,
    "count": 8,
    "base": 287.5
  },
  "heap memory": {
    "min": 225094799.27272728,
    "max": 258039805.8181818,
    "mean": 245543902.27272728,
    "median": 246489609.8181818,
    "variance": 75244829592532.58,
    "stdDev": 8674377.763997402,
    "confidence": 14506227.317908883,
    "low": 238290788.61377284,
    "high": 252797015.93168172,
    "count": 8,
    "base": 287.5
  },
  "rss memory": {
    "min": 608510696.7272727,
    "max": 675379013.8181819,
    "mean": 639724962.9090909,
    "median": 640288023.2727273,
    "variance": 451764254731509.7,
    "stdDev": 21254746.640021604,
    "confidence": 35544473.01389241,
    "low": 621952726.4021447,
    "high": 657497199.4160371,
    "count": 8,
    "base": 287.5
  },
  "external memory": {
    "min": 66351063.81818182,
    "max": 76234330.18181819,
    "mean": 71652496.02272727,
    "median": 71771068.54545453,
    "variance": 6329389834452.055,
    "stdDev": 2515827.8626432405,
    "confidence": 4207237.897766352,
    "low": 69548877.07384409,
    "high": 73756114.97161044,
    "count": 8,
    "base": 287.5
  },
  "array buffers memory": {
    "min": 64857843.45454545,
    "max": 74741109.81818181,
    "mean": 70159275.6590909,
    "median": 70277848.18181819,
    "variance": 6329389834452.049,
    "stdDev": 2515827.862643239,
    "confidence": 4207237.897766352,
    "low": 68055656.71020773,
    "high": 72262894.60797408,
    "count": 8,
    "base": 287.5
  },
  "Compiler.make hook": {
    "min": 41.913377454545454,
    "max": 44.27495727272727,
    "mean": 43.09480113636363,
    "median": 43.124717818181814,
    "variance": 0.47974615992883185,
    "stdDev": 0.692637105509683,
    "confidence": 1.1583022523003166,
    "low": 42.51565001021347,
    "high": 43.67395226251379,
    "count": 8,
    "base": 287.5
  },
  "Compiler.finish make hook": {
    "min": 0.003990909090909092,
    "max": 0.005763636363636363,
    "mean": 0.004656818181818182,
    "median": 0.0045636363636363635,
    "variance": 3.264204545454544e-7,
    "stdDev": 0.0005713321753108733,
    "confidence": 0.000955443103192179,
    "low": 0.004179096630222093,
    "high": 0.005134539733414272,
    "count": 8,
    "base": 287.5
  },
  "Compiler.finish compilation": {
    "min": 35.834564,
    "max": 37.23821845454545,
    "mean": 36.33549596590909,
    "median": 36.08694590909091,
    "variance": 0.23667198198295472,
    "stdDev": 0.486489446938939,
    "confidence": 0.8135599690332072,
    "low": 35.928715981392486,
    "high": 36.74227595042569,
    "count": 8,
    "base": 287.5
  },
  "Compiler.seal compilation": {
    "min": 68.02248527272728,
    "max": 77.52962972727273,
    "mean": 72.45779172727272,
    "median": 71.95998522727272,
    "variance": 9.914684136607216,
    "stdDev": 3.1487591423618313,
    "confidence": 5.265693647563211,
    "low": 69.82494490349112,
    "high": 75.09063855105433,
    "count": 8,
    "base": 287.5
  },
  "Compiler.afterCompile hook": {
    "min": 0.003427272727272727,
    "max": 0.005345454545454546,
    "mean": 0.0041125,
    "median": 0.003890909090909091,
    "variance": 3.7534994834710744e-7,
    "stdDev": 0.0006126581006949206,
    "confidence": 0.0010245527597063393,
    "low": 0.00360022362014683,
    "high": 0.0046247763798531695,
    "count": 8,
    "base": 287.5
  },
  "Compiler.emitAssets": {
    "min": 13.066344818181818,
    "max": 16.089769454545454,
    "mean": 14.931554261363637,
    "median": 15.221335045454547,
    "variance": 1.0891710310784741,
    "stdDev": 1.043633571268419,
    "confidence": 1.7452762876266767,
    "low": 14.058916117550298,
    "high": 15.804192405176975,
    "count": 8,
    "base": 287.5
  },
  "Compiler.emitRecords": {
    "min": 0.00720909090909091,
    "max": 0.011345454545454546,
    "mean": 0.008929545454545456,
    "median": 0.008822727272727274,
    "variance": 0.0000017236311983471075,
    "stdDev": 0.0013128713563586903,
    "confidence": 0.0021955246650146067,
    "low": 0.007831783122038152,
    "high": 0.010027307787052759,
    "count": 8,
    "base": 287.5
  },
  "Compilation.compute affected modules": {
    "min": 0.002781818181818182,
    "max": 0.004972727272727273,
    "mean": 0.0032443181818181824,
    "median": 0.003045454545454545,
    "variance": 4.410007747933884e-7,
    "stdDev": 0.0006640788919950614,
    "confidence": 0.001110544136582097,
    "low": 0.002689046113527134,
    "high": 0.003799590250109231,
    "count": 8,
    "base": 287.5
  },
  "Compilation.finish modules": {
    "min": 15.60084290909091,
    "max": 18.791968363636364,
    "mean": 17.320091352272726,
    "median": 17.410885954545453,
    "variance": 1.0250847489967583,
    "stdDev": 1.0124646902469034,
    "confidence": 1.6931523329587606,
    "low": 16.473515185793346,
    "high": 18.166667518752107,
    "count": 8,
    "base": 287.5
  },
  "Compilation.report dependency errors and warnings": {
    "min": 17.563887818181815,
    "max": 20.185375636363634,
    "mean": 18.96930121590909,
    "median": 19.03666,
    "variance": 0.6172074546751427,
    "stdDev": 0.7856255180906121,
    "confidence": 1.3138074755601323,
    "low": 18.312397478129025,
    "high": 19.626204953689157,
    "count": 8,
    "base": 287.5
  },
  "Compilation.optimize dependencies": {
    "min": 0.11564545454545455,
    "max": 0.28955454545454545,
    "mean": 0.17974880681818184,
    "median": 0.12484081818181819,
    "variance": 0.005959994754703384,
    "stdDev": 0.07720100229079532,
    "confidence": 0.12910381803392923,
    "low": 0.11519689780121721,
    "high": 0.24430071583514645,
    "count": 8,
    "base": 287.5
  },
  "Compilation.create chunks": {
    "min": 14.774803999999996,
    "max": 18.601886727272724,
    "mean": 16.28214793181818,
    "median": 16.285382272727276,
    "variance": 1.3801658216480077,
    "stdDev": 1.174804588707419,
    "confidence": 1.9646345687922704,
    "low": 15.299830647422045,
    "high": 17.264465216214315,
    "count": 8,
    "base": 287.5
  },
  "Compilation.compute affected modules with chunk graph": {
    "min": 0.004581818181818182,
    "max": 0.007772727272727273,
    "mean": 0.005155681818181819,
    "median": 0.004831818181818182,
    "variance": 9.963933367768597e-7,
    "stdDev": 0.0009981950394471312,
    "confidence": 0.0016692890883687212,
    "low": 0.004321037273997458,
    "high": 0.005990326362366179,
    "count": 8,
    "base": 287.5
  },
  "Compilation.optimize": {
    "min": 5.534759363636364,
    "max": 7.956475545454546,
    "mean": 6.924899954545455,
    "median": 7.030657909090909,
    "variance": 0.7722164350343161,
    "stdDev": 0.8787584622831897,
    "confidence": 1.4695544001235223,
    "low": 6.190122754483694,
    "high": 7.659677154607216,
    "count": 8,
    "base": 287.5
  },
  "Compilation.module hashing": {
    "min": 24.413199818181816,
    "max": 26.899134636363634,
    "mean": 25.413354193181814,
    "median": 25.49907154545454,
    "variance": 0.632222778887464,
    "stdDev": 0.7951243795076742,
    "confidence": 1.329692493105611,
    "low": 24.748507946629008,
    "high": 26.07820043973462,
    "count": 8,
    "base": 287.5
  },
  "Compilation.code generation": {
    "min": 4.624074727272728,
    "max": 6.500356363636363,
    "mean": 5.425183829545454,
    "median": 5.408684363636363,
    "variance": 0.29704584338138484,
    "stdDev": 0.5450191220327824,
    "confidence": 0.9114395858604247,
    "low": 4.969464036615242,
    "high": 5.880903622475667,
    "count": 8,
    "base": 287.5
  },
  "Compilation.runtime requirements.modules": {
    "min": 1.9943891818181816,
    "max": 2.5196190909090905,
    "mean": 2.1388673522727277,
    "median": 2.111899363636364,
    "variance": 0.024101412390631027,