{
  "stats": {
    "min": 13373,
    "max": 14506,
    "mean": 13902.619047619048,
    "median": 13891,
    "variance": 84838.90249433105,
    "stdDev": 291.2711837692343,
    "confidence": 265.17475314654075,
    "low": 13770.031671045777,
    "high": 14035.206424192318,
    "count": 21,
    "base": 12885
  },
  "heap memory": {
    "min": 156440832,
    "max": 390499368,
    "mean": 348669856,
    "median": 359140920,
    "variance": 2117953701579209.2,
    "stdDev": 46021230.98722164,
    "confidence": 41897960.54869938,
    "low": 327720875.7256503,
    "high": 369618836.2743497,
    "count": 21,
    "base": 12885
  },
  "rss memory": {
    "min": 476180480,
    "max": 608174080,
    "mean": 552104716.1904762,
    "median": 559525888,
    "variance": 1065890357934419,
    "stdDev": 32647976.322192147,
    "confidence": 29722882.126336098,
    "low": 537243275.1273081,
    "high": 566966157.2536442,
    "count": 21,
    "base": 12885
  },
  "external memory": {
    "min": 16313495,
    "max": 16346263,
    "mean": 16331439.38095238,
    "median": 16329879,
    "variance": 80652376.23582765,
    "stdDev": 8980.66680351897,
    "confidence": 8176.044303104281,
    "low": 16327351.358800828,
    "high": 16335527.403103933,
    "count": 21,
    "base": 12885
  },
  "array buffers memory": {
    "min": 14820311,
    "max": 14853079,
    "mean": 14838255.38095238,
    "median": 14836695,
    "variance": 80652376.23582765,
    "stdDev": 8980.66680351897,
    "confidence": 8176.044303104281,
    "low": 14834167.358800828,
    "high": 14842343.403103933,
    "count": 21,
    "base": 12885
  },
  "Compiler.make hook": {
    "min": 12709.903904,
    "max": 13804.93743,
    "mean": 13223.322070476192,
    "median": 13203.371865,
    "variance": 80144.29676940723,
    "stdDev": 283.0976806146727,
    "confidence": 257.7335546959912,
    "low": 13094.455293128196,
    "high": 13352.188847824187,
    "count": 21,
    "base": 12885
  },
  "Compiler.finish make hook": {
    "min": 0.084688,
    "max": 0.184635,
    "mean": 0.11895857142857141,
    "median": 0.098113,
    "variance": 0.001047262618054422,
    "stdDev": 0.03236143720625557,
    "confidence": 0.029462015471584987,
    "low": 0.10422756369277893,
    "high": 0.13368957916436391,
    "count": 21,
    "base": 12885
  },
  "Compiler.finish compilation": {
    "min": 85.352279,
    "max": 109.915741,
    "mean": 91.36112123809524,
    "median": 88.402641,
    "variance": 30.42508310143456,
    "stdDev": 5.515893681121361,
    "confidence": 5.0216973967213505,
    "low": 88.85027253973456,
    "high": 93.87196993645591,
    "count": 21,
    "base": 12885
  },
  "Compiler.seal compilation": {
    "min": 525.353609,
    "max": 574.00887,
    "mean": 549.2476881904762,
    "median": 548.112955,
    "variance": 197.9595329405891,
    "stdDev": 14.069809271649317,
    "confidence": 12.809225245516927,
    "low": 542.8430755677177,
    "high": 555.6523008132347,
    "count": 21,
    "base": 12885
  },
  "Compiler.afterCompile hook": {
    "min": 0.053279,
    "max": 0.184214,
    "mean": 0.07010504761904764,
    "median": 0.059502,
    "variance": 0.0010967373648072562,
    "stdDev": 0.03311702530130471,
    "confidence": 0.030149906680019323,
    "low": 0.055030094279037975,
    "high": 0.0851800009590573,
    "count": 21,
    "base": 12885
  },
  "Compiler.emitAssets": {
    "min": 19.081103,
    "max": 25.719449,
    "mean": 21.324873523809522,
    "median": 20.664558,
    "variance": 3.6922260417942505,
    "stdDev": 1.9215165994063779,
    "confidence": 1.7493583928242487,
    "low": 20.450194327397398,
    "high": 22.199552720221646,
    "count": 21,
    "base": 12885
  },
  "Compiler.emitRecords": {
    "min": 0.061374,
    "max": 0.099606,
    "mean": 0.06748614285714287,
    "median": 0.06463,
    "variance": 0.00007890625907482993,
    "stdDev": 0.008882919513022164,
    "confidence": 0.008087054677377359,
    "low": 0.06344261551845419,
    "high": 0.07152967019583155,
    "count": 21,
    "base": 12885
  },
  "Compilation.compute affected modules": {
    "min": 0.206024,
    "max": 0.250648,
    "mean": 0.2191960476190476,
    "median": 0.216704,
    "variance": 0.00008968834071201805,
    "stdDev": 0.009470392848874753,
    "confidence": 0.008621893362066146,
    "low": 0.21488510093801452,
    "high": 0.22350699430008067,
    "count": 21,
    "base": 12885
  },
  "Compilation.finish modules": {
    "min": 54.851149,
    "max": 83.70242,
    "mean": 62.53593671428572,
    "median": 61.639346,
    "variance": 31.857541979984024,
    "stdDev": 5.644248575318421,
    "confidence": 5.138552339058613,
    "low": 59.966660544756415,
    "high": 65.10521288381503,
    "count": 21,
    "base": 12885
  },
  "Compilation.report dependency errors and warnings": {
    "min": 25.18688,
    "max": 32.084786,
    "mean": 28.207746285714286,
    "median": 28.486054,
    "variance": 3.5699258064263946,
    "stdDev": 1.889424728965511,
    "confidence": 1.7201417922939655,
    "low": 27.347675389567303,
    "high": 29.06781718186127,
    "count": 21,
    "base": 12885
  },
  "Compilation.optimize dependencies": {
    "min": 157.410763,
    "max": 183.074836,
    "mean": 169.7551337142857,
    "median": 169.55888,
    "variance": 66.86892131766619,
    "stdDev": 8.177341946969454,
    "confidence": 7.444693306497641,
    "low": 166.03278706103688,
    "high": 173.47748036753453,
    "count": 21,
    "base": 12885
  },
  "Compilation.create chunks": {
    "min": 29.313228,
    "max": 38.791772,
    "mean": 33.36395795238096,
    "median": 33.81446,
    "variance": 6.107257314897856,
    "stdDev": 2.471286570776011,
    "confidence": 2.249871744535767,
    "low": 32.239022080113074,
    "high": 34.48889382464884,
    "count": 21,
    "base": 12885
  },
  "Compilation.compute affected modules with chunk graph": {
    "min": 0.117308,
    "max": 0.14457,
    "mean": 0.126621,
    "median": 0.124061,
    "variance": 0.0000592445601904762,
    "stdDev": 0.007697048797459725,
    "confidence": 0.0070074320034361065,
    "low": 0.12311728399828197,
    "high": 0.13012471600171807,
    "count": 21,
    "base": 12885
  },
  "Compilation.optimize": {
    "min": 51.9037,
    "max": 59.926099,
    "mean": 54.04926333333333,
    "median": 53.667518,
    "variance": 4.512185581548507,
    "stdDev": 2.1241905709113076,
    "confidence": 1.9338737975668892,
    "low": 53.082326434549884,
    "high": 55.01620023211677,
    "count": 21,
    "base": 12885
  },
  "Compilation.module hashing": {
    "min": 56.546976,
    "max": 68.75277,
    "mean": 63.27848166666668,
    "median": 63.360604,
    "variance": 8.067349493274605,
    "stdDev": 2.8403079926787176,
    "confidence": 2.585830706189739,
    "low": 61.98556631357181,
    "high": 64.57139701976155,
    "count": 21,
    "base": 12885
  },
  "Compilation.code generation": {
    "min": 147.265587,
    "max": 166.59279,
    "mean": 156.5665397142857,
    "median": 155.159903,
    "variance": 23.89356842840744,
    "stdDev": 4.888104789016643,
    "confidence": 4.45015522650823,
    "low": 154.3414621010316,
    "high": 158.79161732753983,
    "count": 21,
    "base": 12885
  },
  "Compilation.runtime requirements.modules": {
    "min": 4.79286,
    "max": 10.99027,
    "mean": 5.597889476190476,
    "median": 5.242621,
    "variance": 1.5548450604507258,
    "stdDev": 1.2469342646870867,
    "confidence": 1.1352152367064505,
    "low": 5.030281857837251,
    "high": 6.165497094543701,
    "count": 21,
    "base": 12885
  },
  "Compilation.runtime requirements.chunks": {
    "min": 1.664174,
    "max": 6.836302,
    "mean": 2.357648761904762,
    "median": 2.143118,
    "variance": 1.0812990535737048,
    "stdDev": 1.0398553041523155,
    "confidence": 0.9466895077584239,
    "low": 1.8843040080255502,
    "high": 2.830993515783974,
    "count": 21,
    "base": 12885
  },
  "Compilation.runtime requirements.entries": {
    "min": 1.844982,
    "max": 2.220271,