{
  "stats": {
    "min": 48227,
    "max": 52471,
    "mean": 51043.666666666664,
    "median": 51487,
    "variance": 1969978.5555555553,
    "stdDev": 1403.559245474004,
    "confidence": 2946.3694067267497,
    "low": 49570.48196330329,
    "high": 52516.85137003004,
    "count": 6,
    "base": 49979
  },
  "heap memory": {
    "min": 408596424,
    "max": 635024912,
    "mean": 570408573.3333334,
    "median": 599999916,
    "variance": 5981316542211983,
    "stdDev": 77338971.69093977,
    "confidence": 162350952.31832266,
    "low": 489233097.17417204,
    "high": 651584049.4924947,
    "count": 6,
    "base": 49979
  },
  "rss memory": {
    "min": 696537088,
    "max": 848695296,
    "mean": 806861482.6666666,
    "median": 821129216,
    "variance": 2580437645452174,
    "stdDev": 50798008.28233499,
    "confidence": 106635824.60687518,
    "low": 753543570.363229,
    "high": 860179394.9701042,
    "count": 6,
    "base": 49979
  },
  "external memory": {
    "min": 28648750,
    "max": 28673884,
    "mean": 28661503,
    "median": 28661596,
    "variance": 63845271.666666664,
    "stdDev": 7990.323627154701,
    "confidence": 16773.388911664486,
    "low": 28653116.305544168,
    "high": 28669889.694455832,
    "count": 6,
    "base": 49979
  },
  "array buffers memory": {
    "min": 19238689,
    "max": 19263265,
    "mean": 19250977,
    "median": 19250977,
    "variance": 61516458.666666664,
    "stdDev": 7843.242866739922,
    "confidence": 16464.63511006534,
    "low": 19242744.682444967,
    "high": 19259209.317555033,
    "count": 6,
    "base": 49979
  },
  "Compiler.make hook": {
    "min": 9249.938631,
    "max": 9998.669818,
    "mean": 9743.729179666667,
    "median": 9783.6429595,
    "variance": 64075.09459596502,
    "stdDev": 253.13058802911397,
    "confidence": 531.3749475704244,
    "low": 9478.041705881455,
    "high": 10009.416653451879,
    "count": 6,
    "base": 49979
  },
  "Compiler.finish make hook": {
    "min": 0.117005,
    "max": 0.180507,
    "mean": 0.14463866666666667,
    "median": 0.144105,
    "variance": 0.00038962280055555566,
    "stdDev": 0.019738865229682167,
    "confidence": 0.041436076762543086,
    "low": 0.12392062828539512,
    "high": 0.1653567050479382,
    "count": 6,
    "base": 49979
  },
  "Compiler.finish compilation": {
    "min": 425.354363,
    "max": 451.939035,
    "mean": 438.81325766666663,
    "median": 437.8438665,
    "variance": 90.7158628416879,
    "stdDev": 9.52448753695903,
    "confidence": 19.993925289679623,
    "low": 428.8162950218268,
    "high": 448.81022031150644,
    "count": 6,
    "base": 49979
  },
  "Compiler.seal compilation": {
    "min": 38516.360806,
    "max": 42260.929328,
    "mean": 40822.97618333333,
    "median": 41096.210602499996,
    "variance": 1580697.1559181279,
    "stdDev": 1257.2577921485029,
    "confidence": 2639.2515364779974,
    "low": 39503.35041509433,
    "high": 42142.60195157233,
    "count": 6,
    "base": 49979
  },
  "Compiler.afterCompile hook": {
    "min": 0.078203,
    "max": 0.130705,
    "mean": 0.094787,
    "median": 0.0851535,
    "variance": 0.0003709825116666665,
    "stdDev": 0.01926090630439457,
    "confidence": 0.040432739311929256,
    "low": 0.07457063034403537,
    "high": 0.11500336965596462,
    "count": 6,
    "base": 49979
  },
  "Compiler.emitAssets": {
    "min": 16.668224,
    "max": 21.513007,
    "mean": 18.331987333333334,
    "median": 17.8031175,
    "variance": 2.4203071434488916,
    "stdDev": 1.555733635121672,
    "confidence": 3.265815819545459,
    "low": 16.699079423560605,
    "high": 19.964895243106064,
    "count": 6,
    "base": 49979
  },
  "Compiler.emitRecords": {
    "min": 0.093204,
    "max": 0.104004,
    "mean": 0.09965383333333333,
    "median": 0.101904,
    "variance": 0.000018330983472222245,
    "stdDev": 0.0042814697794358245,
    "confidence": 0.008987715776610922,
    "low": 0.09515997544502787,
    "high": 0.10414769122163879,
    "count": 6,
    "base": 49979
  },
  "FlagDependencyExportsPlugin.restore cached provided exports": {
    "min": 18.015077,
    "max": 26.683999,
    "mean": 21.001204333333334,
    "median": 20.274511500000003,
    "variance": 7.372956438249219,
    "stdDev": 2.7153188465167806,
    "confidence": 5.7000318331298985,
    "low": 18.151188416768385,
    "high": 23.851220249898283,
    "count": 6,
    "base": 49979
  },
  "FlagDependencyExportsPlugin.figure out provided exports": {
    "min": 293.079098,
    "max": 324.717467,
    "mean": 310.1568865,
    "median": 307.9063585,
    "variance": 118.45252208177158,
    "stdDev": 10.883589577054602,
    "confidence": 22.846969565844233,
    "low": 298.73340171707787,
    "high": 321.5803712829221,
    "count": 6,
    "base": 49979
  },
  "FlagDependencyExportsPlugin.store provided exports into cache": {
    "min": 15.258773,
    "max": 22.070727,
    "mean": 18.244500333333335,
    "median": 17.5366055,
    "variance": 4.826018214369891,
    "stdDev": 2.196820023208522,
    "confidence": 4.61159251334661,
    "low": 15.938704076660029,
    "high": 20.55029659000664,
    "count": 6,
    "base": 49979
  },
  "InnerGraphPlugin.infer dependency usage": {
    "min": 43.206632,
    "max": 55.891452,
    "mean": 48.02855316666666,
    "median": 45.667248,
    "variance": 23.514829635034147,
    "stdDev": 4.849209176250716,
    "confidence": 10.179521534125627,
    "low": 42.93879239960385,
    "high": 53.118313933729475,
    "count": 6,
    "base": 49979
  },
  "Compilation.finish modules": {
    "min": 337.627071,
    "max": 370.002364,
    "mean": 353.8304908333334,
    "median": 353.50780499999996,
    "variance": 124.42389840152988,
    "stdDev": 11.15454608675449,
    "confidence": 23.415764914745637,
    "low": 342.12260837596057,
    "high": 365.5383732907062,
    "count": 6,
    "base": 49979
  },
  "Compilation.report dependency errors and warnings": {
    "min": 81.483953,
    "max": 87.290476,
    "mean": 84.53183333333334,
    "median": 85.32194,
    "variance": 5.022419311631887,
    "stdDev": 2.241075481020639,
    "confidence": 4.704494132853426,
    "low": 82.17958626690663,
    "high": 86.88408039976005,
    "count": 6,
    "base": 49979
  },
  "Compilation.optimize dependencies": {
    "min": 381.57782,
    "max": 438.816481,
    "mean": 405.4959138333333,
    "median": 396.009266,
    "variance": 504.46389716161093,
    "stdDev": 22.460273755268677,
    "confidence": 47.1488921273733,
    "low": 381.92146776964665,
    "high": 429.07035989701996,
    "count": 6,
    "base": 49979
  },
  "Compilation.create chunks": {
    "min": 182.77566,
    "max": 228.875196,
    "mean": 214.55317349999999,
    "median": 221.6756625,
    "variance": 272.24830857154103,
    "stdDev": 16.499948744512544,
    "confidence": 34.63690211165482,
    "low": 197.23472244417258,
    "high": 231.8716245558274,
    "count": 6,
    "base": 49979
  },
  "Compilation.optimize": {
    "min": 225.879684,
    "max": 282.119871,
    "mean": 249.5507185,
    "median": 250.955329,
    "variance": 320.3381957681325,
    "stdDev": 17.89799418281648,
    "confidence": 37.57169686429205,
    "low": 230.76487006785396,
    "high": 268.336566932146,
    "count": 6,
    "base": 49979
  },
  "Compilation.module hashing": {
    "min": 340.80489,
    "max": 403.981937,
    "mean": 366.47654933333337,
    "median": 363.419887,
    "variance": 401.29044229614374,
    "stdDev": 20.0322350798942,
    "confidence": 42.05192248071148,
    "low": 345.4505880929776,
    "high": 387.5025105736891,
    "count": 6,
    "base": 49979
  },
  "Compilation.code generation": {
    "min": 2478.858356,
    "max": 2725.146957,
    "mean": 2641.2585323333333,
    "median": 2697.3605374999997,
    "variance": 9717.399445493369,
    "stdDev": 98.57687074305701,
    "confidence": 206.93381993298954,
    "low": 2537.7916223668385,
    "high": 2744.725442299828,
    "count": 6,
    "base": 49979
  },