{
  "stats": {
    "min": 72967,
    "max": 78200,
    "mean": 74585.75,
    "median": 73588,
    "variance": 4418783.1875,
    "stdDev": 2102.090194901256,
    "confidence": 6688.851000175782,
    "low": 71241.32449991211,
    "high": 77930.17550008789,
    "count": 4,
    "base": 76415.5
  },
  "heap memory": {
    "min": 685587976,
    "max": 992464392,
    "mean": 763152254,
    "median": 687278324,
    "variance": 17528517728434732,
    "stdDev": 132395308.55900723,
    "confidence": 421281871.8347609,
    "low": 552511318.0826195,
    "high": 973793189.9173805,
    "count": 4,
    "base": 76415.5
  },
  "rss memory": {
    "min": 1128476672,
    "max": 1206923264,
    "mean": 1165573120,
    "median": 1163446272,
    "variance": 776781891108864,
    "stdDev": 27870807.148499735,
    "confidence": 88684908.34652615,
    "low": 1121230665.826737,
    "high": 1209915574.173263,
    "count": 4,
    "base": 76415.5
  },
  "external memory": {
    "min": 29028919,
    "max": 29059707,
    "mean": 29040712,
    "median": 29037111,
    "variance": 165009251,
    "stdDev": 12845.592668304565,
    "confidence": 40874.67587054521,
    "low": 29020274.662064727,
    "high": 29061149.337935273,
    "count": 4,
    "base": 76415.5
  },
  "array buffers memory": {
    "min": 20422088,
    "max": 20452876,
    "mean": 20433881,
    "median": 20430280,
    "variance": 165009251,
    "stdDev": 12845.592668304565,
    "confidence": 40874.67587054521,
    "low": 20413443.662064727,
    "high": 20454318.337935273,
    "count": 4,
    "base": 76415.5
  },
  "Compiler.make hook": {
    "min": 34899.833074,
    "max": 40699.900231,
    "mean": 36591.2836985,
    "median": 35382.700744500005,
    "variance": 5670164.99696622,
    "stdDev": 2381.2108258124103,
    "confidence": 7577.012847735095,
    "low": 32802.777274632455,
    "high": 40379.79012236755,
    "count": 4,
    "base": 76415.5
  },
  "Compiler.finish make hook": {
    "min": 0.125402,
    "max": 0.239902,
    "mean": 0.17215175,
    "median": 0.1616515,
    "variance": 0.0020287095751874997,
    "stdDev": 0.045041198642881385,
    "confidence": 0.14332109408164856,
    "low": 0.10049120295917571,
    "high": 0.24381229704082427,
    "count": 4,
    "base": 76415.5
  },
  "Compiler.finish compilation": {
    "min": 446.33766,
    "max": 478.923156,
    "mean": 462.45839225000003,
    "median": 462.28637649999996,
    "variance": 153.07280336530494,
    "stdDev": 12.372259428467581,
    "confidence": 39.36852950138382,
    "low": 442.7741274993081,
    "high": 482.14265700069194,
    "count": 4,
    "base": 76415.5
  },
  "Compiler.seal compilation": {
    "min": 36991.332972,
    "max": 37787.217612,
    "mean": 37489.852877,
    "median": 37590.430462,
    "variance": 89547.58800293587,
    "stdDev": 299.2450300388226,
    "confidence": 952.1976855835383,
    "low": 37013.75403420823,
    "high": 37965.95171979177,
    "count": 4,
    "base": 76415.5
  },
  "Compiler.afterCompile hook": {
    "min": 0.091001,
    "max": 0.110201,
    "mean": 0.099451,
    "median": 0.098301,
    "variance": 0.00006918249999999993,
    "stdDev": 0.008317601817831864,
    "confidence": 0.026466608984341,
    "low": 0.0862176955078295,
    "high": 0.1126843044921705,
    "count": 4,
    "base": 76415.5
  },
  "Compiler.emitAssets": {
    "min": 18.876571,
    "max": 20.671688,
    "mean": 20.0296825,
    "median": 20.2852355,
    "variance": 0.4685149267512509,
    "stdDev": 0.6844815021249667,
    "confidence": 2.1780201397616423,
    "low": 18.94067243011918,
    "high": 21.11869256988082,
    "count": 4,
    "base": 76415.5
  },
  "Compiler.emitRecords": {
    "min": 0.098801,
    "max": 0.108001,
    "mean": 0.103976,
    "median": 0.104551,
    "variance": 0.000016191874999999985,
    "stdDev": 0.004023912896671595,
    "confidence": 0.012804090837209015,
    "low": 0.09757395458139549,
    "high": 0.1103780454186045,
    "count": 4,
    "base": 76415.5
  },
  "FlagDependencyExportsPlugin.restore cached provided exports": {
    "min": 20.021582,
    "max": 27.234648,
    "mean": 22.12645725,
    "median": 20.6247995,
    "variance": 8.76398813037069,
    "stdDev": 2.960403372915706,
    "confidence": 9.420003532617777,
    "low": 17.416455483691113,
    "high": 26.83645901630889,
    "count": 4,
    "base": 76415.5
  },
  "FlagDependencyExportsPlugin.figure out provided exports": {
    "min": 313.591153,
    "max": 340.490697,
    "mean": 327.21744925,
    "median": 327.3939735,
    "variance": 93.4781924925201,
    "stdDev": 9.668412097781108,
    "confidence": 30.764887295139488,
    "low": 311.8350056024303,
    "high": 342.59989289756976,
    "count": 4,
    "base": 76415.5
  },
  "FlagDependencyExportsPlugin.store provided exports into cache": {
    "min": 18.718393,
    "max": 24.27882,
    "mean": 21.30742425,
    "median": 21.116242,
    "variance": 5.969246972618185,
    "stdDev": 2.44320424291916,
    "confidence": 7.774275900968767,
    "low": 17.420286299515617,
    "high": 25.194562200484384,
    "count": 4,
    "base": 76415.5
  },
  "InnerGraphPlugin.infer dependency usage": {
    "min": 60.396575,
    "max": 86.911283,
    "mean": 69.5901505,
    "median": 65.52637200000001,
    "variance": 117.1581494662207,
    "stdDev": 10.823961819325708,
    "confidence": 34.441846509094404,
    "low": 52.36922724545279,
    "high": 86.8110737545472,
    "count": 4,
    "base": 76415.5
  },
  "Compilation.finish modules": {
    "min": 362.6847,
    "max": 391.780164,
    "mean": 375.97300650000005,
    "median": 374.713581,
    "variance": 107.68201735580669,
    "stdDev": 10.376994620592548,
    "confidence": 33.01959688272552,
    "low": 359.4632080586373,
    "high": 392.4828049413628,
    "count": 4,
    "base": 76415.5
  },
  "Compilation.report dependency errors and warnings": {
    "min": 81.404438,
    "max": 92.671243,
    "mean": 85.89623075,
    "median": 84.754621,
    "variance": 18.49471765341071,
    "stdDev": 4.3005485293635175,
    "confidence": 13.68434542043471,
    "low": 79.05405803978265,
    "high": 92.73840346021736,
    "count": 4,
    "base": 76415.5
  },
  "Compilation.optimize dependencies": {
    "min": 400.458243,
    "max": 469.573572,
    "mean": 434.57843,
    "median": 434.1409525,
    "variance": 672.0964499266079,
    "stdDev": 25.9248230452323,
    "confidence": 82.49278692992914,
    "low": 393.33203653503546,
    "high": 475.8248234649646,
    "count": 4,
    "base": 76415.5
  },
  "Compilation.create chunks": {
    "min": 232.509915,
    "max": 256.664487,
    "mean": 246.84840825,
    "median": 249.10961550000002,
    "variance": 101.18600727667861,
    "stdDev": 10.05912557216971,
    "confidence": 32.00813757064401,
    "low": 230.844339464678,
    "high": 262.852477035322,
    "count": 4,
    "base": 76415.5
  },
  "Compilation.optimize": {
    "min": 652.067431,
    "max": 674.415471,
    "mean": 662.2139070000001,
    "median": 661.186363,
    "variance": 65.17537429744786,
    "stdDev": 8.07312667418565,
    "confidence": 25.688689077258687,
    "low": 649.3695624613707,
    "high": 675.0582515386294,
    "count": 4,
    "base": 76415.5
  },
  "Compilation.module hashing": {
    "min": 377.790235,
    "max": 385.638709,
    "mean": 383.28795575000004,
    "median": 384.8614395,
    "variance": 10.444363107376736,
    "stdDev": 3.231773987669425,
    "confidence": 10.28350482876408,
    "low": 378.146203335618,
    "high": 388.4297081643821,
    "count": 4,
    "base": 76415.5
  },
  "Compilation.code generation": {
    "min": 2621.044735,
    "max": 3284.499085,
    "mean": 3098.221522,
    "median": 3243.671134,
    "variance": 76188.39761034948,
    "stdDev": 276.02245852529734,
    "confidence": 878.303463027496,
    "low": 2659.069790486252,
    "high": 3537.373253513748,
    "count": 4,
    "base": 76415.5
  },
  "Compilation.runtime requirements": {
    "min": 8.638381,
    "max": 16.970954,
    "mean": 11.026750750000001,
    "median": 8.7305805,