{
  "stats": {
    "min": 19655,
    "max": 20773,
    "mean": 20259.35714285714,
    "median": 20258.5,
    "variance": 127417.80102040815,
    "stdDev": 356.95630127567176,
    "confidence": 412.13052455357683,
    "low": 20053.291880580353,
    "high": 20465.42240513393,
    "count": 14,
    "base": 19574
  },
  "heap memory": {
    "min": 213538904,
    "max": 317325112,
    "mean": 270930099.4285714,
    "median": 267845348,
    "variance": 829298113448966.6,
    "stdDev": 28797536.586468063,
    "confidence": 33248730.493949503,
    "low": 254305734.18159667,
    "high": 287554464.67554617,
    "count": 14,
    "base": 19574
  },
  "rss memory": {
    "min": 484655104,
    "max": 591175680,
    "mean": 540384694.8571428,
    "median": 543825920,
    "variance": 937657213343952.9,
    "stdDev": 30621188.96032538,
    "confidence": 35354262.198405266,
    "low": 522707563.7579402,
    "high": 558061825.9563454,
    "count": 14,
    "base": 19574
  },
  "external memory": {
    "min": 52425843,
    "max": 52442227,
    "mean": 52435790.428571425,
    "median": 52434035,
    "variance": 20885921.959183674,
    "stdDev": 4570.111810359094,
    "confidence": 5276.507435053587,
    "low": 52433152.1748539,
    "high": 52438428.68228895,
    "count": 14,
    "base": 19574
  },
  "array buffers memory": {
    "min": 28715173,
    "max": 28731557,
    "mean": 28725120.42857143,
    "median": 28723365,
    "variance": 20885921.959183667,
    "stdDev": 4570.111810359093,
    "confidence": 5276.5074350610375,
    "low": 28722482.1748539,
    "high": 28727758.68228896,
    "count": 14,
    "base": 19574
  },
  "Compiler.make hook": {
    "min": 18627.590043,
    "max": 19696.874488,
    "mean": 19203.057100714283,
    "median": 19205.906645,
    "variance": 122367.42026543782,
    "stdDev": 349.8105491054234,
    "confidence": 403.88026372408785,
    "low": 19001.11696885224,
    "high": 19404.997232576326,
    "count": 14,
    "base": 19574
  },
  "Compiler.finish make hook": {
    "min": 0.126702,
    "max": 0.523232,
    "mean": 0.1728795,
    "median": 0.130903,
    "variance": 0.010484048575964288,
    "stdDev": 0.10239164309632055,
    "confidence": 0.11821817244402583,
    "low": 0.11377041377798708,
    "high": 0.2319885862220129,
    "count": 14,
    "base": 19574
  },
  "Compiler.finish compilation": {
    "min": 161.601393,
    "max": 208.044785,
    "mean": 173.27603421428574,
    "median": 169.892289,
    "variance": 122.54971317114938,
    "stdDev": 11.070217394936261,
    "confidence": 12.781325012592333,
    "low": 166.88537170798958,
    "high": 179.6666967205819,
    "count": 14,
    "base": 19574
  },
  "Compiler.seal compilation": {
    "min": 767.9328,
    "max": 829.416552,
    "mean": 796.7684987142858,
    "median": 794.635987,
    "variance": 334.4567150556933,
    "stdDev": 18.28815778190065,
    "confidence": 21.114932087870557,
    "low": 786.2110326703505,
    "high": 807.3259647582211,
    "count": 14,
    "base": 19574
  },
  "Compiler.afterCompile hook": {
    "min": 0.093307,
    "max": 0.148303,
    "mean": 0.1011829285714286,
    "median": 0.0979545,
    "variance": 0.00017682403135204074,
    "stdDev": 0.013297519744374917,
    "confidence": 0.01535289829014222,
    "low": 0.0935064794263575,
    "high": 0.10885937771649971,
    "count": 14,
    "base": 19574
  },
  "Compiler.emitAssets": {
    "min": 60.31267,
    "max": 77.327634,
    "mean": 68.33420985714285,
    "median": 68.141333,
    "variance": 17.024928662467556,
    "stdDev": 4.126127562553969,
    "confidence": 4.763897179159358,
    "low": 65.95226126756317,
    "high": 70.71615844672253,
    "count": 14,
    "base": 19574
  },
  "Compiler.emitRecords": {
    "min": 0.102504,
    "max": 0.114404,
    "mean": 0.10560449999999999,
    "median": 0.1047545,
    "variance": 0.000009266719250000003,
    "stdDev": 0.0030441286520119354,
    "confidence": 0.003514655249616555,
    "low": 0.10384717237519171,
    "high": 0.10736182762480827,
    "count": 14,
    "base": 19574
  },
  "FlagDependencyExportsPlugin.restore cached provided exports": {
    "min": 6.05826,
    "max": 7.811088,
    "mean": 6.535872357142857,
    "median": 6.392453,
    "variance": 0.18406869736208678,
    "stdDev": 0.4290322800933361,
    "confidence": 0.4953471839925019,
    "low": 6.288198765146606,
    "high": 6.783545949139108,
    "count": 14,
    "base": 19574
  },
  "FlagDependencyExportsPlugin.figure out provided exports": {
    "min": 97.970199,
    "max": 128.89845,
    "mean": 104.25105814285715,
    "median": 106.72364350000001,
    "variance": 56.133776512077546,
    "stdDev": 7.4922477609911935,
    "confidence": 8.650313746494135,
    "low": 99.92590126961008,
    "high": 108.57621501610421,
    "count": 14,
    "base": 19574
  },
  "FlagDependencyExportsPlugin.store provided exports into cache": {
    "min": 10.526678,
    "max": 16.832365,
    "mean": 12.086209142857145,
    "median": 11.650517,
    "variance": 2.2170509361792647,
    "stdDev": 1.4889764726748589,
    "confidence": 1.7191254294668035,
    "low": 11.226646428123743,
    "high": 12.945771857590547,
    "count": 14,
    "base": 19574
  },
  "Compilation.finish modules": {
    "min": 117.16856,
    "max": 147.962016,
    "mean": 124.16948171428571,
    "median": 122.2878365,
    "variance": 60.83379140746136,
    "stdDev": 7.799602003144863,
    "confidence": 9.005175292823111,
    "low": 119.66689406787415,
    "high": 128.67206936069726,
    "count": 14,
    "base": 19574
  },
  "Compilation.report dependency errors and warnings": {
    "min": 41.543179,
    "max": 59.839862,
    "mean": 48.88165,
    "median": 46.648415,
    "variance": 26.553327127039562,
    "stdDev": 5.152992055790457,
    "confidence": 5.949482643628187,
    "low": 45.90690867818591,
    "high": 51.856391321814094,
    "count": 14,
    "base": 19574
  },
  "Compilation.optimize dependencies": {
    "min": 0.703742,
    "max": 0.961024,
    "mean": 0.7734044285714284,
    "median": 0.7678475,
    "variance": 0.003983406788244897,
    "stdDev": 0.06311423601886422,
    "confidence": 0.07286971291526378,
    "low": 0.7369695721137965,
    "high": 0.8098392850290603,
    "count": 14,
    "base": 19574
  },
  "Compilation.create chunks": {
    "min": 82.286863,
    "max": 97.736055,
    "mean": 88.72166221428571,
    "median": 89.5355295,
    "variance": 21.921007617325873,
    "stdDev": 4.6819875712485475,
    "confidence": 5.405675671773025,
    "low": 86.0188243783992,
    "high": 91.42450005017223,
    "count": 14,
    "base": 19574
  },
  "Compilation.optimize": {
    "min": 30.468421,
    "max": 40.375336,
    "mean": 33.552002785714286,
    "median": 32.687727,
    "variance": 7.181294442064738,
    "stdDev": 2.6797937312533473,
    "confidence": 3.0940056029544394,
    "low": 32.00499998423707,
    "high": 35.099005587191506,
    "count": 14,
    "base": 19574
  },
  "Compilation.module hashing": {
    "min": 148.082602,
    "max": 192.640908,
    "mean": 164.66060799999997,
    "median": 163.81055650000002,
    "variance": 105.26254848933397,
    "stdDev": 10.259753822062885,
    "confidence": 11.845589248225167,
    "low": 158.73781337588738,
    "high": 170.58340262411255,
    "count": 14,
    "base": 19574
  },
  "Compilation.code generation": {
    "min": 302.222664,
    "max": 325.466601,
    "mean": 313.51378264285717,
    "median": 311.6465495,
    "variance": 39.34515164642158,
    "stdDev": 6.272571374358492,
    "confidence": 7.242113730939991,
    "low": 309.89272577738717,
    "high": 317.13483950832716,
    "count": 14,
    "base": 19574
  },
  "Compilation.runtime requirements": {
    "min": 11.437977,
    "max": 20.70708,
    "mean": 14.410568285714287,
    "median": 12.5459635,
    "variance": 12.925834650268204,
    "stdDev": 3.595251681074387,
    "confidence": 4.150964574453624,
    "low": 12.335085998487475,
    "high": 16.4860505729411,
    "count": 14,
    "base": 19574
  },