{
  "stats": {
    "min": 444.54545454545456,
    "max": 457.27272727272725,
    "mean": 451.71900826446273,
    "median": 451.09090909090907,
    "variance": 14.702411037497406,
    "stdDev": 3.8343723133646535,
    "confidence": 5.151611686084607,
    "low": 449.1432024214204,
    "high": 454.29481410750503,
    "count": 11,
    "base": 568.6818181818182
  },
  "heap memory": {
    "min": 520570901.09090906,
    "max": 523680057.45454544,
    "mean": 521796787.4380165,
    "median": 521729984,
    "variance": 1171829805904.6162,
    "stdDev": 1082510.8802707787,
    "confidence": 1454390.7699519396,
    "low": 521069592.0530405,
    "high": 522523982.82299244,
    "count": 11,
    "base": 568.6818181818182
  },
  "rss memory": {
    "min": 904975825.4545455,
    "max": 925379118.5454545,
    "mean": 917829310.4132231,
    "median": 919130856.7272727,
    "variance": 34932296076558.33,
    "stdDev": 5910354.987355525,
    "confidence": 7940766.13677907,
    "low": 913858927.3448336,
    "high": 921799693.4816127,
    "count": 11,
    "base": 568.6818181818182
  },
  "external memory": {
    "min": 165076265.72727272,
    "max": 165117225.72727272,
    "mean": 165097862.8181818,
    "median": 165100841.72727272,
    "variance": 125343828.62809919,
    "stdDev": 11195.705811966443,
    "confidence": 15041.817586123943,
    "low": 165090341.90938875,
    "high": 165105383.72697487,
    "count": 11,
    "base": 568.6818181818182
  },
  "array buffers memory": {
    "min": 163616276.36363637,
    "max": 163657236.36363637,
    "mean": 163637873.4545455,
    "median": 163640852.36363637,
    "variance": 125343828.62809914,
    "stdDev": 11195.705811966442,
    "confidence": 15041.817586123943,
    "low": 163630352.54575244,
    "high": 163645394.36333856,
    "count": 11,
    "base": 568.6818181818182
  },
  "Compiler.make hook": {
    "min": 112.7797671818182,
    "max": 116.24640009090908,
    "mean": 114.96976538842976,
    "median": 115.45650727272728,
    "variance": 1.3226890518036776,
    "stdDev": 1.1500821934990897,
    "confidence": 1.5451751639602094,
    "low": 114.19717780644966,
    "high": 115.74235297040987,
    "count": 11,
    "base": 568.6818181818182
  },
  "Compiler.finish make hook": {
    "min": 0.0028869090909090915,
    "max": 0.0032178181818181824,
    "mean": 0.0030335867768595047,
    "median": 0.002999181818181818,
    "variance": 9.654008059558769e-9,
    "stdDev": 0.00009825481189009915,
    "confidence": 0.00013200873461944023,
    "low": 0.0029675824095497846,
    "high": 0.003099591144169225,
    "count": 11,
    "base": 568.6818181818182
  },
  "Compiler.finish compilation": {
    "min": 32.68475663636363,
    "max": 35.34959827272727,
    "mean": 34.36545866942149,
    "median": 34.56807745454546,
    "variance": 0.5795538113182365,
    "stdDev": 0.7612843170053069,
    "confidence": 1.0228117833649009,
    "low": 33.85405277773904,
    "high": 34.87686456110394,
    "count": 11,
    "base": 568.6818181818182
  },
  "Compiler.seal compilation": {
    "min": 241.41024954545458,
    "max": 252.77847045454544,
    "mean": 247.5445969008265,
    "median": 247.90335936363638,
    "variance": 11.777527910225587,
    "stdDev": 3.431840309546117,
    "confidence": 4.610796030894676,
    "low": 245.23919888537915,
    "high": 249.84999491627383,
    "count": 11,
    "base": 568.6818181818182
  },
  "Compiler.afterCompile hook": {
    "min": 0.0031585454545454555,
    "max": 0.003918818181818182,
    "mean": 0.0034282231404958678,
    "median": 0.003350727272727273,
    "variance": 5.545051294310501e-8,
    "stdDev": 0.00023547932593564346,
    "confidence": 0.00031637461054398897,
    "low": 0.0032700358352238733,
    "high": 0.0035864104457678622,
    "count": 11,
    "base": 568.6818181818182
  },
  "Compiler.emitAssets": {
    "min": 47.35520681818182,
    "max": 49.98222536363635,
    "mean": 48.89613385123967,
    "median": 48.85074009090909,
    "variance": 0.5905205827620486,
    "stdDev": 0.7684533705840899,
    "confidence": 1.0324436545491125,
    "low": 48.37991202396511,
    "high": 49.412355678514224,
    "count": 11,
    "base": 568.6818181818182
  },
  "Compiler.emitRecords": {
    "min": 0.0061459999999999996,
    "max": 0.008477454545454545,
    "mean": 0.00694109090909091,
    "median": 0.006799818181818181,
    "variance": 3.178704087152516e-7,
    "stdDev": 0.0005637999722554548,
    "confidence": 0.0007574847428252797,
    "low": 0.00656234853767827,
    "high": 0.00731983328050355,
    "count": 11,
    "base": 568.6818181818182
  },
  "Compilation.compute affected modules": {
    "min": 0.0018179090909090907,
    "max": 0.004165727272727273,
    "mean": 0.002255628099173554,
    "median": 0.0021303636363636364,
    "variance": 3.814551456867702e-7,
    "stdDev": 0.0006176205515417781,
    "confidence": 0.0008297945506748911,
    "low": 0.0018407308238361083,
    "high": 0.0026705253745109995,
    "count": 11,
    "base": 568.6818181818182
  },
  "Compilation.finish modules": {
    "min": 0.7002618181818182,
    "max": 0.9516458181818183,
    "mean": 0.8076297438016529,
    "median": 0.7808337272727273,
    "variance": 0.006470434311885528,
    "stdDev": 0.08043900988876931,
    "confidence": 0.10807258906906592,
    "low": 0.7535934492671199,
    "high": 0.8616660383361858,
    "count": 11,
    "base": 568.6818181818182
  },
  "Compilation.report dependency errors and warnings": {
    "min": 31.945662636363636,
    "max": 34.39099054545455,
    "mean": 33.51694109090909,
    "median": 33.66345709090909,
    "variance": 0.5091431781193845,
    "stdDev": 0.7135426953724524,
    "confidence": 0.9586692651594575,
    "low": 33.037606458329364,
    "high": 33.99627572348882,
    "count": 11,
    "base": 568.6818181818182
  },
  "Compilation.optimize dependencies": {
    "min": 0.03547245454545455,
    "max": 0.04237009090909091,
    "mean": 0.03898042975206612,
    "median": 0.03938618181818182,
    "variance": 0.0000042445046162147385,
    "stdDev": 0.002060219555342279,
    "confidence": 0.0027679761561516386,
    "low": 0.0375964416739903,
    "high": 0.04036441783014194,
    "count": 11,
    "base": 568.6818181818182
  },
  "Compilation.create chunks": {
    "min": 56.57317427272728,
    "max": 61.176078636363634,
    "mean": 58.499633619834725,
    "median": 58.23003818181819,
    "variance": 1.594198638070452,
    "stdDev": 1.262615791945615,
    "confidence": 1.696367941670843,
    "low": 57.651449648999304,
    "high": 59.34781759067015,
    "count": 11,
    "base": 568.6818181818182
  },
  "Compilation.compute affected modules with chunk graph": {
    "min": 0.005167545454545455,
    "max": 0.0067441818181818184,
    "mean": 0.006188710743801653,
    "median": 0.006325363636363635,
    "variance": 1.8757617553445792e-7,
    "stdDev": 0.0004331006528908239,
    "confidence": 0.000581885691409401,
    "low": 0.005897767898096953,
    "high": 0.006479653589506354,
    "count": 11,
    "base": 568.6818181818182
  },
  "Compilation.optimize": {
    "min": 21.178921545454543,
    "max": 23.532695999999998,
    "mean": 22.588671487603303,
    "median": 22.766728636363638,
    "variance": 0.4155135049109297,
    "stdDev": 0.6446033702292672,
    "confidence": 0.8660468998767357,
    "low": 22.155648037664935,
    "high": 23.02169493754167,
    "count": 11,
    "base": 568.6818181818182
  },
  "Compilation.module hashing": {
    "min": 80.66995163636365,
    "max": 83.75084272727273,
    "mean": 82.45318636363638,
    "median": 82.42080445454546,
    "variance": 0.892492009813724,
    "stdDev": 0.9447179525200757,
    "confidence": 1.2692612105749674,
    "low": 81.8185557583489,
    "high": 83.08781696892386,
    "count": 11,
    "base": 568.6818181818182
  },
  "Compilation.code generation": {
    "min": 17.758470545454546,
    "max": 19.459080818181814,
    "mean": 18.614922066115703,
    "median": 18.510327909090908,
    "variance": 0.18462320055894332,
    "stdDev": 0.4296780196367314,